run_date,target_datetime,predicted_price,actual_price,abs_error
2026-08-16 14:25:58.633452+03:00,2026-08-17 00:00:00+03:00,3.6569,5.1,1.4430999999999998
2026-08-16 14:25:58.633452+03:00,2026-08-17 00:15:00+03:00,3.5348,4.9,1.3652000000000002
2026-08-16 14:25:58.633452+03:00,2026-08-17 00:30:00+03:00,3.5379,4.28,0.7421000000000002
2026-08-16 14:25:58.633452+03:00,2026-08-17 00:45:00+03:00,3.3212,3.8,0.4787999999999996
2026-08-16 14:25:58.633452+03:00,2026-08-17 01:00:00+03:00,3.2219,3.76,0.5380999999999996
2026-08-16 14:25:58.633452+03:00,2026-08-17 01:15:00+03:00,3.1896,3.74,0.5504000000000002
2026-08-16 14:25:58.633452+03:00,2026-08-17 01:30:00+03:00,3.1819,3.0,0.1819000000000001
2026-08-16 14:25:58.633452+03:00,2026-08-17 01:45:00+03:00,3.198,3.03,0.1680000000000001
2026-08-16 14:25:58.633452+03:00,2026-08-17 02:00:00+03:00,3.1994,3.25,0.0506000000000002
2026-08-16 14:25:58.633452+03:00,2026-08-17 02:15:00+03:00,3.2212,3.04,0.1812
2026-08-16 14:25:58.633452+03:00,2026-08-17 02:30:00+03:00,3.2176,3.0,0.2176
2026-08-16 14:25:58.633452+03:00,2026-08-17 02:45:00+03:00,3.2213,2.95,0.2712999999999996
2026-08-16 14:25:58.633452+03:00,2026-08-17 03:00:00+03:00,3.1918,2.99,0.2017999999999999
2026-08-16 14:25:58.633452+03:00,2026-08-17 03:15:00+03:00,3.2348,3.06,0.1747999999999998
2026-08-16 14:25:58.633452+03:00,2026-08-17 03:30:00+03:00,3.2323,2.96,0.2723
2026-08-16 14:25:58.633452+03:00,2026-08-17 03:45:00+03:00,3.2262,2.96,0.2662
2026-08-16 14:25:58.633452+03:00,2026-08-17 04:00:00+03:00,3.2076,2.85,0.3575999999999997
2026-08-16 14:25:58.633452+03:00,2026-08-17 04:15:00+03:00,3.2806,2.46,0.8206000000000002
2026-08-16 14:25:58.633452+03:00,2026-08-17 04:30:00+03:00,3.3723,2.83,0.5423
2026-08-16 14:25:58.633452+03:00,2026-08-17 04:45:00+03:00,3.3715,2.56,0.8115000000000001
2026-08-16 14:25:58.633452+03:00,2026-08-17 05:00:00+03:00,3.3215,2.76,0.5615000000000001
2026-08-16 14:25:58.633452+03:00,2026-08-17 05:15:00+03:00,3.4952,2.67,0.8252000000000002
2026-08-16 14:25:58.633452+03:00,2026-08-17 05:30:00+03:00,3.5881,2.65,0.9381
2026-08-16 14:25:58.633452+03:00,2026-08-17 05:45:00+03:00,3.6761,2.57,1.1061
2026-08-16 14:25:58.633452+03:00,2026-08-17 06:00:00+03:00,3.818,2.99,0.8279999999999998
2026-08-16 14:25:58.633452+03:00,2026-08-17 06:15:00+03:00,4.2835,3.41,0.8734999999999999
2026-08-16 14:25:58.633452+03:00,2026-08-17 06:30:00+03:00,4.6288,3.76,0.8688000000000002
2026-08-16 14:25:58.633452+03:00,2026-08-17 06:45:00+03:00,4.9905,4.24,0.7504999999999997
2026-08-16 14:25:58.633452+03:00,2026-08-17 07:00:00+03:00,5.649,5.57,0.0789999999999997
2026-08-16 14:25:58.633452+03:00,2026-08-17 07:15:00+03:00,7.2169,6.03,1.1868999999999996
2026-08-16 14:25:58.633452+03:00,2026-08-17 07:30:00+03:00,9.0612,9.1,0.0388000000000001
2026-08-16 14:25:58.633452+03:00,2026-08-17 07:45:00+03:00,11.1651,10.79,0.3751000000000015
2026-08-16 14:25:58.633452+03:00,2026-08-17 08:00:00+03:00,13.052,11.26,1.7919999999999998
2026-08-16 14:25:58.633452+03:00,2026-08-17 08:15:00+03:00,13.8976,14.44,0.5423999999999989
2026-08-16 14:25:58.633452+03:00,2026-08-17 08:30:00+03:00,15.2117,16.7,1.4882999999999988
2026-08-16 14:25:58.633452+03:00,2026-08-17 08:45:00+03:00,15.9155,20.74,4.824499999999999
2026-08-16 14:25:58.633452+03:00,2026-08-17 09:00:00+03:00,16.4653,22.28,5.814700000000002
2026-08-16 14:25:58.633452+03:00,2026-08-17 09:15:00+03:00,16.6135,24.38,7.766500000000001
2026-08-16 14:25:58.633452+03:00,2026-08-17 09:30:00+03:00,16.7106,26.43,9.7194
2026-08-16 14:25:58.633452+03:00,2026-08-17 09:45:00+03:00,16.6419,27.73,11.0881
2026-08-16 14:25:58.633452+03:00,2026-08-17 10:00:00+03:00,16.6215,21.57,4.948499999999999
2026-08-16 14:25:58.633452+03:00,2026-08-17 10:15:00+03:00,16.5832,21.7,5.116799999999998
2026-08-16 14:25:58.633452+03:00,2026-08-17 10:30:00+03:00,16.6111,21.89,5.2789
2026-08-16 14:25:58.633452+03:00,2026-08-17 10:45:00+03:00,16.592,16.13,0.4619999999999997
2026-08-16 14:25:58.633452+03:00,2026-08-17 11:00:00+03:00,16.5714,18.66,2.0886
2026-08-16 14:25:58.633452+03:00,2026-08-17 11:15:00+03:00,16.5158,18.41,1.8942000000000008
2026-08-16 14:25:58.633452+03:00,2026-08-17 11:30:00+03:00,16.5336,18.8,2.266400000000001
2026-08-16 14:25:58.633452+03:00,2026-08-17 11:45:00+03:00,16.5417,19.08,2.5383
2026-08-16 14:25:58.633452+03:00,2026-08-17 12:00:00+03:00,16.534,16.32,0.2139999999999986
2026-08-16 14:25:58.633452+03:00,2026-08-17 12:15:00+03:00,16.5141,16.3,0.2140999999999984
2026-08-16 14:25:58.633452+03:00,2026-08-17 12:30:00+03:00,16.5313,15.43,1.101300000000002
2026-08-16 14:25:58.633452+03:00,2026-08-17 12:45:00+03:00,16.5387,16.04,0.4986999999999995
2026-08-16 14:25:58.633452+03:00,2026-08-17 13:00:00+03:00,16.5406,13.02,3.5206000000000017
2026-08-16 14:25:58.633452+03:00,2026-08-17 13:15:00+03:00,16.5143,12.65,3.8642999999999983
2026-08-16 14:25:58.633452+03:00,2026-08-17 13:30:00+03:00,16.5376,13.33,3.207600000000001
2026-08-16 14:25:58.633452+03:00,2026-08-17 13:45:00+03:00,16.5445,12.99,3.554499999999999
2026-08-16 14:25:58.633452+03:00,2026-08-17 14:00:00+03:00,16.5251,11.59,4.935099999999999
2026-08-16 14:25:58.633452+03:00,2026-08-17 14:15:00+03:00,16.5565,12.24,4.3165
2026-08-16 14:25:58.633452+03:00,2026-08-17 14:30:00+03:00,16.5541,12.13,4.4240999999999975
2026-08-16 14:25:58.633452+03:00,2026-08-17 14:45:00+03:00,16.551,12.74,3.810999999999998
2026-08-16 14:25:58.633452+03:00,2026-08-17 15:00:00+03:00,16.5377,11.66,4.877700000000001
2026-08-16 14:25:58.633452+03:00,2026-08-17 15:15:00+03:00,16.6704,12.58,4.090400000000001
2026-08-16 14:25:58.633452+03:00,2026-08-17 15:30:00+03:00,16.6601,13.62,3.0401000000000007
2026-08-16 14:25:58.633452+03:00,2026-08-17 15:45:00+03:00,16.6503,15.36,1.290300000000002
2026-08-16 14:25:58.633452+03:00,2026-08-17 16:00:00+03:00,16.5703,13.66,2.9102999999999994
2026-08-16 14:25:58.633452+03:00,2026-08-17 16:15:00+03:00,16.7256,15.77,0.9556000000000004
2026-08-16 14:25:58.633452+03:00,2026-08-17 16:30:00+03:00,16.681,18.53,1.849
2026-08-16 14:25:58.633452+03:00,2026-08-17 16:45:00+03:00,16.6758,20.32,3.6442000000000014
2026-08-16 14:25:58.633452+03:00,2026-08-17 17:00:00+03:00,16.6327,15.4,1.2326999999999997
2026-08-16 14:25:58.633452+03:00,2026-08-17 17:15:00+03:00,16.712,17.39,0.6780000000000008
2026-08-16 14:25:58.633452+03:00,2026-08-17 17:30:00+03:00,16.6958,25.0,8.304200000000002
2026-08-16 14:25:58.633452+03:00,2026-08-17 17:45:00+03:00,16.6821,40.24,23.557900000000004
2026-08-16 14:25:58.633452+03:00,2026-08-17 18:00:00+03:00,16.5686,18.37,1.801400000000001
2026-08-16 14:25:58.633452+03:00,2026-08-17 18:15:00+03:00,16.576,26.58,10.003999999999998
2026-08-16 14:25:58.633452+03:00,2026-08-17 18:30:00+03:00,16.5851,39.83,23.2449
2026-08-16 14:25:58.633452+03:00,2026-08-17 18:45:00+03:00,16.5811,44.78,28.1989
2026-08-16 14:25:58.633452+03:00,2026-08-17 19:00:00+03:00,16.5324,27.74,11.2076
2026-08-16 14:25:58.633452+03:00,2026-08-17 19:15:00+03:00,16.4654,31.6,15.134600000000002
2026-08-16 14:25:58.633452+03:00,2026-08-17 19:30:00+03:00,16.5148,37.6,21.0852
2026-08-16 14:25:58.633452+03:00,2026-08-17 19:45:00+03:00,16.5467,44.84,28.2933
2026-08-16 14:25:58.633452+03:00,2026-08-17 20:00:00+03:00,16.511,44.93,28.419
2026-08-16 14:25:58.633452+03:00,2026-08-17 20:15:00+03:00,16.3383,41.44,25.1017
2026-08-16 14:25:58.633452+03:00,2026-08-17 20:30:00+03:00,16.106,29.99,13.883999999999997
2026-08-16 14:25:58.633452+03:00,2026-08-17 20:45:00+03:00,16.0674,25.36,9.2926
2026-08-16 14:25:58.633452+03:00,2026-08-17 21:00:00+03:00,16.1235,51.5,35.3765
2026-08-16 14:25:58.633452+03:00,2026-08-17 21:15:00+03:00,16.1738,32.77,16.596200000000003
2026-08-16 14:25:58.633452+03:00,2026-08-17 21:30:00+03:00,16.2006,26.43,10.229399999999998
2026-08-16 14:25:58.633452+03:00,2026-08-17 21:45:00+03:00,16.2267,18.54,2.313299999999998
2026-08-16 14:25:58.633452+03:00,2026-08-17 22:00:00+03:00,16.2227,29.15,12.9273
2026-08-16 14:25:58.633452+03:00,2026-08-17 22:15:00+03:00,15.9466,28.16,12.2134
2026-08-16 14:25:58.633452+03:00,2026-08-17 22:30:00+03:00,15.5843,27.22,11.635699999999998
2026-08-16 14:25:58.633452+03:00,2026-08-17 22:45:00+03:00,15.5667,20.36,4.793299999999999
2026-08-16 14:25:58.633452+03:00,2026-08-17 23:00:00+03:00,15.5832,27.01,11.426800000000002
2026-08-16 14:25:58.633452+03:00,2026-08-17 23:15:00+03:00,15.3927,19.49,4.097299999999999
2026-08-16 14:25:58.633452+03:00,2026-08-17 23:30:00+03:00,15.1741,14.82,0.3540999999999989
2026-08-16 14:25:58.633452+03:00,2026-08-17 23:45:00+03:00,15.226,13.32,1.9060000000000008
2026-08-16 14:25:58.633452+03:00,2026-08-18 00:00:00+03:00,15.2987,12.09,3.2087000000000003
2026-08-16 14:25:58.633452+03:00,2026-08-18 00:15:00+03:00,15.483,13.75,1.7330000000000003
2026-08-16 14:25:58.633452+03:00,2026-08-18 00:30:00+03:00,15.9002,14.13,1.770199999999999
2026-08-16 14:25:58.633452+03:00,2026-08-18 00:45:00+03:00,15.8121,11.65,4.162099999999999
2026-08-16 14:25:58.633452+03:00,2026-08-18 01:00:00+03:00,15.7729,19.99,4.217099999999999
2026-08-16 14:25:58.633452+03:00,2026-08-18 01:15:00+03:00,15.6011,16.79,1.1888999999999983
2026-08-16 14:25:58.633452+03:00,2026-08-18 01:30:00+03:00,15.6443,16.47,0.8256999999999994
2026-08-16 14:25:58.633452+03:00,2026-08-18 01:45:00+03:00,15.7449,16.52,0.7751000000000001
2026-08-16 14:25:58.633452+03:00,2026-08-18 02:00:00+03:00,15.7702,15.47,0.3002000000000002
2026-08-16 14:25:58.633452+03:00,2026-08-18 02:15:00+03:00,15.754,16.27,0.516
2026-08-16 14:25:58.633452+03:00,2026-08-18 02:30:00+03:00,15.7686,20.38,4.6114
2026-08-16 14:25:58.633452+03:00,2026-08-18 02:45:00+03:00,15.7572,20.74,4.982799999999999
2026-08-16 14:25:58.633452+03:00,2026-08-18 03:00:00+03:00,15.7384,16.83,1.091599999999998
2026-08-16 14:25:58.633452+03:00,2026-08-18 03:15:00+03:00,15.7402,18.94,3.199800000000001
2026-08-16 14:25:58.633452+03:00,2026-08-18 03:30:00+03:00,15.7473,17.5,1.7527000000000008
2026-08-16 14:25:58.633452+03:00,2026-08-18 03:45:00+03:00,15.7539,20.68,4.9261
2026-08-16 14:25:58.633452+03:00,2026-08-18 04:00:00+03:00,15.7496,16.37,0.6204000000000018
2026-08-16 14:25:58.633452+03:00,2026-08-18 04:15:00+03:00,15.8532,18.62,2.7668000000000017
2026-08-16 14:25:58.633452+03:00,2026-08-18 04:30:00+03:00,15.8127,18.92,3.107300000000002
2026-08-16 14:25:58.633452+03:00,2026-08-18 04:45:00+03:00,15.8184,18.86,3.041599999999999
2026-08-16 14:25:58.633452+03:00,2026-08-18 05:00:00+03:00,15.9284,14.82,1.1083999999999996
2026-08-16 14:25:58.633452+03:00,2026-08-18 05:15:00+03:00,16.3525,17.19,0.8375000000000021
2026-08-16 14:25:58.633452+03:00,2026-08-18 05:30:00+03:00,16.5145,20.96,4.445499999999999
2026-08-16 14:25:58.633452+03:00,2026-08-18 05:45:00+03:00,16.8038,24.94,8.136200000000002
2026-08-16 14:25:58.633452+03:00,2026-08-18 06:00:00+03:00,17.0066,14.48,2.5265999999999984
2026-08-16 14:25:58.633452+03:00,2026-08-18 06:15:00+03:00,18.0665,17.32,0.746500000000001
2026-08-16 14:25:58.633452+03:00,2026-08-18 06:30:00+03:00,19.1465,26.3,7.153500000000001
2026-08-16 14:25:58.633452+03:00,2026-08-18 06:45:00+03:00,20.1116,39.97,19.8584
2026-08-16 14:25:58.633452+03:00,2026-08-18 07:00:00+03:00,21.3651,13.8,7.565100000000001
2026-08-16 14:25:58.633452+03:00,2026-08-18 07:15:00+03:00,23.733,20.49,3.243000000000002
2026-08-16 14:25:58.633452+03:00,2026-08-18 07:30:00+03:00,26.0422,37.62,11.577799999999996
2026-08-16 14:25:58.633452+03:00,2026-08-18 07:45:00+03:00,28.2106,79.36,51.1494
2026-08-16 14:25:58.633452+03:00,2026-08-18 08:00:00+03:00,30.6031,39.84,9.236900000000002
2026-08-16 14:25:58.633452+03:00,2026-08-18 08:15:00+03:00,31.2316,70.54,39.308400000000006
2026-08-16 14:25:58.633452+03:00,2026-08-18 08:30:00+03:00,31.9125,83.56,51.6475
2026-08-16 14:25:58.633452+03:00,2026-08-18 08:45:00+03:00,32.2311,103.85,71.6189
2026-08-16 14:25:58.633452+03:00,2026-08-18 09:00:00+03:00,32.7852,76.25,43.4648
2026-08-16 14:25:58.633452+03:00,2026-08-18 09:15:00+03:00,32.7797,85.83,53.0503
2026-08-16 14:25:58.633452+03:00,2026-08-18 09:30:00+03:00,32.4958,82.19,49.6942
2026-08-16 14:25:58.633452+03:00,2026-08-18 09:45:00+03:00,32.6109,86.91,54.2991
2026-08-16 14:25:58.633452+03:00,2026-08-18 10:00:00+03:00,32.6715,69.99,37.31849999999999
2026-08-16 14:25:58.633452+03:00,2026-08-18 10:15:00+03:00,32.5392,72.02,39.4808
2026-08-16 14:25:58.633452+03:00,2026-08-18 10:30:00+03:00,32.6086,74.31,41.7014
2026-08-16 14:25:58.633452+03:00,2026-08-18 10:45:00+03:00,32.6196,78.29,45.67040000000001
2026-08-16 14:25:58.633452+03:00,2026-08-18 11:00:00+03:00,32.6205,78.26,45.639500000000005
2026-08-16 14:25:58.633452+03:00,2026-08-18 11:15:00+03:00,32.5645,74.28,41.7155
2026-08-16 14:25:58.633452+03:00,2026-08-18 11:30:00+03:00,32.5835,78.29,45.706500000000005
2026-08-16 14:25:58.633452+03:00,2026-08-18 11:45:00+03:00,32.6158,78.3,45.6842
2026-08-16 14:25:58.633452+03:00,2026-08-18 12:00:00+03:00,32.6422,78.28,45.6378
2026-08-16 14:25:58.633452+03:00,2026-08-18 12:15:00+03:00,32.6015,78.29,45.688500000000005
2026-08-16 14:25:58.633452+03:00,2026-08-18 12:30:00+03:00,32.6124,86.04,53.427600000000005
2026-08-16 14:25:58.633452+03:00,2026-08-18 12:45:00+03:00,32.6261,85.83,53.2039
2026-08-16 14:25:58.633452+03:00,2026-08-18 13:00:00+03:00,32.6425,79.31,46.6675
2026-08-16 14:25:58.633452+03:00,2026-08-18 13:15:00+03:00,32.6051,78.22,45.6149
2026-08-16 14:25:58.633452+03:00,2026-08-18 13:30:00+03:00,32.6161,81.04,48.4239
2026-08-16 14:25:58.633452+03:00,2026-08-18 13:45:00+03:00,32.6305,83.43,50.79950000000001
2026-08-16 14:25:58.633452+03:00,2026-08-18 14:00:00+03:00,32.6279,78.3,45.6721
2026-08-16 14:25:58.633452+03:00,2026-08-18 14:15:00+03:00,32.6836,79.23,46.546400000000006
2026-08-16 14:25:58.633452+03:00,2026-08-18 14:30:00+03:00,32.6733,80.7,48.026700000000005
2026-08-16 14:25:58.633452+03:00,2026-08-18 14:45:00+03:00,32.6766,86.67,53.9934
2026-08-16 14:25:58.633452+03:00,2026-08-18 15:00:00+03:00,32.6377,78.34,45.7023
2026-08-16 14:25:58.633452+03:00,2026-08-18 15:15:00+03:00,32.7286,85.41,52.6814
2026-08-16 14:25:58.633452+03:00,2026-08-18 15:30:00+03:00,32.7006,97.44,64.73939999999999
2026-08-16 14:25:58.633452+03:00,2026-08-18 15:45:00+03:00,32.6765,104.84,72.1635
2026-08-16 14:25:58.633452+03:00,2026-08-18 16:00:00+03:00,32.6048,109.79,77.18520000000001
2026-08-16 14:25:58.633452+03:00,2026-08-18 16:15:00+03:00,32.7787,117.06,84.2813
2026-08-16 14:25:58.633452+03:00,2026-08-18 16:30:00+03:00,32.7016,127.36,94.6584
2026-08-16 14:25:58.633452+03:00,2026-08-18 16:45:00+03:00,32.6786,129.64,96.96139999999998
2026-08-16 14:25:58.633452+03:00,2026-08-18 17:00:00+03:00,32.6852,80.66,47.9748
2026-08-16 14:25:58.633452+03:00,2026-08-18 17:15:00+03:00,32.8474,103.33,70.48259999999999
2026-08-16 14:25:58.633452+03:00,2026-08-18 17:30:00+03:00,32.7486,121.43,88.6814
2026-08-16 14:25:58.633452+03:00,2026-08-18 17:45:00+03:00,32.7201,131.58,98.8599
2026-08-16 14:25:58.633452+03:00,2026-08-18 18:00:00+03:00,32.703,112.71,80.00699999999999
2026-08-16 14:25:58.633452+03:00,2026-08-18 18:15:00+03:00,32.6759,126.55,93.8741
2026-08-16 14:25:58.633452+03:00,2026-08-18 18:30:00+03:00,32.7036,137.85,105.1464
2026-08-16 14:25:58.633452+03:00,2026-08-18 18:45:00+03:00,32.7058,141.82,109.11419999999998
2026-08-16 14:25:58.633452+03:00,2026-08-18 19:00:00+03:00,32.7228,138.93,106.2072
2026-08-16 14:25:58.633452+03:00,2026-08-18 19:15:00+03:00,32.5969,145.05,112.4531
2026-08-16 14:25:58.633452+03:00,2026-08-18 19:30:00+03:00,32.655,152.11,119.455
2026-08-16 14:25:58.633452+03:00,2026-08-18 19:45:00+03:00,32.7171,159.49,126.7729
2026-08-16 14:25:58.633452+03:00,2026-08-18 20:00:00+03:00,32.6578,159.84,127.1822
2026-08-16 14:25:58.633452+03:00,2026-08-18 20:15:00+03:00,32.436,158.98,126.54399999999998
2026-08-16 14:25:58.633452+03:00,2026-08-18 20:30:00+03:00,32.1114,165.41,133.2986
2026-08-16 14:25:58.633452+03:00,2026-08-18 20:45:00+03:00,32.1706,167.59,135.4194
2026-08-16 14:25:58.633452+03:00,2026-08-18 21:00:00+03:00,32.1995,165.34,133.1405
2026-08-16 14:25:58.633452+03:00,2026-08-18 21:15:00+03:00,32.2494,167.05,134.8006
2026-08-16 14:25:58.633452+03:00,2026-08-18 21:30:00+03:00,32.2633,169.99,137.7267
2026-08-16 14:25:58.633452+03:00,2026-08-18 21:45:00+03:00,32.3035,164.96,132.6565
2026-08-16 14:25:58.633452+03:00,2026-08-18 22:00:00+03:00,32.3048,171.09,138.7852
2026-08-16 14:25:58.633452+03:00,2026-08-18 22:15:00+03:00,31.9879,173.86,141.87210000000002
2026-08-16 14:25:58.633452+03:00,2026-08-18 22:30:00+03:00,31.4747,166.15,134.6753
2026-08-16 14:25:58.633452+03:00,2026-08-18 22:45:00+03:00,31.061,160.58,129.519
2026-08-16 14:25:58.633452+03:00,2026-08-18 23:00:00+03:00,30.5664,167.76,137.1936
2026-08-16 14:25:58.633452+03:00,2026-08-18 23:15:00+03:00,29.8942,161.81,131.9158
2026-08-16 14:25:58.633452+03:00,2026-08-18 23:30:00+03:00,29.308,158.54,129.232
2026-08-16 14:25:58.633452+03:00,2026-08-18 23:45:00+03:00,28.8031,103.32,74.51689999999999
2026-08-16 14:25:58.633452+03:00,2026-08-19 00:00:00+03:00,28.5184,138.2,109.6816
2026-08-16 14:25:58.633452+03:00,2026-08-19 00:15:00+03:00,28.7533,101.81,73.0567
2026-08-16 14:25:58.633452+03:00,2026-08-19 00:30:00+03:00,28.7331,80.59,51.8569
2026-08-16 14:25:58.633452+03:00,2026-08-19 00:45:00+03:00,28.7548,80.53,51.7752
2026-08-16 14:25:58.633452+03:00,2026-08-19 01:00:00+03:00,28.701,70.0,41.299
2026-08-16 14:25:58.633452+03:00,2026-08-19 01:15:00+03:00,28.3693,80.0,51.630700000000004
2026-08-16 14:25:58.633452+03:00,2026-08-19 01:30:00+03:00,27.9483,84.1,56.15169999999999
2026-08-16 14:25:58.633452+03:00,2026-08-19 01:45:00+03:00,27.6411,89.97,62.3289
2026-08-16 14:25:58.633452+03:00,2026-08-19 02:00:00+03:00,27.6673,81.48,53.81270000000001
2026-08-16 14:25:58.633452+03:00,2026-08-19 02:15:00+03:00,27.7186,72.36,44.641400000000004
2026-08-16 14:25:58.633452+03:00,2026-08-19 02:30:00+03:00,27.7554,77.95,50.1946
2026-08-16 14:25:58.633452+03:00,2026-08-19 02:45:00+03:00,27.7461,91.57,63.823899999999995
2026-08-16 14:25:58.633452+03:00,2026-08-19 03:00:00+03:00,27.7377,76.59,48.8523
2026-08-16 14:25:58.633452+03:00,2026-08-19 03:15:00+03:00,27.8431,70.01,42.166900000000005
2026-08-16 14:25:58.633452+03:00,2026-08-19 03:30:00+03:00,27.8547,82.01,54.155300000000004
2026-08-16 14:25:58.633452+03:00,2026-08-19 03:45:00+03:00,27.8442,91.11,63.2658
2026-08-16 14:25:58.633452+03:00,2026-08-19 04:00:00+03:00,27.8415,91.11,63.2685
2026-08-16 14:25:58.633452+03:00,2026-08-19 04:15:00+03:00,28.0225,70.01,41.987500000000004
2026-08-16 14:25:58.633452+03:00,2026-08-19 04:30:00+03:00,28.3961,82.12,53.7239
2026-08-16 14:25:58.633452+03:00,2026-08-19 04:45:00+03:00,28.3957,76.46,48.06429999999999
2026-08-16 14:25:58.633452+03:00,2026-08-19 05:00:00+03:00,28.4474,74.59,46.1426
2026-08-16 14:25:58.633452+03:00,2026-08-19 05:15:00+03:00,29.3891,76.33,46.9409
2026-08-16 14:25:58.633452+03:00,2026-08-19 05:30:00+03:00,29.924,89.79,59.86600000000001
2026-08-16 14:25:58.633452+03:00,2026-08-19 05:45:00+03:00,30.822,95.39,64.568
2026-08-16 14:25:58.633452+03:00,2026-08-19 06:00:00+03:00,31.6407,75.11,43.469300000000004
2026-08-16 14:25:58.633452+03:00,2026-08-19 06:15:00+03:00,32.9908,91.58,58.5892
2026-08-16 14:25:58.633452+03:00,2026-08-19 06:30:00+03:00,34.186,95.61,61.424
2026-08-16 14:25:58.633452+03:00,2026-08-19 06:45:00+03:00,35.2835,154.66,119.3765
2026-08-16 14:25:58.633452+03:00,2026-08-19 07:00:00+03:00,36.2923,80.01,43.71770000000001
2026-08-16 14:25:58.633452+03:00,2026-08-19 07:15:00+03:00,37.327,137.57,100.243
2026-08-16 14:25:58.633452+03:00,2026-08-19 07:30:00+03:00,38.4655,158.41,119.9445
2026-08-16 14:25:58.633452+03:00,2026-08-19 07:45:00+03:00,39.2837,160.34,121.0563
2026-08-16 14:25:58.633452+03:00,2026-08-19 08:00:00+03:00,39.8837,151.71,111.8263
2026-08-16 14:25:58.633452+03:00,2026-08-19 08:15:00+03:00,40.3354,164.07,123.7346
2026-08-16 14:25:58.633452+03:00,2026-08-19 08:30:00+03:00,40.7906,163.89,123.09939999999999
2026-08-16 14:25:58.633452+03:00,2026-08-19 08:45:00+03:00,41.1618,164.38,123.2182
2026-08-16 14:25:58.633452+03:00,2026-08-19 09:00:00+03:00,41.0164,159.37,118.3536
2026-08-16 14:25:58.633452+03:00,2026-08-19 09:15:00+03:00,40.7054,150.04,109.3346
2026-08-16 14:25:58.633452+03:00,2026-08-19 09:30:00+03:00,40.7037,151.01,110.3063
2026-08-16 14:25:58.633452+03:00,2026-08-19 09:45:00+03:00,40.8052,151.01,110.20479999999999
2026-08-16 14:25:58.633452+03:00,2026-08-19 10:00:00+03:00,40.7642,151.01,110.24579999999999
2026-08-16 14:25:58.633452+03:00,2026-08-19 10:15:00+03:00,40.6441,158.06,117.4159
2026-08-16 14:25:58.633452+03:00,2026-08-19 10:30:00+03:00,40.6838,149.42,108.7362
2026-08-16 14:25:58.633452+03:00,2026-08-19 10:45:00+03:00,40.7055,143.78,103.0745
2026-08-16 14:25:58.633452+03:00,2026-08-19 11:00:00+03:00,40.7242,155.14,114.41579999999999
2026-08-16 14:25:58.633452+03:00,2026-08-19 11:15:00+03:00,40.6774,149.76,109.08259999999999
2026-08-16 14:25:58.633452+03:00,2026-08-19 11:30:00+03:00,40.6561,143.86,103.2039
2026-08-16 14:25:58.633452+03:00,2026-08-19 11:45:00+03:00,40.6903,142.58,101.8897
2026-08-16 14:25:58.633452+03:00,2026-08-19 12:00:00+03:00,40.6993,141.6,100.9007
2026-08-16 14:25:58.633452+03:00,2026-08-19 12:15:00+03:00,40.6645,141.45,100.78549999999998
2026-08-16 14:25:58.633452+03:00,2026-08-19 12:30:00+03:00,40.6324,139.43,98.79760000000002
2026-08-16 14:25:58.633452+03:00,2026-08-19 12:45:00+03:00,40.6654,136.41,95.74459999999999
2026-08-16 14:25:58.633452+03:00,2026-08-19 13:00:00+03:00,40.7144,141.54,100.8256
2026-08-16 14:25:58.633452+03:00,2026-08-19 13:15:00+03:00,40.6458,135.13,94.48419999999999
2026-08-16 14:25:58.633452+03:00,2026-08-19 13:30:00+03:00,40.6291,134.23,93.6009
2026-08-16 14:25:58.633452+03:00,2026-08-19 13:45:00+03:00,40.6592,130.63,89.9708
2026-08-16 14:25:58.633452+03:00,2026-08-19 14:00:00+03:00,40.6889,132.79,92.1011
2026-08-16 14:25:58.633452+03:00,2026-08-19 14:15:00+03:00,40.7414,129.07,88.3286
2026-08-16 14:25:58.633452+03:00,2026-08-19 14:30:00+03:00,40.6934,126.4,85.70660000000001
2026-08-16 14:25:58.633452+03:00,2026-08-19 14:45:00+03:00,40.7242,123.66,82.9358
2026-08-16 14:25:58.633452+03:00,2026-08-19 15:00:00+03:00,40.7103,127.75,87.03970000000001
2026-08-16 14:25:58.633452+03:00,2026-08-19 15:15:00+03:00,40.7639,129.01,88.24609999999998
2026-08-16 14:25:58.633452+03:00,2026-08-19 15:30:00+03:00,40.731,126.56,85.82900000000001
2026-08-16 14:25:58.633452+03:00,2026-08-19 15:45:00+03:00,40.7499,126.77,86.0201
2026-08-16 14:25:58.633452+03:00,2026-08-19 16:00:00+03:00,40.7223,125.27,84.54769999999999
2026-08-16 14:25:58.633452+03:00,2026-08-19 16:15:00+03:00,40.8042,129.18,88.3758
2026-08-16 14:25:58.633452+03:00,2026-08-19 16:30:00+03:00,40.7106,132.64,91.92939999999999
2026-08-16 14:25:58.633452+03:00,2026-08-19 16:45:00+03:00,40.6689,135.84,95.1711
2026-08-16 14:25:58.633452+03:00,2026-08-19 17:00:00+03:00,40.7294,129.81,89.0806
2026-08-16 14:25:58.633452+03:00,2026-08-19 17:15:00+03:00,40.8959,134.61,93.71410000000002
2026-08-16 14:25:58.633452+03:00,2026-08-19 17:30:00+03:00,40.7281,140.46,99.73190000000001
2026-08-16 14:25:58.633452+03:00,2026-08-19 17:45:00+03:00,40.6854,147.41,106.7246
2026-08-16 14:25:58.633452+03:00,2026-08-19 18:00:00+03:00,40.7629,137.79,97.02709999999999
2026-08-16 14:25:58.633452+03:00,2026-08-19 18:15:00+03:00,40.6903,145.7,105.00969999999998
2026-08-16 14:25:58.633452+03:00,2026-08-19 18:30:00+03:00,40.6337,156.42,115.78629999999998
2026-08-16 14:25:58.633452+03:00,2026-08-19 18:45:00+03:00,40.665,177.26,136.595
2026-08-16 14:25:58.633452+03:00,2026-08-19 19:00:00+03:00,40.674,155.55,114.876
2026-08-16 14:25:58.633452+03:00,2026-08-19 19:15:00+03:00,40.5252,174.85,134.32479999999998
2026-08-16 14:25:58.633452+03:00,2026-08-19 19:30:00+03:00,39.9305,184.97,145.0395
2026-08-16 14:25:58.633452+03:00,2026-08-19 19:45:00+03:00,39.1488,190.03,150.8812
2026-08-16 14:25:58.633452+03:00,2026-08-19 20:00:00+03:00,38.8278,183.27,144.4422
2026-08-16 14:25:58.633452+03:00,2026-08-19 20:15:00+03:00,37.6886,182.36,144.6714
2026-08-16 14:25:58.633452+03:00,2026-08-19 20:30:00+03:00,36.6399,177.59,140.95010000000002
2026-08-16 14:25:58.633452+03:00,2026-08-19 20:45:00+03:00,35.7127,176.75,141.03730000000002
2026-08-16 14:25:58.633452+03:00,2026-08-19 21:00:00+03:00,34.7212,184.18,149.4588
2026-08-16 14:25:58.633452+03:00,2026-08-19 21:15:00+03:00,34.1584,178.91,144.7516
2026-08-16 14:25:58.633452+03:00,2026-08-19 21:30:00+03:00,33.4993,177.65,144.1507
2026-08-16 14:25:58.633452+03:00,2026-08-19 21:45:00+03:00,33.1993,178.24,145.04070000000002
2026-08-16 14:25:58.633452+03:00,2026-08-19 22:00:00+03:00,32.6586,199.21,166.5514
2026-08-16 14:25:58.633452+03:00,2026-08-19 22:15:00+03:00,32.0613,187.0,154.93869999999998
2026-08-16 14:25:58.633452+03:00,2026-08-19 22:30:00+03:00,31.6988,173.17,141.47119999999998
2026-08-16 14:25:58.633452+03:00,2026-08-19 22:45:00+03:00,31.1914,140.69,109.4986
2026-08-16 14:25:58.633452+03:00,2026-08-19 23:00:00+03:00,30.7894,168.05,137.2606
2026-08-16 14:25:58.633452+03:00,2026-08-19 23:15:00+03:00,30.3024,139.39,109.08759999999998
2026-08-16 14:25:58.633452+03:00,2026-08-19 23:30:00+03:00,29.967,113.58,83.613
2026-08-16 14:25:58.633452+03:00,2026-08-19 23:45:00+03:00,29.7529,94.99,65.2371
2026-08-16 14:25:58.633452+03:00,2026-08-20 00:00:00+03:00,29.6083,135.41,105.8017
2026-08-16 14:25:58.633452+03:00,2026-08-20 00:15:00+03:00,29.8987,97.35,67.45129999999999
2026-08-16 14:25:58.633452+03:00,2026-08-20 00:30:00+03:00,29.9359,83.86,53.924099999999996
2026-08-16 14:25:58.633452+03:00,2026-08-20 00:45:00+03:00,30.2571,64.91,34.652899999999995
2026-08-16 14:25:58.633452+03:00,2026-08-20 01:00:00+03:00,30.5704,,
2026-08-16 14:25:58.633452+03:00,2026-08-20 01:15:00+03:00,30.2442,,
2026-08-16 14:25:58.633452+03:00,2026-08-20 01:30:00+03:00,29.8445,,
2026-08-16 14:25:58.633452+03:00,2026-08-20 01:45:00+03:00,29.6173,,
2026-08-16 14:25:58.633452+03:00,2026-08-20 02:00:00+03:00,29.6474,,
2026-08-16 14:25:58.633452+03:00,2026-08-20 02:15:00+03:00,29.7085,,
2026-08-16 14:25:58.633452+03:00,2026-08-20 02:30:00+03:00,29.7099,,
2026-08-16 14:25:58.633452+03:00,2026-08-20 02:45:00+03:00,29.7043,,
2026-08-16 14:25:58.633452+03:00,2026-08-20 03:00:00+03:00,29.6839,,
2026-08-16 14:25:58.633452+03:00,2026-08-20 03:15:00+03:00,29.7998,,
2026-08-16 14:25:58.633452+03:00,2026-08-20 03:30:00+03:00,29.7376,,
2026-08-16 14:25:58.633452+03:00,2026-08-20 03:45:00+03:00,29.7374,,
2026-08-16 14:25:58.633452+03:00,2026-08-20 04:00:00+03:00,29.7198,,
2026-08-16 14:25:58.633452+03:00,2026-08-20 04:15:00+03:00,29.919,,
2026-08-16 14:25:58.633452+03:00,2026-08-20 04:30:00+03:00,29.8341,,
2026-08-16 14:25:58.633452+03:00,2026-08-20 04:45:00+03:00,29.8055,,
2026-08-16 14:25:58.633452+03:00,2026-08-20 05:00:00+03:00,29.9673,,
2026-08-16 14:25:58.633452+03:00,2026-08-20 05:15:00+03:00,30.7717,,
2026-08-16 14:25:58.633452+03:00,2026-08-20 05:30:00+03:00,31.5548,,
2026-08-16 14:25:58.633452+03:00,2026-08-20 05:45:00+03:00,32.4781,,
2026-08-16 14:25:58.633452+03:00,2026-08-20 06:00:00+03:00,33.278,,
2026-08-16 14:25:58.633452+03:00,2026-08-20 06:15:00+03:00,34.3503,,
2026-08-16 14:25:58.633452+03:00,2026-08-20 06:30:00+03:00,35.2917,,
2026-08-16 14:25:58.633452+03:00,2026-08-20 06:45:00+03:00,36.1236,,
2026-08-16 14:25:58.633452+03:00,2026-08-20 07:00:00+03:00,36.7268,,
2026-08-16 14:25:58.633452+03:00,2026-08-20 07:15:00+03:00,37.9536,,
2026-08-16 14:25:58.633452+03:00,2026-08-20 07:30:00+03:00,38.7893,,
2026-08-16 14:25:58.633452+03:00,2026-08-20 07:45:00+03:00,39.243,,
2026-08-16 14:25:58.633452+03:00,2026-08-20 08:00:00+03:00,39.7572,,
2026-08-16 14:25:58.633452+03:00,2026-08-20 08:15:00+03:00,39.8486,,
2026-08-16 14:25:58.633452+03:00,2026-08-20 08:30:00+03:00,39.7357,,
2026-08-16 14:25:58.633452+03:00,2026-08-20 08:45:00+03:00,39.7202,,
2026-08-16 14:25:58.633452+03:00,2026-08-20 09:00:00+03:00,39.6772,,
2026-08-16 14:25:58.633452+03:00,2026-08-20 09:15:00+03:00,39.4018,,
2026-08-16 14:25:58.633452+03:00,2026-08-20 09:30:00+03:00,38.8972,,
2026-08-16 14:25:58.633452+03:00,2026-08-20 09:45:00+03:00,38.2741,,
2026-08-16 14:25:58.633452+03:00,2026-08-20 10:00:00+03:00,37.6146,,
2026-08-16 14:25:58.633452+03:00,2026-08-20 10:15:00+03:00,37.217,,
2026-08-16 14:25:58.633452+03:00,2026-08-20 10:30:00+03:00,36.6636,,
2026-08-16 14:25:58.633452+03:00,2026-08-20 10:45:00+03:00,36.1068,,
2026-08-16 14:25:58.633452+03:00,2026-08-20 11:00:00+03:00,35.6143,,
2026-08-16 14:25:58.633452+03:00,2026-08-20 11:15:00+03:00,35.4329,,
2026-08-16 14:25:58.633452+03:00,2026-08-20 11:30:00+03:00,35.6214,,
2026-08-16 14:25:58.633452+03:00,2026-08-20 11:45:00+03:00,35.5869,,
2026-08-16 14:25:58.633452+03:00,2026-08-20 12:00:00+03:00,35.6046,,
2026-08-16 14:25:58.633452+03:00,2026-08-20 12:15:00+03:00,35.5744,,
2026-08-16 14:25:58.633452+03:00,2026-08-20 12:30:00+03:00,35.5797,,
2026-08-16 14:25:58.633452+03:00,2026-08-20 12:45:00+03:00,35.5981,,
2026-08-16 14:25:58.633452+03:00,2026-08-20 13:00:00+03:00,35.6198,,
2026-08-16 14:25:58.633452+03:00,2026-08-20 13:15:00+03:00,35.5722,,
2026-08-16 14:25:58.633452+03:00,2026-08-20 13:30:00+03:00,35.5809,,
2026-08-16 14:25:58.633452+03:00,2026-08-20 13:45:00+03:00,35.5859,,
2026-08-16 14:25:58.633452+03:00,2026-08-20 14:00:00+03:00,35.6036,,
2026-08-16 14:25:58.633452+03:00,2026-08-20 14:15:00+03:00,35.6953,,
2026-08-16 14:25:58.633452+03:00,2026-08-20 14:30:00+03:00,35.6209,,
2026-08-16 14:25:58.633452+03:00,2026-08-20 14:45:00+03:00,35.617,,
2026-08-16 14:25:58.633452+03:00,2026-08-20 15:00:00+03:00,35.6011,,
2026-08-16 14:25:58.633452+03:00,2026-08-20 15:15:00+03:00,35.7007,,
2026-08-16 14:25:58.633452+03:00,2026-08-20 15:30:00+03:00,35.6321,,
2026-08-16 14:25:58.633452+03:00,2026-08-20 15:45:00+03:00,35.6468,,
2026-08-16 14:25:58.633452+03:00,2026-08-20 16:00:00+03:00,35.6125,,
2026-08-16 14:25:58.633452+03:00,2026-08-20 16:15:00+03:00,35.8202,,
2026-08-16 14:25:58.633452+03:00,2026-08-20 16:30:00+03:00,36.1918,,
2026-08-16 14:25:58.633452+03:00,2026-08-20 16:45:00+03:00,36.1072,,
2026-08-16 14:25:58.633452+03:00,2026-08-20 17:00:00+03:00,36.0879,,
2026-08-16 14:25:58.633452+03:00,2026-08-20 17:15:00+03:00,36.1804,,
2026-08-16 14:25:58.633452+03:00,2026-08-20 17:30:00+03:00,36.1369,,
2026-08-16 14:25:58.633452+03:00,2026-08-20 17:45:00+03:00,36.0971,,
2026-08-16 14:25:58.633452+03:00,2026-08-20 18:00:00+03:00,36.0606,,
2026-08-16 14:25:58.633452+03:00,2026-08-20 18:15:00+03:00,35.9928,,
2026-08-16 14:25:58.633452+03:00,2026-08-20 18:30:00+03:00,36.0738,,
2026-08-16 14:25:58.633452+03:00,2026-08-20 18:45:00+03:00,36.072,,
2026-08-16 14:25:58.633452+03:00,2026-08-20 19:00:00+03:00,36.0525,,
2026-08-16 14:25:58.633452+03:00,2026-08-20 19:15:00+03:00,35.9195,,
2026-08-16 14:25:58.633452+03:00,2026-08-20 19:30:00+03:00,36.0278,,
2026-08-16 14:25:58.633452+03:00,2026-08-20 19:45:00+03:00,36.0593,,
2026-08-16 14:25:58.633452+03:00,2026-08-20 20:00:00+03:00,36.0448,,
2026-08-16 14:25:58.633452+03:00,2026-08-20 20:15:00+03:00,35.7864,,
2026-08-16 14:25:58.633452+03:00,2026-08-20 20:30:00+03:00,35.5134,,
2026-08-16 14:25:58.633452+03:00,2026-08-20 20:45:00+03:00,35.5354,,
2026-08-16 14:25:58.633452+03:00,2026-08-20 21:00:00+03:00,35.5635,,
2026-08-16 14:25:58.633452+03:00,2026-08-20 21:15:00+03:00,35.6322,,
2026-08-16 14:25:58.633452+03:00,2026-08-20 21:30:00+03:00,35.6523,,
2026-08-16 14:25:58.633452+03:00,2026-08-20 21:45:00+03:00,35.6535,,
2026-08-16 14:25:58.633452+03:00,2026-08-20 22:00:00+03:00,35.6843,,
2026-08-16 14:25:58.633452+03:00,2026-08-20 22:15:00+03:00,35.232,,
2026-08-16 14:25:58.633452+03:00,2026-08-20 22:30:00+03:00,34.8704,,
2026-08-16 14:25:58.633452+03:00,2026-08-20 22:45:00+03:00,34.3786,,
2026-08-16 14:25:58.633452+03:00,2026-08-20 23:00:00+03:00,34.0608,,
2026-08-16 14:25:58.633452+03:00,2026-08-20 23:15:00+03:00,33.457,,
2026-08-16 14:25:58.633452+03:00,2026-08-20 23:30:00+03:00,33.1239,,
2026-08-16 14:25:58.633452+03:00,2026-08-20 23:45:00+03:00,32.688,,
2026-08-16 14:25:58.633452+03:00,2026-08-21 00:00:00+03:00,32.3443,,
2026-08-16 14:25:58.633452+03:00,2026-08-21 00:15:00+03:00,32.0671,,
2026-08-16 14:25:58.633452+03:00,2026-08-21 00:30:00+03:00,32.0922,,
2026-08-16 14:25:58.633452+03:00,2026-08-21 00:45:00+03:00,32.1648,,
2026-08-16 14:25:58.633452+03:00,2026-08-21 01:00:00+03:00,32.274,,
2026-08-16 14:25:58.633452+03:00,2026-08-21 01:15:00+03:00,31.9691,,
2026-08-16 14:25:58.633452+03:00,2026-08-21 01:30:00+03:00,31.4722,,
2026-08-16 14:25:58.633452+03:00,2026-08-21 01:45:00+03:00,31.064,,
2026-08-16 14:25:58.633452+03:00,2026-08-21 02:00:00+03:00,30.4237,,
2026-08-16 14:25:58.633452+03:00,2026-08-21 02:15:00+03:00,30.3399,,
2026-08-16 14:25:58.633452+03:00,2026-08-21 02:30:00+03:00,30.3061,,
2026-08-16 14:25:58.633452+03:00,2026-08-21 02:45:00+03:00,30.331,,
2026-08-16 14:25:58.633452+03:00,2026-08-21 03:00:00+03:00,30.3772,,
2026-08-16 14:25:58.633452+03:00,2026-08-21 03:15:00+03:00,30.4437,,
2026-08-16 14:25:58.633452+03:00,2026-08-21 03:30:00+03:00,30.441,,
2026-08-16 14:25:58.633452+03:00,2026-08-21 03:45:00+03:00,30.4599,,
2026-08-16 14:25:58.633452+03:00,2026-08-21 04:00:00+03:00,30.4408,,
2026-08-16 14:25:58.633452+03:00,2026-08-21 04:15:00+03:00,30.6269,,
2026-08-16 14:25:58.633452+03:00,2026-08-21 04:30:00+03:00,30.5413,,
2026-08-16 14:25:58.633452+03:00,2026-08-21 04:45:00+03:00,30.5409,,
2026-08-16 14:25:58.633452+03:00,2026-08-21 05:00:00+03:00,30.7262,,
2026-08-16 14:25:58.633452+03:00,2026-08-21 05:15:00+03:00,31.6136,,
2026-08-16 14:25:58.633452+03:00,2026-08-21 05:30:00+03:00,32.4693,,
2026-08-16 14:25:58.633452+03:00,2026-08-21 05:45:00+03:00,33.3739,,
2026-08-16 14:25:58.633452+03:00,2026-08-21 06:00:00+03:00,34.1093,,
2026-08-16 14:25:58.633452+03:00,2026-08-21 06:15:00+03:00,35.0316,,
2026-08-16 14:25:58.633452+03:00,2026-08-21 06:30:00+03:00,36.04,,
2026-08-16 14:25:58.633452+03:00,2026-08-21 06:45:00+03:00,36.9981,,
2026-08-16 14:25:58.633452+03:00,2026-08-21 07:00:00+03:00,37.8462,,
2026-08-16 14:25:58.633452+03:00,2026-08-21 07:15:00+03:00,38.73,,
2026-08-16 14:25:58.633452+03:00,2026-08-21 07:30:00+03:00,39.4569,,
2026-08-16 14:25:58.633452+03:00,2026-08-21 07:45:00+03:00,39.7098,,
2026-08-16 14:25:58.633452+03:00,2026-08-21 08:00:00+03:00,39.9596,,
2026-08-16 14:25:58.633452+03:00,2026-08-21 08:15:00+03:00,39.873,,
2026-08-16 14:25:58.633452+03:00,2026-08-21 08:30:00+03:00,39.7927,,
2026-08-16 14:25:58.633452+03:00,2026-08-21 08:45:00+03:00,39.7466,,
2026-08-16 14:25:58.633452+03:00,2026-08-21 09:00:00+03:00,39.7127,,
2026-08-16 14:25:58.633452+03:00,2026-08-21 09:15:00+03:00,39.4774,,
2026-08-16 14:25:58.633452+03:00,2026-08-21 09:30:00+03:00,38.919,,
2026-08-16 14:25:58.633452+03:00,2026-08-21 09:45:00+03:00,38.2416,,
2026-08-16 14:25:58.633452+03:00,2026-08-21 10:00:00+03:00,37.5596,,
2026-08-16 14:25:58.633452+03:00,2026-08-21 10:15:00+03:00,37.1634,,
2026-08-16 14:25:58.633452+03:00,2026-08-21 10:30:00+03:00,36.6095,,
2026-08-16 14:25:58.633452+03:00,2026-08-21 10:45:00+03:00,36.1565,,
2026-08-16 14:25:58.633452+03:00,2026-08-21 11:00:00+03:00,35.5651,,
2026-08-16 14:25:58.633452+03:00,2026-08-21 11:15:00+03:00,35.3189,,
2026-08-16 14:25:58.633452+03:00,2026-08-21 11:30:00+03:00,34.887,,
2026-08-16 14:25:58.633452+03:00,2026-08-21 11:45:00+03:00,34.5173,,
2026-08-16 14:25:58.633452+03:00,2026-08-21 12:00:00+03:00,34.0589,,
2026-08-16 14:25:58.633452+03:00,2026-08-21 12:15:00+03:00,33.6468,,
2026-08-16 14:25:58.633452+03:00,2026-08-21 12:30:00+03:00,33.1907,,
2026-08-16 14:25:58.633452+03:00,2026-08-21 12:45:00+03:00,32.6746,,
2026-08-16 14:25:58.633452+03:00,2026-08-21 13:00:00+03:00,32.3646,,
2026-08-16 14:25:58.633452+03:00,2026-08-21 13:15:00+03:00,31.8339,,
2026-08-16 14:25:58.633452+03:00,2026-08-21 13:30:00+03:00,31.2148,,
2026-08-16 14:25:58.633452+03:00,2026-08-21 13:45:00+03:00,30.8899,,
2026-08-16 14:25:58.633452+03:00,2026-08-21 14:00:00+03:00,30.3756,,
2026-08-16 14:25:58.633452+03:00,2026-08-21 14:15:00+03:00,30.3521,,
2026-08-16 14:25:58.633452+03:00,2026-08-21 14:30:00+03:00,30.341,,
2026-08-16 14:25:58.633452+03:00,2026-08-21 14:45:00+03:00,30.3797,,
2026-08-16 14:25:58.633452+03:00,2026-08-21 15:00:00+03:00,30.446,,
2026-08-16 14:25:58.633452+03:00,2026-08-21 15:15:00+03:00,30.4569,,
2026-08-16 14:25:58.633452+03:00,2026-08-21 15:30:00+03:00,30.4445,,
2026-08-16 14:25:58.633452+03:00,2026-08-21 15:45:00+03:00,30.4671,,
2026-08-16 14:25:58.633452+03:00,2026-08-21 16:00:00+03:00,30.4493,,
2026-08-16 14:25:58.633452+03:00,2026-08-21 16:15:00+03:00,30.571,,
2026-08-16 14:25:58.633452+03:00,2026-08-21 16:30:00+03:00,30.5193,,
2026-08-16 14:25:58.633452+03:00,2026-08-21 16:45:00+03:00,30.4988,,
2026-08-16 14:25:58.633452+03:00,2026-08-21 17:00:00+03:00,30.5093,,
2026-08-16 14:25:58.633452+03:00,2026-08-21 17:15:00+03:00,30.5855,,
2026-08-16 14:25:58.633452+03:00,2026-08-21 17:30:00+03:00,30.54,,
2026-08-16 14:25:58.633452+03:00,2026-08-21 17:45:00+03:00,30.5213,,
2026-08-16 14:25:58.633452+03:00,2026-08-21 18:00:00+03:00,30.5333,,
2026-08-16 14:25:58.633452+03:00,2026-08-21 18:15:00+03:00,30.5337,,
2026-08-16 14:25:58.633452+03:00,2026-08-21 18:30:00+03:00,30.5455,,
2026-08-16 14:25:58.633452+03:00,2026-08-21 18:45:00+03:00,30.5478,,
2026-08-16 14:25:58.633452+03:00,2026-08-21 19:00:00+03:00,30.5169,,
2026-08-16 14:25:58.633452+03:00,2026-08-21 19:15:00+03:00,30.4239,,
2026-08-16 14:25:58.633452+03:00,2026-08-21 19:30:00+03:00,30.4295,,
2026-08-16 14:25:58.633452+03:00,2026-08-21 19:45:00+03:00,30.488,,
2026-08-16 14:25:58.633452+03:00,2026-08-21 20:00:00+03:00,30.4998,,
2026-08-16 14:25:58.633452+03:00,2026-08-21 20:15:00+03:00,30.2956,,
2026-08-16 14:25:58.633452+03:00,2026-08-21 20:30:00+03:00,30.3504,,
2026-08-16 14:25:58.633452+03:00,2026-08-21 20:45:00+03:00,30.4082,,
2026-08-16 14:25:58.633452+03:00,2026-08-21 21:00:00+03:00,30.4095,,
2026-08-16 14:25:58.633452+03:00,2026-08-21 21:15:00+03:00,30.4471,,
2026-08-16 14:25:58.633452+03:00,2026-08-21 21:30:00+03:00,30.4668,,
2026-08-16 14:25:58.633452+03:00,2026-08-21 21:45:00+03:00,30.4985,,
2026-08-16 14:25:58.633452+03:00,2026-08-21 22:00:00+03:00,30.4852,,
2026-08-16 14:25:58.633452+03:00,2026-08-21 22:15:00+03:00,30.1903,,
2026-08-16 14:25:58.633452+03:00,2026-08-21 22:30:00+03:00,29.8646,,
2026-08-16 14:25:58.633452+03:00,2026-08-21 22:45:00+03:00,29.6307,,
2026-08-16 14:25:58.633452+03:00,2026-08-21 23:00:00+03:00,29.6743,,
2026-08-16 14:25:58.633452+03:00,2026-08-21 23:15:00+03:00,29.4087,,
2026-08-16 14:25:58.633452+03:00,2026-08-21 23:30:00+03:00,28.8666,,
2026-08-16 14:25:58.633452+03:00,2026-08-21 23:45:00+03:00,28.6346,,
2026-08-16 14:25:58.633452+03:00,2026-08-22 00:00:00+03:00,28.3597,,
2026-08-16 14:25:58.633452+03:00,2026-08-22 00:15:00+03:00,28.087,,
2026-08-16 14:25:58.633452+03:00,2026-08-22 00:30:00+03:00,28.1384,,
2026-08-16 14:25:58.633452+03:00,2026-08-22 00:45:00+03:00,28.1803,,
2026-08-16 14:25:58.633452+03:00,2026-08-22 01:00:00+03:00,28.193,,
2026-08-16 14:25:58.633452+03:00,2026-08-22 01:15:00+03:00,27.9084,,
2026-08-16 14:25:58.633452+03:00,2026-08-22 01:30:00+03:00,27.5629,,
2026-08-16 14:25:58.633452+03:00,2026-08-22 01:45:00+03:00,27.256,,
2026-08-16 14:25:58.633452+03:00,2026-08-22 02:00:00+03:00,27.3097,,
2026-08-16 14:25:58.633452+03:00,2026-08-22 02:15:00+03:00,27.3267,,
2026-08-16 14:25:58.633452+03:00,2026-08-22 02:30:00+03:00,27.4028,,
2026-08-16 14:25:58.633452+03:00,2026-08-22 02:45:00+03:00,27.3929,,
2026-08-16 14:25:58.633452+03:00,2026-08-22 03:00:00+03:00,27.3696,,
2026-08-16 14:25:58.633452+03:00,2026-08-22 03:15:00+03:00,27.4314,,
2026-08-16 14:25:58.633452+03:00,2026-08-22 03:30:00+03:00,27.4528,,
2026-08-16 14:25:58.633452+03:00,2026-08-22 03:45:00+03:00,27.4399,,
2026-08-16 14:25:58.633452+03:00,2026-08-22 04:00:00+03:00,27.4554,,
2026-08-16 14:25:58.633452+03:00,2026-08-22 04:15:00+03:00,27.5206,,
2026-08-16 14:25:58.633452+03:00,2026-08-22 04:30:00+03:00,27.5137,,
2026-08-16 14:25:58.633452+03:00,2026-08-22 04:45:00+03:00,27.5106,,
2026-08-16 14:25:58.633452+03:00,2026-08-22 05:00:00+03:00,27.5738,,
2026-08-16 14:25:58.633452+03:00,2026-08-22 05:15:00+03:00,27.6524,,
2026-08-16 14:25:58.633452+03:00,2026-08-22 05:30:00+03:00,28.082,,
2026-08-16 14:25:58.633452+03:00,2026-08-22 05:45:00+03:00,28.4831,,
2026-08-16 14:25:58.633452+03:00,2026-08-22 06:00:00+03:00,28.9765,,
2026-08-16 14:25:58.633452+03:00,2026-08-22 06:15:00+03:00,29.614,,
2026-08-16 14:25:58.633452+03:00,2026-08-22 06:30:00+03:00,30.691,,
2026-08-16 14:25:58.633452+03:00,2026-08-22 06:45:00+03:00,31.9153,,
2026-08-16 14:25:58.633452+03:00,2026-08-22 07:00:00+03:00,32.5973,,
2026-08-16 14:25:58.633452+03:00,2026-08-22 07:15:00+03:00,34.0831,,
2026-08-16 14:25:58.633452+03:00,2026-08-22 07:30:00+03:00,35.0977,,
2026-08-16 14:25:58.633452+03:00,2026-08-22 07:45:00+03:00,36.2182,,
2026-08-16 14:25:58.633452+03:00,2026-08-22 08:00:00+03:00,36.9545,,
2026-08-16 14:25:58.633452+03:00,2026-08-22 08:15:00+03:00,37.7087,,
2026-08-16 14:25:58.633452+03:00,2026-08-22 08:30:00+03:00,38.2567,,
2026-08-16 14:25:58.633452+03:00,2026-08-22 08:45:00+03:00,38.4899,,
2026-08-16 14:25:58.633452+03:00,2026-08-22 09:00:00+03:00,38.9162,,
2026-08-16 14:25:58.633452+03:00,2026-08-22 09:15:00+03:00,38.3187,,
2026-08-16 14:25:58.633452+03:00,2026-08-22 09:30:00+03:00,37.8038,,
2026-08-16 14:25:58.633452+03:00,2026-08-22 09:45:00+03:00,37.3075,,
2026-08-16 14:25:58.633452+03:00,2026-08-22 10:00:00+03:00,37.4124,,
2026-08-16 14:25:58.633452+03:00,2026-08-22 10:15:00+03:00,37.3381,,
2026-08-16 14:25:58.633452+03:00,2026-08-22 10:30:00+03:00,37.5005,,
2026-08-16 14:25:58.633452+03:00,2026-08-22 10:45:00+03:00,37.5211,,
2026-08-16 14:25:58.633452+03:00,2026-08-22 11:00:00+03:00,37.5337,,
2026-08-16 14:25:58.633452+03:00,2026-08-22 11:15:00+03:00,37.4526,,
2026-08-16 14:25:58.633452+03:00,2026-08-22 11:30:00+03:00,37.4425,,
2026-08-16 14:25:58.633452+03:00,2026-08-22 11:45:00+03:00,37.4722,,
2026-08-16 14:25:58.633452+03:00,2026-08-22 12:00:00+03:00,37.484,,
2026-08-16 14:25:58.633452+03:00,2026-08-22 12:15:00+03:00,37.4209,,
2026-08-16 14:25:58.633452+03:00,2026-08-22 12:30:00+03:00,37.4348,,
2026-08-16 14:25:58.633452+03:00,2026-08-22 12:45:00+03:00,37.4634,,
2026-08-16 14:25:58.633452+03:00,2026-08-22 13:00:00+03:00,37.5075,,
2026-08-16 14:25:58.633452+03:00,2026-08-22 13:15:00+03:00,37.4374,,
2026-08-16 14:25:58.633452+03:00,2026-08-22 13:30:00+03:00,37.4594,,
2026-08-16 14:25:58.633452+03:00,2026-08-22 13:45:00+03:00,37.4687,,
2026-08-16 14:25:58.633452+03:00,2026-08-22 14:00:00+03:00,37.5262,,
2026-08-16 14:25:58.633452+03:00,2026-08-22 14:15:00+03:00,37.5905,,
2026-08-16 14:25:58.633452+03:00,2026-08-22 14:30:00+03:00,37.5511,,
2026-08-16 14:25:58.633452+03:00,2026-08-22 14:45:00+03:00,37.5537,,
2026-08-16 14:25:58.633452+03:00,2026-08-22 15:00:00+03:00,37.5431,,
2026-08-16 14:25:58.633452+03:00,2026-08-22 15:15:00+03:00,37.6606,,
2026-08-16 14:25:58.633452+03:00,2026-08-22 15:30:00+03:00,37.6043,,
2026-08-16 14:25:58.633452+03:00,2026-08-22 15:45:00+03:00,37.5969,,
2026-08-16 14:25:58.633452+03:00,2026-08-22 16:00:00+03:00,37.544,,
2026-08-16 14:25:58.633452+03:00,2026-08-22 16:15:00+03:00,37.6781,,
2026-08-16 14:25:58.633452+03:00,2026-08-22 16:30:00+03:00,37.5818,,
2026-08-16 14:25:58.633452+03:00,2026-08-22 16:45:00+03:00,37.5177,,
2026-08-16 14:25:58.633452+03:00,2026-08-22 17:00:00+03:00,37.5662,,
2026-08-16 14:25:58.633452+03:00,2026-08-22 17:15:00+03:00,37.7182,,
2026-08-16 14:25:58.633452+03:00,2026-08-22 17:30:00+03:00,37.6189,,
2026-08-16 14:25:58.633452+03:00,2026-08-22 17:45:00+03:00,37.5655,,
2026-08-16 14:25:58.633452+03:00,2026-08-22 18:00:00+03:00,37.5983,,
2026-08-16 14:25:58.633452+03:00,2026-08-22 18:15:00+03:00,37.5161,,
2026-08-16 14:25:58.633452+03:00,2026-08-22 18:30:00+03:00,37.5439,,
2026-08-16 14:25:58.633452+03:00,2026-08-22 18:45:00+03:00,37.5251,,
2026-08-16 14:25:58.633452+03:00,2026-08-22 19:00:00+03:00,37.5758,,
2026-08-16 14:25:58.633452+03:00,2026-08-22 19:15:00+03:00,37.3918,,
2026-08-16 14:25:58.633452+03:00,2026-08-22 19:30:00+03:00,37.4269,,
2026-08-16 14:25:58.633452+03:00,2026-08-22 19:45:00+03:00,37.5064,,
2026-08-16 14:25:58.633452+03:00,2026-08-22 20:00:00+03:00,37.5624,,
2026-08-16 14:25:58.633452+03:00,2026-08-22 20:15:00+03:00,37.2675,,
2026-08-16 14:25:58.633452+03:00,2026-08-22 20:30:00+03:00,36.8371,,
2026-08-16 14:25:58.633452+03:00,2026-08-22 20:45:00+03:00,36.9564,,
2026-08-16 14:25:58.633452+03:00,2026-08-22 21:00:00+03:00,36.957,,
2026-08-16 14:25:58.633452+03:00,2026-08-22 21:15:00+03:00,37.1255,,
2026-08-16 14:25:58.633452+03:00,2026-08-22 21:30:00+03:00,37.1763,,
2026-08-16 14:25:58.633452+03:00,2026-08-22 21:45:00+03:00,37.1844,,
2026-08-16 14:25:58.633452+03:00,2026-08-22 22:00:00+03:00,37.2343,,
2026-08-16 14:25:58.633452+03:00,2026-08-22 22:15:00+03:00,36.6918,,
2026-08-16 14:25:58.633452+03:00,2026-08-22 22:30:00+03:00,36.3917,,
2026-08-16 14:25:58.633452+03:00,2026-08-22 22:45:00+03:00,36.499,,
2026-08-16 14:25:58.633452+03:00,2026-08-22 23:00:00+03:00,36.5802,,
2026-08-16 14:25:58.633452+03:00,2026-08-22 23:15:00+03:00,36.1385,,
2026-08-16 14:25:58.633452+03:00,2026-08-22 23:30:00+03:00,35.4654,,
2026-08-16 14:25:58.633452+03:00,2026-08-22 23:45:00+03:00,35.2583,,
2026-08-16 14:25:58.633452+03:00,2026-08-23 00:00:00+03:00,34.9682,,
2026-08-16 14:25:58.633452+03:00,2026-08-23 00:15:00+03:00,34.9087,,
2026-08-16 14:25:58.633452+03:00,2026-08-23 00:30:00+03:00,34.9995,,
2026-08-16 14:25:58.633452+03:00,2026-08-23 00:45:00+03:00,34.9293,,
2026-08-16 14:25:58.633452+03:00,2026-08-23 01:00:00+03:00,34.9809,,
2026-08-16 14:25:58.633452+03:00,2026-08-23 01:15:00+03:00,34.6228,,
2026-08-16 14:25:58.633452+03:00,2026-08-23 01:30:00+03:00,34.2082,,
2026-08-16 14:25:58.633452+03:00,2026-08-23 01:45:00+03:00,34.3292,,
2026-08-16 14:25:58.633452+03:00,2026-08-23 02:00:00+03:00,34.3524,,
2026-08-16 14:25:58.633452+03:00,2026-08-23 02:15:00+03:00,34.3773,,
2026-08-16 14:25:58.633452+03:00,2026-08-23 02:30:00+03:00,34.3774,,
2026-08-16 14:25:58.633452+03:00,2026-08-23 02:45:00+03:00,34.3842,,
2026-08-16 14:25:58.633452+03:00,2026-08-23 03:00:00+03:00,34.3656,,
2026-08-16 14:25:58.633452+03:00,2026-08-23 03:15:00+03:00,34.3947,,
2026-08-16 14:25:58.633452+03:00,2026-08-23 03:30:00+03:00,34.3881,,
2026-08-16 14:25:58.633452+03:00,2026-08-23 03:45:00+03:00,34.3972,,
2026-08-16 14:25:58.633452+03:00,2026-08-23 04:00:00+03:00,34.3587,,
2026-08-16 14:25:58.633452+03:00,2026-08-23 04:15:00+03:00,34.413,,
2026-08-16 14:25:58.633452+03:00,2026-08-23 04:30:00+03:00,34.3941,,
2026-08-16 14:25:58.633452+03:00,2026-08-23 04:45:00+03:00,34.4119,,
2026-08-16 14:25:58.633452+03:00,2026-08-23 05:00:00+03:00,34.3297,,
2026-08-16 14:25:58.633452+03:00,2026-08-23 05:15:00+03:00,34.4131,,
2026-08-16 14:25:58.633452+03:00,2026-08-23 05:30:00+03:00,34.3987,,
2026-08-16 14:25:58.633452+03:00,2026-08-23 05:45:00+03:00,34.3806,,
2026-08-16 14:25:58.633452+03:00,2026-08-23 06:00:00+03:00,34.3623,,
2026-08-16 14:25:58.633452+03:00,2026-08-23 06:15:00+03:00,34.543,,
2026-08-16 14:25:58.633452+03:00,2026-08-23 06:30:00+03:00,34.4563,,
2026-08-16 14:25:58.633452+03:00,2026-08-23 06:45:00+03:00,34.4236,,
2026-08-16 14:25:58.633452+03:00,2026-08-23 07:00:00+03:00,34.3823,,
2026-08-16 14:25:58.633452+03:00,2026-08-23 07:15:00+03:00,34.61,,
2026-08-16 14:25:58.633452+03:00,2026-08-23 07:30:00+03:00,34.4972,,
2026-08-16 14:25:58.633452+03:00,2026-08-23 07:45:00+03:00,34.4599,,
2026-08-16 14:25:58.633452+03:00,2026-08-23 08:00:00+03:00,34.4532,,
2026-08-16 14:25:58.633452+03:00,2026-08-23 08:15:00+03:00,34.4454,,
2026-08-16 14:25:58.633452+03:00,2026-08-23 08:30:00+03:00,34.4196,,
2026-08-16 14:25:58.633452+03:00,2026-08-23 08:45:00+03:00,34.4406,,
2026-08-16 14:25:58.633452+03:00,2026-08-23 09:00:00+03:00,34.5014,,
2026-08-16 14:25:58.633452+03:00,2026-08-23 09:15:00+03:00,34.3225,,
2026-08-16 14:25:58.633452+03:00,2026-08-23 09:30:00+03:00,34.3663,,
2026-08-16 14:25:58.633452+03:00,2026-08-23 09:45:00+03:00,34.415,,
2026-08-16 14:25:58.633452+03:00,2026-08-23 10:00:00+03:00,34.3919,,
2026-08-16 14:25:58.633452+03:00,2026-08-23 10:15:00+03:00,34.2862,,
2026-08-16 14:25:58.633452+03:00,2026-08-23 10:30:00+03:00,34.3389,,
2026-08-16 14:25:58.633452+03:00,2026-08-23 10:45:00+03:00,34.3632,,
2026-08-16 14:25:58.633452+03:00,2026-08-23 11:00:00+03:00,34.3218,,
2026-08-16 14:25:58.633452+03:00,2026-08-23 11:15:00+03:00,34.2745,,
2026-08-16 14:25:58.633452+03:00,2026-08-23 11:30:00+03:00,34.2853,,
2026-08-16 14:25:58.633452+03:00,2026-08-23 11:45:00+03:00,34.3081,,
2026-08-16 14:25:58.633452+03:00,2026-08-23 12:00:00+03:00,34.3329,,
2026-08-16 14:25:58.633452+03:00,2026-08-23 12:15:00+03:00,34.2855,,
2026-08-16 14:25:58.633452+03:00,2026-08-23 12:30:00+03:00,34.2908,,
2026-08-16 14:25:58.633452+03:00,2026-08-23 12:45:00+03:00,34.3126,,
2026-08-16 14:25:58.633452+03:00,2026-08-23 13:00:00+03:00,34.3464,,
2026-08-16 14:25:58.633452+03:00,2026-08-23 13:15:00+03:00,34.2925,,
2026-08-16 14:25:58.633452+03:00,2026-08-23 13:30:00+03:00,34.3009,,
2026-08-16 14:25:58.633452+03:00,2026-08-23 13:45:00+03:00,34.3146,,
2026-08-16 14:25:58.633452+03:00,2026-08-23 14:00:00+03:00,34.3816,,
2026-08-16 14:25:58.633452+03:00,2026-08-23 14:15:00+03:00,34.468,,
2026-08-16 14:25:58.633452+03:00,2026-08-23 14:30:00+03:00,34.4274,,
2026-08-16 14:25:58.633452+03:00,2026-08-23 14:45:00+03:00,34.421,,
2026-08-16 14:25:58.633452+03:00,2026-08-23 15:00:00+03:00,34.388,,
2026-08-16 14:25:58.633452+03:00,2026-08-23 15:15:00+03:00,34.5056,,
2026-08-16 14:25:58.633452+03:00,2026-08-23 15:30:00+03:00,34.4484,,
2026-08-16 14:25:58.633452+03:00,2026-08-23 15:45:00+03:00,34.4477,,
2026-08-16 14:25:58.633452+03:00,2026-08-23 16:00:00+03:00,34.3953,,
2026-08-16 14:25:58.633452+03:00,2026-08-23 16:15:00+03:00,34.5848,,
2026-08-16 14:25:58.633452+03:00,2026-08-23 16:30:00+03:00,34.469,,
2026-08-16 14:25:58.633452+03:00,2026-08-23 16:45:00+03:00,34.4481,,
2026-08-16 14:25:58.633452+03:00,2026-08-23 17:00:00+03:00,34.4919,,
2026-08-16 14:25:58.633452+03:00,2026-08-23 17:15:00+03:00,34.6652,,
2026-08-16 14:25:58.633452+03:00,2026-08-23 17:30:00+03:00,35.0578,,
2026-08-16 14:25:58.633452+03:00,2026-08-23 17:45:00+03:00,35.4269,,
2026-08-16 14:25:58.633452+03:00,2026-08-23 18:00:00+03:00,35.9906,,
2026-08-16 14:25:58.633452+03:00,2026-08-23 18:15:00+03:00,36.252,,
2026-08-16 14:25:58.633452+03:00,2026-08-23 18:30:00+03:00,36.2911,,
2026-08-16 14:25:58.633452+03:00,2026-08-23 18:45:00+03:00,36.2512,,
2026-08-16 14:25:58.633452+03:00,2026-08-23 19:00:00+03:00,36.1124,,
2026-08-16 14:25:58.633452+03:00,2026-08-23 19:15:00+03:00,35.9091,,
2026-08-16 14:25:58.633452+03:00,2026-08-23 19:30:00+03:00,36.0359,,
2026-08-16 14:25:58.633452+03:00,2026-08-23 19:45:00+03:00,36.11,,
2026-08-16 14:25:58.633452+03:00,2026-08-23 20:00:00+03:00,36.1059,,
2026-08-16 14:25:58.633452+03:00,2026-08-23 20:15:00+03:00,35.7596,,
2026-08-16 14:25:58.633452+03:00,2026-08-23 20:30:00+03:00,35.507,,
2026-08-16 14:25:58.633452+03:00,2026-08-23 20:45:00+03:00,35.5752,,
2026-08-16 14:25:58.633452+03:00,2026-08-23 21:00:00+03:00,35.6292,,
2026-08-16 14:25:58.633452+03:00,2026-08-23 21:15:00+03:00,35.6746,,
2026-08-16 14:25:58.633452+03:00,2026-08-23 21:30:00+03:00,35.7057,,
2026-08-16 14:25:58.633452+03:00,2026-08-23 21:45:00+03:00,35.7225,,
2026-08-16 14:25:58.633452+03:00,2026-08-23 22:00:00+03:00,35.7462,,
2026-08-16 14:25:58.633452+03:00,2026-08-23 22:15:00+03:00,35.2386,,
2026-08-16 14:25:58.633452+03:00,2026-08-23 22:30:00+03:00,34.929,,
2026-08-16 14:25:58.633452+03:00,2026-08-23 22:45:00+03:00,34.4506,,
2026-08-16 14:25:58.633452+03:00,2026-08-23 23:00:00+03:00,34.1167,,
2026-08-16 14:25:58.633452+03:00,2026-08-23 23:15:00+03:00,33.3836,,
2026-08-16 14:25:58.633452+03:00,2026-08-23 23:30:00+03:00,33.0827,,
2026-08-16 14:25:58.633452+03:00,2026-08-23 23:45:00+03:00,32.7168,,
2026-08-17 14:32:30.380389+03:00,2026-08-18 00:00:00+03:00,8.9401,12.09,3.1499000000000006
2026-08-17 14:32:30.380389+03:00,2026-08-18 00:15:00+03:00,7.8226,13.75,5.9274
2026-08-17 14:32:30.380389+03:00,2026-08-18 00:30:00+03:00,6.9962,14.13,7.133800000000001
2026-08-17 14:32:30.380389+03:00,2026-08-18 00:45:00+03:00,5.7546,11.65,5.8954
2026-08-17 14:32:30.380389+03:00,2026-08-18 01:00:00+03:00,4.9628,19.99,15.0272
2026-08-17 14:32:30.380389+03:00,2026-08-18 01:15:00+03:00,4.9849,16.79,11.8051
2026-08-17 14:32:30.380389+03:00,2026-08-18 01:30:00+03:00,4.8487,16.47,11.621299999999998
2026-08-17 14:32:30.380389+03:00,2026-08-18 01:45:00+03:00,4.7039,16.52,11.8161
2026-08-17 14:32:30.380389+03:00,2026-08-18 02:00:00+03:00,4.595,15.47,10.875
2026-08-17 14:32:30.380389+03:00,2026-08-18 02:15:00+03:00,4.4477,16.27,11.822299999999998
2026-08-17 14:32:30.380389+03:00,2026-08-18 02:30:00+03:00,4.4763,20.38,15.9037
2026-08-17 14:32:30.380389+03:00,2026-08-18 02:45:00+03:00,4.5119,20.74,16.228099999999998
2026-08-17 14:32:30.380389+03:00,2026-08-18 03:00:00+03:00,4.4972,16.83,12.3328
2026-08-17 14:32:30.380389+03:00,2026-08-18 03:15:00+03:00,4.5295,18.94,14.410500000000004
2026-08-17 14:32:30.380389+03:00,2026-08-18 03:30:00+03:00,4.5241,17.5,12.9759
2026-08-17 14:32:30.380389+03:00,2026-08-18 03:45:00+03:00,4.5173,20.68,16.1627
2026-08-17 14:32:30.380389+03:00,2026-08-18 04:00:00+03:00,4.4984,16.37,11.8716
2026-08-17 14:32:30.380389+03:00,2026-08-18 04:15:00+03:00,4.5956,18.62,14.0244
2026-08-17 14:32:30.380389+03:00,2026-08-18 04:30:00+03:00,4.5455,18.92,14.3745
2026-08-17 14:32:30.380389+03:00,2026-08-18 04:45:00+03:00,4.5507,18.86,14.3093
2026-08-17 14:32:30.380389+03:00,2026-08-18 05:00:00+03:00,4.5488,14.82,10.2712
2026-08-17 14:32:30.380389+03:00,2026-08-18 05:15:00+03:00,5.1553,17.19,12.0347
2026-08-17 14:32:30.380389+03:00,2026-08-18 05:30:00+03:00,5.7973,20.96,15.1627
2026-08-17 14:32:30.380389+03:00,2026-08-18 05:45:00+03:00,6.3895,24.94,18.5505
2026-08-17 14:32:30.380389+03:00,2026-08-18 06:00:00+03:00,7.0517,14.48,7.4283
2026-08-17 14:32:30.380389+03:00,2026-08-18 06:15:00+03:00,9.8403,17.32,7.479700000000001
2026-08-17 14:32:30.380389+03:00,2026-08-18 06:30:00+03:00,11.5164,26.3,14.7836
2026-08-17 14:32:30.380389+03:00,2026-08-18 06:45:00+03:00,14.1291,39.97,25.8409
2026-08-17 14:32:30.380389+03:00,2026-08-18 07:00:00+03:00,16.2172,13.8,2.4171999999999976
2026-08-17 14:32:30.380389+03:00,2026-08-18 07:15:00+03:00,17.8327,20.49,2.6572999999999998
2026-08-17 14:32:30.380389+03:00,2026-08-18 07:30:00+03:00,20.2189,37.62,17.401099999999996
2026-08-17 14:32:30.380389+03:00,2026-08-18 07:45:00+03:00,22.3479,79.36,57.0121
2026-08-17 14:32:30.380389+03:00,2026-08-18 08:00:00+03:00,24.2285,39.84,15.611500000000005
2026-08-17 14:32:30.380389+03:00,2026-08-18 08:15:00+03:00,25.4329,70.54,45.1071
2026-08-17 14:32:30.380389+03:00,2026-08-18 08:30:00+03:00,27.2323,83.56,56.32770000000001
2026-08-17 14:32:30.380389+03:00,2026-08-18 08:45:00+03:00,27.8377,103.85,76.0123
2026-08-17 14:32:30.380389+03:00,2026-08-18 09:00:00+03:00,28.7019,76.25,47.548100000000005
2026-08-17 14:32:30.380389+03:00,2026-08-18 09:15:00+03:00,28.68,85.83,57.15
2026-08-17 14:32:30.380389+03:00,2026-08-18 09:30:00+03:00,28.5182,82.19,53.6718
2026-08-17 14:32:30.380389+03:00,2026-08-18 09:45:00+03:00,28.6644,86.91,58.2456
2026-08-17 14:32:30.380389+03:00,2026-08-18 10:00:00+03:00,28.6811,69.99,41.3089
2026-08-17 14:32:30.380389+03:00,2026-08-18 10:15:00+03:00,28.5509,72.02,43.4691
2026-08-17 14:32:30.380389+03:00,2026-08-18 10:30:00+03:00,28.63,74.31,45.68000000000001
2026-08-17 14:32:30.380389+03:00,2026-08-18 10:45:00+03:00,28.641,78.29,49.64900000000001
2026-08-17 14:32:30.380389+03:00,2026-08-18 11:00:00+03:00,28.6555,78.26,49.6045
2026-08-17 14:32:30.380389+03:00,2026-08-18 11:15:00+03:00,28.6086,74.28,45.671400000000006
2026-08-17 14:32:30.380389+03:00,2026-08-18 11:30:00+03:00,28.6214,78.29,49.668600000000005
2026-08-17 14:32:30.380389+03:00,2026-08-18 11:45:00+03:00,28.6221,78.3,49.6779
2026-08-17 14:32:30.380389+03:00,2026-08-18 12:00:00+03:00,28.6215,78.28,49.6585
2026-08-17 14:32:30.380389+03:00,2026-08-18 12:15:00+03:00,28.6446,78.29,49.64540000000001
2026-08-17 14:32:30.380389+03:00,2026-08-18 12:30:00+03:00,28.6448,86.04,57.3952
2026-08-17 14:32:30.380389+03:00,2026-08-18 12:45:00+03:00,28.6388,85.83,57.1912
2026-08-17 14:32:30.380389+03:00,2026-08-18 13:00:00+03:00,28.6466,79.31,50.6634
2026-08-17 14:32:30.380389+03:00,2026-08-18 13:15:00+03:00,28.5726,78.22,49.6474
2026-08-17 14:32:30.380389+03:00,2026-08-18 13:30:00+03:00,28.5727,81.04,52.46730000000001
2026-08-17 14:32:30.380389+03:00,2026-08-18 13:45:00+03:00,28.5611,83.43,54.86890000000001
2026-08-17 14:32:30.380389+03:00,2026-08-18 14:00:00+03:00,28.5767,78.3,49.7233
2026-08-17 14:32:30.380389+03:00,2026-08-18 14:15:00+03:00,28.6051,79.23,50.6249
2026-08-17 14:32:30.380389+03:00,2026-08-18 14:30:00+03:00,28.5717,80.7,52.1283
2026-08-17 14:32:30.380389+03:00,2026-08-18 14:45:00+03:00,28.552,86.67,58.118
2026-08-17 14:32:30.380389+03:00,2026-08-18 15:00:00+03:00,28.605,78.34,49.735
2026-08-17 14:32:30.380389+03:00,2026-08-18 15:15:00+03:00,28.7127,85.41,56.6973
2026-08-17 14:32:30.380389+03:00,2026-08-18 15:30:00+03:00,28.6905,97.44,68.7495
2026-08-17 14:32:30.380389+03:00,2026-08-18 15:45:00+03:00,28.6554,104.84,76.1846
2026-08-17 14:32:30.380389+03:00,2026-08-18 16:00:00+03:00,28.6126,109.79,81.1774
2026-08-17 14:32:30.380389+03:00,2026-08-18 16:15:00+03:00,28.7472,117.06,88.31280000000001
2026-08-17 14:32:30.380389+03:00,2026-08-18 16:30:00+03:00,28.7084,127.36,98.6516
2026-08-17 14:32:30.380389+03:00,2026-08-18 16:45:00+03:00,28.6852,129.64,100.9548
2026-08-17 14:32:30.380389+03:00,2026-08-18 17:00:00+03:00,28.6367,80.66,52.02329999999999
2026-08-17 14:32:30.380389+03:00,2026-08-18 17:15:00+03:00,28.7854,103.33,74.5446
2026-08-17 14:32:30.380389+03:00,2026-08-18 17:30:00+03:00,28.7411,121.43,92.6889
2026-08-17 14:32:30.380389+03:00,2026-08-18 17:45:00+03:00,28.6889,131.58,102.8911
2026-08-17 14:32:30.380389+03:00,2026-08-18 18:00:00+03:00,28.6723,112.71,84.0377
2026-08-17 14:32:30.380389+03:00,2026-08-18 18:15:00+03:00,28.6728,126.55,97.8772
2026-08-17 14:32:30.380389+03:00,2026-08-18 18:30:00+03:00,28.6945,137.85,109.1555
2026-08-17 14:32:30.380389+03:00,2026-08-18 18:45:00+03:00,28.6817,141.82,113.1383
2026-08-17 14:32:30.380389+03:00,2026-08-18 19:00:00+03:00,28.6689,138.93,110.2611
2026-08-17 14:32:30.380389+03:00,2026-08-18 19:15:00+03:00,28.5346,145.05,116.5154
2026-08-17 14:32:30.380389+03:00,2026-08-18 19:30:00+03:00,28.5577,152.11,123.55230000000002
2026-08-17 14:32:30.380389+03:00,2026-08-18 19:45:00+03:00,28.6165,159.49,130.8735
2026-08-17 14:32:30.380389+03:00,2026-08-18 20:00:00+03:00,28.623,159.84,131.217
2026-08-17 14:32:30.380389+03:00,2026-08-18 20:15:00+03:00,28.3635,158.98,130.6165
2026-08-17 14:32:30.380389+03:00,2026-08-18 20:30:00+03:00,27.9915,165.41,137.4185
2026-08-17 14:32:30.380389+03:00,2026-08-18 20:45:00+03:00,27.6055,167.59,139.9845
2026-08-17 14:32:30.380389+03:00,2026-08-18 21:00:00+03:00,27.3166,165.34,138.0234
2026-08-17 14:32:30.380389+03:00,2026-08-18 21:15:00+03:00,27.3966,167.05,139.6534
2026-08-17 14:32:30.380389+03:00,2026-08-18 21:30:00+03:00,27.3992,169.99,142.5908
2026-08-17 14:32:30.380389+03:00,2026-08-18 21:45:00+03:00,27.5751,164.96,137.38490000000002
2026-08-17 14:32:30.380389+03:00,2026-08-18 22:00:00+03:00,27.6041,171.09,143.48590000000002
2026-08-17 14:32:30.380389+03:00,2026-08-18 22:15:00+03:00,27.31,173.86,146.55
2026-08-17 14:32:30.380389+03:00,2026-08-18 22:30:00+03:00,27.4047,166.15,138.7453
2026-08-17 14:32:30.380389+03:00,2026-08-18 22:45:00+03:00,27.5342,160.58,133.0458
2026-08-17 14:32:30.380389+03:00,2026-08-18 23:00:00+03:00,27.5641,167.76,140.1959
2026-08-17 14:32:30.380389+03:00,2026-08-18 23:15:00+03:00,27.1784,161.81,134.6316
2026-08-17 14:32:30.380389+03:00,2026-08-18 23:30:00+03:00,27.0342,158.54,131.5058
2026-08-17 14:32:30.380389+03:00,2026-08-18 23:45:00+03:00,27.1299,103.32,76.1901
2026-08-17 14:32:30.380389+03:00,2026-08-19 00:00:00+03:00,27.0612,138.2,111.1388
2026-08-17 14:32:30.380389+03:00,2026-08-19 00:15:00+03:00,27.31,101.81,74.5
2026-08-17 14:32:30.380389+03:00,2026-08-19 00:30:00+03:00,27.5898,80.59,53.00020000000001
2026-08-17 14:32:30.380389+03:00,2026-08-19 00:45:00+03:00,27.5733,80.53,52.9567
2026-08-17 14:32:30.380389+03:00,2026-08-19 01:00:00+03:00,27.513,70.0,42.486999999999995
2026-08-17 14:32:30.380389+03:00,2026-08-19 01:15:00+03:00,27.1638,80.0,52.836200000000005
2026-08-17 14:32:30.380389+03:00,2026-08-19 01:30:00+03:00,26.9616,84.1,57.13839999999999
2026-08-17 14:32:30.380389+03:00,2026-08-19 01:45:00+03:00,27.0947,89.97,62.875299999999996
2026-08-17 14:32:30.380389+03:00,2026-08-19 02:00:00+03:00,27.1529,81.48,54.3271
2026-08-17 14:32:30.380389+03:00,2026-08-19 02:15:00+03:00,27.2039,72.36,45.156099999999995
2026-08-17 14:32:30.380389+03:00,2026-08-19 02:30:00+03:00,27.2019,77.95,50.74810000000001
2026-08-17 14:32:30.380389+03:00,2026-08-19 02:45:00+03:00,27.1836,91.57,64.3864
2026-08-17 14:32:30.380389+03:00,2026-08-19 03:00:00+03:00,27.1629,76.59,49.4271
2026-08-17 14:32:30.380389+03:00,2026-08-19 03:15:00+03:00,27.253,70.01,42.757000000000005
2026-08-17 14:32:30.380389+03:00,2026-08-19 03:30:00+03:00,27.5273,82.01,54.48270000000001
2026-08-17 14:32:30.380389+03:00,2026-08-19 03:45:00+03:00,27.5097,91.11,63.600300000000004
2026-08-17 14:32:30.380389+03:00,2026-08-19 04:00:00+03:00,27.5338,91.11,63.5762
2026-08-17 14:32:30.380389+03:00,2026-08-19 04:15:00+03:00,27.7139,70.01,42.29610000000001
2026-08-17 14:32:30.380389+03:00,2026-08-19 04:30:00+03:00,28.0632,82.12,54.05680000000001
2026-08-17 14:32:30.380389+03:00,2026-08-19 04:45:00+03:00,28.4195,76.46,48.040499999999994
2026-08-17 14:32:30.380389+03:00,2026-08-19 05:00:00+03:00,28.9464,74.59,45.643600000000006
2026-08-17 14:32:30.380389+03:00,2026-08-19 05:15:00+03:00,30.0485,76.33,46.281499999999994
2026-08-17 14:32:30.380389+03:00,2026-08-19 05:30:00+03:00,31.2647,89.79,58.5253
2026-08-17 14:32:30.380389+03:00,2026-08-19 05:45:00+03:00,32.4436,95.39,62.9464
2026-08-17 14:32:30.380389+03:00,2026-08-19 06:00:00+03:00,33.0451,75.11,42.0649
2026-08-17 14:32:30.380389+03:00,2026-08-19 06:15:00+03:00,34.5757,91.58,57.0043
2026-08-17 14:32:30.380389+03:00,2026-08-19 06:30:00+03:00,35.252,95.61,60.358
2026-08-17 14:32:30.380389+03:00,2026-08-19 06:45:00+03:00,36.0363,154.66,118.6237
2026-08-17 14:32:30.380389+03:00,2026-08-19 07:00:00+03:00,36.708,80.01,43.30200000000001
2026-08-17 14:32:30.380389+03:00,2026-08-19 07:15:00+03:00,37.8607,137.57,99.70929999999998
2026-08-17 14:32:30.380389+03:00,2026-08-19 07:30:00+03:00,38.431,158.41,119.979
2026-08-17 14:32:30.380389+03:00,2026-08-19 07:45:00+03:00,39.2854,160.34,121.0546
2026-08-17 14:32:30.380389+03:00,2026-08-19 08:00:00+03:00,39.8102,151.71,111.8998
2026-08-17 14:32:30.380389+03:00,2026-08-19 08:15:00+03:00,40.0655,164.07,124.0045
2026-08-17 14:32:30.380389+03:00,2026-08-19 08:30:00+03:00,40.8186,163.89,123.07139999999998
2026-08-17 14:32:30.380389+03:00,2026-08-19 08:45:00+03:00,41.131,164.38,123.249
2026-08-17 14:32:30.380389+03:00,2026-08-19 09:00:00+03:00,41.0925,159.37,118.2775
2026-08-17 14:32:30.380389+03:00,2026-08-19 09:15:00+03:00,40.7338,150.04,109.30619999999999
2026-08-17 14:32:30.380389+03:00,2026-08-19 09:30:00+03:00,40.7192,151.01,110.29079999999999
2026-08-17 14:32:30.380389+03:00,2026-08-19 09:45:00+03:00,40.7997,151.01,110.21029999999999
2026-08-17 14:32:30.380389+03:00,2026-08-19 10:00:00+03:00,40.7762,151.01,110.23379999999999
2026-08-17 14:32:30.380389+03:00,2026-08-19 10:15:00+03:00,40.663,158.06,117.397
2026-08-17 14:32:30.380389+03:00,2026-08-19 10:30:00+03:00,40.6914,149.42,108.72859999999999
2026-08-17 14:32:30.380389+03:00,2026-08-19 10:45:00+03:00,40.7181,143.78,103.06190000000001
2026-08-17 14:32:30.380389+03:00,2026-08-19 11:00:00+03:00,40.7386,155.14,114.4014
2026-08-17 14:32:30.380389+03:00,2026-08-19 11:15:00+03:00,40.6882,149.76,109.0718
2026-08-17 14:32:30.380389+03:00,2026-08-19 11:30:00+03:00,40.6703,143.86,103.18970000000002
2026-08-17 14:32:30.380389+03:00,2026-08-19 11:45:00+03:00,40.7027,142.58,101.87730000000002
2026-08-17 14:32:30.380389+03:00,2026-08-19 12:00:00+03:00,40.6572,141.6,100.94279999999999
2026-08-17 14:32:30.380389+03:00,2026-08-19 12:15:00+03:00,40.621,141.45,100.82899999999998
2026-08-17 14:32:30.380389+03:00,2026-08-19 12:30:00+03:00,40.5808,139.43,98.8492
2026-08-17 14:32:30.380389+03:00,2026-08-19 12:45:00+03:00,39.976,136.41,96.434
2026-08-17 14:32:30.380389+03:00,2026-08-19 13:00:00+03:00,39.2404,141.54,102.2996
2026-08-17 14:32:30.380389+03:00,2026-08-19 13:15:00+03:00,38.6578,135.13,96.47219999999999
2026-08-17 14:32:30.380389+03:00,2026-08-19 13:30:00+03:00,37.9581,134.23,96.27189999999999
2026-08-17 14:32:30.380389+03:00,2026-08-19 13:45:00+03:00,37.3848,130.63,93.2452
2026-08-17 14:32:30.380389+03:00,2026-08-19 14:00:00+03:00,37.2856,132.79,95.50439999999999
2026-08-17 14:32:30.380389+03:00,2026-08-19 14:15:00+03:00,36.7327,129.07,92.3373
2026-08-17 14:32:30.380389+03:00,2026-08-19 14:30:00+03:00,36.4165,126.4,89.9835
2026-08-17 14:32:30.380389+03:00,2026-08-19 14:45:00+03:00,36.5961,123.66,87.06389999999999
2026-08-17 14:32:30.380389+03:00,2026-08-19 15:00:00+03:00,36.6873,127.75,91.0627
2026-08-17 14:32:30.380389+03:00,2026-08-19 15:15:00+03:00,36.75,129.01,92.25999999999999
2026-08-17 14:32:30.380389+03:00,2026-08-19 15:30:00+03:00,36.751,126.56,89.809
2026-08-17 14:32:30.380389+03:00,2026-08-19 15:45:00+03:00,36.7375,126.77,90.0325
2026-08-17 14:32:30.380389+03:00,2026-08-19 16:00:00+03:00,36.7107,125.27,88.5593
2026-08-17 14:32:30.380389+03:00,2026-08-19 16:15:00+03:00,36.8648,129.18,92.3152
2026-08-17 14:32:30.380389+03:00,2026-08-19 16:30:00+03:00,37.2961,132.64,95.34389999999999
2026-08-17 14:32:30.380389+03:00,2026-08-19 16:45:00+03:00,37.7163,135.84,98.12370000000001
2026-08-17 14:32:30.380389+03:00,2026-08-19 17:00:00+03:00,37.8518,129.81,91.9582
2026-08-17 14:32:30.380389+03:00,2026-08-19 17:15:00+03:00,37.89,134.61,96.72000000000001
2026-08-17 14:32:30.380389+03:00,2026-08-19 17:30:00+03:00,38.0447,140.46,102.4153
2026-08-17 14:32:30.380389+03:00,2026-08-19 17:45:00+03:00,37.9609,147.41,109.44909999999999
2026-08-17 14:32:30.380389+03:00,2026-08-19 18:00:00+03:00,38.0293,137.79,99.76069999999999
2026-08-17 14:32:30.380389+03:00,2026-08-19 18:15:00+03:00,37.9389,145.7,107.7611
2026-08-17 14:32:30.380389+03:00,2026-08-19 18:30:00+03:00,37.9167,156.42,118.5033
2026-08-17 14:32:30.380389+03:00,2026-08-19 18:45:00+03:00,37.9181,177.26,139.34189999999998
2026-08-17 14:32:30.380389+03:00,2026-08-19 19:00:00+03:00,37.9613,155.55,117.58870000000002
2026-08-17 14:32:30.380389+03:00,2026-08-19 19:15:00+03:00,37.7866,174.85,137.0634
2026-08-17 14:32:30.380389+03:00,2026-08-19 19:30:00+03:00,37.4197,184.97,147.5503
2026-08-17 14:32:30.380389+03:00,2026-08-19 19:45:00+03:00,37.4786,190.03,152.5514
2026-08-17 14:32:30.380389+03:00,2026-08-19 20:00:00+03:00,37.5301,183.27,145.7399
2026-08-17 14:32:30.380389+03:00,2026-08-19 20:15:00+03:00,37.2342,182.36,145.12580000000003
2026-08-17 14:32:30.380389+03:00,2026-08-19 20:30:00+03:00,36.8788,177.59,140.71120000000002
2026-08-17 14:32:30.380389+03:00,2026-08-19 20:45:00+03:00,36.9458,176.75,139.8042
2026-08-17 14:32:30.380389+03:00,2026-08-19 21:00:00+03:00,36.9973,184.18,147.1827
2026-08-17 14:32:30.380389+03:00,2026-08-19 21:15:00+03:00,37.1097,178.91,141.8003
2026-08-17 14:32:30.380389+03:00,2026-08-19 21:30:00+03:00,37.1613,177.65,140.4887
2026-08-17 14:32:30.380389+03:00,2026-08-19 21:45:00+03:00,37.1608,178.24,141.07920000000001
2026-08-17 14:32:30.380389+03:00,2026-08-19 22:00:00+03:00,37.1771,199.21,162.0329
2026-08-17 14:32:30.380389+03:00,2026-08-19 22:15:00+03:00,36.6696,187.0,150.3304
2026-08-17 14:32:30.380389+03:00,2026-08-19 22:30:00+03:00,36.3707,173.17,136.7993
2026-08-17 14:32:30.380389+03:00,2026-08-19 22:45:00+03:00,36.496,140.69,104.19399999999999
2026-08-17 14:32:30.380389+03:00,2026-08-19 23:00:00+03:00,36.5721,168.05,131.4779
2026-08-17 14:32:30.380389+03:00,2026-08-19 23:15:00+03:00,36.0409,139.39,103.34909999999999
2026-08-17 14:32:30.380389+03:00,2026-08-19 23:30:00+03:00,35.4087,113.58,78.1713
2026-08-17 14:32:30.380389+03:00,2026-08-19 23:45:00+03:00,35.2591,94.99,59.7309
2026-08-17 14:32:30.380389+03:00,2026-08-20 00:00:00+03:00,34.9332,135.41,100.4768
2026-08-17 14:32:30.380389+03:00,2026-08-20 00:15:00+03:00,34.9589,97.35,62.391099999999994
2026-08-17 14:32:30.380389+03:00,2026-08-20 00:30:00+03:00,35.0929,83.86,48.7671
2026-08-17 14:32:30.380389+03:00,2026-08-20 00:45:00+03:00,35.4831,64.91,29.426899999999996
2026-08-17 14:32:30.380389+03:00,2026-08-20 01:00:00+03:00,35.8383,,
2026-08-17 14:32:30.380389+03:00,2026-08-20 01:15:00+03:00,35.858,,
2026-08-17 14:32:30.380389+03:00,2026-08-20 01:30:00+03:00,35.8275,,
2026-08-17 14:32:30.380389+03:00,2026-08-20 01:45:00+03:00,35.9351,,
2026-08-17 14:32:30.380389+03:00,2026-08-20 02:00:00+03:00,35.9691,,
2026-08-17 14:32:30.380389+03:00,2026-08-20 02:15:00+03:00,35.9752,,
2026-08-17 14:32:30.380389+03:00,2026-08-20 02:30:00+03:00,36.0402,,
2026-08-17 14:32:30.380389+03:00,2026-08-20 02:45:00+03:00,36.0419,,
2026-08-17 14:32:30.380389+03:00,2026-08-20 03:00:00+03:00,35.974,,
2026-08-17 14:32:30.380389+03:00,2026-08-20 03:15:00+03:00,35.9992,,
2026-08-17 14:32:30.380389+03:00,2026-08-20 03:30:00+03:00,36.0702,,
2026-08-17 14:32:30.380389+03:00,2026-08-20 03:45:00+03:00,36.0709,,
2026-08-17 14:32:30.380389+03:00,2026-08-20 04:00:00+03:00,36.0629,,
2026-08-17 14:32:30.380389+03:00,2026-08-20 04:15:00+03:00,36.2711,,
2026-08-17 14:32:30.380389+03:00,2026-08-20 04:30:00+03:00,36.2875,,
2026-08-17 14:32:30.380389+03:00,2026-08-20 04:45:00+03:00,36.2771,,
2026-08-17 14:32:30.380389+03:00,2026-08-20 05:00:00+03:00,36.1254,,
2026-08-17 14:32:30.380389+03:00,2026-08-20 05:15:00+03:00,36.5656,,
2026-08-17 14:32:30.380389+03:00,2026-08-20 05:30:00+03:00,37.1753,,
2026-08-17 14:32:30.380389+03:00,2026-08-20 05:45:00+03:00,37.5666,,
2026-08-17 14:32:30.380389+03:00,2026-08-20 06:00:00+03:00,38.1783,,
2026-08-17 14:32:30.380389+03:00,2026-08-20 06:15:00+03:00,39.1494,,
2026-08-17 14:32:30.380389+03:00,2026-08-20 06:30:00+03:00,39.755,,
2026-08-17 14:32:30.380389+03:00,2026-08-20 06:45:00+03:00,40.1594,,
2026-08-17 14:32:30.380389+03:00,2026-08-20 07:00:00+03:00,40.872,,
2026-08-17 14:32:30.380389+03:00,2026-08-20 07:15:00+03:00,41.5198,,
2026-08-17 14:32:30.380389+03:00,2026-08-20 07:30:00+03:00,41.7038,,
2026-08-17 14:32:30.380389+03:00,2026-08-20 07:45:00+03:00,41.57,,
2026-08-17 14:32:30.380389+03:00,2026-08-20 08:00:00+03:00,41.5896,,
2026-08-17 14:32:30.380389+03:00,2026-08-20 08:15:00+03:00,41.4766,,
2026-08-17 14:32:30.380389+03:00,2026-08-20 08:30:00+03:00,41.411,,
2026-08-17 14:32:30.380389+03:00,2026-08-20 08:45:00+03:00,41.3973,,
2026-08-17 14:32:30.380389+03:00,2026-08-20 09:00:00+03:00,41.3679,,
2026-08-17 14:32:30.380389+03:00,2026-08-20 09:15:00+03:00,41.2495,,
2026-08-17 14:32:30.380389+03:00,2026-08-20 09:30:00+03:00,41.2943,,
2026-08-17 14:32:30.380389+03:00,2026-08-20 09:45:00+03:00,41.3639,,
2026-08-17 14:32:30.380389+03:00,2026-08-20 10:00:00+03:00,41.2922,,
2026-08-17 14:32:30.380389+03:00,2026-08-20 10:15:00+03:00,41.161,,
2026-08-17 14:32:30.380389+03:00,2026-08-20 10:30:00+03:00,40.5107,,
2026-08-17 14:32:30.380389+03:00,2026-08-20 10:45:00+03:00,39.8762,,
2026-08-17 14:32:30.380389+03:00,2026-08-20 11:00:00+03:00,39.1917,,
2026-08-17 14:32:30.380389+03:00,2026-08-20 11:15:00+03:00,38.5206,,
2026-08-17 14:32:30.380389+03:00,2026-08-20 11:30:00+03:00,37.7612,,
2026-08-17 14:32:30.380389+03:00,2026-08-20 11:45:00+03:00,36.8098,,
2026-08-17 14:32:30.380389+03:00,2026-08-20 12:00:00+03:00,36.2847,,
2026-08-17 14:32:30.380389+03:00,2026-08-20 12:15:00+03:00,34.9689,,
2026-08-17 14:32:30.380389+03:00,2026-08-20 12:30:00+03:00,33.5765,,
2026-08-17 14:32:30.380389+03:00,2026-08-20 12:45:00+03:00,32.2677,,
2026-08-17 14:32:30.380389+03:00,2026-08-20 13:00:00+03:00,30.8994,,
2026-08-17 14:32:30.380389+03:00,2026-08-20 13:15:00+03:00,30.1847,,
2026-08-17 14:32:30.380389+03:00,2026-08-20 13:30:00+03:00,29.2697,,
2026-08-17 14:32:30.380389+03:00,2026-08-20 13:45:00+03:00,28.4863,,
2026-08-17 14:32:30.380389+03:00,2026-08-20 14:00:00+03:00,28.1901,,
2026-08-17 14:32:30.380389+03:00,2026-08-20 14:15:00+03:00,28.1063,,
2026-08-17 14:32:30.380389+03:00,2026-08-20 14:30:00+03:00,28.1738,,
2026-08-17 14:32:30.380389+03:00,2026-08-20 14:45:00+03:00,28.2011,,
2026-08-17 14:32:30.380389+03:00,2026-08-20 15:00:00+03:00,28.1859,,
2026-08-17 14:32:30.380389+03:00,2026-08-20 15:15:00+03:00,28.265,,
2026-08-17 14:32:30.380389+03:00,2026-08-20 15:30:00+03:00,28.2009,,
2026-08-17 14:32:30.380389+03:00,2026-08-20 15:45:00+03:00,28.2048,,
2026-08-17 14:32:30.380389+03:00,2026-08-20 16:00:00+03:00,28.176,,
2026-08-17 14:32:30.380389+03:00,2026-08-20 16:15:00+03:00,28.3431,,
2026-08-17 14:32:30.380389+03:00,2026-08-20 16:30:00+03:00,28.2579,,
2026-08-17 14:32:30.380389+03:00,2026-08-20 16:45:00+03:00,28.2268,,
2026-08-17 14:32:30.380389+03:00,2026-08-20 17:00:00+03:00,28.1976,,
2026-08-17 14:32:30.380389+03:00,2026-08-20 17:15:00+03:00,28.3402,,
2026-08-17 14:32:30.380389+03:00,2026-08-20 17:30:00+03:00,28.2676,,
2026-08-17 14:32:30.380389+03:00,2026-08-20 17:45:00+03:00,28.2391,,
2026-08-17 14:32:30.380389+03:00,2026-08-20 18:00:00+03:00,28.2091,,
2026-08-17 14:32:30.380389+03:00,2026-08-20 18:15:00+03:00,28.2104,,
2026-08-17 14:32:30.380389+03:00,2026-08-20 18:30:00+03:00,28.2235,,
2026-08-17 14:32:30.380389+03:00,2026-08-20 18:45:00+03:00,28.2361,,
2026-08-17 14:32:30.380389+03:00,2026-08-20 19:00:00+03:00,28.1421,,
2026-08-17 14:32:30.380389+03:00,2026-08-20 19:15:00+03:00,28.0159,,
2026-08-17 14:32:30.380389+03:00,2026-08-20 19:30:00+03:00,28.0399,,
2026-08-17 14:32:30.380389+03:00,2026-08-20 19:45:00+03:00,28.1036,,
2026-08-17 14:32:30.380389+03:00,2026-08-20 20:00:00+03:00,28.1569,,
2026-08-17 14:32:30.380389+03:00,2026-08-20 20:15:00+03:00,27.8939,,
2026-08-17 14:32:30.380389+03:00,2026-08-20 20:30:00+03:00,27.6335,,
2026-08-17 14:32:30.380389+03:00,2026-08-20 20:45:00+03:00,27.6848,,
2026-08-17 14:32:30.380389+03:00,2026-08-20 21:00:00+03:00,27.646,,
2026-08-17 14:32:30.380389+03:00,2026-08-20 21:15:00+03:00,27.7414,,
2026-08-17 14:32:30.380389+03:00,2026-08-20 21:30:00+03:00,27.7448,,
2026-08-17 14:32:30.380389+03:00,2026-08-20 21:45:00+03:00,27.7833,,
2026-08-17 14:32:30.380389+03:00,2026-08-20 22:00:00+03:00,27.7724,,
2026-08-17 14:32:30.380389+03:00,2026-08-20 22:15:00+03:00,27.5223,,
2026-08-17 14:32:30.380389+03:00,2026-08-20 22:30:00+03:00,27.3412,,
2026-08-17 14:32:30.380389+03:00,2026-08-20 22:45:00+03:00,27.4251,,
2026-08-17 14:32:30.380389+03:00,2026-08-20 23:00:00+03:00,27.4657,,
2026-08-17 14:32:30.380389+03:00,2026-08-20 23:15:00+03:00,27.2617,,
2026-08-17 14:32:30.380389+03:00,2026-08-20 23:30:00+03:00,27.3512,,
2026-08-17 14:32:30.380389+03:00,2026-08-20 23:45:00+03:00,27.4442,,
2026-08-17 14:32:30.380389+03:00,2026-08-21 00:00:00+03:00,27.3079,,
2026-08-17 14:32:30.380389+03:00,2026-08-21 00:15:00+03:00,27.4498,,
2026-08-17 14:32:30.380389+03:00,2026-08-21 00:30:00+03:00,27.4738,,
2026-08-17 14:32:30.380389+03:00,2026-08-21 00:45:00+03:00,27.4585,,
2026-08-17 14:32:30.380389+03:00,2026-08-21 01:00:00+03:00,27.4591,,
2026-08-17 14:32:30.380389+03:00,2026-08-21 01:15:00+03:00,27.2316,,
2026-08-17 14:32:30.380389+03:00,2026-08-21 01:30:00+03:00,26.9995,,
2026-08-17 14:32:30.380389+03:00,2026-08-21 01:45:00+03:00,27.1155,,
2026-08-17 14:32:30.380389+03:00,2026-08-21 02:00:00+03:00,27.1495,,
2026-08-17 14:32:30.380389+03:00,2026-08-21 02:15:00+03:00,27.1917,,
2026-08-17 14:32:30.380389+03:00,2026-08-21 02:30:00+03:00,27.1962,,
2026-08-17 14:32:30.380389+03:00,2026-08-21 02:45:00+03:00,27.1782,,
2026-08-17 14:32:30.380389+03:00,2026-08-21 03:00:00+03:00,27.1495,,
2026-08-17 14:32:30.380389+03:00,2026-08-21 03:15:00+03:00,27.2055,,
2026-08-17 14:32:30.380389+03:00,2026-08-21 03:30:00+03:00,27.2076,,
2026-08-17 14:32:30.380389+03:00,2026-08-21 03:45:00+03:00,27.2131,,
2026-08-17 14:32:30.380389+03:00,2026-08-21 04:00:00+03:00,27.2142,,
2026-08-17 14:32:30.380389+03:00,2026-08-21 04:15:00+03:00,27.4081,,
2026-08-17 14:32:30.380389+03:00,2026-08-21 04:30:00+03:00,27.6058,,
2026-08-17 14:32:30.380389+03:00,2026-08-21 04:45:00+03:00,27.5796,,
2026-08-17 14:32:30.380389+03:00,2026-08-21 05:00:00+03:00,27.61,,
2026-08-17 14:32:30.380389+03:00,2026-08-21 05:15:00+03:00,28.2271,,
2026-08-17 14:32:30.380389+03:00,2026-08-21 05:30:00+03:00,28.6388,,
2026-08-17 14:32:30.380389+03:00,2026-08-21 05:45:00+03:00,29.016,,
2026-08-17 14:32:30.380389+03:00,2026-08-21 06:00:00+03:00,29.5193,,
2026-08-17 14:32:30.380389+03:00,2026-08-21 06:15:00+03:00,31.1858,,
2026-08-17 14:32:30.380389+03:00,2026-08-21 06:30:00+03:00,32.739,,
2026-08-17 14:32:30.380389+03:00,2026-08-21 06:45:00+03:00,34.2241,,
2026-08-17 14:32:30.380389+03:00,2026-08-21 07:00:00+03:00,35.7949,,
2026-08-17 14:32:30.380389+03:00,2026-08-21 07:15:00+03:00,37.6702,,
2026-08-17 14:32:30.380389+03:00,2026-08-21 07:30:00+03:00,39.534,,
2026-08-17 14:32:30.380389+03:00,2026-08-21 07:45:00+03:00,40.8571,,
2026-08-17 14:32:30.380389+03:00,2026-08-21 08:00:00+03:00,42.1232,,
2026-08-17 14:32:30.380389+03:00,2026-08-21 08:15:00+03:00,43.4185,,
2026-08-17 14:32:30.380389+03:00,2026-08-21 08:30:00+03:00,44.133,,
2026-08-17 14:32:30.380389+03:00,2026-08-21 08:45:00+03:00,44.5499,,
2026-08-17 14:32:30.380389+03:00,2026-08-21 09:00:00+03:00,44.9152,,
2026-08-17 14:32:30.380389+03:00,2026-08-21 09:15:00+03:00,44.6046,,
2026-08-17 14:32:30.380389+03:00,2026-08-21 09:30:00+03:00,44.1716,,
2026-08-17 14:32:30.380389+03:00,2026-08-21 09:45:00+03:00,43.5608,,
2026-08-17 14:32:30.380389+03:00,2026-08-21 10:00:00+03:00,42.7892,,
2026-08-17 14:32:30.380389+03:00,2026-08-21 10:15:00+03:00,42.2379,,
2026-08-17 14:32:30.380389+03:00,2026-08-21 10:30:00+03:00,41.6218,,
2026-08-17 14:32:30.380389+03:00,2026-08-21 10:45:00+03:00,40.9462,,
2026-08-17 14:32:30.380389+03:00,2026-08-21 11:00:00+03:00,40.444,,
2026-08-17 14:32:30.380389+03:00,2026-08-21 11:15:00+03:00,39.9487,,
2026-08-17 14:32:30.380389+03:00,2026-08-21 11:30:00+03:00,39.132,,
2026-08-17 14:32:30.380389+03:00,2026-08-21 11:45:00+03:00,38.7928,,
2026-08-17 14:32:30.380389+03:00,2026-08-21 12:00:00+03:00,38.1009,,
2026-08-17 14:32:30.380389+03:00,2026-08-21 12:15:00+03:00,37.4668,,
2026-08-17 14:32:30.380389+03:00,2026-08-21 12:30:00+03:00,37.1567,,
2026-08-17 14:32:30.380389+03:00,2026-08-21 12:45:00+03:00,36.5357,,
2026-08-17 14:32:30.380389+03:00,2026-08-21 13:00:00+03:00,36.1527,,
2026-08-17 14:32:30.380389+03:00,2026-08-21 13:15:00+03:00,35.5254,,
2026-08-17 14:32:30.380389+03:00,2026-08-21 13:30:00+03:00,35.4058,,
2026-08-17 14:32:30.380389+03:00,2026-08-21 13:45:00+03:00,35.6367,,
2026-08-17 14:32:30.380389+03:00,2026-08-21 14:00:00+03:00,35.5775,,
2026-08-17 14:32:30.380389+03:00,2026-08-21 14:15:00+03:00,35.6466,,
2026-08-17 14:32:30.380389+03:00,2026-08-21 14:30:00+03:00,35.5968,,
2026-08-17 14:32:30.380389+03:00,2026-08-21 14:45:00+03:00,35.6122,,
2026-08-17 14:32:30.380389+03:00,2026-08-21 15:00:00+03:00,35.6441,,
2026-08-17 14:32:30.380389+03:00,2026-08-21 15:15:00+03:00,35.7375,,
2026-08-17 14:32:30.380389+03:00,2026-08-21 15:30:00+03:00,35.6709,,
2026-08-17 14:32:30.380389+03:00,2026-08-21 15:45:00+03:00,35.6789,,
2026-08-17 14:32:30.380389+03:00,2026-08-21 16:00:00+03:00,35.6442,,
2026-08-17 14:32:30.380389+03:00,2026-08-21 16:15:00+03:00,35.8388,,
2026-08-17 14:32:30.380389+03:00,2026-08-21 16:30:00+03:00,36.2202,,
2026-08-17 14:32:30.380389+03:00,2026-08-21 16:45:00+03:00,36.1222,,
2026-08-17 14:32:30.380389+03:00,2026-08-21 17:00:00+03:00,36.1196,,
2026-08-17 14:32:30.380389+03:00,2026-08-21 17:15:00+03:00,36.18,,
2026-08-17 14:32:30.380389+03:00,2026-08-21 17:30:00+03:00,36.153,,
2026-08-17 14:32:30.380389+03:00,2026-08-21 17:45:00+03:00,36.119,,
2026-08-17 14:32:30.380389+03:00,2026-08-21 18:00:00+03:00,36.0752,,
2026-08-17 14:32:30.380389+03:00,2026-08-21 18:15:00+03:00,36.0346,,
2026-08-17 14:32:30.380389+03:00,2026-08-21 18:30:00+03:00,36.1065,,
2026-08-17 14:32:30.380389+03:00,2026-08-21 18:45:00+03:00,36.0999,,
2026-08-17 14:32:30.380389+03:00,2026-08-21 19:00:00+03:00,36.0701,,
2026-08-17 14:32:30.380389+03:00,2026-08-21 19:15:00+03:00,35.8963,,
2026-08-17 14:32:30.380389+03:00,2026-08-21 19:30:00+03:00,36.0054,,
2026-08-17 14:32:30.380389+03:00,2026-08-21 19:45:00+03:00,36.0524,,
2026-08-17 14:32:30.380389+03:00,2026-08-21 20:00:00+03:00,36.0782,,
2026-08-17 14:32:30.380389+03:00,2026-08-21 20:15:00+03:00,35.7662,,
2026-08-17 14:32:30.380389+03:00,2026-08-21 20:30:00+03:00,35.49,,
2026-08-17 14:32:30.380389+03:00,2026-08-21 20:45:00+03:00,35.5346,,
2026-08-17 14:32:30.380389+03:00,2026-08-21 21:00:00+03:00,35.5725,,
2026-08-17 14:32:30.380389+03:00,2026-08-21 21:15:00+03:00,35.5855,,
2026-08-17 14:32:30.380389+03:00,2026-08-21 21:30:00+03:00,35.6554,,
2026-08-17 14:32:30.380389+03:00,2026-08-21 21:45:00+03:00,35.6688,,
2026-08-17 14:32:30.380389+03:00,2026-08-21 22:00:00+03:00,35.6603,,
2026-08-17 14:32:30.380389+03:00,2026-08-21 22:15:00+03:00,35.1389,,
2026-08-17 14:32:30.380389+03:00,2026-08-21 22:30:00+03:00,34.8492,,
2026-08-17 14:32:30.380389+03:00,2026-08-21 22:45:00+03:00,34.3863,,
2026-08-17 14:32:30.380389+03:00,2026-08-21 23:00:00+03:00,34.0576,,
2026-08-17 14:32:30.380389+03:00,2026-08-21 23:15:00+03:00,33.4025,,
2026-08-17 14:32:30.380389+03:00,2026-08-21 23:30:00+03:00,33.161,,
2026-08-17 14:32:30.380389+03:00,2026-08-21 23:45:00+03:00,32.6908,,
2026-08-17 14:32:30.380389+03:00,2026-08-22 00:00:00+03:00,32.3637,,
2026-08-17 14:32:30.380389+03:00,2026-08-22 00:15:00+03:00,32.1194,,
2026-08-17 14:32:30.380389+03:00,2026-08-22 00:30:00+03:00,32.1658,,
2026-08-17 14:32:30.380389+03:00,2026-08-22 00:45:00+03:00,32.2875,,
2026-08-17 14:32:30.380389+03:00,2026-08-22 01:00:00+03:00,32.3361,,
2026-08-17 14:32:30.380389+03:00,2026-08-22 01:15:00+03:00,32.0117,,
2026-08-17 14:32:30.380389+03:00,2026-08-22 01:30:00+03:00,32.0366,,
2026-08-17 14:32:30.380389+03:00,2026-08-22 01:45:00+03:00,32.1754,,
2026-08-17 14:32:30.380389+03:00,2026-08-22 02:00:00+03:00,32.2466,,
2026-08-17 14:32:30.380389+03:00,2026-08-22 02:15:00+03:00,32.2666,,
2026-08-17 14:32:30.380389+03:00,2026-08-22 02:30:00+03:00,32.2555,,
2026-08-17 14:32:30.380389+03:00,2026-08-22 02:45:00+03:00,32.2475,,
2026-08-17 14:32:30.380389+03:00,2026-08-22 03:00:00+03:00,32.2351,,
2026-08-17 14:32:30.380389+03:00,2026-08-22 03:15:00+03:00,32.247,,
2026-08-17 14:32:30.380389+03:00,2026-08-22 03:30:00+03:00,32.2554,,
2026-08-17 14:32:30.380389+03:00,2026-08-22 03:45:00+03:00,32.2522,,
2026-08-17 14:32:30.380389+03:00,2026-08-22 04:00:00+03:00,32.2624,,
2026-08-17 14:32:30.380389+03:00,2026-08-22 04:15:00+03:00,32.3056,,
2026-08-17 14:32:30.380389+03:00,2026-08-22 04:30:00+03:00,32.3045,,
2026-08-17 14:32:30.380389+03:00,2026-08-22 04:45:00+03:00,32.3092,,
2026-08-17 14:32:30.380389+03:00,2026-08-22 05:00:00+03:00,32.2284,,
2026-08-17 14:32:30.380389+03:00,2026-08-22 05:15:00+03:00,32.298,,
2026-08-17 14:32:30.380389+03:00,2026-08-22 05:30:00+03:00,32.3007,,
2026-08-17 14:32:30.380389+03:00,2026-08-22 05:45:00+03:00,32.2612,,
2026-08-17 14:32:30.380389+03:00,2026-08-22 06:00:00+03:00,32.2435,,
2026-08-17 14:32:30.380389+03:00,2026-08-22 06:15:00+03:00,32.3611,,
2026-08-17 14:32:30.380389+03:00,2026-08-22 06:30:00+03:00,32.3585,,
2026-08-17 14:32:30.380389+03:00,2026-08-22 06:45:00+03:00,32.3105,,
2026-08-17 14:32:30.380389+03:00,2026-08-22 07:00:00+03:00,32.2965,,
2026-08-17 14:32:30.380389+03:00,2026-08-22 07:15:00+03:00,32.5492,,
2026-08-17 14:32:30.380389+03:00,2026-08-22 07:30:00+03:00,32.9872,,
2026-08-17 14:32:30.380389+03:00,2026-08-22 07:45:00+03:00,33.4685,,
2026-08-17 14:32:30.380389+03:00,2026-08-22 08:00:00+03:00,34.0812,,
2026-08-17 14:32:30.380389+03:00,2026-08-22 08:15:00+03:00,34.3571,,
2026-08-17 14:32:30.380389+03:00,2026-08-22 08:30:00+03:00,34.8256,,
2026-08-17 14:32:30.380389+03:00,2026-08-22 08:45:00+03:00,35.0938,,
2026-08-17 14:32:30.380389+03:00,2026-08-22 09:00:00+03:00,35.4594,,
2026-08-17 14:32:30.380389+03:00,2026-08-22 09:15:00+03:00,35.7229,,
2026-08-17 14:32:30.380389+03:00,2026-08-22 09:30:00+03:00,35.741,,
2026-08-17 14:32:30.380389+03:00,2026-08-22 09:45:00+03:00,35.6668,,
2026-08-17 14:32:30.380389+03:00,2026-08-22 10:00:00+03:00,35.6128,,
2026-08-17 14:32:30.380389+03:00,2026-08-22 10:15:00+03:00,35.5248,,
2026-08-17 14:32:30.380389+03:00,2026-08-22 10:30:00+03:00,35.5894,,
2026-08-17 14:32:30.380389+03:00,2026-08-22 10:45:00+03:00,35.5876,,
2026-08-17 14:32:30.380389+03:00,2026-08-22 11:00:00+03:00,35.6208,,
2026-08-17 14:32:30.380389+03:00,2026-08-22 11:15:00+03:00,35.5701,,
2026-08-17 14:32:30.380389+03:00,2026-08-22 11:30:00+03:00,35.5742,,
2026-08-17 14:32:30.380389+03:00,2026-08-22 11:45:00+03:00,35.5942,,
2026-08-17 14:32:30.380389+03:00,2026-08-22 12:00:00+03:00,35.5755,,
2026-08-17 14:32:30.380389+03:00,2026-08-22 12:15:00+03:00,35.5447,,
2026-08-17 14:32:30.380389+03:00,2026-08-22 12:30:00+03:00,35.5424,,
2026-08-17 14:32:30.380389+03:00,2026-08-22 12:45:00+03:00,35.5761,,
2026-08-17 14:32:30.380389+03:00,2026-08-22 13:00:00+03:00,35.5905,,
2026-08-17 14:32:30.380389+03:00,2026-08-22 13:15:00+03:00,35.542,,
2026-08-17 14:32:30.380389+03:00,2026-08-22 13:30:00+03:00,35.5433,,
2026-08-17 14:32:30.380389+03:00,2026-08-22 13:45:00+03:00,35.5661,,
2026-08-17 14:32:30.380389+03:00,2026-08-22 14:00:00+03:00,35.5985,,
2026-08-17 14:32:30.380389+03:00,2026-08-22 14:15:00+03:00,35.6866,,
2026-08-17 14:32:30.380389+03:00,2026-08-22 14:30:00+03:00,35.6215,,
2026-08-17 14:32:30.380389+03:00,2026-08-22 14:45:00+03:00,35.6356,,
2026-08-17 14:32:30.380389+03:00,2026-08-22 15:00:00+03:00,35.619,,
2026-08-17 14:32:30.380389+03:00,2026-08-22 15:15:00+03:00,35.749,,
2026-08-17 14:32:30.380389+03:00,2026-08-22 15:30:00+03:00,35.6769,,
2026-08-17 14:32:30.380389+03:00,2026-08-22 15:45:00+03:00,35.6913,,
2026-08-17 14:32:30.380389+03:00,2026-08-22 16:00:00+03:00,35.6073,,
2026-08-17 14:32:30.380389+03:00,2026-08-22 16:15:00+03:00,35.8246,,
2026-08-17 14:32:30.380389+03:00,2026-08-22 16:30:00+03:00,36.1822,,
2026-08-17 14:32:30.380389+03:00,2026-08-22 16:45:00+03:00,36.1043,,
2026-08-17 14:32:30.380389+03:00,2026-08-22 17:00:00+03:00,36.1155,,
2026-08-17 14:32:30.380389+03:00,2026-08-22 17:15:00+03:00,36.2163,,
2026-08-17 14:32:30.380389+03:00,2026-08-22 17:30:00+03:00,36.1595,,
2026-08-17 14:32:30.380389+03:00,2026-08-22 17:45:00+03:00,36.1268,,
2026-08-17 14:32:30.380389+03:00,2026-08-22 18:00:00+03:00,36.0943,,
2026-08-17 14:32:30.380389+03:00,2026-08-22 18:15:00+03:00,36.0188,,
2026-08-17 14:32:30.380389+03:00,2026-08-22 18:30:00+03:00,36.1022,,
2026-08-17 14:32:30.380389+03:00,2026-08-22 18:45:00+03:00,36.1031,,
2026-08-17 14:32:30.380389+03:00,2026-08-22 19:00:00+03:00,36.0665,,
2026-08-17 14:32:30.380389+03:00,2026-08-22 19:15:00+03:00,35.9161,,
2026-08-17 14:32:30.380389+03:00,2026-08-22 19:30:00+03:00,36.0244,,
2026-08-17 14:32:30.380389+03:00,2026-08-22 19:45:00+03:00,36.067,,
2026-08-17 14:32:30.380389+03:00,2026-08-22 20:00:00+03:00,36.0782,,
2026-08-17 14:32:30.380389+03:00,2026-08-22 20:15:00+03:00,35.8088,,
2026-08-17 14:32:30.380389+03:00,2026-08-22 20:30:00+03:00,35.5001,,
2026-08-17 14:32:30.380389+03:00,2026-08-22 20:45:00+03:00,35.5252,,
2026-08-17 14:32:30.380389+03:00,2026-08-22 21:00:00+03:00,35.5973,,
2026-08-17 14:32:30.380389+03:00,2026-08-22 21:15:00+03:00,35.6561,,
2026-08-17 14:32:30.380389+03:00,2026-08-22 21:30:00+03:00,35.7001,,
2026-08-17 14:32:30.380389+03:00,2026-08-22 21:45:00+03:00,35.7082,,
2026-08-17 14:32:30.380389+03:00,2026-08-22 22:00:00+03:00,35.7301,,
2026-08-17 14:32:30.380389+03:00,2026-08-22 22:15:00+03:00,35.1882,,
2026-08-17 14:32:30.380389+03:00,2026-08-22 22:30:00+03:00,34.8808,,
2026-08-17 14:32:30.380389+03:00,2026-08-22 22:45:00+03:00,34.4016,,
2026-08-17 14:32:30.380389+03:00,2026-08-22 23:00:00+03:00,34.0899,,
2026-08-17 14:32:30.380389+03:00,2026-08-22 23:15:00+03:00,33.4569,,
2026-08-17 14:32:30.380389+03:00,2026-08-22 23:30:00+03:00,33.1549,,
2026-08-17 14:32:30.380389+03:00,2026-08-22 23:45:00+03:00,32.7238,,
2026-08-17 14:32:30.380389+03:00,2026-08-23 00:00:00+03:00,32.3894,,
2026-08-17 14:32:30.380389+03:00,2026-08-23 00:15:00+03:00,32.0664,,
2026-08-17 14:32:30.380389+03:00,2026-08-23 00:30:00+03:00,32.13,,
2026-08-17 14:32:30.380389+03:00,2026-08-23 00:45:00+03:00,32.1541,,
2026-08-17 14:32:30.380389+03:00,2026-08-23 01:00:00+03:00,32.315,,
2026-08-17 14:32:30.380389+03:00,2026-08-23 01:15:00+03:00,32.0296,,
2026-08-17 14:32:30.380389+03:00,2026-08-23 01:30:00+03:00,32.0482,,
2026-08-17 14:32:30.380389+03:00,2026-08-23 01:45:00+03:00,32.1803,,
2026-08-17 14:32:30.380389+03:00,2026-08-23 02:00:00+03:00,32.225,,
2026-08-17 14:32:30.380389+03:00,2026-08-23 02:15:00+03:00,32.228,,
2026-08-17 14:32:30.380389+03:00,2026-08-23 02:30:00+03:00,32.2298,,
2026-08-17 14:32:30.380389+03:00,2026-08-23 02:45:00+03:00,32.229,,
2026-08-17 14:32:30.380389+03:00,2026-08-23 03:00:00+03:00,32.2324,,
2026-08-17 14:32:30.380389+03:00,2026-08-23 03:15:00+03:00,32.2554,,
2026-08-17 14:32:30.380389+03:00,2026-08-23 03:30:00+03:00,32.2556,,
2026-08-17 14:32:30.380389+03:00,2026-08-23 03:45:00+03:00,32.2538,,
2026-08-17 14:32:30.380389+03:00,2026-08-23 04:00:00+03:00,32.2739,,
2026-08-17 14:32:30.380389+03:00,2026-08-23 04:15:00+03:00,32.3212,,
2026-08-17 14:32:30.380389+03:00,2026-08-23 04:30:00+03:00,32.2924,,
2026-08-17 14:32:30.380389+03:00,2026-08-23 04:45:00+03:00,32.3046,,
2026-08-17 14:32:30.380389+03:00,2026-08-23 05:00:00+03:00,32.2412,,
2026-08-17 14:32:30.380389+03:00,2026-08-23 05:15:00+03:00,32.2703,,
2026-08-17 14:32:30.380389+03:00,2026-08-23 05:30:00+03:00,32.2684,,
2026-08-17 14:32:30.380389+03:00,2026-08-23 05:45:00+03:00,32.258,,
2026-08-17 14:32:30.380389+03:00,2026-08-23 06:00:00+03:00,32.2492,,
2026-08-17 14:32:30.380389+03:00,2026-08-23 06:15:00+03:00,32.3492,,
2026-08-17 14:32:30.380389+03:00,2026-08-23 06:30:00+03:00,32.3169,,
2026-08-17 14:32:30.380389+03:00,2026-08-23 06:45:00+03:00,32.2976,,
2026-08-17 14:32:30.380389+03:00,2026-08-23 07:00:00+03:00,32.2821,,
2026-08-17 14:32:30.380389+03:00,2026-08-23 07:15:00+03:00,32.4707,,
2026-08-17 14:32:30.380389+03:00,2026-08-23 07:30:00+03:00,32.9565,,
2026-08-17 14:32:30.380389+03:00,2026-08-23 07:45:00+03:00,33.472,,
2026-08-17 14:32:30.380389+03:00,2026-08-23 08:00:00+03:00,34.0825,,
2026-08-17 14:32:30.380389+03:00,2026-08-23 08:15:00+03:00,34.3142,,
2026-08-17 14:32:30.380389+03:00,2026-08-23 08:30:00+03:00,34.7736,,
2026-08-17 14:32:30.380389+03:00,2026-08-23 08:45:00+03:00,35.1208,,
2026-08-17 14:32:30.380389+03:00,2026-08-23 09:00:00+03:00,35.5238,,
2026-08-17 14:32:30.380389+03:00,2026-08-23 09:15:00+03:00,35.7857,,
2026-08-17 14:32:30.380389+03:00,2026-08-23 09:30:00+03:00,35.7492,,
2026-08-17 14:32:30.380389+03:00,2026-08-23 09:45:00+03:00,35.705,,
2026-08-17 14:32:30.380389+03:00,2026-08-23 10:00:00+03:00,35.6787,,
2026-08-17 14:32:30.380389+03:00,2026-08-23 10:15:00+03:00,35.5803,,
2026-08-17 14:32:30.380389+03:00,2026-08-23 10:30:00+03:00,35.6394,,
2026-08-17 14:32:30.380389+03:00,2026-08-23 10:45:00+03:00,35.6463,,
2026-08-17 14:32:30.380389+03:00,2026-08-23 11:00:00+03:00,35.6533,,
2026-08-17 14:32:30.380389+03:00,2026-08-23 11:15:00+03:00,35.6096,,
2026-08-17 14:32:30.380389+03:00,2026-08-23 11:30:00+03:00,35.6026,,
2026-08-17 14:32:30.380389+03:00,2026-08-23 11:45:00+03:00,35.6132,,
2026-08-17 14:32:30.380389+03:00,2026-08-23 12:00:00+03:00,35.6248,,
2026-08-17 14:32:30.380389+03:00,2026-08-23 12:15:00+03:00,35.6165,,
2026-08-17 14:32:30.380389+03:00,2026-08-23 12:30:00+03:00,35.6116,,
2026-08-17 14:32:30.380389+03:00,2026-08-23 12:45:00+03:00,35.633,,
2026-08-17 14:32:30.380389+03:00,2026-08-23 13:00:00+03:00,35.6352,,
2026-08-17 14:32:30.380389+03:00,2026-08-23 13:15:00+03:00,35.6099,,
2026-08-17 14:32:30.380389+03:00,2026-08-23 13:30:00+03:00,35.6037,,
2026-08-17 14:32:30.380389+03:00,2026-08-23 13:45:00+03:00,35.6162,,
2026-08-17 14:32:30.380389+03:00,2026-08-23 14:00:00+03:00,35.6248,,
2026-08-17 14:32:30.380389+03:00,2026-08-23 14:15:00+03:00,35.7175,,
2026-08-17 14:32:30.380389+03:00,2026-08-23 14:30:00+03:00,35.6533,,
2026-08-17 14:32:30.380389+03:00,2026-08-23 14:45:00+03:00,35.6648,,
2026-08-17 14:32:30.380389+03:00,2026-08-23 15:00:00+03:00,35.6566,,
2026-08-17 14:32:30.380389+03:00,2026-08-23 15:15:00+03:00,35.7798,,
2026-08-17 14:32:30.380389+03:00,2026-08-23 15:30:00+03:00,35.7071,,
2026-08-17 14:32:30.380389+03:00,2026-08-23 15:45:00+03:00,35.7068,,
2026-08-17 14:32:30.380389+03:00,2026-08-23 16:00:00+03:00,35.6393,,
2026-08-17 14:32:30.380389+03:00,2026-08-23 16:15:00+03:00,35.8078,,
2026-08-17 14:32:30.380389+03:00,2026-08-23 16:30:00+03:00,35.6875,,
2026-08-17 14:32:30.380389+03:00,2026-08-23 16:45:00+03:00,35.6656,,
2026-08-17 14:32:30.380389+03:00,2026-08-23 17:00:00+03:00,35.7634,,
2026-08-17 14:32:30.380389+03:00,2026-08-23 17:15:00+03:00,35.9775,,
2026-08-17 14:32:30.380389+03:00,2026-08-23 17:30:00+03:00,36.3268,,
2026-08-17 14:32:30.380389+03:00,2026-08-23 17:45:00+03:00,37.0508,,
2026-08-17 14:32:30.380389+03:00,2026-08-23 18:00:00+03:00,37.5382,,
2026-08-17 14:32:30.380389+03:00,2026-08-23 18:15:00+03:00,37.9762,,
2026-08-17 14:32:30.380389+03:00,2026-08-23 18:30:00+03:00,38.3846,,
2026-08-17 14:32:30.380389+03:00,2026-08-23 18:45:00+03:00,38.1185,,
2026-08-17 14:32:30.380389+03:00,2026-08-23 19:00:00+03:00,38.0942,,
2026-08-17 14:32:30.380389+03:00,2026-08-23 19:15:00+03:00,37.8008,,
2026-08-17 14:32:30.380389+03:00,2026-08-23 19:30:00+03:00,37.3096,,
2026-08-17 14:32:30.380389+03:00,2026-08-23 19:45:00+03:00,37.4535,,
2026-08-17 14:32:30.380389+03:00,2026-08-23 20:00:00+03:00,37.5486,,
2026-08-17 14:32:30.380389+03:00,2026-08-23 20:15:00+03:00,37.3429,,
2026-08-17 14:32:30.380389+03:00,2026-08-23 20:30:00+03:00,37.4789,,
2026-08-17 14:32:30.380389+03:00,2026-08-23 20:45:00+03:00,37.5215,,
2026-08-17 14:32:30.380389+03:00,2026-08-23 21:00:00+03:00,37.5427,,
2026-08-17 14:32:30.380389+03:00,2026-08-23 21:15:00+03:00,37.5769,,
2026-08-17 14:32:30.380389+03:00,2026-08-23 21:30:00+03:00,37.6054,,
2026-08-17 14:32:30.380389+03:00,2026-08-23 21:45:00+03:00,37.6049,,
2026-08-17 14:32:30.380389+03:00,2026-08-23 22:00:00+03:00,37.647,,
2026-08-17 14:32:30.380389+03:00,2026-08-23 22:15:00+03:00,37.1235,,
2026-08-17 14:32:30.380389+03:00,2026-08-23 22:30:00+03:00,36.7046,,
2026-08-17 14:32:30.380389+03:00,2026-08-23 22:45:00+03:00,36.3464,,
2026-08-17 14:32:30.380389+03:00,2026-08-23 23:00:00+03:00,36.4297,,
2026-08-17 14:32:30.380389+03:00,2026-08-23 23:15:00+03:00,35.9644,,
2026-08-17 14:32:30.380389+03:00,2026-08-23 23:30:00+03:00,35.392,,
2026-08-17 14:32:30.380389+03:00,2026-08-23 23:45:00+03:00,35.2414,,
2026-08-17 14:32:30.380389+03:00,2026-08-24 00:00:00+03:00,35.0307,,
2026-08-17 14:32:30.380389+03:00,2026-08-24 00:15:00+03:00,35.4477,,
2026-08-17 14:32:30.380389+03:00,2026-08-24 00:30:00+03:00,35.9582,,
2026-08-17 14:32:30.380389+03:00,2026-08-24 00:45:00+03:00,36.4109,,
2026-08-17 14:32:30.380389+03:00,2026-08-24 01:00:00+03:00,37.1618,,
2026-08-17 14:32:30.380389+03:00,2026-08-24 01:15:00+03:00,37.1448,,
2026-08-17 14:32:30.380389+03:00,2026-08-24 01:30:00+03:00,37.0093,,
2026-08-17 14:32:30.380389+03:00,2026-08-24 01:45:00+03:00,37.0846,,
2026-08-17 14:32:30.380389+03:00,2026-08-24 02:00:00+03:00,37.172,,
2026-08-17 14:32:30.380389+03:00,2026-08-24 02:15:00+03:00,37.1829,,
2026-08-17 14:32:30.380389+03:00,2026-08-24 02:30:00+03:00,37.1655,,
2026-08-17 14:32:30.380389+03:00,2026-08-24 02:45:00+03:00,37.1562,,
2026-08-17 14:32:30.380389+03:00,2026-08-24 03:00:00+03:00,37.1797,,
2026-08-17 14:32:30.380389+03:00,2026-08-24 03:15:00+03:00,37.2046,,
2026-08-17 14:32:30.380389+03:00,2026-08-24 03:30:00+03:00,37.1766,,
2026-08-17 14:32:30.380389+03:00,2026-08-24 03:45:00+03:00,37.1695,,
2026-08-17 14:32:30.380389+03:00,2026-08-24 04:00:00+03:00,37.3025,,
2026-08-17 14:32:30.380389+03:00,2026-08-24 04:15:00+03:00,38.1457,,
2026-08-17 14:32:30.380389+03:00,2026-08-24 04:30:00+03:00,38.4565,,
2026-08-17 14:32:30.380389+03:00,2026-08-24 04:45:00+03:00,39.0012,,
2026-08-17 14:32:30.380389+03:00,2026-08-24 05:00:00+03:00,38.7704,,
2026-08-17 14:32:30.380389+03:00,2026-08-24 05:15:00+03:00,39.2864,,
2026-08-17 14:32:30.380389+03:00,2026-08-24 05:30:00+03:00,39.4145,,
2026-08-17 14:32:30.380389+03:00,2026-08-24 05:45:00+03:00,39.2878,,
2026-08-17 14:32:30.380389+03:00,2026-08-24 06:00:00+03:00,39.2777,,
2026-08-17 14:32:30.380389+03:00,2026-08-24 06:15:00+03:00,39.9254,,
2026-08-17 14:32:30.380389+03:00,2026-08-24 06:30:00+03:00,39.9827,,
2026-08-17 14:32:30.380389+03:00,2026-08-24 06:45:00+03:00,39.8857,,
2026-08-17 14:32:30.380389+03:00,2026-08-24 07:00:00+03:00,39.8684,,
2026-08-17 14:32:30.380389+03:00,2026-08-24 07:15:00+03:00,40.3222,,
2026-08-17 14:32:30.380389+03:00,2026-08-24 07:30:00+03:00,40.7495,,
2026-08-17 14:32:30.380389+03:00,2026-08-24 07:45:00+03:00,41.013,,
2026-08-17 14:32:30.380389+03:00,2026-08-24 08:00:00+03:00,41.0054,,
2026-08-17 14:32:30.380389+03:00,2026-08-24 08:15:00+03:00,41.0714,,
2026-08-17 14:32:30.380389+03:00,2026-08-24 08:30:00+03:00,40.8872,,
2026-08-17 14:32:30.380389+03:00,2026-08-24 08:45:00+03:00,40.8878,,
2026-08-17 14:32:30.380389+03:00,2026-08-24 09:00:00+03:00,40.8773,,
2026-08-17 14:32:30.380389+03:00,2026-08-24 09:15:00+03:00,40.6884,,
2026-08-17 14:32:30.380389+03:00,2026-08-24 09:30:00+03:00,40.6732,,
2026-08-17 14:32:30.380389+03:00,2026-08-24 09:45:00+03:00,40.7401,,
2026-08-17 14:32:30.380389+03:00,2026-08-24 10:00:00+03:00,40.7361,,
2026-08-17 14:32:30.380389+03:00,2026-08-24 10:15:00+03:00,40.5966,,
2026-08-17 14:32:30.380389+03:00,2026-08-24 10:30:00+03:00,40.6197,,
2026-08-17 14:32:30.380389+03:00,2026-08-24 10:45:00+03:00,40.6599,,
2026-08-17 14:32:30.380389+03:00,2026-08-24 11:00:00+03:00,40.6871,,
2026-08-17 14:32:30.380389+03:00,2026-08-24 11:15:00+03:00,40.5848,,
2026-08-17 14:32:30.380389+03:00,2026-08-24 11:30:00+03:00,39.8864,,
2026-08-17 14:32:30.380389+03:00,2026-08-24 11:45:00+03:00,39.1397,,
2026-08-17 14:32:30.380389+03:00,2026-08-24 12:00:00+03:00,38.7914,,
2026-08-17 14:32:30.380389+03:00,2026-08-24 12:15:00+03:00,38.0606,,
2026-08-17 14:32:30.380389+03:00,2026-08-24 12:30:00+03:00,37.3717,,
2026-08-17 14:32:30.380389+03:00,2026-08-24 12:45:00+03:00,37.2492,,
2026-08-17 14:32:30.380389+03:00,2026-08-24 13:00:00+03:00,36.6067,,
2026-08-17 14:32:30.380389+03:00,2026-08-24 13:15:00+03:00,36.1222,,
2026-08-17 14:32:30.380389+03:00,2026-08-24 13:30:00+03:00,35.4922,,
2026-08-17 14:32:30.380389+03:00,2026-08-24 13:45:00+03:00,35.3529,,
2026-08-17 14:32:30.380389+03:00,2026-08-24 14:00:00+03:00,34.9711,,
2026-08-17 14:32:30.380389+03:00,2026-08-24 14:15:00+03:00,34.6712,,
2026-08-17 14:32:30.380389+03:00,2026-08-24 14:30:00+03:00,34.7981,,
2026-08-17 14:32:30.380389+03:00,2026-08-24 14:45:00+03:00,34.8391,,
2026-08-17 14:32:30.380389+03:00,2026-08-24 15:00:00+03:00,34.8717,,
2026-08-17 14:32:30.380389+03:00,2026-08-24 15:15:00+03:00,34.9553,,
2026-08-17 14:32:30.380389+03:00,2026-08-24 15:30:00+03:00,34.9171,,
2026-08-17 14:32:30.380389+03:00,2026-08-24 15:45:00+03:00,34.9262,,
2026-08-17 14:32:30.380389+03:00,2026-08-24 16:00:00+03:00,34.8852,,
2026-08-17 14:32:30.380389+03:00,2026-08-24 16:15:00+03:00,35.028,,
2026-08-17 14:32:30.380389+03:00,2026-08-24 16:30:00+03:00,35.3707,,
2026-08-17 14:32:30.380389+03:00,2026-08-24 16:45:00+03:00,35.3642,,
2026-08-17 14:32:30.380389+03:00,2026-08-24 17:00:00+03:00,35.4212,,
2026-08-17 14:32:30.380389+03:00,2026-08-24 17:15:00+03:00,35.8999,,
2026-08-17 14:32:30.380389+03:00,2026-08-24 17:30:00+03:00,36.2894,,
2026-08-17 14:32:30.380389+03:00,2026-08-24 17:45:00+03:00,36.2727,,
2026-08-17 14:32:30.380389+03:00,2026-08-24 18:00:00+03:00,36.2208,,
2026-08-17 14:32:30.380389+03:00,2026-08-24 18:15:00+03:00,36.0268,,
2026-08-17 14:32:30.380389+03:00,2026-08-24 18:30:00+03:00,36.1085,,
2026-08-17 14:32:30.380389+03:00,2026-08-24 18:45:00+03:00,36.0838,,
2026-08-17 14:32:30.380389+03:00,2026-08-24 19:00:00+03:00,36.0269,,
2026-08-17 14:32:30.380389+03:00,2026-08-24 19:15:00+03:00,35.8341,,
2026-08-17 14:32:30.380389+03:00,2026-08-24 19:30:00+03:00,35.9696,,
2026-08-17 14:32:30.380389+03:00,2026-08-24 19:45:00+03:00,36.0259,,
2026-08-17 14:32:30.380389+03:00,2026-08-24 20:00:00+03:00,36.0929,,
2026-08-17 14:32:30.380389+03:00,2026-08-24 20:15:00+03:00,35.7065,,
2026-08-17 14:32:30.380389+03:00,2026-08-24 20:30:00+03:00,35.4916,,
2026-08-17 14:32:30.380389+03:00,2026-08-24 20:45:00+03:00,35.5631,,
2026-08-17 14:32:30.380389+03:00,2026-08-24 21:00:00+03:00,35.6076,,
2026-08-17 14:32:30.380389+03:00,2026-08-24 21:15:00+03:00,35.6485,,
2026-08-17 14:32:30.380389+03:00,2026-08-24 21:30:00+03:00,35.68,,
2026-08-17 14:32:30.380389+03:00,2026-08-24 21:45:00+03:00,35.699,,
2026-08-17 14:32:30.380389+03:00,2026-08-24 22:00:00+03:00,35.705,,
2026-08-17 14:32:30.380389+03:00,2026-08-24 22:15:00+03:00,35.1556,,
2026-08-17 14:32:30.380389+03:00,2026-08-24 22:30:00+03:00,34.8976,,
2026-08-17 14:32:30.380389+03:00,2026-08-24 22:45:00+03:00,34.4629,,
2026-08-17 14:32:30.380389+03:00,2026-08-24 23:00:00+03:00,34.067,,
2026-08-17 14:32:30.380389+03:00,2026-08-24 23:15:00+03:00,33.3099,,
2026-08-17 14:32:30.380389+03:00,2026-08-24 23:30:00+03:00,33.0775,,
2026-08-17 14:32:30.380389+03:00,2026-08-24 23:45:00+03:00,32.6202,,
2026-08-18 14:31:20.628113+03:00,2026-08-19 00:00:00+03:00,88.4307,138.2,49.76929999999999
2026-08-18 14:31:20.628113+03:00,2026-08-19 00:15:00+03:00,81.6957,101.81,20.1143
2026-08-18 14:31:20.628113+03:00,2026-08-19 00:30:00+03:00,72.8445,80.59,7.745500000000007
2026-08-18 14:31:20.628113+03:00,2026-08-19 00:45:00+03:00,67.1829,80.53,13.347099999999998
2026-08-18 14:31:20.628113+03:00,2026-08-19 01:00:00+03:00,61.6227,70.0,8.377299999999998
2026-08-18 14:31:20.628113+03:00,2026-08-19 01:15:00+03:00,61.4125,80.0,18.5875
2026-08-18 14:31:20.628113+03:00,2026-08-19 01:30:00+03:00,60.8365,84.1,23.263499999999993
2026-08-18 14:31:20.628113+03:00,2026-08-19 01:45:00+03:00,59.6766,89.97,30.2934
2026-08-18 14:31:20.628113+03:00,2026-08-19 02:00:00+03:00,58.8426,81.48,22.637400000000007
2026-08-18 14:31:20.628113+03:00,2026-08-19 02:15:00+03:00,58.0369,72.36,14.323099999999997
2026-08-18 14:31:20.628113+03:00,2026-08-19 02:30:00+03:00,57.5654,77.95,20.384600000000006
2026-08-18 14:31:20.628113+03:00,2026-08-19 02:45:00+03:00,56.6616,91.57,34.90839999999999
2026-08-18 14:31:20.628113+03:00,2026-08-19 03:00:00+03:00,56.0534,76.59,20.5366
2026-08-18 14:31:20.628113+03:00,2026-08-19 03:15:00+03:00,55.4673,70.01,14.542700000000004
2026-08-18 14:31:20.628113+03:00,2026-08-19 03:30:00+03:00,55.6133,82.01,26.396700000000003
2026-08-18 14:31:20.628113+03:00,2026-08-19 03:45:00+03:00,55.5441,91.11,35.5659
2026-08-18 14:31:20.628113+03:00,2026-08-19 04:00:00+03:00,55.535,91.11,35.575
2026-08-18 14:31:20.628113+03:00,2026-08-19 04:15:00+03:00,55.6383,70.01,14.371700000000004
2026-08-18 14:31:20.628113+03:00,2026-08-19 04:30:00+03:00,55.3702,82.12,26.749800000000008
2026-08-18 14:31:20.628113+03:00,2026-08-19 04:45:00+03:00,54.8177,76.46,21.64229999999999
2026-08-18 14:31:20.628113+03:00,2026-08-19 05:00:00+03:00,54.1566,74.59,20.433400000000006
2026-08-18 14:31:20.628113+03:00,2026-08-19 05:15:00+03:00,56.0654,76.33,20.2646
2026-08-18 14:31:20.628113+03:00,2026-08-19 05:30:00+03:00,56.5604,89.79,33.229600000000005
2026-08-18 14:31:20.628113+03:00,2026-08-19 05:45:00+03:00,56.8289,95.39,38.5611
2026-08-18 14:31:20.628113+03:00,2026-08-19 06:00:00+03:00,57.4969,75.11,17.613100000000003
2026-08-18 14:31:20.628113+03:00,2026-08-19 06:15:00+03:00,59.1014,91.58,32.4786
2026-08-18 14:31:20.628113+03:00,2026-08-19 06:30:00+03:00,61.1203,95.61,34.4897
2026-08-18 14:31:20.628113+03:00,2026-08-19 06:45:00+03:00,62.5771,154.66,92.0829
2026-08-18 14:31:20.628113+03:00,2026-08-19 07:00:00+03:00,63.6177,80.01,16.392300000000006
2026-08-18 14:31:20.628113+03:00,2026-08-19 07:15:00+03:00,67.5587,137.57,70.01129999999999
2026-08-18 14:31:20.628113+03:00,2026-08-19 07:30:00+03:00,71.7,158.41,86.71
2026-08-18 14:31:20.628113+03:00,2026-08-19 07:45:00+03:00,75.4262,160.34,84.91380000000001
2026-08-18 14:31:20.628113+03:00,2026-08-19 08:00:00+03:00,79.7823,151.71,71.9277
2026-08-18 14:31:20.628113+03:00,2026-08-19 08:15:00+03:00,82.666,164.07,81.404
2026-08-18 14:31:20.628113+03:00,2026-08-19 08:30:00+03:00,84.6194,163.89,79.27059999999999
2026-08-18 14:31:20.628113+03:00,2026-08-19 08:45:00+03:00,86.888,164.38,77.49199999999999
2026-08-18 14:31:20.628113+03:00,2026-08-19 09:00:00+03:00,87.9129,159.37,71.45710000000001
2026-08-18 14:31:20.628113+03:00,2026-08-19 09:15:00+03:00,86.5325,150.04,63.50749999999999
2026-08-18 14:31:20.628113+03:00,2026-08-19 09:30:00+03:00,85.2692,151.01,65.7408
2026-08-18 14:31:20.628113+03:00,2026-08-19 09:45:00+03:00,84.8104,151.01,66.19959999999999
2026-08-18 14:31:20.628113+03:00,2026-08-19 10:00:00+03:00,83.1523,151.01,67.8577
2026-08-18 14:31:20.628113+03:00,2026-08-19 10:15:00+03:00,82.5538,158.06,75.5062
2026-08-18 14:31:20.628113+03:00,2026-08-19 10:30:00+03:00,81.1167,149.42,68.3033
2026-08-18 14:31:20.628113+03:00,2026-08-19 10:45:00+03:00,80.1602,143.78,63.6198
2026-08-18 14:31:20.628113+03:00,2026-08-19 11:00:00+03:00,79.2183,155.14,75.92169999999999
2026-08-18 14:31:20.628113+03:00,2026-08-19 11:15:00+03:00,77.6892,149.76,72.07079999999999
2026-08-18 14:31:20.628113+03:00,2026-08-19 11:30:00+03:00,77.1165,143.86,66.74350000000001
2026-08-18 14:31:20.628113+03:00,2026-08-19 11:45:00+03:00,75.6889,142.58,66.89110000000001
2026-08-18 14:31:20.628113+03:00,2026-08-19 12:00:00+03:00,75.1768,141.6,66.4232
2026-08-18 14:31:20.628113+03:00,2026-08-19 12:15:00+03:00,74.9492,141.45,66.50079999999998
2026-08-18 14:31:20.628113+03:00,2026-08-19 12:30:00+03:00,74.8834,139.43,64.54660000000001
2026-08-18 14:31:20.628113+03:00,2026-08-19 12:45:00+03:00,75.1008,136.41,61.30919999999999
2026-08-18 14:31:20.628113+03:00,2026-08-19 13:00:00+03:00,75.1462,141.54,66.3938
2026-08-18 14:31:20.628113+03:00,2026-08-19 13:15:00+03:00,75.056,135.13,60.074
2026-08-18 14:31:20.628113+03:00,2026-08-19 13:30:00+03:00,75.0618,134.23,59.168199999999985
2026-08-18 14:31:20.628113+03:00,2026-08-19 13:45:00+03:00,75.0458,130.63,55.584199999999996
2026-08-18 14:31:20.628113+03:00,2026-08-19 14:00:00+03:00,75.1674,132.79,57.62259999999999
2026-08-18 14:31:20.628113+03:00,2026-08-19 14:15:00+03:00,75.3159,129.07,53.754099999999994
2026-08-18 14:31:20.628113+03:00,2026-08-19 14:30:00+03:00,75.2401,126.4,51.15990000000001
2026-08-18 14:31:20.628113+03:00,2026-08-19 14:45:00+03:00,75.205,123.66,48.455
2026-08-18 14:31:20.628113+03:00,2026-08-19 15:00:00+03:00,75.0933,127.75,52.6567
2026-08-18 14:31:20.628113+03:00,2026-08-19 15:15:00+03:00,75.4483,129.01,53.56169999999999
2026-08-18 14:31:20.628113+03:00,2026-08-19 15:30:00+03:00,76.0986,126.56,50.4614
2026-08-18 14:31:20.628113+03:00,2026-08-19 15:45:00+03:00,76.0394,126.77,50.730599999999995
2026-08-18 14:31:20.628113+03:00,2026-08-19 16:00:00+03:00,76.0654,125.27,49.2046
2026-08-18 14:31:20.628113+03:00,2026-08-19 16:15:00+03:00,76.6238,129.18,52.556200000000004
2026-08-18 14:31:20.628113+03:00,2026-08-19 16:30:00+03:00,76.5815,132.64,56.05849999999998
2026-08-18 14:31:20.628113+03:00,2026-08-19 16:45:00+03:00,76.4071,135.84,59.432900000000004
2026-08-18 14:31:20.628113+03:00,2026-08-19 17:00:00+03:00,76.1211,129.81,53.688900000000004
2026-08-18 14:31:20.628113+03:00,2026-08-19 17:15:00+03:00,76.5971,134.61,58.012900000000016
2026-08-18 14:31:20.628113+03:00,2026-08-19 17:30:00+03:00,76.5204,140.46,63.93960000000001
2026-08-18 14:31:20.628113+03:00,2026-08-19 17:45:00+03:00,76.1992,147.41,71.21079999999999
2026-08-18 14:31:20.628113+03:00,2026-08-19 18:00:00+03:00,76.1184,137.79,61.6716
2026-08-18 14:31:20.628113+03:00,2026-08-19 18:15:00+03:00,76.3278,145.7,69.37219999999999
2026-08-18 14:31:20.628113+03:00,2026-08-19 18:30:00+03:00,76.1505,156.42,80.2695
2026-08-18 14:31:20.628113+03:00,2026-08-19 18:45:00+03:00,76.1163,177.26,101.1437
2026-08-18 14:31:20.628113+03:00,2026-08-19 19:00:00+03:00,76.2,155.55,79.35000000000001
2026-08-18 14:31:20.628113+03:00,2026-08-19 19:15:00+03:00,75.326,174.85,99.524
2026-08-18 14:31:20.628113+03:00,2026-08-19 19:30:00+03:00,74.9209,184.97,110.0491
2026-08-18 14:31:20.628113+03:00,2026-08-19 19:45:00+03:00,74.973,190.03,115.057
2026-08-18 14:31:20.628113+03:00,2026-08-19 20:00:00+03:00,75.22,183.27,108.05000000000001
2026-08-18 14:31:20.628113+03:00,2026-08-19 20:15:00+03:00,74.0977,182.36,108.26230000000001
2026-08-18 14:31:20.628113+03:00,2026-08-19 20:30:00+03:00,72.9738,177.59,104.6162
2026-08-18 14:31:20.628113+03:00,2026-08-19 20:45:00+03:00,71.6887,176.75,105.0613
2026-08-18 14:31:20.628113+03:00,2026-08-19 21:00:00+03:00,70.2084,184.18,113.97160000000001
2026-08-18 14:31:20.628113+03:00,2026-08-19 21:15:00+03:00,69.4416,178.91,109.4684
2026-08-18 14:31:20.628113+03:00,2026-08-19 21:30:00+03:00,68.6255,177.65,109.0245
2026-08-18 14:31:20.628113+03:00,2026-08-19 21:45:00+03:00,67.3607,178.24,110.87930000000001
2026-08-18 14:31:20.628113+03:00,2026-08-19 22:00:00+03:00,66.764,199.21,132.44600000000003
2026-08-18 14:31:20.628113+03:00,2026-08-19 22:15:00+03:00,64.6024,187.0,122.3976
2026-08-18 14:31:20.628113+03:00,2026-08-19 22:30:00+03:00,62.0062,173.17,111.16379999999998
2026-08-18 14:31:20.628113+03:00,2026-08-19 22:45:00+03:00,59.077,140.69,81.613
2026-08-18 14:31:20.628113+03:00,2026-08-19 23:00:00+03:00,55.494,168.05,112.55600000000001
2026-08-18 14:31:20.628113+03:00,2026-08-19 23:15:00+03:00,52.3516,139.39,87.0384
2026-08-18 14:31:20.628113+03:00,2026-08-19 23:30:00+03:00,48.7044,113.58,64.87559999999999
2026-08-18 14:31:20.628113+03:00,2026-08-19 23:45:00+03:00,46.1377,94.99,48.85229999999999
2026-08-18 14:31:20.628113+03:00,2026-08-20 00:00:00+03:00,43.9244,135.41,91.4856
2026-08-18 14:31:20.628113+03:00,2026-08-20 00:15:00+03:00,43.5825,97.35,53.76749999999999
2026-08-18 14:31:20.628113+03:00,2026-08-20 00:30:00+03:00,43.0077,83.86,40.8523
2026-08-18 14:31:20.628113+03:00,2026-08-20 00:45:00+03:00,42.525,64.91,22.384999999999998
2026-08-18 14:31:20.628113+03:00,2026-08-20 01:00:00+03:00,42.4644,,
2026-08-18 14:31:20.628113+03:00,2026-08-20 01:15:00+03:00,41.9065,,
2026-08-18 14:31:20.628113+03:00,2026-08-20 01:30:00+03:00,41.9612,,
2026-08-18 14:31:20.628113+03:00,2026-08-20 01:45:00+03:00,42.0933,,
2026-08-18 14:31:20.628113+03:00,2026-08-20 02:00:00+03:00,42.1523,,
2026-08-18 14:31:20.628113+03:00,2026-08-20 02:15:00+03:00,42.1859,,
2026-08-18 14:31:20.628113+03:00,2026-08-20 02:30:00+03:00,42.1503,,
2026-08-18 14:31:20.628113+03:00,2026-08-20 02:45:00+03:00,42.1631,,
2026-08-18 14:31:20.628113+03:00,2026-08-20 03:00:00+03:00,42.2546,,
2026-08-18 14:31:20.628113+03:00,2026-08-20 03:15:00+03:00,42.2835,,
2026-08-18 14:31:20.628113+03:00,2026-08-20 03:30:00+03:00,42.2722,,
2026-08-18 14:31:20.628113+03:00,2026-08-20 03:45:00+03:00,42.2499,,
2026-08-18 14:31:20.628113+03:00,2026-08-20 04:00:00+03:00,42.3332,,
2026-08-18 14:31:20.628113+03:00,2026-08-20 04:15:00+03:00,42.6705,,
2026-08-18 14:31:20.628113+03:00,2026-08-20 04:30:00+03:00,42.9802,,
2026-08-18 14:31:20.628113+03:00,2026-08-20 04:45:00+03:00,42.9805,,
2026-08-18 14:31:20.628113+03:00,2026-08-20 05:00:00+03:00,43.0188,,
2026-08-18 14:31:20.628113+03:00,2026-08-20 05:15:00+03:00,43.9931,,
2026-08-18 14:31:20.628113+03:00,2026-08-20 05:30:00+03:00,44.5601,,
2026-08-18 14:31:20.628113+03:00,2026-08-20 05:45:00+03:00,45.0081,,
2026-08-18 14:31:20.628113+03:00,2026-08-20 06:00:00+03:00,45.3294,,
2026-08-18 14:31:20.628113+03:00,2026-08-20 06:15:00+03:00,46.2292,,
2026-08-18 14:31:20.628113+03:00,2026-08-20 06:30:00+03:00,47.1198,,
2026-08-18 14:31:20.628113+03:00,2026-08-20 06:45:00+03:00,47.2547,,
2026-08-18 14:31:20.628113+03:00,2026-08-20 07:00:00+03:00,47.3053,,
2026-08-18 14:31:20.628113+03:00,2026-08-20 07:15:00+03:00,48.0563,,
2026-08-18 14:31:20.628113+03:00,2026-08-20 07:30:00+03:00,48.8932,,
2026-08-18 14:31:20.628113+03:00,2026-08-20 07:45:00+03:00,49.3412,,
2026-08-18 14:31:20.628113+03:00,2026-08-20 08:00:00+03:00,49.9152,,
2026-08-18 14:31:20.628113+03:00,2026-08-20 08:15:00+03:00,50.3471,,
2026-08-18 14:31:20.628113+03:00,2026-08-20 08:30:00+03:00,50.6595,,
2026-08-18 14:31:20.628113+03:00,2026-08-20 08:45:00+03:00,50.5972,,
2026-08-18 14:31:20.628113+03:00,2026-08-20 09:00:00+03:00,50.3861,,
2026-08-18 14:31:20.628113+03:00,2026-08-20 09:15:00+03:00,50.2009,,
2026-08-18 14:31:20.628113+03:00,2026-08-20 09:30:00+03:00,49.5814,,
2026-08-18 14:31:20.628113+03:00,2026-08-20 09:45:00+03:00,49.1312,,
2026-08-18 14:31:20.628113+03:00,2026-08-20 10:00:00+03:00,48.3753,,
2026-08-18 14:31:20.628113+03:00,2026-08-20 10:15:00+03:00,47.8805,,
2026-08-18 14:31:20.628113+03:00,2026-08-20 10:30:00+03:00,47.1403,,
2026-08-18 14:31:20.628113+03:00,2026-08-20 10:45:00+03:00,46.5575,,
2026-08-18 14:31:20.628113+03:00,2026-08-20 11:00:00+03:00,46.0124,,
2026-08-18 14:31:20.628113+03:00,2026-08-20 11:15:00+03:00,45.0238,,
2026-08-18 14:31:20.628113+03:00,2026-08-20 11:30:00+03:00,44.5831,,
2026-08-18 14:31:20.628113+03:00,2026-08-20 11:45:00+03:00,43.9236,,
2026-08-18 14:31:20.628113+03:00,2026-08-20 12:00:00+03:00,43.2984,,
2026-08-18 14:31:20.628113+03:00,2026-08-20 12:15:00+03:00,42.737,,
2026-08-18 14:31:20.628113+03:00,2026-08-20 12:30:00+03:00,42.2121,,
2026-08-18 14:31:20.628113+03:00,2026-08-20 12:45:00+03:00,41.8006,,
2026-08-18 14:31:20.628113+03:00,2026-08-20 13:00:00+03:00,40.8236,,
2026-08-18 14:31:20.628113+03:00,2026-08-20 13:15:00+03:00,40.5081,,
2026-08-18 14:31:20.628113+03:00,2026-08-20 13:30:00+03:00,39.8244,,
2026-08-18 14:31:20.628113+03:00,2026-08-20 13:45:00+03:00,39.21,,
2026-08-18 14:31:20.628113+03:00,2026-08-20 14:00:00+03:00,38.8215,,
2026-08-18 14:31:20.628113+03:00,2026-08-20 14:15:00+03:00,38.2995,,
2026-08-18 14:31:20.628113+03:00,2026-08-20 14:30:00+03:00,37.5928,,
2026-08-18 14:31:20.628113+03:00,2026-08-20 14:45:00+03:00,37.3661,,
2026-08-18 14:31:20.628113+03:00,2026-08-20 15:00:00+03:00,37.3793,,
2026-08-18 14:31:20.628113+03:00,2026-08-20 15:15:00+03:00,37.5974,,
2026-08-18 14:31:20.628113+03:00,2026-08-20 15:30:00+03:00,37.6144,,
2026-08-18 14:31:20.628113+03:00,2026-08-20 15:45:00+03:00,37.581,,
2026-08-18 14:31:20.628113+03:00,2026-08-20 16:00:00+03:00,37.4541,,
2026-08-18 14:31:20.628113+03:00,2026-08-20 16:15:00+03:00,37.5916,,
2026-08-18 14:31:20.628113+03:00,2026-08-20 16:30:00+03:00,37.4949,,
2026-08-18 14:31:20.628113+03:00,2026-08-20 16:45:00+03:00,37.4456,,
2026-08-18 14:31:20.628113+03:00,2026-08-20 17:00:00+03:00,37.4727,,
2026-08-18 14:31:20.628113+03:00,2026-08-20 17:15:00+03:00,37.6131,,
2026-08-18 14:31:20.628113+03:00,2026-08-20 17:30:00+03:00,37.5223,,
2026-08-18 14:31:20.628113+03:00,2026-08-20 17:45:00+03:00,37.4704,,
2026-08-18 14:31:20.628113+03:00,2026-08-20 18:00:00+03:00,37.5319,,
2026-08-18 14:31:20.628113+03:00,2026-08-20 18:15:00+03:00,37.4923,,
2026-08-18 14:31:20.628113+03:00,2026-08-20 18:30:00+03:00,37.4815,,
2026-08-18 14:31:20.628113+03:00,2026-08-20 18:45:00+03:00,37.4656,,
2026-08-18 14:31:20.628113+03:00,2026-08-20 19:00:00+03:00,37.5053,,
2026-08-18 14:31:20.628113+03:00,2026-08-20 19:15:00+03:00,37.3977,,
2026-08-18 14:31:20.628113+03:00,2026-08-20 19:30:00+03:00,37.4285,,
2026-08-18 14:31:20.628113+03:00,2026-08-20 19:45:00+03:00,37.467,,
2026-08-18 14:31:20.628113+03:00,2026-08-20 20:00:00+03:00,37.5498,,
2026-08-18 14:31:20.628113+03:00,2026-08-20 20:15:00+03:00,37.2873,,
2026-08-18 14:31:20.628113+03:00,2026-08-20 20:30:00+03:00,36.8454,,
2026-08-18 14:31:20.628113+03:00,2026-08-20 20:45:00+03:00,36.9474,,
2026-08-18 14:31:20.628113+03:00,2026-08-20 21:00:00+03:00,36.9819,,
2026-08-18 14:31:20.628113+03:00,2026-08-20 21:15:00+03:00,37.1165,,
2026-08-18 14:31:20.628113+03:00,2026-08-20 21:30:00+03:00,37.1432,,
2026-08-18 14:31:20.628113+03:00,2026-08-20 21:45:00+03:00,37.1456,,
2026-08-18 14:31:20.628113+03:00,2026-08-20 22:00:00+03:00,37.1985,,
2026-08-18 14:31:20.628113+03:00,2026-08-20 22:15:00+03:00,36.7497,,
2026-08-18 14:31:20.628113+03:00,2026-08-20 22:30:00+03:00,36.3847,,
2026-08-18 14:31:20.628113+03:00,2026-08-20 22:45:00+03:00,36.5176,,
2026-08-18 14:31:20.628113+03:00,2026-08-20 23:00:00+03:00,36.5694,,
2026-08-18 14:31:20.628113+03:00,2026-08-20 23:15:00+03:00,36.1881,,
2026-08-18 14:31:20.628113+03:00,2026-08-20 23:30:00+03:00,35.4852,,
2026-08-18 14:31:20.628113+03:00,2026-08-20 23:45:00+03:00,35.2629,,
2026-08-18 14:31:20.628113+03:00,2026-08-21 00:00:00+03:00,34.9888,,
2026-08-18 14:31:20.628113+03:00,2026-08-21 00:15:00+03:00,34.7794,,
2026-08-18 14:31:20.628113+03:00,2026-08-21 00:30:00+03:00,34.9214,,
2026-08-18 14:31:20.628113+03:00,2026-08-21 00:45:00+03:00,34.9388,,
2026-08-18 14:31:20.628113+03:00,2026-08-21 01:00:00+03:00,34.9748,,
2026-08-18 14:31:20.628113+03:00,2026-08-21 01:15:00+03:00,34.6193,,
2026-08-18 14:31:20.628113+03:00,2026-08-21 01:30:00+03:00,34.2563,,
2026-08-18 14:31:20.628113+03:00,2026-08-21 01:45:00+03:00,34.3791,,
2026-08-18 14:31:20.628113+03:00,2026-08-21 02:00:00+03:00,34.4044,,
2026-08-18 14:31:20.628113+03:00,2026-08-21 02:15:00+03:00,34.4439,,
2026-08-18 14:31:20.628113+03:00,2026-08-21 02:30:00+03:00,34.433,,
2026-08-18 14:31:20.628113+03:00,2026-08-21 02:45:00+03:00,34.4479,,
2026-08-18 14:31:20.628113+03:00,2026-08-21 03:00:00+03:00,34.4239,,
2026-08-18 14:31:20.628113+03:00,2026-08-21 03:15:00+03:00,34.4796,,
2026-08-18 14:31:20.628113+03:00,2026-08-21 03:30:00+03:00,34.4543,,
2026-08-18 14:31:20.628113+03:00,2026-08-21 03:45:00+03:00,34.4511,,
2026-08-18 14:31:20.628113+03:00,2026-08-21 04:00:00+03:00,34.416,,
2026-08-18 14:31:20.628113+03:00,2026-08-21 04:15:00+03:00,34.6021,,
2026-08-18 14:31:20.628113+03:00,2026-08-21 04:30:00+03:00,34.5158,,
2026-08-18 14:31:20.628113+03:00,2026-08-21 04:45:00+03:00,34.4928,,
2026-08-18 14:31:20.628113+03:00,2026-08-21 05:00:00+03:00,34.415,,
2026-08-18 14:31:20.628113+03:00,2026-08-21 05:15:00+03:00,34.9071,,
2026-08-18 14:31:20.628113+03:00,2026-08-21 05:30:00+03:00,35.0809,,
2026-08-18 14:31:20.628113+03:00,2026-08-21 05:45:00+03:00,35.426,,
2026-08-18 14:31:20.628113+03:00,2026-08-21 06:00:00+03:00,35.9067,,
2026-08-18 14:31:20.628113+03:00,2026-08-21 06:15:00+03:00,36.8178,,
2026-08-18 14:31:20.628113+03:00,2026-08-21 06:30:00+03:00,38.0428,,
2026-08-18 14:31:20.628113+03:00,2026-08-21 06:45:00+03:00,38.9888,,
2026-08-18 14:31:20.628113+03:00,2026-08-21 07:00:00+03:00,39.4931,,
2026-08-18 14:31:20.628113+03:00,2026-08-21 07:15:00+03:00,40.3637,,
2026-08-18 14:31:20.628113+03:00,2026-08-21 07:30:00+03:00,41.069,,
2026-08-18 14:31:20.628113+03:00,2026-08-21 07:45:00+03:00,41.3013,,
2026-08-18 14:31:20.628113+03:00,2026-08-21 08:00:00+03:00,41.6924,,
2026-08-18 14:31:20.628113+03:00,2026-08-21 08:15:00+03:00,41.6408,,
2026-08-18 14:31:20.628113+03:00,2026-08-21 08:30:00+03:00,41.5744,,
2026-08-18 14:31:20.628113+03:00,2026-08-21 08:45:00+03:00,41.4637,,
2026-08-18 14:31:20.628113+03:00,2026-08-21 09:00:00+03:00,41.4378,,
2026-08-18 14:31:20.628113+03:00,2026-08-21 09:15:00+03:00,41.1848,,
2026-08-18 14:31:20.628113+03:00,2026-08-21 09:30:00+03:00,40.5613,,
2026-08-18 14:31:20.628113+03:00,2026-08-21 09:45:00+03:00,39.974,,
2026-08-18 14:31:20.628113+03:00,2026-08-21 10:00:00+03:00,39.3194,,
2026-08-18 14:31:20.628113+03:00,2026-08-21 10:15:00+03:00,38.7167,,
2026-08-18 14:31:20.628113+03:00,2026-08-21 10:30:00+03:00,38.0728,,
2026-08-18 14:31:20.628113+03:00,2026-08-21 10:45:00+03:00,37.5602,,
2026-08-18 14:31:20.628113+03:00,2026-08-21 11:00:00+03:00,37.3018,,
2026-08-18 14:31:20.628113+03:00,2026-08-21 11:15:00+03:00,37.2394,,
2026-08-18 14:31:20.628113+03:00,2026-08-21 11:30:00+03:00,36.8751,,
2026-08-18 14:31:20.628113+03:00,2026-08-21 11:45:00+03:00,37.0225,,
2026-08-18 14:31:20.628113+03:00,2026-08-21 12:00:00+03:00,36.9884,,
2026-08-18 14:31:20.628113+03:00,2026-08-21 12:15:00+03:00,37.1063,,
2026-08-18 14:31:20.628113+03:00,2026-08-21 12:30:00+03:00,37.1281,,
2026-08-18 14:31:20.628113+03:00,2026-08-21 12:45:00+03:00,37.118,,
2026-08-18 14:31:20.628113+03:00,2026-08-21 13:00:00+03:00,37.1254,,
2026-08-18 14:31:20.628113+03:00,2026-08-21 13:15:00+03:00,37.1298,,
2026-08-18 14:31:20.628113+03:00,2026-08-21 13:30:00+03:00,37.1273,,
2026-08-18 14:31:20.628113+03:00,2026-08-21 13:45:00+03:00,37.1341,,
2026-08-18 14:31:20.628113+03:00,2026-08-21 14:00:00+03:00,37.1254,,
2026-08-18 14:31:20.628113+03:00,2026-08-21 14:15:00+03:00,37.1702,,
2026-08-18 14:31:20.628113+03:00,2026-08-21 14:30:00+03:00,37.1281,,
2026-08-18 14:31:20.628113+03:00,2026-08-21 14:45:00+03:00,37.1396,,
2026-08-18 14:31:20.628113+03:00,2026-08-21 15:00:00+03:00,37.1336,,
2026-08-18 14:31:20.628113+03:00,2026-08-21 15:15:00+03:00,37.1845,,
2026-08-18 14:31:20.628113+03:00,2026-08-21 15:30:00+03:00,37.1319,,
2026-08-18 14:31:20.628113+03:00,2026-08-21 15:45:00+03:00,37.1487,,
2026-08-18 14:31:20.628113+03:00,2026-08-21 16:00:00+03:00,37.1311,,
2026-08-18 14:31:20.628113+03:00,2026-08-21 16:15:00+03:00,37.2548,,
2026-08-18 14:31:20.628113+03:00,2026-08-21 16:30:00+03:00,37.1679,,
2026-08-18 14:31:20.628113+03:00,2026-08-21 16:45:00+03:00,37.1207,,
2026-08-18 14:31:20.628113+03:00,2026-08-21 17:00:00+03:00,37.2171,,
2026-08-18 14:31:20.628113+03:00,2026-08-21 17:15:00+03:00,37.3638,,
2026-08-18 14:31:20.628113+03:00,2026-08-21 17:30:00+03:00,37.778,,
2026-08-18 14:31:20.628113+03:00,2026-08-21 17:45:00+03:00,37.673,,
2026-08-18 14:31:20.628113+03:00,2026-08-21 18:00:00+03:00,37.7376,,
2026-08-18 14:31:20.628113+03:00,2026-08-21 18:15:00+03:00,37.542,,
2026-08-18 14:31:20.628113+03:00,2026-08-21 18:30:00+03:00,37.5691,,
2026-08-18 14:31:20.628113+03:00,2026-08-21 18:45:00+03:00,37.5751,,
2026-08-18 14:31:20.628113+03:00,2026-08-21 19:00:00+03:00,37.5951,,
2026-08-18 14:31:20.628113+03:00,2026-08-21 19:15:00+03:00,37.4795,,
2026-08-18 14:31:20.628113+03:00,2026-08-21 19:30:00+03:00,37.5228,,
2026-08-18 14:31:20.628113+03:00,2026-08-21 19:45:00+03:00,37.5512,,
2026-08-18 14:31:20.628113+03:00,2026-08-21 20:00:00+03:00,37.592,,
2026-08-18 14:31:20.628113+03:00,2026-08-21 20:15:00+03:00,37.3512,,
2026-08-18 14:31:20.628113+03:00,2026-08-21 20:30:00+03:00,37.4084,,
2026-08-18 14:31:20.628113+03:00,2026-08-21 20:45:00+03:00,37.4411,,
2026-08-18 14:31:20.628113+03:00,2026-08-21 21:00:00+03:00,37.4844,,
2026-08-18 14:31:20.628113+03:00,2026-08-21 21:15:00+03:00,37.4712,,
2026-08-18 14:31:20.628113+03:00,2026-08-21 21:30:00+03:00,37.4943,,
2026-08-18 14:31:20.628113+03:00,2026-08-21 21:45:00+03:00,37.5199,,
2026-08-18 14:31:20.628113+03:00,2026-08-21 22:00:00+03:00,37.5938,,
2026-08-18 14:31:20.628113+03:00,2026-08-21 22:15:00+03:00,37.0969,,
2026-08-18 14:31:20.628113+03:00,2026-08-21 22:30:00+03:00,36.6986,,
2026-08-18 14:31:20.628113+03:00,2026-08-21 22:45:00+03:00,36.341,,
2026-08-18 14:31:20.628113+03:00,2026-08-21 23:00:00+03:00,36.4453,,
2026-08-18 14:31:20.628113+03:00,2026-08-21 23:15:00+03:00,36.1082,,
2026-08-18 14:31:20.628113+03:00,2026-08-21 23:30:00+03:00,35.4711,,
2026-08-18 14:31:20.628113+03:00,2026-08-21 23:45:00+03:00,35.2417,,
2026-08-18 14:31:20.628113+03:00,2026-08-22 00:00:00+03:00,35.0262,,
2026-08-18 14:31:20.628113+03:00,2026-08-22 00:15:00+03:00,35.2077,,
2026-08-18 14:31:20.628113+03:00,2026-08-22 00:30:00+03:00,35.3053,,
2026-08-18 14:31:20.628113+03:00,2026-08-22 00:45:00+03:00,35.318,,
2026-08-18 14:31:20.628113+03:00,2026-08-22 01:00:00+03:00,35.2997,,
2026-08-18 14:31:20.628113+03:00,2026-08-22 01:15:00+03:00,35.0094,,
2026-08-18 14:31:20.628113+03:00,2026-08-22 01:30:00+03:00,35.0428,,
2026-08-18 14:31:20.628113+03:00,2026-08-22 01:45:00+03:00,35.1623,,
2026-08-18 14:31:20.628113+03:00,2026-08-22 02:00:00+03:00,35.2386,,
2026-08-18 14:31:20.628113+03:00,2026-08-22 02:15:00+03:00,35.2531,,
2026-08-18 14:31:20.628113+03:00,2026-08-22 02:30:00+03:00,35.2572,,
2026-08-18 14:31:20.628113+03:00,2026-08-22 02:45:00+03:00,35.2467,,
2026-08-18 14:31:20.628113+03:00,2026-08-22 03:00:00+03:00,35.2549,,
2026-08-18 14:31:20.628113+03:00,2026-08-22 03:15:00+03:00,35.2754,,
2026-08-18 14:31:20.628113+03:00,2026-08-22 03:30:00+03:00,35.2786,,
2026-08-18 14:31:20.628113+03:00,2026-08-22 03:45:00+03:00,35.2765,,
2026-08-18 14:31:20.628113+03:00,2026-08-22 04:00:00+03:00,35.2628,,
2026-08-18 14:31:20.628113+03:00,2026-08-22 04:15:00+03:00,35.3676,,
2026-08-18 14:31:20.628113+03:00,2026-08-22 04:30:00+03:00,35.3532,,
2026-08-18 14:31:20.628113+03:00,2026-08-22 04:45:00+03:00,35.3597,,
2026-08-18 14:31:20.628113+03:00,2026-08-22 05:00:00+03:00,35.2808,,
2026-08-18 14:31:20.628113+03:00,2026-08-22 05:15:00+03:00,35.3576,,
2026-08-18 14:31:20.628113+03:00,2026-08-22 05:30:00+03:00,35.3454,,
2026-08-18 14:31:20.628113+03:00,2026-08-22 05:45:00+03:00,35.3336,,
2026-08-18 14:31:20.628113+03:00,2026-08-22 06:00:00+03:00,35.2937,,
2026-08-18 14:31:20.628113+03:00,2026-08-22 06:15:00+03:00,35.4299,,
2026-08-18 14:31:20.628113+03:00,2026-08-22 06:30:00+03:00,35.8306,,
2026-08-18 14:31:20.628113+03:00,2026-08-22 06:45:00+03:00,36.3158,,
2026-08-18 14:31:20.628113+03:00,2026-08-22 07:00:00+03:00,37.1515,,
2026-08-18 14:31:20.628113+03:00,2026-08-22 07:15:00+03:00,37.9422,,
2026-08-18 14:31:20.628113+03:00,2026-08-22 07:30:00+03:00,38.8169,,
2026-08-18 14:31:20.628113+03:00,2026-08-22 07:45:00+03:00,39.4021,,
2026-08-18 14:31:20.628113+03:00,2026-08-22 08:00:00+03:00,39.5944,,
2026-08-18 14:31:20.628113+03:00,2026-08-22 08:15:00+03:00,39.3615,,
2026-08-18 14:31:20.628113+03:00,2026-08-22 08:30:00+03:00,39.2556,,
2026-08-18 14:31:20.628113+03:00,2026-08-22 08:45:00+03:00,39.2413,,
2026-08-18 14:31:20.628113+03:00,2026-08-22 09:00:00+03:00,39.2106,,
2026-08-18 14:31:20.628113+03:00,2026-08-22 09:15:00+03:00,38.9995,,
2026-08-18 14:31:20.628113+03:00,2026-08-22 09:30:00+03:00,38.3747,,
2026-08-18 14:31:20.628113+03:00,2026-08-22 09:45:00+03:00,37.8121,,
2026-08-18 14:31:20.628113+03:00,2026-08-22 10:00:00+03:00,37.3356,,
2026-08-18 14:31:20.628113+03:00,2026-08-22 10:15:00+03:00,37.2185,,
2026-08-18 14:31:20.628113+03:00,2026-08-22 10:30:00+03:00,36.779,,
2026-08-18 14:31:20.628113+03:00,2026-08-22 10:45:00+03:00,36.4501,,
2026-08-18 14:31:20.628113+03:00,2026-08-22 11:00:00+03:00,36.5114,,
2026-08-18 14:31:20.628113+03:00,2026-08-22 11:15:00+03:00,36.561,,
2026-08-18 14:31:20.628113+03:00,2026-08-22 11:30:00+03:00,36.6617,,
2026-08-18 14:31:20.628113+03:00,2026-08-22 11:45:00+03:00,36.6557,,
2026-08-18 14:31:20.628113+03:00,2026-08-22 12:00:00+03:00,36.6434,,
2026-08-18 14:31:20.628113+03:00,2026-08-22 12:15:00+03:00,36.5843,,
2026-08-18 14:31:20.628113+03:00,2026-08-22 12:30:00+03:00,36.6292,,
2026-08-18 14:31:20.628113+03:00,2026-08-22 12:45:00+03:00,36.6573,,
2026-08-18 14:31:20.628113+03:00,2026-08-22 13:00:00+03:00,36.6681,,
2026-08-18 14:31:20.628113+03:00,2026-08-22 13:15:00+03:00,36.5872,,
2026-08-18 14:31:20.628113+03:00,2026-08-22 13:30:00+03:00,36.6318,,
2026-08-18 14:31:20.628113+03:00,2026-08-22 13:45:00+03:00,36.6552,,
2026-08-18 14:31:20.628113+03:00,2026-08-22 14:00:00+03:00,36.6852,,
2026-08-18 14:31:20.628113+03:00,2026-08-22 14:15:00+03:00,36.7497,,
2026-08-18 14:31:20.628113+03:00,2026-08-22 14:30:00+03:00,36.733,,
2026-08-18 14:31:20.628113+03:00,2026-08-22 14:45:00+03:00,36.7479,,
2026-08-18 14:31:20.628113+03:00,2026-08-22 15:00:00+03:00,36.6954,,
2026-08-18 14:31:20.628113+03:00,2026-08-22 15:15:00+03:00,36.8186,,
2026-08-18 14:31:20.628113+03:00,2026-08-22 15:30:00+03:00,37.2567,,
2026-08-18 14:31:20.628113+03:00,2026-08-22 15:45:00+03:00,37.2335,,
2026-08-18 14:31:20.628113+03:00,2026-08-22 16:00:00+03:00,37.179,,
2026-08-18 14:31:20.628113+03:00,2026-08-22 16:15:00+03:00,37.3259,,
2026-08-18 14:31:20.628113+03:00,2026-08-22 16:30:00+03:00,37.706,,
2026-08-18 14:31:20.628113+03:00,2026-08-22 16:45:00+03:00,37.6516,,
2026-08-18 14:31:20.628113+03:00,2026-08-22 17:00:00+03:00,37.714,,
2026-08-18 14:31:20.628113+03:00,2026-08-22 17:15:00+03:00,37.7091,,
2026-08-18 14:31:20.628113+03:00,2026-08-22 17:30:00+03:00,37.6075,,
2026-08-18 14:31:20.628113+03:00,2026-08-22 17:45:00+03:00,37.596,,
2026-08-18 14:31:20.628113+03:00,2026-08-22 18:00:00+03:00,37.6239,,
2026-08-18 14:31:20.628113+03:00,2026-08-22 18:15:00+03:00,37.5245,,
2026-08-18 14:31:20.628113+03:00,2026-08-22 18:30:00+03:00,37.5356,,
2026-08-18 14:31:20.628113+03:00,2026-08-22 18:45:00+03:00,37.5117,,
2026-08-18 14:31:20.628113+03:00,2026-08-22 19:00:00+03:00,37.5894,,
2026-08-18 14:31:20.628113+03:00,2026-08-22 19:15:00+03:00,37.4424,,
2026-08-18 14:31:20.628113+03:00,2026-08-22 19:30:00+03:00,37.4662,,
2026-08-18 14:31:20.628113+03:00,2026-08-22 19:45:00+03:00,37.5342,,
2026-08-18 14:31:20.628113+03:00,2026-08-22 20:00:00+03:00,37.5836,,
2026-08-18 14:31:20.628113+03:00,2026-08-22 20:15:00+03:00,37.3522,,
2026-08-18 14:31:20.628113+03:00,2026-08-22 20:30:00+03:00,37.427,,
2026-08-18 14:31:20.628113+03:00,2026-08-22 20:45:00+03:00,37.4695,,
2026-08-18 14:31:20.628113+03:00,2026-08-22 21:00:00+03:00,37.5043,,
2026-08-18 14:31:20.628113+03:00,2026-08-22 21:15:00+03:00,37.5719,,
2026-08-18 14:31:20.628113+03:00,2026-08-22 21:30:00+03:00,37.589,,
2026-08-18 14:31:20.628113+03:00,2026-08-22 21:45:00+03:00,37.6112,,
2026-08-18 14:31:20.628113+03:00,2026-08-22 22:00:00+03:00,37.6314,,
2026-08-18 14:31:20.628113+03:00,2026-08-22 22:15:00+03:00,37.0637,,
2026-08-18 14:31:20.628113+03:00,2026-08-22 22:30:00+03:00,36.6228,,
2026-08-18 14:31:20.628113+03:00,2026-08-22 22:45:00+03:00,36.3053,,
2026-08-18 14:31:20.628113+03:00,2026-08-22 23:00:00+03:00,36.3505,,
2026-08-18 14:31:20.628113+03:00,2026-08-22 23:15:00+03:00,36.1212,,
2026-08-18 14:31:20.628113+03:00,2026-08-22 23:30:00+03:00,35.478,,
2026-08-18 14:31:20.628113+03:00,2026-08-22 23:45:00+03:00,35.2594,,
2026-08-18 14:31:20.628113+03:00,2026-08-23 00:00:00+03:00,35.1012,,
2026-08-18 14:31:20.628113+03:00,2026-08-23 00:15:00+03:00,35.3188,,
2026-08-18 14:31:20.628113+03:00,2026-08-23 00:30:00+03:00,35.408,,
2026-08-18 14:31:20.628113+03:00,2026-08-23 00:45:00+03:00,35.8006,,
2026-08-18 14:31:20.628113+03:00,2026-08-23 01:00:00+03:00,35.8053,,
2026-08-18 14:31:20.628113+03:00,2026-08-23 01:15:00+03:00,35.4692,,
2026-08-18 14:31:20.628113+03:00,2026-08-23 01:30:00+03:00,35.4789,,
2026-08-18 14:31:20.628113+03:00,2026-08-23 01:45:00+03:00,35.5906,,
2026-08-18 14:31:20.628113+03:00,2026-08-23 02:00:00+03:00,35.6263,,
2026-08-18 14:31:20.628113+03:00,2026-08-23 02:15:00+03:00,35.653,,
2026-08-18 14:31:20.628113+03:00,2026-08-23 02:30:00+03:00,35.6377,,
2026-08-18 14:31:20.628113+03:00,2026-08-23 02:45:00+03:00,35.6213,,
2026-08-18 14:31:20.628113+03:00,2026-08-23 03:00:00+03:00,35.6235,,
2026-08-18 14:31:20.628113+03:00,2026-08-23 03:15:00+03:00,35.6632,,
2026-08-18 14:31:20.628113+03:00,2026-08-23 03:30:00+03:00,35.6415,,
2026-08-18 14:31:20.628113+03:00,2026-08-23 03:45:00+03:00,35.6455,,
2026-08-18 14:31:20.628113+03:00,2026-08-23 04:00:00+03:00,35.6626,,
2026-08-18 14:31:20.628113+03:00,2026-08-23 04:15:00+03:00,35.7986,,
2026-08-18 14:31:20.628113+03:00,2026-08-23 04:30:00+03:00,35.751,,
2026-08-18 14:31:20.628113+03:00,2026-08-23 04:45:00+03:00,35.7617,,
2026-08-18 14:31:20.628113+03:00,2026-08-23 05:00:00+03:00,35.6817,,
2026-08-18 14:31:20.628113+03:00,2026-08-23 05:15:00+03:00,35.7567,,
2026-08-18 14:31:20.628113+03:00,2026-08-23 05:30:00+03:00,35.7293,,
2026-08-18 14:31:20.628113+03:00,2026-08-23 05:45:00+03:00,35.7126,,
2026-08-18 14:31:20.628113+03:00,2026-08-23 06:00:00+03:00,35.7085,,
2026-08-18 14:31:20.628113+03:00,2026-08-23 06:15:00+03:00,35.8593,,
2026-08-18 14:31:20.628113+03:00,2026-08-23 06:30:00+03:00,36.3231,,
2026-08-18 14:31:20.628113+03:00,2026-08-23 06:45:00+03:00,37.1066,,
2026-08-18 14:31:20.628113+03:00,2026-08-23 07:00:00+03:00,37.7346,,
2026-08-18 14:31:20.628113+03:00,2026-08-23 07:15:00+03:00,38.4436,,
2026-08-18 14:31:20.628113+03:00,2026-08-23 07:30:00+03:00,39.3137,,
2026-08-18 14:31:20.628113+03:00,2026-08-23 07:45:00+03:00,39.6267,,
2026-08-18 14:31:20.628113+03:00,2026-08-23 08:00:00+03:00,40.1497,,
2026-08-18 14:31:20.628113+03:00,2026-08-23 08:15:00+03:00,40.8082,,
2026-08-18 14:31:20.628113+03:00,2026-08-23 08:30:00+03:00,41.0779,,
2026-08-18 14:31:20.628113+03:00,2026-08-23 08:45:00+03:00,40.941,,
2026-08-18 14:31:20.628113+03:00,2026-08-23 09:00:00+03:00,40.9334,,
2026-08-18 14:31:20.628113+03:00,2026-08-23 09:15:00+03:00,40.6886,,
2026-08-18 14:31:20.628113+03:00,2026-08-23 09:30:00+03:00,40.6939,,
2026-08-18 14:31:20.628113+03:00,2026-08-23 09:45:00+03:00,40.7522,,
2026-08-18 14:31:20.628113+03:00,2026-08-23 10:00:00+03:00,40.7413,,
2026-08-18 14:31:20.628113+03:00,2026-08-23 10:15:00+03:00,40.6093,,
2026-08-18 14:31:20.628113+03:00,2026-08-23 10:30:00+03:00,40.638,,
2026-08-18 14:31:20.628113+03:00,2026-08-23 10:45:00+03:00,40.6687,,
2026-08-18 14:31:20.628113+03:00,2026-08-23 11:00:00+03:00,40.7017,,
2026-08-18 14:31:20.628113+03:00,2026-08-23 11:15:00+03:00,40.6167,,
2026-08-18 14:31:20.628113+03:00,2026-08-23 11:30:00+03:00,40.5908,,
2026-08-18 14:31:20.628113+03:00,2026-08-23 11:45:00+03:00,39.9791,,
2026-08-18 14:31:20.628113+03:00,2026-08-23 12:00:00+03:00,39.201,,
2026-08-18 14:31:20.628113+03:00,2026-08-23 12:15:00+03:00,38.6473,,
2026-08-18 14:31:20.628113+03:00,2026-08-23 12:30:00+03:00,37.8208,,
2026-08-18 14:31:20.628113+03:00,2026-08-23 12:45:00+03:00,36.8563,,
2026-08-18 14:31:20.628113+03:00,2026-08-23 13:00:00+03:00,36.4114,,
2026-08-18 14:31:20.628113+03:00,2026-08-23 13:15:00+03:00,36.0301,,
2026-08-18 14:31:20.628113+03:00,2026-08-23 13:30:00+03:00,35.5883,,
2026-08-18 14:31:20.628113+03:00,2026-08-23 13:45:00+03:00,35.5324,,
2026-08-18 14:31:20.628113+03:00,2026-08-23 14:00:00+03:00,35.6051,,
2026-08-18 14:31:20.628113+03:00,2026-08-23 14:15:00+03:00,35.7064,,
2026-08-18 14:31:20.628113+03:00,2026-08-23 14:30:00+03:00,35.6368,,
2026-08-18 14:31:20.628113+03:00,2026-08-23 14:45:00+03:00,35.6549,,
2026-08-18 14:31:20.628113+03:00,2026-08-23 15:00:00+03:00,35.6378,,
2026-08-18 14:31:20.628113+03:00,2026-08-23 15:15:00+03:00,35.7777,,
2026-08-18 14:31:20.628113+03:00,2026-08-23 15:30:00+03:00,35.7134,,
2026-08-18 14:31:20.628113+03:00,2026-08-23 15:45:00+03:00,35.713,,
2026-08-18 14:31:20.628113+03:00,2026-08-23 16:00:00+03:00,35.6511,,
2026-08-18 14:31:20.628113+03:00,2026-08-23 16:15:00+03:00,35.8354,,
2026-08-18 14:31:20.628113+03:00,2026-08-23 16:30:00+03:00,36.1931,,
2026-08-18 14:31:20.628113+03:00,2026-08-23 16:45:00+03:00,36.1193,,
2026-08-18 14:31:20.628113+03:00,2026-08-23 17:00:00+03:00,36.1414,,
2026-08-18 14:31:20.628113+03:00,2026-08-23 17:15:00+03:00,36.2771,,
2026-08-18 14:31:20.628113+03:00,2026-08-23 17:30:00+03:00,36.2081,,
2026-08-18 14:31:20.628113+03:00,2026-08-23 17:45:00+03:00,36.1354,,
2026-08-18 14:31:20.628113+03:00,2026-08-23 18:00:00+03:00,36.1069,,
2026-08-18 14:31:20.628113+03:00,2026-08-23 18:15:00+03:00,36.0612,,
2026-08-18 14:31:20.628113+03:00,2026-08-23 18:30:00+03:00,36.1198,,
2026-08-18 14:31:20.628113+03:00,2026-08-23 18:45:00+03:00,36.1046,,
2026-08-18 14:31:20.628113+03:00,2026-08-23 19:00:00+03:00,36.0771,,
2026-08-18 14:31:20.628113+03:00,2026-08-23 19:15:00+03:00,35.8869,,
2026-08-18 14:31:20.628113+03:00,2026-08-23 19:30:00+03:00,36.0025,,
2026-08-18 14:31:20.628113+03:00,2026-08-23 19:45:00+03:00,36.0529,,
2026-08-18 14:31:20.628113+03:00,2026-08-23 20:00:00+03:00,36.0802,,
2026-08-18 14:31:20.628113+03:00,2026-08-23 20:15:00+03:00,35.7976,,
2026-08-18 14:31:20.628113+03:00,2026-08-23 20:30:00+03:00,35.5217,,
2026-08-18 14:31:20.628113+03:00,2026-08-23 20:45:00+03:00,35.5647,,
2026-08-18 14:31:20.628113+03:00,2026-08-23 21:00:00+03:00,35.5792,,
2026-08-18 14:31:20.628113+03:00,2026-08-23 21:15:00+03:00,35.6906,,
2026-08-18 14:31:20.628113+03:00,2026-08-23 21:30:00+03:00,35.7039,,
2026-08-18 14:31:20.628113+03:00,2026-08-23 21:45:00+03:00,35.7168,,
2026-08-18 14:31:20.628113+03:00,2026-08-23 22:00:00+03:00,35.7316,,
2026-08-18 14:31:20.628113+03:00,2026-08-23 22:15:00+03:00,35.2179,,
2026-08-18 14:31:20.628113+03:00,2026-08-23 22:30:00+03:00,34.9027,,
2026-08-18 14:31:20.628113+03:00,2026-08-23 22:45:00+03:00,34.4256,,
2026-08-18 14:31:20.628113+03:00,2026-08-23 23:00:00+03:00,34.1,,
2026-08-18 14:31:20.628113+03:00,2026-08-23 23:15:00+03:00,33.3154,,
2026-08-18 14:31:20.628113+03:00,2026-08-23 23:30:00+03:00,33.0779,,
2026-08-18 14:31:20.628113+03:00,2026-08-23 23:45:00+03:00,32.7223,,
2026-08-18 14:31:20.628113+03:00,2026-08-24 00:00:00+03:00,32.3534,,
2026-08-18 14:31:20.628113+03:00,2026-08-24 00:15:00+03:00,32.2746,,
2026-08-18 14:31:20.628113+03:00,2026-08-24 00:30:00+03:00,32.31,,
2026-08-18 14:31:20.628113+03:00,2026-08-24 00:45:00+03:00,32.3707,,
2026-08-18 14:31:20.628113+03:00,2026-08-24 01:00:00+03:00,32.3461,,
2026-08-18 14:31:20.628113+03:00,2026-08-24 01:15:00+03:00,32.014,,
2026-08-18 14:31:20.628113+03:00,2026-08-24 01:30:00+03:00,32.0516,,
2026-08-18 14:31:20.628113+03:00,2026-08-24 01:45:00+03:00,32.1735,,
2026-08-18 14:31:20.628113+03:00,2026-08-24 02:00:00+03:00,32.2115,,
2026-08-18 14:31:20.628113+03:00,2026-08-24 02:15:00+03:00,32.2648,,
2026-08-18 14:31:20.628113+03:00,2026-08-24 02:30:00+03:00,32.2521,,
2026-08-18 14:31:20.628113+03:00,2026-08-24 02:45:00+03:00,32.2452,,
2026-08-18 14:31:20.628113+03:00,2026-08-24 03:00:00+03:00,32.2072,,
2026-08-18 14:31:20.628113+03:00,2026-08-24 03:15:00+03:00,32.261,,
2026-08-18 14:31:20.628113+03:00,2026-08-24 03:30:00+03:00,32.2627,,
2026-08-18 14:31:20.628113+03:00,2026-08-24 03:45:00+03:00,32.2616,,
2026-08-18 14:31:20.628113+03:00,2026-08-24 04:00:00+03:00,32.266,,
2026-08-18 14:31:20.628113+03:00,2026-08-24 04:15:00+03:00,32.5208,,
2026-08-18 14:31:20.628113+03:00,2026-08-24 04:30:00+03:00,32.8991,,
2026-08-18 14:31:20.628113+03:00,2026-08-24 04:45:00+03:00,33.4737,,
2026-08-18 14:31:20.628113+03:00,2026-08-24 05:00:00+03:00,34.0877,,
2026-08-18 14:31:20.628113+03:00,2026-08-24 05:15:00+03:00,35.0935,,
2026-08-18 14:31:20.628113+03:00,2026-08-24 05:30:00+03:00,36.1095,,
2026-08-18 14:31:20.628113+03:00,2026-08-24 05:45:00+03:00,37.1109,,
2026-08-18 14:31:20.628113+03:00,2026-08-24 06:00:00+03:00,37.935,,
2026-08-18 14:31:20.628113+03:00,2026-08-24 06:15:00+03:00,39.6664,,
2026-08-18 14:31:20.628113+03:00,2026-08-24 06:30:00+03:00,41.0813,,
2026-08-18 14:31:20.628113+03:00,2026-08-24 06:45:00+03:00,41.9492,,
2026-08-18 14:31:20.628113+03:00,2026-08-24 07:00:00+03:00,43.474,,
2026-08-18 14:31:20.628113+03:00,2026-08-24 07:15:00+03:00,44.9592,,
2026-08-18 14:31:20.628113+03:00,2026-08-24 07:30:00+03:00,46.516,,
2026-08-18 14:31:20.628113+03:00,2026-08-24 07:45:00+03:00,48.1084,,
2026-08-18 14:31:20.628113+03:00,2026-08-24 08:00:00+03:00,49.5504,,
2026-08-18 14:31:20.628113+03:00,2026-08-24 08:15:00+03:00,50.4609,,
2026-08-18 14:31:20.628113+03:00,2026-08-24 08:30:00+03:00,51.3782,,
2026-08-18 14:31:20.628113+03:00,2026-08-24 08:45:00+03:00,51.6394,,
2026-08-18 14:31:20.628113+03:00,2026-08-24 09:00:00+03:00,51.641,,
2026-08-18 14:31:20.628113+03:00,2026-08-24 09:15:00+03:00,51.0444,,
2026-08-18 14:31:20.628113+03:00,2026-08-24 09:30:00+03:00,51.1094,,
2026-08-18 14:31:20.628113+03:00,2026-08-24 09:45:00+03:00,51.172,,
2026-08-18 14:31:20.628113+03:00,2026-08-24 10:00:00+03:00,51.1379,,
2026-08-18 14:31:20.628113+03:00,2026-08-24 10:15:00+03:00,50.9987,,
2026-08-18 14:31:20.628113+03:00,2026-08-24 10:30:00+03:00,51.0867,,
2026-08-18 14:31:20.628113+03:00,2026-08-24 10:45:00+03:00,51.0934,,
2026-08-18 14:31:20.628113+03:00,2026-08-24 11:00:00+03:00,51.0597,,
2026-08-18 14:31:20.628113+03:00,2026-08-24 11:15:00+03:00,50.9604,,
2026-08-18 14:31:20.628113+03:00,2026-08-24 11:30:00+03:00,51.0065,,
2026-08-18 14:31:20.628113+03:00,2026-08-24 11:45:00+03:00,51.0141,,
2026-08-18 14:31:20.628113+03:00,2026-08-24 12:00:00+03:00,51.0291,,
2026-08-18 14:31:20.628113+03:00,2026-08-24 12:15:00+03:00,50.9321,,
2026-08-18 14:31:20.628113+03:00,2026-08-24 12:30:00+03:00,50.0722,,
2026-08-18 14:31:20.628113+03:00,2026-08-24 12:45:00+03:00,49.4427,,
2026-08-18 14:31:20.628113+03:00,2026-08-24 13:00:00+03:00,48.9127,,
2026-08-18 14:31:20.628113+03:00,2026-08-24 13:15:00+03:00,48.1283,,
2026-08-18 14:31:20.628113+03:00,2026-08-24 13:30:00+03:00,47.7368,,
2026-08-18 14:31:20.628113+03:00,2026-08-24 13:45:00+03:00,46.9937,,
2026-08-18 14:31:20.628113+03:00,2026-08-24 14:00:00+03:00,46.4492,,
2026-08-18 14:31:20.628113+03:00,2026-08-24 14:15:00+03:00,46.1121,,
2026-08-18 14:31:20.628113+03:00,2026-08-24 14:30:00+03:00,45.0862,,
2026-08-18 14:31:20.628113+03:00,2026-08-24 14:45:00+03:00,44.732,,
2026-08-18 14:31:20.628113+03:00,2026-08-24 15:00:00+03:00,44.0875,,
2026-08-18 14:31:20.628113+03:00,2026-08-24 15:15:00+03:00,43.5966,,
2026-08-18 14:31:20.628113+03:00,2026-08-24 15:30:00+03:00,42.9274,,
2026-08-18 14:31:20.628113+03:00,2026-08-24 15:45:00+03:00,42.462,,
2026-08-18 14:31:20.628113+03:00,2026-08-24 16:00:00+03:00,42.0501,,
2026-08-18 14:31:20.628113+03:00,2026-08-24 16:15:00+03:00,42.3459,,
2026-08-18 14:31:20.628113+03:00,2026-08-24 16:30:00+03:00,42.2868,,
2026-08-18 14:31:20.628113+03:00,2026-08-24 16:45:00+03:00,42.2274,,
2026-08-18 14:31:20.628113+03:00,2026-08-24 17:00:00+03:00,42.314,,
2026-08-18 14:31:20.628113+03:00,2026-08-24 17:15:00+03:00,42.4392,,
2026-08-18 14:31:20.628113+03:00,2026-08-24 17:30:00+03:00,42.3427,,
2026-08-18 14:31:20.628113+03:00,2026-08-24 17:45:00+03:00,42.2963,,
2026-08-18 14:31:20.628113+03:00,2026-08-24 18:00:00+03:00,42.3218,,
2026-08-18 14:31:20.628113+03:00,2026-08-24 18:15:00+03:00,42.2539,,
2026-08-18 14:31:20.628113+03:00,2026-08-24 18:30:00+03:00,42.2693,,
2026-08-18 14:31:20.628113+03:00,2026-08-24 18:45:00+03:00,42.2568,,
2026-08-18 14:31:20.628113+03:00,2026-08-24 19:00:00+03:00,42.2652,,
2026-08-18 14:31:20.628113+03:00,2026-08-24 19:15:00+03:00,42.1198,,
2026-08-18 14:31:20.628113+03:00,2026-08-24 19:30:00+03:00,42.1258,,
2026-08-18 14:31:20.628113+03:00,2026-08-24 19:45:00+03:00,42.1959,,
2026-08-18 14:31:20.628113+03:00,2026-08-24 20:00:00+03:00,42.2996,,
2026-08-18 14:31:20.628113+03:00,2026-08-24 20:15:00+03:00,41.8571,,
2026-08-18 14:31:20.628113+03:00,2026-08-24 20:30:00+03:00,40.8305,,
2026-08-18 14:31:20.628113+03:00,2026-08-24 20:45:00+03:00,40.3718,,
2026-08-18 14:31:20.628113+03:00,2026-08-24 21:00:00+03:00,39.6925,,
2026-08-18 14:31:20.628113+03:00,2026-08-24 21:15:00+03:00,39.1855,,
2026-08-18 14:31:20.628113+03:00,2026-08-24 21:30:00+03:00,38.7046,,
2026-08-18 14:31:20.628113+03:00,2026-08-24 21:45:00+03:00,38.023,,
2026-08-18 14:31:20.628113+03:00,2026-08-24 22:00:00+03:00,37.5182,,
2026-08-18 14:31:20.628113+03:00,2026-08-24 22:15:00+03:00,36.724,,
2026-08-18 14:31:20.628113+03:00,2026-08-24 22:30:00+03:00,35.8366,,
2026-08-18 14:31:20.628113+03:00,2026-08-24 22:45:00+03:00,35.241,,
2026-08-18 14:31:20.628113+03:00,2026-08-24 23:00:00+03:00,34.5641,,
2026-08-18 14:31:20.628113+03:00,2026-08-24 23:15:00+03:00,33.4691,,
2026-08-18 14:31:20.628113+03:00,2026-08-24 23:30:00+03:00,32.6808,,
2026-08-18 14:31:20.628113+03:00,2026-08-24 23:45:00+03:00,32.0138,,
2026-08-18 14:31:20.628113+03:00,2026-08-25 00:00:00+03:00,31.7796,,
2026-08-18 14:31:20.628113+03:00,2026-08-25 00:15:00+03:00,31.785,,
2026-08-18 14:31:20.628113+03:00,2026-08-25 00:30:00+03:00,31.9914,,
2026-08-18 14:31:20.628113+03:00,2026-08-25 00:45:00+03:00,32.0366,,
2026-08-18 14:31:20.628113+03:00,2026-08-25 01:00:00+03:00,32.465,,
2026-08-18 14:31:20.628113+03:00,2026-08-25 01:15:00+03:00,32.7025,,
2026-08-18 14:31:20.628113+03:00,2026-08-25 01:30:00+03:00,32.4143,,
2026-08-18 14:31:20.628113+03:00,2026-08-25 01:45:00+03:00,32.1526,,
2026-08-18 14:31:20.628113+03:00,2026-08-25 02:00:00+03:00,32.1825,,
2026-08-18 14:31:20.628113+03:00,2026-08-25 02:15:00+03:00,32.2084,,
2026-08-18 14:31:20.628113+03:00,2026-08-25 02:30:00+03:00,32.2468,,
2026-08-18 14:31:20.628113+03:00,2026-08-25 02:45:00+03:00,32.2533,,
2026-08-18 14:31:20.628113+03:00,2026-08-25 03:00:00+03:00,32.2139,,
2026-08-18 14:31:20.628113+03:00,2026-08-25 03:15:00+03:00,32.2641,,
2026-08-18 14:31:20.628113+03:00,2026-08-25 03:30:00+03:00,32.2686,,
2026-08-18 14:31:20.628113+03:00,2026-08-25 03:45:00+03:00,32.2594,,
2026-08-18 14:31:20.628113+03:00,2026-08-25 04:00:00+03:00,32.2664,,
2026-08-18 14:31:20.628113+03:00,2026-08-25 04:15:00+03:00,32.5363,,
2026-08-18 14:31:20.628113+03:00,2026-08-25 04:30:00+03:00,32.9196,,
2026-08-18 14:31:20.628113+03:00,2026-08-25 04:45:00+03:00,33.4384,,
2026-08-18 14:31:20.628113+03:00,2026-08-25 05:00:00+03:00,34.001,,
2026-08-18 14:31:20.628113+03:00,2026-08-25 05:15:00+03:00,35.126,,
2026-08-18 14:31:20.628113+03:00,2026-08-25 05:30:00+03:00,36.1049,,
2026-08-18 14:31:20.628113+03:00,2026-08-25 05:45:00+03:00,37.0626,,
2026-08-18 14:31:20.628113+03:00,2026-08-25 06:00:00+03:00,37.8954,,
2026-08-18 14:31:20.628113+03:00,2026-08-25 06:15:00+03:00,39.7346,,
2026-08-18 14:31:20.628113+03:00,2026-08-25 06:30:00+03:00,41.0693,,
2026-08-18 14:31:20.628113+03:00,2026-08-25 06:45:00+03:00,41.9637,,
2026-08-18 14:31:20.628113+03:00,2026-08-25 07:00:00+03:00,43.4702,,
2026-08-18 14:31:20.628113+03:00,2026-08-25 07:15:00+03:00,45.0655,,
2026-08-18 14:31:20.628113+03:00,2026-08-25 07:30:00+03:00,46.5016,,
2026-08-18 14:31:20.628113+03:00,2026-08-25 07:45:00+03:00,48.1253,,
2026-08-18 14:31:20.628113+03:00,2026-08-25 08:00:00+03:00,49.6012,,
2026-08-18 14:31:20.628113+03:00,2026-08-25 08:15:00+03:00,50.4989,,
2026-08-18 14:31:20.628113+03:00,2026-08-25 08:30:00+03:00,51.4094,,
2026-08-18 14:31:20.628113+03:00,2026-08-25 08:45:00+03:00,51.6986,,
2026-08-18 14:31:20.628113+03:00,2026-08-25 09:00:00+03:00,52.4854,,
2026-08-18 14:31:20.628113+03:00,2026-08-25 09:15:00+03:00,52.5361,,
2026-08-18 14:31:20.628113+03:00,2026-08-25 09:30:00+03:00,52.4963,,
2026-08-18 14:31:20.628113+03:00,2026-08-25 09:45:00+03:00,52.6329,,
2026-08-18 14:31:20.628113+03:00,2026-08-25 10:00:00+03:00,52.5012,,
2026-08-18 14:31:20.628113+03:00,2026-08-25 10:15:00+03:00,52.3471,,
2026-08-18 14:31:20.628113+03:00,2026-08-25 10:30:00+03:00,51.593,,
2026-08-18 14:31:20.628113+03:00,2026-08-25 10:45:00+03:00,50.6823,,
2026-08-18 14:31:20.628113+03:00,2026-08-25 11:00:00+03:00,49.9395,,
2026-08-18 14:31:20.628113+03:00,2026-08-25 11:15:00+03:00,49.2206,,
2026-08-18 14:31:20.628113+03:00,2026-08-25 11:30:00+03:00,48.4358,,
2026-08-18 14:31:20.628113+03:00,2026-08-25 11:45:00+03:00,47.3361,,
2026-08-18 14:31:20.628113+03:00,2026-08-25 12:00:00+03:00,46.2088,,
2026-08-18 14:31:20.628113+03:00,2026-08-25 12:15:00+03:00,45.6307,,
2026-08-18 14:31:20.628113+03:00,2026-08-25 12:30:00+03:00,44.9645,,
2026-08-18 14:31:20.628113+03:00,2026-08-25 12:45:00+03:00,44.5303,,
2026-08-18 14:31:20.628113+03:00,2026-08-25 13:00:00+03:00,43.9811,,
2026-08-18 14:31:20.628113+03:00,2026-08-25 13:15:00+03:00,43.3231,,
2026-08-18 14:31:20.628113+03:00,2026-08-25 13:30:00+03:00,42.5927,,
2026-08-18 14:31:20.628113+03:00,2026-08-25 13:45:00+03:00,42.1924,,
2026-08-18 14:31:20.628113+03:00,2026-08-25 14:00:00+03:00,41.8874,,
2026-08-18 14:31:20.628113+03:00,2026-08-25 14:15:00+03:00,42.1304,,
2026-08-18 14:31:20.628113+03:00,2026-08-25 14:30:00+03:00,42.0861,,
2026-08-18 14:31:20.628113+03:00,2026-08-25 14:45:00+03:00,42.1415,,
2026-08-18 14:31:20.628113+03:00,2026-08-25 15:00:00+03:00,42.1691,,
2026-08-18 14:31:20.628113+03:00,2026-08-25 15:15:00+03:00,42.2607,,
2026-08-18 14:31:20.628113+03:00,2026-08-25 15:30:00+03:00,42.2083,,
2026-08-18 14:31:20.628113+03:00,2026-08-25 15:45:00+03:00,42.2101,,
2026-08-18 14:31:20.628113+03:00,2026-08-25 16:00:00+03:00,42.1961,,
2026-08-18 14:31:20.628113+03:00,2026-08-25 16:15:00+03:00,42.3549,,
2026-08-18 14:31:20.628113+03:00,2026-08-25 16:30:00+03:00,42.2592,,
2026-08-18 14:31:20.628113+03:00,2026-08-25 16:45:00+03:00,42.2068,,
2026-08-18 14:31:20.628113+03:00,2026-08-25 17:00:00+03:00,42.2647,,
2026-08-18 14:31:20.628113+03:00,2026-08-25 17:15:00+03:00,42.3689,,
2026-08-18 14:31:20.628113+03:00,2026-08-25 17:30:00+03:00,42.2574,,
2026-08-18 14:31:20.628113+03:00,2026-08-25 17:45:00+03:00,42.2336,,
2026-08-18 14:31:20.628113+03:00,2026-08-25 18:00:00+03:00,42.2881,,
2026-08-18 14:31:20.628113+03:00,2026-08-25 18:15:00+03:00,42.2383,,
2026-08-18 14:31:20.628113+03:00,2026-08-25 18:30:00+03:00,42.2308,,
2026-08-18 14:31:20.628113+03:00,2026-08-25 18:45:00+03:00,42.2333,,
2026-08-18 14:31:20.628113+03:00,2026-08-25 19:00:00+03:00,42.2453,,
2026-08-18 14:31:20.628113+03:00,2026-08-25 19:15:00+03:00,42.1488,,
2026-08-18 14:31:20.628113+03:00,2026-08-25 19:30:00+03:00,42.1418,,
2026-08-18 14:31:20.628113+03:00,2026-08-25 19:45:00+03:00,42.2258,,
2026-08-18 14:31:20.628113+03:00,2026-08-25 20:00:00+03:00,42.2605,,
2026-08-18 14:31:20.628113+03:00,2026-08-25 20:15:00+03:00,41.8524,,
2026-08-18 14:31:20.628113+03:00,2026-08-25 20:30:00+03:00,40.8326,,
2026-08-18 14:31:20.628113+03:00,2026-08-25 20:45:00+03:00,40.3374,,
2026-08-18 14:31:20.628113+03:00,2026-08-25 21:00:00+03:00,39.6364,,
2026-08-18 14:31:20.628113+03:00,2026-08-25 21:15:00+03:00,39.1433,,
2026-08-18 14:31:20.628113+03:00,2026-08-25 21:30:00+03:00,38.6732,,
2026-08-18 14:31:20.628113+03:00,2026-08-25 21:45:00+03:00,37.9663,,
2026-08-18 14:31:20.628113+03:00,2026-08-25 22:00:00+03:00,37.5196,,
2026-08-18 14:31:20.628113+03:00,2026-08-25 22:15:00+03:00,36.7029,,
2026-08-18 14:31:20.628113+03:00,2026-08-25 22:30:00+03:00,35.8032,,
2026-08-18 14:31:20.628113+03:00,2026-08-25 22:45:00+03:00,34.7703,,
2026-08-18 14:31:20.628113+03:00,2026-08-25 23:00:00+03:00,34.004,,
2026-08-18 14:31:20.628113+03:00,2026-08-25 23:15:00+03:00,33.0275,,
2026-08-18 14:31:20.628113+03:00,2026-08-25 23:30:00+03:00,32.2395,,
2026-08-18 14:31:20.628113+03:00,2026-08-25 23:45:00+03:00,31.4986,,
2026-08-19 14:31:52.152945+03:00,2026-08-20 00:00:00+03:00,76.952,,
2026-08-19 14:31:52.152945+03:00,2026-08-20 00:15:00+03:00,74.0118,,
2026-08-19 14:31:52.152945+03:00,2026-08-20 00:30:00+03:00,74.5388,,
2026-08-19 14:31:52.152945+03:00,2026-08-20 00:45:00+03:00,74.0067,,
2026-08-19 14:31:52.152945+03:00,2026-08-20 01:00:00+03:00,74.8395,,
2026-08-19 14:31:52.152945+03:00,2026-08-20 01:15:00+03:00,75.6601,,
2026-08-19 14:31:52.152945+03:00,2026-08-20 01:30:00+03:00,75.8099,,
2026-08-19 14:31:52.152945+03:00,2026-08-20 01:45:00+03:00,75.7913,,
2026-08-19 14:31:52.152945+03:00,2026-08-20 02:00:00+03:00,76.0065,,
2026-08-19 14:31:52.152945+03:00,2026-08-20 02:15:00+03:00,76.11,,
2026-08-19 14:31:52.152945+03:00,2026-08-20 02:30:00+03:00,76.0158,,
2026-08-19 14:31:52.152945+03:00,2026-08-20 02:45:00+03:00,75.9386,,
2026-08-19 14:31:52.152945+03:00,2026-08-20 03:00:00+03:00,76.1443,,
2026-08-19 14:31:52.152945+03:00,2026-08-20 03:15:00+03:00,76.2425,,
2026-08-19 14:31:52.152945+03:00,2026-08-20 03:30:00+03:00,76.1012,,
2026-08-19 14:31:52.152945+03:00,2026-08-20 03:45:00+03:00,76.0176,,
2026-08-19 14:31:52.152945+03:00,2026-08-20 04:00:00+03:00,75.9793,,
2026-08-19 14:31:52.152945+03:00,2026-08-20 04:15:00+03:00,76.8087,,
2026-08-19 14:31:52.152945+03:00,2026-08-20 04:30:00+03:00,76.7534,,
2026-08-19 14:31:52.152945+03:00,2026-08-20 04:45:00+03:00,76.6266,,
2026-08-19 14:31:52.152945+03:00,2026-08-20 05:00:00+03:00,76.3224,,
2026-08-19 14:31:52.152945+03:00,2026-08-20 05:15:00+03:00,77.9323,,
2026-08-19 14:31:52.152945+03:00,2026-08-20 05:30:00+03:00,79.0855,,
2026-08-19 14:31:52.152945+03:00,2026-08-20 05:45:00+03:00,79.569,,
2026-08-19 14:31:52.152945+03:00,2026-08-20 06:00:00+03:00,80.7924,,
2026-08-19 14:31:52.152945+03:00,2026-08-20 06:15:00+03:00,83.8239,,
2026-08-19 14:31:52.152945+03:00,2026-08-20 06:30:00+03:00,87.1884,,
2026-08-19 14:31:52.152945+03:00,2026-08-20 06:45:00+03:00,90.392,,
2026-08-19 14:31:52.152945+03:00,2026-08-20 07:00:00+03:00,94.5003,,
2026-08-19 14:31:52.152945+03:00,2026-08-20 07:15:00+03:00,99.8071,,
2026-08-19 14:31:52.152945+03:00,2026-08-20 07:30:00+03:00,105.7439,,
2026-08-19 14:31:52.152945+03:00,2026-08-20 07:45:00+03:00,110.9646,,
2026-08-19 14:31:52.152945+03:00,2026-08-20 08:00:00+03:00,115.8079,,
2026-08-19 14:31:52.152945+03:00,2026-08-20 08:15:00+03:00,116.4931,,
2026-08-19 14:31:52.152945+03:00,2026-08-20 08:30:00+03:00,117.8521,,
2026-08-19 14:31:52.152945+03:00,2026-08-20 08:45:00+03:00,117.6869,,
2026-08-19 14:31:52.152945+03:00,2026-08-20 09:00:00+03:00,117.3017,,
2026-08-19 14:31:52.152945+03:00,2026-08-20 09:15:00+03:00,116.1202,,
2026-08-19 14:31:52.152945+03:00,2026-08-20 09:30:00+03:00,115.1093,,
2026-08-19 14:31:52.152945+03:00,2026-08-20 09:45:00+03:00,115.5526,,
2026-08-19 14:31:52.152945+03:00,2026-08-20 10:00:00+03:00,115.4617,,
2026-08-19 14:31:52.152945+03:00,2026-08-20 10:15:00+03:00,115.189,,
2026-08-19 14:31:52.152945+03:00,2026-08-20 10:30:00+03:00,115.4034,,
2026-08-19 14:31:52.152945+03:00,2026-08-20 10:45:00+03:00,115.5029,,
2026-08-19 14:31:52.152945+03:00,2026-08-20 11:00:00+03:00,115.393,,
2026-08-19 14:31:52.152945+03:00,2026-08-20 11:15:00+03:00,115.1304,,
2026-08-19 14:31:52.152945+03:00,2026-08-20 11:30:00+03:00,115.1485,,
2026-08-19 14:31:52.152945+03:00,2026-08-20 11:45:00+03:00,115.2228,,
2026-08-19 14:31:52.152945+03:00,2026-08-20 12:00:00+03:00,115.4672,,
2026-08-19 14:31:52.152945+03:00,2026-08-20 12:15:00+03:00,115.0485,,
2026-08-19 14:31:52.152945+03:00,2026-08-20 12:30:00+03:00,115.1612,,
2026-08-19 14:31:52.152945+03:00,2026-08-20 12:45:00+03:00,115.2077,,
2026-08-19 14:31:52.152945+03:00,2026-08-20 13:00:00+03:00,115.4605,,
2026-08-19 14:31:52.152945+03:00,2026-08-20 13:15:00+03:00,115.0378,,
2026-08-19 14:31:52.152945+03:00,2026-08-20 13:30:00+03:00,115.1249,,
2026-08-19 14:31:52.152945+03:00,2026-08-20 13:45:00+03:00,115.0916,,
2026-08-19 14:31:52.152945+03:00,2026-08-20 14:00:00+03:00,115.4278,,
2026-08-19 14:31:52.152945+03:00,2026-08-20 14:15:00+03:00,115.2687,,
2026-08-19 14:31:52.152945+03:00,2026-08-20 14:30:00+03:00,115.3684,,
2026-08-19 14:31:52.152945+03:00,2026-08-20 14:45:00+03:00,115.4407,,
2026-08-19 14:31:52.152945+03:00,2026-08-20 15:00:00+03:00,115.6328,,
2026-08-19 14:31:52.152945+03:00,2026-08-20 15:15:00+03:00,115.6986,,
2026-08-19 14:31:52.152945+03:00,2026-08-20 15:30:00+03:00,115.7093,,
2026-08-19 14:31:52.152945+03:00,2026-08-20 15:45:00+03:00,115.7803,,
2026-08-19 14:31:52.152945+03:00,2026-08-20 16:00:00+03:00,115.8206,,
2026-08-19 14:31:52.152945+03:00,2026-08-20 16:15:00+03:00,116.5863,,
2026-08-19 14:31:52.152945+03:00,2026-08-20 16:30:00+03:00,117.7072,,
2026-08-19 14:31:52.152945+03:00,2026-08-20 16:45:00+03:00,117.4907,,
2026-08-19 14:31:52.152945+03:00,2026-08-20 17:00:00+03:00,117.2102,,
2026-08-19 14:31:52.152945+03:00,2026-08-20 17:15:00+03:00,117.8036,,
2026-08-19 14:31:52.152945+03:00,2026-08-20 17:30:00+03:00,117.5818,,
2026-08-19 14:31:52.152945+03:00,2026-08-20 17:45:00+03:00,117.5078,,
2026-08-19 14:31:52.152945+03:00,2026-08-20 18:00:00+03:00,117.379,,
2026-08-19 14:31:52.152945+03:00,2026-08-20 18:15:00+03:00,118.1051,,
2026-08-19 14:31:52.152945+03:00,2026-08-20 18:30:00+03:00,117.915,,
2026-08-19 14:31:52.152945+03:00,2026-08-20 18:45:00+03:00,117.8138,,
2026-08-19 14:31:52.152945+03:00,2026-08-20 19:00:00+03:00,117.4869,,
2026-08-19 14:31:52.152945+03:00,2026-08-20 19:15:00+03:00,117.1457,,
2026-08-19 14:31:52.152945+03:00,2026-08-20 19:30:00+03:00,117.1312,,
2026-08-19 14:31:52.152945+03:00,2026-08-20 19:45:00+03:00,116.9594,,
2026-08-19 14:31:52.152945+03:00,2026-08-20 20:00:00+03:00,116.8895,,
2026-08-19 14:31:52.152945+03:00,2026-08-20 20:15:00+03:00,115.0033,,
2026-08-19 14:31:52.152945+03:00,2026-08-20 20:30:00+03:00,114.4791,,
2026-08-19 14:31:52.152945+03:00,2026-08-20 20:45:00+03:00,112.6348,,
2026-08-19 14:31:52.152945+03:00,2026-08-20 21:00:00+03:00,111.0864,,
2026-08-19 14:31:52.152945+03:00,2026-08-20 21:15:00+03:00,109.829,,
2026-08-19 14:31:52.152945+03:00,2026-08-20 21:30:00+03:00,107.8316,,
2026-08-19 14:31:52.152945+03:00,2026-08-20 21:45:00+03:00,107.012,,
2026-08-19 14:31:52.152945+03:00,2026-08-20 22:00:00+03:00,105.7416,,
2026-08-19 14:31:52.152945+03:00,2026-08-20 22:15:00+03:00,102.2159,,
2026-08-19 14:31:52.152945+03:00,2026-08-20 22:30:00+03:00,98.6882,,
2026-08-19 14:31:52.152945+03:00,2026-08-20 22:45:00+03:00,95.6055,,
2026-08-19 14:31:52.152945+03:00,2026-08-20 23:00:00+03:00,91.0411,,
2026-08-19 14:31:52.152945+03:00,2026-08-20 23:15:00+03:00,86.3527,,
2026-08-19 14:31:52.152945+03:00,2026-08-20 23:30:00+03:00,81.8092,,
2026-08-19 14:31:52.152945+03:00,2026-08-20 23:45:00+03:00,77.2411,,
2026-08-19 14:31:52.152945+03:00,2026-08-21 00:00:00+03:00,73.1129,,
2026-08-19 14:31:52.152945+03:00,2026-08-21 00:15:00+03:00,71.3514,,
2026-08-19 14:31:52.152945+03:00,2026-08-21 00:30:00+03:00,69.3197,,
2026-08-19 14:31:52.152945+03:00,2026-08-21 00:45:00+03:00,68.5,,
2026-08-19 14:31:52.152945+03:00,2026-08-21 01:00:00+03:00,67.901,,
2026-08-19 14:31:52.152945+03:00,2026-08-21 01:15:00+03:00,66.8423,,
2026-08-19 14:31:52.152945+03:00,2026-08-21 01:30:00+03:00,65.905,,
2026-08-19 14:31:52.152945+03:00,2026-08-21 01:45:00+03:00,65.5476,,
2026-08-19 14:31:52.152945+03:00,2026-08-21 02:00:00+03:00,65.8758,,
2026-08-19 14:31:52.152945+03:00,2026-08-21 02:15:00+03:00,66.079,,
2026-08-19 14:31:52.152945+03:00,2026-08-21 02:30:00+03:00,66.0327,,
2026-08-19 14:31:52.152945+03:00,2026-08-21 02:45:00+03:00,66.0138,,
2026-08-19 14:31:52.152945+03:00,2026-08-21 03:00:00+03:00,66.0032,,
2026-08-19 14:31:52.152945+03:00,2026-08-21 03:15:00+03:00,66.228,,
2026-08-19 14:31:52.152945+03:00,2026-08-21 03:30:00+03:00,66.1197,,
2026-08-19 14:31:52.152945+03:00,2026-08-21 03:45:00+03:00,66.1238,,
2026-08-19 14:31:52.152945+03:00,2026-08-21 04:00:00+03:00,66.1085,,
2026-08-19 14:31:52.152945+03:00,2026-08-21 04:15:00+03:00,66.7049,,
2026-08-19 14:31:52.152945+03:00,2026-08-21 04:30:00+03:00,67.0894,,
2026-08-19 14:31:52.152945+03:00,2026-08-21 04:45:00+03:00,67.0998,,
2026-08-19 14:31:52.152945+03:00,2026-08-21 05:00:00+03:00,67.0239,,
2026-08-19 14:31:52.152945+03:00,2026-08-21 05:15:00+03:00,68.5103,,
2026-08-19 14:31:52.152945+03:00,2026-08-21 05:30:00+03:00,69.6596,,
2026-08-19 14:31:52.152945+03:00,2026-08-21 05:45:00+03:00,70.1025,,
2026-08-19 14:31:52.152945+03:00,2026-08-21 06:00:00+03:00,71.4482,,
2026-08-19 14:31:52.152945+03:00,2026-08-21 06:15:00+03:00,73.6832,,
2026-08-19 14:31:52.152945+03:00,2026-08-21 06:30:00+03:00,76.9985,,
2026-08-19 14:31:52.152945+03:00,2026-08-21 06:45:00+03:00,79.0633,,
2026-08-19 14:31:52.152945+03:00,2026-08-21 07:00:00+03:00,81.721,,
2026-08-19 14:31:52.152945+03:00,2026-08-21 07:15:00+03:00,85.7377,,
2026-08-19 14:31:52.152945+03:00,2026-08-21 07:30:00+03:00,89.295,,
2026-08-19 14:31:52.152945+03:00,2026-08-21 07:45:00+03:00,95.2431,,
2026-08-19 14:31:52.152945+03:00,2026-08-21 08:00:00+03:00,99.9818,,
2026-08-19 14:31:52.152945+03:00,2026-08-21 08:15:00+03:00,100.8379,,
2026-08-19 14:31:52.152945+03:00,2026-08-21 08:30:00+03:00,101.4329,,
2026-08-19 14:31:52.152945+03:00,2026-08-21 08:45:00+03:00,102.4092,,
2026-08-19 14:31:52.152945+03:00,2026-08-21 09:00:00+03:00,103.22,,
2026-08-19 14:31:52.152945+03:00,2026-08-21 09:15:00+03:00,102.2929,,
2026-08-19 14:31:52.152945+03:00,2026-08-21 09:30:00+03:00,101.0488,,
2026-08-19 14:31:52.152945+03:00,2026-08-21 09:45:00+03:00,99.5872,,
2026-08-19 14:31:52.152945+03:00,2026-08-21 10:00:00+03:00,98.8562,,
2026-08-19 14:31:52.152945+03:00,2026-08-21 10:15:00+03:00,97.9133,,
2026-08-19 14:31:52.152945+03:00,2026-08-21 10:30:00+03:00,96.3684,,
2026-08-19 14:31:52.152945+03:00,2026-08-21 10:45:00+03:00,95.3613,,
2026-08-19 14:31:52.152945+03:00,2026-08-21 11:00:00+03:00,94.3245,,
2026-08-19 14:31:52.152945+03:00,2026-08-21 11:15:00+03:00,93.0479,,
2026-08-19 14:31:52.152945+03:00,2026-08-21 11:30:00+03:00,92.3335,,
2026-08-19 14:31:52.152945+03:00,2026-08-21 11:45:00+03:00,91.5464,,
2026-08-19 14:31:52.152945+03:00,2026-08-21 12:00:00+03:00,91.4275,,
2026-08-19 14:31:52.152945+03:00,2026-08-21 12:15:00+03:00,91.2635,,
2026-08-19 14:31:52.152945+03:00,2026-08-21 12:30:00+03:00,90.4781,,
2026-08-19 14:31:52.152945+03:00,2026-08-21 12:45:00+03:00,90.6428,,
2026-08-19 14:31:52.152945+03:00,2026-08-21 13:00:00+03:00,90.5612,,
2026-08-19 14:31:52.152945+03:00,2026-08-21 13:15:00+03:00,90.551,,
2026-08-19 14:31:52.152945+03:00,2026-08-21 13:30:00+03:00,90.6419,,
2026-08-19 14:31:52.152945+03:00,2026-08-21 13:45:00+03:00,90.6764,,
2026-08-19 14:31:52.152945+03:00,2026-08-21 14:00:00+03:00,90.7097,,
2026-08-19 14:31:52.152945+03:00,2026-08-21 14:15:00+03:00,90.7697,,
2026-08-19 14:31:52.152945+03:00,2026-08-21 14:30:00+03:00,90.741,,
2026-08-19 14:31:52.152945+03:00,2026-08-21 14:45:00+03:00,90.726,,
2026-08-19 14:31:52.152945+03:00,2026-08-21 15:00:00+03:00,90.7412,,
2026-08-19 14:31:52.152945+03:00,2026-08-21 15:15:00+03:00,91.0531,,
2026-08-19 14:31:52.152945+03:00,2026-08-21 15:30:00+03:00,90.7828,,
2026-08-19 14:31:52.152945+03:00,2026-08-21 15:45:00+03:00,90.7966,,
2026-08-19 14:31:52.152945+03:00,2026-08-21 16:00:00+03:00,90.9548,,
2026-08-19 14:31:52.152945+03:00,2026-08-21 16:15:00+03:00,91.4731,,
2026-08-19 14:31:52.152945+03:00,2026-08-21 16:30:00+03:00,91.9924,,
2026-08-19 14:31:52.152945+03:00,2026-08-21 16:45:00+03:00,91.8441,,
2026-08-19 14:31:52.152945+03:00,2026-08-21 17:00:00+03:00,91.9625,,
2026-08-19 14:31:52.152945+03:00,2026-08-21 17:15:00+03:00,92.6961,,
2026-08-19 14:31:52.152945+03:00,2026-08-21 17:30:00+03:00,93.4768,,
2026-08-19 14:31:52.152945+03:00,2026-08-21 17:45:00+03:00,93.0745,,
2026-08-19 14:31:52.152945+03:00,2026-08-21 18:00:00+03:00,93.1138,,
2026-08-19 14:31:52.152945+03:00,2026-08-21 18:15:00+03:00,93.432,,
2026-08-19 14:31:52.152945+03:00,2026-08-21 18:30:00+03:00,93.1996,,
2026-08-19 14:31:52.152945+03:00,2026-08-21 18:45:00+03:00,93.1525,,
2026-08-19 14:31:52.152945+03:00,2026-08-21 19:00:00+03:00,93.089,,
2026-08-19 14:31:52.152945+03:00,2026-08-21 19:15:00+03:00,92.5163,,
2026-08-19 14:31:52.152945+03:00,2026-08-21 19:30:00+03:00,92.7578,,
2026-08-19 14:31:52.152945+03:00,2026-08-21 19:45:00+03:00,92.9142,,
2026-08-19 14:31:52.152945+03:00,2026-08-21 20:00:00+03:00,92.8527,,
2026-08-19 14:31:52.152945+03:00,2026-08-21 20:15:00+03:00,91.6371,,
2026-08-19 14:31:52.152945+03:00,2026-08-21 20:30:00+03:00,90.2979,,
2026-08-19 14:31:52.152945+03:00,2026-08-21 20:45:00+03:00,89.4845,,
2026-08-19 14:31:52.152945+03:00,2026-08-21 21:00:00+03:00,88.415,,
2026-08-19 14:31:52.152945+03:00,2026-08-21 21:15:00+03:00,86.8813,,
2026-08-19 14:31:52.152945+03:00,2026-08-21 21:30:00+03:00,84.9135,,
2026-08-19 14:31:52.152945+03:00,2026-08-21 21:45:00+03:00,82.4864,,
2026-08-19 14:31:52.152945+03:00,2026-08-21 22:00:00+03:00,80.1677,,
2026-08-19 14:31:52.152945+03:00,2026-08-21 22:15:00+03:00,78.1677,,
2026-08-19 14:31:52.152945+03:00,2026-08-21 22:30:00+03:00,75.8216,,
2026-08-19 14:31:52.152945+03:00,2026-08-21 22:45:00+03:00,74.0169,,
2026-08-19 14:31:52.152945+03:00,2026-08-21 23:00:00+03:00,72.3065,,
2026-08-19 14:31:52.152945+03:00,2026-08-21 23:15:00+03:00,69.8678,,
2026-08-19 14:31:52.152945+03:00,2026-08-21 23:30:00+03:00,68.1633,,
2026-08-19 14:31:52.152945+03:00,2026-08-21 23:45:00+03:00,66.8553,,
2026-08-19 14:31:52.152945+03:00,2026-08-22 00:00:00+03:00,65.3202,,
2026-08-19 14:31:52.152945+03:00,2026-08-22 00:15:00+03:00,64.3911,,
2026-08-19 14:31:52.152945+03:00,2026-08-22 00:30:00+03:00,63.8071,,
2026-08-19 14:31:52.152945+03:00,2026-08-22 00:45:00+03:00,64.129,,
2026-08-19 14:31:52.152945+03:00,2026-08-22 01:00:00+03:00,63.9211,,
2026-08-19 14:31:52.152945+03:00,2026-08-22 01:15:00+03:00,63.6876,,
2026-08-19 14:31:52.152945+03:00,2026-08-22 01:30:00+03:00,62.984,,
2026-08-19 14:31:52.152945+03:00,2026-08-22 01:45:00+03:00,63.0779,,
2026-08-19 14:31:52.152945+03:00,2026-08-22 02:00:00+03:00,63.203,,
2026-08-19 14:31:52.152945+03:00,2026-08-22 02:15:00+03:00,63.3839,,
2026-08-19 14:31:52.152945+03:00,2026-08-22 02:30:00+03:00,63.3155,,
2026-08-19 14:31:52.152945+03:00,2026-08-22 02:45:00+03:00,63.3107,,
2026-08-19 14:31:52.152945+03:00,2026-08-22 03:00:00+03:00,63.3432,,
2026-08-19 14:31:52.152945+03:00,2026-08-22 03:15:00+03:00,63.4342,,
2026-08-19 14:31:52.152945+03:00,2026-08-22 03:30:00+03:00,63.3581,,
2026-08-19 14:31:52.152945+03:00,2026-08-22 03:45:00+03:00,63.3426,,
2026-08-19 14:31:52.152945+03:00,2026-08-22 04:00:00+03:00,63.3006,,
2026-08-19 14:31:52.152945+03:00,2026-08-22 04:15:00+03:00,63.5443,,
2026-08-19 14:31:52.152945+03:00,2026-08-22 04:30:00+03:00,63.4523,,
2026-08-19 14:31:52.152945+03:00,2026-08-22 04:45:00+03:00,63.4318,,
2026-08-19 14:31:52.152945+03:00,2026-08-22 05:00:00+03:00,63.41,,
2026-08-19 14:31:52.152945+03:00,2026-08-22 05:15:00+03:00,63.629,,
2026-08-19 14:31:52.152945+03:00,2026-08-22 05:30:00+03:00,63.5522,,
2026-08-19 14:31:52.152945+03:00,2026-08-22 05:45:00+03:00,63.4352,,
2026-08-19 14:31:52.152945+03:00,2026-08-22 06:00:00+03:00,63.4393,,
2026-08-19 14:31:52.152945+03:00,2026-08-22 06:15:00+03:00,63.7894,,
2026-08-19 14:31:52.152945+03:00,2026-08-22 06:30:00+03:00,64.3502,,
2026-08-19 14:31:52.152945+03:00,2026-08-22 06:45:00+03:00,64.197,,
2026-08-19 14:31:52.152945+03:00,2026-08-22 07:00:00+03:00,64.2187,,
2026-08-19 14:31:52.152945+03:00,2026-08-22 07:15:00+03:00,64.7792,,
2026-08-19 14:31:52.152945+03:00,2026-08-22 07:30:00+03:00,65.0235,,
2026-08-19 14:31:52.152945+03:00,2026-08-22 07:45:00+03:00,64.7822,,
2026-08-19 14:31:52.152945+03:00,2026-08-22 08:00:00+03:00,64.7187,,
2026-08-19 14:31:52.152945+03:00,2026-08-22 08:15:00+03:00,64.857,,
2026-08-19 14:31:52.152945+03:00,2026-08-22 08:30:00+03:00,64.7157,,
2026-08-19 14:31:52.152945+03:00,2026-08-22 08:45:00+03:00,64.7208,,
2026-08-19 14:31:52.152945+03:00,2026-08-22 09:00:00+03:00,64.6728,,
2026-08-19 14:31:52.152945+03:00,2026-08-22 09:15:00+03:00,64.4098,,
2026-08-19 14:31:52.152945+03:00,2026-08-22 09:30:00+03:00,63.7754,,
2026-08-19 14:31:52.152945+03:00,2026-08-22 09:45:00+03:00,63.8926,,
2026-08-19 14:31:52.152945+03:00,2026-08-22 10:00:00+03:00,63.914,,
2026-08-19 14:31:52.152945+03:00,2026-08-22 10:15:00+03:00,63.7999,,
2026-08-19 14:31:52.152945+03:00,2026-08-22 10:30:00+03:00,63.891,,
2026-08-19 14:31:52.152945+03:00,2026-08-22 10:45:00+03:00,63.8998,,
2026-08-19 14:31:52.152945+03:00,2026-08-22 11:00:00+03:00,63.9113,,
2026-08-19 14:31:52.152945+03:00,2026-08-22 11:15:00+03:00,63.7407,,
2026-08-19 14:31:52.152945+03:00,2026-08-22 11:30:00+03:00,63.8363,,
2026-08-19 14:31:52.152945+03:00,2026-08-22 11:45:00+03:00,63.8551,,
2026-08-19 14:31:52.152945+03:00,2026-08-22 12:00:00+03:00,63.8779,,
2026-08-19 14:31:52.152945+03:00,2026-08-22 12:15:00+03:00,63.6611,,
2026-08-19 14:31:52.152945+03:00,2026-08-22 12:30:00+03:00,62.9675,,
2026-08-19 14:31:52.152945+03:00,2026-08-22 12:45:00+03:00,63.0194,,
2026-08-19 14:31:52.152945+03:00,2026-08-22 13:00:00+03:00,63.0457,,
2026-08-19 14:31:52.152945+03:00,2026-08-22 13:15:00+03:00,62.9455,,
2026-08-19 14:31:52.152945+03:00,2026-08-22 13:30:00+03:00,63.0481,,
2026-08-19 14:31:52.152945+03:00,2026-08-22 13:45:00+03:00,63.0738,,
2026-08-19 14:31:52.152945+03:00,2026-08-22 14:00:00+03:00,63.1868,,
2026-08-19 14:31:52.152945+03:00,2026-08-22 14:15:00+03:00,63.28,,
2026-08-19 14:31:52.152945+03:00,2026-08-22 14:30:00+03:00,63.2636,,
2026-08-19 14:31:52.152945+03:00,2026-08-22 14:45:00+03:00,63.2674,,
2026-08-19 14:31:52.152945+03:00,2026-08-22 15:00:00+03:00,63.2591,,
2026-08-19 14:31:52.152945+03:00,2026-08-22 15:15:00+03:00,63.4976,,
2026-08-19 14:31:52.152945+03:00,2026-08-22 15:30:00+03:00,63.3654,,
2026-08-19 14:31:52.152945+03:00,2026-08-22 15:45:00+03:00,63.3609,,
2026-08-19 14:31:52.152945+03:00,2026-08-22 16:00:00+03:00,63.3567,,
2026-08-19 14:31:52.152945+03:00,2026-08-22 16:15:00+03:00,63.5597,,
2026-08-19 14:31:52.152945+03:00,2026-08-22 16:30:00+03:00,63.4231,,
2026-08-19 14:31:52.152945+03:00,2026-08-22 16:45:00+03:00,63.338,,
2026-08-19 14:31:52.152945+03:00,2026-08-22 17:00:00+03:00,63.355,,
2026-08-19 14:31:52.152945+03:00,2026-08-22 17:15:00+03:00,63.7326,,
2026-08-19 14:31:52.152945+03:00,2026-08-22 17:30:00+03:00,64.2667,,
2026-08-19 14:31:52.152945+03:00,2026-08-22 17:45:00+03:00,64.0792,,
2026-08-19 14:31:52.152945+03:00,2026-08-22 18:00:00+03:00,64.2059,,
2026-08-19 14:31:52.152945+03:00,2026-08-22 18:15:00+03:00,64.1396,,
2026-08-19 14:31:52.152945+03:00,2026-08-22 18:30:00+03:00,64.1326,,
2026-08-19 14:31:52.152945+03:00,2026-08-22 18:45:00+03:00,64.0385,,
2026-08-19 14:31:52.152945+03:00,2026-08-22 19:00:00+03:00,64.1473,,
2026-08-19 14:31:52.152945+03:00,2026-08-22 19:15:00+03:00,63.5589,,
2026-08-19 14:31:52.152945+03:00,2026-08-22 19:30:00+03:00,62.9913,,
2026-08-19 14:31:52.152945+03:00,2026-08-22 19:45:00+03:00,63.051,,
2026-08-19 14:31:52.152945+03:00,2026-08-22 20:00:00+03:00,62.9784,,
2026-08-19 14:31:52.152945+03:00,2026-08-22 20:15:00+03:00,62.0911,,
2026-08-19 14:31:52.152945+03:00,2026-08-22 20:30:00+03:00,61.1332,,
2026-08-19 14:31:52.152945+03:00,2026-08-22 20:45:00+03:00,60.1047,,
2026-08-19 14:31:52.152945+03:00,2026-08-22 21:00:00+03:00,59.2267,,
2026-08-19 14:31:52.152945+03:00,2026-08-22 21:15:00+03:00,58.5231,,
2026-08-19 14:31:52.152945+03:00,2026-08-22 21:30:00+03:00,57.6023,,
2026-08-19 14:31:52.152945+03:00,2026-08-22 21:45:00+03:00,57.3642,,
2026-08-19 14:31:52.152945+03:00,2026-08-22 22:00:00+03:00,56.4318,,
2026-08-19 14:31:52.152945+03:00,2026-08-22 22:15:00+03:00,55.1596,,
2026-08-19 14:31:52.152945+03:00,2026-08-22 22:30:00+03:00,54.1027,,
2026-08-19 14:31:52.152945+03:00,2026-08-22 22:45:00+03:00,53.1219,,
2026-08-19 14:31:52.152945+03:00,2026-08-22 23:00:00+03:00,50.8454,,
2026-08-19 14:31:52.152945+03:00,2026-08-22 23:15:00+03:00,48.5465,,
2026-08-19 14:31:52.152945+03:00,2026-08-22 23:30:00+03:00,45.5972,,
2026-08-19 14:31:52.152945+03:00,2026-08-22 23:45:00+03:00,42.6326,,
2026-08-19 14:31:52.152945+03:00,2026-08-23 00:00:00+03:00,40.5234,,
2026-08-19 14:31:52.152945+03:00,2026-08-23 00:15:00+03:00,39.554,,
2026-08-19 14:31:52.152945+03:00,2026-08-23 00:30:00+03:00,38.276,,
2026-08-19 14:31:52.152945+03:00,2026-08-23 00:45:00+03:00,37.5631,,
2026-08-19 14:31:52.152945+03:00,2026-08-23 01:00:00+03:00,37.2526,,
2026-08-19 14:31:52.152945+03:00,2026-08-23 01:15:00+03:00,36.3932,,
2026-08-19 14:31:52.152945+03:00,2026-08-23 01:30:00+03:00,36.223,,
2026-08-19 14:31:52.152945+03:00,2026-08-23 01:45:00+03:00,35.67,,
2026-08-19 14:31:52.152945+03:00,2026-08-23 02:00:00+03:00,35.4102,,
2026-08-19 14:31:52.152945+03:00,2026-08-23 02:15:00+03:00,35.6166,,
2026-08-19 14:31:52.152945+03:00,2026-08-23 02:30:00+03:00,35.5847,,
2026-08-19 14:31:52.152945+03:00,2026-08-23 02:45:00+03:00,35.6263,,
2026-08-19 14:31:52.152945+03:00,2026-08-23 03:00:00+03:00,35.6209,,
2026-08-19 14:31:52.152945+03:00,2026-08-23 03:15:00+03:00,35.6481,,
2026-08-19 14:31:52.152945+03:00,2026-08-23 03:30:00+03:00,35.6166,,
2026-08-19 14:31:52.152945+03:00,2026-08-23 03:45:00+03:00,35.6573,,
2026-08-19 14:31:52.152945+03:00,2026-08-23 04:00:00+03:00,35.6441,,
2026-08-19 14:31:52.152945+03:00,2026-08-23 04:15:00+03:00,35.8151,,
2026-08-19 14:31:52.152945+03:00,2026-08-23 04:30:00+03:00,36.3277,,
2026-08-19 14:31:52.152945+03:00,2026-08-23 04:45:00+03:00,37.1495,,
2026-08-19 14:31:52.152945+03:00,2026-08-23 05:00:00+03:00,37.577,,
2026-08-19 14:31:52.152945+03:00,2026-08-23 05:15:00+03:00,38.3236,,
2026-08-19 14:31:52.152945+03:00,2026-08-23 05:30:00+03:00,38.6473,,
2026-08-19 14:31:52.152945+03:00,2026-08-23 05:45:00+03:00,38.9308,,
2026-08-19 14:31:52.152945+03:00,2026-08-23 06:00:00+03:00,38.7041,,
2026-08-19 14:31:52.152945+03:00,2026-08-23 06:15:00+03:00,38.8405,,
2026-08-19 14:31:52.152945+03:00,2026-08-23 06:30:00+03:00,38.7768,,
2026-08-19 14:31:52.152945+03:00,2026-08-23 06:45:00+03:00,38.6923,,
2026-08-19 14:31:52.152945+03:00,2026-08-23 07:00:00+03:00,38.679,,
2026-08-19 14:31:52.152945+03:00,2026-08-23 07:15:00+03:00,39.0473,,
2026-08-19 14:31:52.152945+03:00,2026-08-23 07:30:00+03:00,39.4445,,
2026-08-19 14:31:52.152945+03:00,2026-08-23 07:45:00+03:00,39.3833,,
2026-08-19 14:31:52.152945+03:00,2026-08-23 08:00:00+03:00,39.3829,,
2026-08-19 14:31:52.152945+03:00,2026-08-23 08:15:00+03:00,39.3607,,
2026-08-19 14:31:52.152945+03:00,2026-08-23 08:30:00+03:00,39.3114,,
2026-08-19 14:31:52.152945+03:00,2026-08-23 08:45:00+03:00,39.3223,,
2026-08-19 14:31:52.152945+03:00,2026-08-23 09:00:00+03:00,39.2895,,
2026-08-19 14:31:52.152945+03:00,2026-08-23 09:15:00+03:00,39.0731,,
2026-08-19 14:31:52.152945+03:00,2026-08-23 09:30:00+03:00,39.0926,,
2026-08-19 14:31:52.152945+03:00,2026-08-23 09:45:00+03:00,39.1277,,
2026-08-19 14:31:52.152945+03:00,2026-08-23 10:00:00+03:00,39.1279,,
2026-08-19 14:31:52.152945+03:00,2026-08-23 10:15:00+03:00,38.9481,,
2026-08-19 14:31:52.152945+03:00,2026-08-23 10:30:00+03:00,38.3361,,
2026-08-19 14:31:52.152945+03:00,2026-08-23 10:45:00+03:00,37.7855,,
2026-08-19 14:31:52.152945+03:00,2026-08-23 11:00:00+03:00,37.3047,,
2026-08-19 14:31:52.152945+03:00,2026-08-23 11:15:00+03:00,37.2104,,
2026-08-19 14:31:52.152945+03:00,2026-08-23 11:30:00+03:00,36.7548,,
2026-08-19 14:31:52.152945+03:00,2026-08-23 11:45:00+03:00,36.4539,,
2026-08-19 14:31:52.152945+03:00,2026-08-23 12:00:00+03:00,36.5163,,
2026-08-19 14:31:52.152945+03:00,2026-08-23 12:15:00+03:00,36.6063,,
2026-08-19 14:31:52.152945+03:00,2026-08-23 12:30:00+03:00,36.6743,,
2026-08-19 14:31:52.152945+03:00,2026-08-23 12:45:00+03:00,36.6942,,
2026-08-19 14:31:52.152945+03:00,2026-08-23 13:00:00+03:00,36.6519,,
2026-08-19 14:31:52.152945+03:00,2026-08-23 13:15:00+03:00,36.55,,
2026-08-19 14:31:52.152945+03:00,2026-08-23 13:30:00+03:00,36.5877,,
2026-08-19 14:31:52.152945+03:00,2026-08-23 13:45:00+03:00,36.6283,,
2026-08-19 14:31:52.152945+03:00,2026-08-23 14:00:00+03:00,36.6876,,
2026-08-19 14:31:52.152945+03:00,2026-08-23 14:15:00+03:00,36.7508,,
2026-08-19 14:31:52.152945+03:00,2026-08-23 14:30:00+03:00,36.74,,
2026-08-19 14:31:52.152945+03:00,2026-08-23 14:45:00+03:00,36.7592,,
2026-08-19 14:31:52.152945+03:00,2026-08-23 15:00:00+03:00,36.7539,,
2026-08-19 14:31:52.152945+03:00,2026-08-23 15:15:00+03:00,36.8556,,
2026-08-19 14:31:52.152945+03:00,2026-08-23 15:30:00+03:00,37.2886,,
2026-08-19 14:31:52.152945+03:00,2026-08-23 15:45:00+03:00,37.2487,,
2026-08-19 14:31:52.152945+03:00,2026-08-23 16:00:00+03:00,37.2436,,
2026-08-19 14:31:52.152945+03:00,2026-08-23 16:15:00+03:00,37.4115,,
2026-08-19 14:31:52.152945+03:00,2026-08-23 16:30:00+03:00,37.7713,,
2026-08-19 14:31:52.152945+03:00,2026-08-23 16:45:00+03:00,37.7036,,
2026-08-19 14:31:52.152945+03:00,2026-08-23 17:00:00+03:00,37.6647,,
2026-08-19 14:31:52.152945+03:00,2026-08-23 17:15:00+03:00,37.6934,,
2026-08-19 14:31:52.152945+03:00,2026-08-23 17:30:00+03:00,37.6063,,
2026-08-19 14:31:52.152945+03:00,2026-08-23 17:45:00+03:00,37.561,,
2026-08-19 14:31:52.152945+03:00,2026-08-23 18:00:00+03:00,37.6241,,
2026-08-19 14:31:52.152945+03:00,2026-08-23 18:15:00+03:00,37.5773,,
2026-08-19 14:31:52.152945+03:00,2026-08-23 18:30:00+03:00,37.5721,,
2026-08-19 14:31:52.152945+03:00,2026-08-23 18:45:00+03:00,37.5948,,
2026-08-19 14:31:52.152945+03:00,2026-08-23 19:00:00+03:00,37.5896,,
2026-08-19 14:31:52.152945+03:00,2026-08-23 19:15:00+03:00,37.4626,,
2026-08-19 14:31:52.152945+03:00,2026-08-23 19:30:00+03:00,37.5158,,
2026-08-19 14:31:52.152945+03:00,2026-08-23 19:45:00+03:00,37.5724,,
2026-08-19 14:31:52.152945+03:00,2026-08-23 20:00:00+03:00,37.5887,,
2026-08-19 14:31:52.152945+03:00,2026-08-23 20:15:00+03:00,37.2642,,
2026-08-19 14:31:52.152945+03:00,2026-08-23 20:30:00+03:00,36.8323,,
2026-08-19 14:31:52.152945+03:00,2026-08-23 20:45:00+03:00,36.958,,
2026-08-19 14:31:52.152945+03:00,2026-08-23 21:00:00+03:00,37.0091,,
2026-08-19 14:31:52.152945+03:00,2026-08-23 21:15:00+03:00,37.1074,,
2026-08-19 14:31:52.152945+03:00,2026-08-23 21:30:00+03:00,37.1808,,
2026-08-19 14:31:52.152945+03:00,2026-08-23 21:45:00+03:00,37.1939,,
2026-08-19 14:31:52.152945+03:00,2026-08-23 22:00:00+03:00,37.2486,,
2026-08-19 14:31:52.152945+03:00,2026-08-23 22:15:00+03:00,36.6845,,
2026-08-19 14:31:52.152945+03:00,2026-08-23 22:30:00+03:00,36.4002,,
2026-08-19 14:31:52.152945+03:00,2026-08-23 22:45:00+03:00,36.501,,
2026-08-19 14:31:52.152945+03:00,2026-08-23 23:00:00+03:00,36.5861,,
2026-08-19 14:31:52.152945+03:00,2026-08-23 23:15:00+03:00,36.0464,,
2026-08-19 14:31:52.152945+03:00,2026-08-23 23:30:00+03:00,35.4093,,
2026-08-19 14:31:52.152945+03:00,2026-08-23 23:45:00+03:00,35.2658,,
2026-08-19 14:31:52.152945+03:00,2026-08-24 00:00:00+03:00,34.9652,,
2026-08-19 14:31:52.152945+03:00,2026-08-24 00:15:00+03:00,34.9648,,
2026-08-19 14:31:52.152945+03:00,2026-08-24 00:30:00+03:00,35.0639,,
2026-08-19 14:31:52.152945+03:00,2026-08-24 00:45:00+03:00,35.4746,,
2026-08-19 14:31:52.152945+03:00,2026-08-24 01:00:00+03:00,35.8428,,
2026-08-19 14:31:52.152945+03:00,2026-08-24 01:15:00+03:00,35.8961,,
2026-08-19 14:31:52.152945+03:00,2026-08-24 01:30:00+03:00,35.8841,,
2026-08-19 14:31:52.152945+03:00,2026-08-24 01:45:00+03:00,35.969,,
2026-08-19 14:31:52.152945+03:00,2026-08-24 02:00:00+03:00,35.9848,,
2026-08-19 14:31:52.152945+03:00,2026-08-24 02:15:00+03:00,35.9953,,
2026-08-19 14:31:52.152945+03:00,2026-08-24 02:30:00+03:00,36.0484,,
2026-08-19 14:31:52.152945+03:00,2026-08-24 02:45:00+03:00,36.0499,,
2026-08-19 14:31:52.152945+03:00,2026-08-24 03:00:00+03:00,36.0043,,
2026-08-19 14:31:52.152945+03:00,2026-08-24 03:15:00+03:00,36.0256,,
2026-08-19 14:31:52.152945+03:00,2026-08-24 03:30:00+03:00,36.0794,,
2026-08-19 14:31:52.152945+03:00,2026-08-24 03:45:00+03:00,36.0847,,
2026-08-19 14:31:52.152945+03:00,2026-08-24 04:00:00+03:00,36.0994,,
2026-08-19 14:31:52.152945+03:00,2026-08-24 04:15:00+03:00,36.3965,,
2026-08-19 14:31:52.152945+03:00,2026-08-24 04:30:00+03:00,37.1806,,
2026-08-19 14:31:52.152945+03:00,2026-08-24 04:45:00+03:00,37.6329,,
2026-08-19 14:31:52.152945+03:00,2026-08-24 05:00:00+03:00,38.1949,,
2026-08-19 14:31:52.152945+03:00,2026-08-24 05:15:00+03:00,39.172,,
2026-08-19 14:31:52.152945+03:00,2026-08-24 05:30:00+03:00,39.7826,,
2026-08-19 14:31:52.152945+03:00,2026-08-24 05:45:00+03:00,40.1867,,
2026-08-19 14:31:52.152945+03:00,2026-08-24 06:00:00+03:00,40.9299,,
2026-08-19 14:31:52.152945+03:00,2026-08-24 06:15:00+03:00,41.8025,,
2026-08-19 14:31:52.152945+03:00,2026-08-24 06:30:00+03:00,41.9836,,
2026-08-19 14:31:52.152945+03:00,2026-08-24 06:45:00+03:00,42.7111,,
2026-08-19 14:31:52.152945+03:00,2026-08-24 07:00:00+03:00,43.1858,,
2026-08-19 14:31:52.152945+03:00,2026-08-24 07:15:00+03:00,44.1187,,
2026-08-19 14:31:52.152945+03:00,2026-08-24 07:30:00+03:00,44.5814,,
2026-08-19 14:31:52.152945+03:00,2026-08-24 07:45:00+03:00,45.1128,,
2026-08-19 14:31:52.152945+03:00,2026-08-24 08:00:00+03:00,45.2886,,
2026-08-19 14:31:52.152945+03:00,2026-08-24 08:15:00+03:00,45.2901,,
2026-08-19 14:31:52.152945+03:00,2026-08-24 08:30:00+03:00,45.2187,,
2026-08-19 14:31:52.152945+03:00,2026-08-24 08:45:00+03:00,45.1759,,
2026-08-19 14:31:52.152945+03:00,2026-08-24 09:00:00+03:00,45.1138,,
2026-08-19 14:31:52.152945+03:00,2026-08-24 09:15:00+03:00,44.839,,
2026-08-19 14:31:52.152945+03:00,2026-08-24 09:30:00+03:00,44.9328,,
2026-08-19 14:31:52.152945+03:00,2026-08-24 09:45:00+03:00,45.0112,,
2026-08-19 14:31:52.152945+03:00,2026-08-24 10:00:00+03:00,44.8941,,
2026-08-19 14:31:52.152945+03:00,2026-08-24 10:15:00+03:00,44.7207,,
2026-08-19 14:31:52.152945+03:00,2026-08-24 10:30:00+03:00,44.1439,,
2026-08-19 14:31:52.152945+03:00,2026-08-24 10:45:00+03:00,43.5358,,
2026-08-19 14:31:52.152945+03:00,2026-08-24 11:00:00+03:00,42.8078,,
2026-08-19 14:31:52.152945+03:00,2026-08-24 11:15:00+03:00,42.2362,,
2026-08-19 14:31:52.152945+03:00,2026-08-24 11:30:00+03:00,41.8095,,
2026-08-19 14:31:52.152945+03:00,2026-08-24 11:45:00+03:00,40.8567,,
2026-08-19 14:31:52.152945+03:00,2026-08-24 12:00:00+03:00,40.4419,,
2026-08-19 14:31:52.152945+03:00,2026-08-24 12:15:00+03:00,39.9779,,
2026-08-19 14:31:52.152945+03:00,2026-08-24 12:30:00+03:00,39.1207,,
2026-08-19 14:31:52.152945+03:00,2026-08-24 12:45:00+03:00,38.7581,,
2026-08-19 14:31:52.152945+03:00,2026-08-24 13:00:00+03:00,38.139,,
2026-08-19 14:31:52.152945+03:00,2026-08-24 13:15:00+03:00,37.5864,,
2026-08-19 14:31:52.152945+03:00,2026-08-24 13:30:00+03:00,37.2123,,
2026-08-19 14:31:52.152945+03:00,2026-08-24 13:45:00+03:00,36.6057,,
2026-08-19 14:31:52.152945+03:00,2026-08-24 14:00:00+03:00,36.2487,,
2026-08-19 14:31:52.152945+03:00,2026-08-24 14:15:00+03:00,35.6921,,
2026-08-19 14:31:52.152945+03:00,2026-08-24 14:30:00+03:00,35.5602,,
2026-08-19 14:31:52.152945+03:00,2026-08-24 14:45:00+03:00,35.7053,,
2026-08-19 14:31:52.152945+03:00,2026-08-24 15:00:00+03:00,35.6176,,
2026-08-19 14:31:52.152945+03:00,2026-08-24 15:15:00+03:00,35.7475,,
2026-08-19 14:31:52.152945+03:00,2026-08-24 15:30:00+03:00,35.7042,,
2026-08-19 14:31:52.152945+03:00,2026-08-24 15:45:00+03:00,35.7071,,
2026-08-19 14:31:52.152945+03:00,2026-08-24 16:00:00+03:00,35.6638,,
2026-08-19 14:31:52.152945+03:00,2026-08-24 16:15:00+03:00,35.8758,,
2026-08-19 14:31:52.152945+03:00,2026-08-24 16:30:00+03:00,36.2211,,
2026-08-19 14:31:52.152945+03:00,2026-08-24 16:45:00+03:00,36.124,,
2026-08-19 14:31:52.152945+03:00,2026-08-24 17:00:00+03:00,36.1321,,
2026-08-19 14:31:52.152945+03:00,2026-08-24 17:15:00+03:00,36.192,,
2026-08-19 14:31:52.152945+03:00,2026-08-24 17:30:00+03:00,36.1565,,
2026-08-19 14:31:52.152945+03:00,2026-08-24 17:45:00+03:00,36.1122,,
2026-08-19 14:31:52.152945+03:00,2026-08-24 18:00:00+03:00,36.0874,,
2026-08-19 14:31:52.152945+03:00,2026-08-24 18:15:00+03:00,36.1084,,
2026-08-19 14:31:52.152945+03:00,2026-08-24 18:30:00+03:00,36.1512,,
2026-08-19 14:31:52.152945+03:00,2026-08-24 18:45:00+03:00,36.1337,,
2026-08-19 14:31:52.152945+03:00,2026-08-24 19:00:00+03:00,36.066,,
2026-08-19 14:31:52.152945+03:00,2026-08-24 19:15:00+03:00,35.946,,
2026-08-19 14:31:52.152945+03:00,2026-08-24 19:30:00+03:00,36.051,,
2026-08-19 14:31:52.152945+03:00,2026-08-24 19:45:00+03:00,36.0832,,
2026-08-19 14:31:52.152945+03:00,2026-08-24 20:00:00+03:00,36.0697,,
2026-08-19 14:31:52.152945+03:00,2026-08-24 20:15:00+03:00,35.7757,,
2026-08-19 14:31:52.152945+03:00,2026-08-24 20:30:00+03:00,35.494,,
2026-08-19 14:31:52.152945+03:00,2026-08-24 20:45:00+03:00,35.5454,,
2026-08-19 14:31:52.152945+03:00,2026-08-24 21:00:00+03:00,35.6041,,
2026-08-19 14:31:52.152945+03:00,2026-08-24 21:15:00+03:00,35.6356,,
2026-08-19 14:31:52.152945+03:00,2026-08-24 21:30:00+03:00,35.6656,,
2026-08-19 14:31:52.152945+03:00,2026-08-24 21:45:00+03:00,35.6857,,
2026-08-19 14:31:52.152945+03:00,2026-08-24 22:00:00+03:00,35.7115,,
2026-08-19 14:31:52.152945+03:00,2026-08-24 22:15:00+03:00,35.2339,,
2026-08-19 14:31:52.152945+03:00,2026-08-24 22:30:00+03:00,34.9233,,
2026-08-19 14:31:52.152945+03:00,2026-08-24 22:45:00+03:00,34.4429,,
2026-08-19 14:31:52.152945+03:00,2026-08-24 23:00:00+03:00,34.1053,,
2026-08-19 14:31:52.152945+03:00,2026-08-24 23:15:00+03:00,33.3537,,
2026-08-19 14:31:52.152945+03:00,2026-08-24 23:30:00+03:00,33.1143,,
2026-08-19 14:31:52.152945+03:00,2026-08-24 23:45:00+03:00,32.7431,,
2026-08-19 14:31:52.152945+03:00,2026-08-25 00:00:00+03:00,32.3758,,
2026-08-19 14:31:52.152945+03:00,2026-08-25 00:15:00+03:00,32.2008,,
2026-08-19 14:31:52.152945+03:00,2026-08-25 00:30:00+03:00,32.1911,,
2026-08-19 14:31:52.152945+03:00,2026-08-25 00:45:00+03:00,32.2994,,
2026-08-19 14:31:52.152945+03:00,2026-08-25 01:00:00+03:00,32.3058,,
2026-08-19 14:31:52.152945+03:00,2026-08-25 01:15:00+03:00,32.0446,,
2026-08-19 14:31:52.152945+03:00,2026-08-25 01:30:00+03:00,32.0734,,
2026-08-19 14:31:52.152945+03:00,2026-08-25 01:45:00+03:00,32.2017,,
2026-08-19 14:31:52.152945+03:00,2026-08-25 02:00:00+03:00,32.2256,,
2026-08-19 14:31:52.152945+03:00,2026-08-25 02:15:00+03:00,32.2563,,
2026-08-19 14:31:52.152945+03:00,2026-08-25 02:30:00+03:00,32.2518,,
2026-08-19 14:31:52.152945+03:00,2026-08-25 02:45:00+03:00,32.2478,,
2026-08-19 14:31:52.152945+03:00,2026-08-25 03:00:00+03:00,32.2402,,
2026-08-19 14:31:52.152945+03:00,2026-08-25 03:15:00+03:00,32.2988,,
2026-08-19 14:31:52.152945+03:00,2026-08-25 03:30:00+03:00,32.2701,,
2026-08-19 14:31:52.152945+03:00,2026-08-25 03:45:00+03:00,32.2766,,
2026-08-19 14:31:52.152945+03:00,2026-08-25 04:00:00+03:00,32.2807,,
2026-08-19 14:31:52.152945+03:00,2026-08-25 04:15:00+03:00,32.5102,,
2026-08-19 14:31:52.152945+03:00,2026-08-25 04:30:00+03:00,32.9061,,
2026-08-19 14:31:52.152945+03:00,2026-08-25 04:45:00+03:00,33.4563,,
2026-08-19 14:31:52.152945+03:00,2026-08-25 05:00:00+03:00,34.0549,,
2026-08-19 14:31:52.152945+03:00,2026-08-25 05:15:00+03:00,35.049,,
2026-08-19 14:31:52.152945+03:00,2026-08-25 05:30:00+03:00,36.1352,,
2026-08-19 14:31:52.152945+03:00,2026-08-25 05:45:00+03:00,37.0837,,
2026-08-19 14:31:52.152945+03:00,2026-08-25 06:00:00+03:00,37.9174,,
2026-08-19 14:31:52.152945+03:00,2026-08-25 06:15:00+03:00,39.6432,,
2026-08-19 14:31:52.152945+03:00,2026-08-25 06:30:00+03:00,40.9229,,
2026-08-19 14:31:52.152945+03:00,2026-08-25 06:45:00+03:00,41.8796,,
2026-08-19 14:31:52.152945+03:00,2026-08-25 07:00:00+03:00,42.2499,,
2026-08-19 14:31:52.152945+03:00,2026-08-25 07:15:00+03:00,43.9128,,
2026-08-19 14:31:52.152945+03:00,2026-08-25 07:30:00+03:00,44.8154,,
2026-08-19 14:31:52.152945+03:00,2026-08-25 07:45:00+03:00,45.2271,,
2026-08-19 14:31:52.152945+03:00,2026-08-25 08:00:00+03:00,45.603,,
2026-08-19 14:31:52.152945+03:00,2026-08-25 08:15:00+03:00,45.6459,,
2026-08-19 14:31:52.152945+03:00,2026-08-25 08:30:00+03:00,45.5714,,
2026-08-19 14:31:52.152945+03:00,2026-08-25 08:45:00+03:00,45.552,,
2026-08-19 14:31:52.152945+03:00,2026-08-25 09:00:00+03:00,45.5043,,
2026-08-19 14:31:52.152945+03:00,2026-08-25 09:15:00+03:00,45.1624,,
2026-08-19 14:31:52.152945+03:00,2026-08-25 09:30:00+03:00,44.7362,,
2026-08-19 14:31:52.152945+03:00,2026-08-25 09:45:00+03:00,44.2083,,
2026-08-19 14:31:52.152945+03:00,2026-08-25 10:00:00+03:00,44.1794,,
2026-08-19 14:31:52.152945+03:00,2026-08-25 10:15:00+03:00,43.5058,,
2026-08-19 14:31:52.152945+03:00,2026-08-25 10:30:00+03:00,42.7924,,
2026-08-19 14:31:52.152945+03:00,2026-08-25 10:45:00+03:00,42.3159,,
2026-08-19 14:31:52.152945+03:00,2026-08-25 11:00:00+03:00,41.8865,,
2026-08-19 14:31:52.152945+03:00,2026-08-25 11:15:00+03:00,41.89,,
2026-08-19 14:31:52.152945+03:00,2026-08-25 11:30:00+03:00,42.046,,
2026-08-19 14:31:52.152945+03:00,2026-08-25 11:45:00+03:00,42.1252,,
2026-08-19 14:31:52.152945+03:00,2026-08-25 12:00:00+03:00,42.1336,,
2026-08-19 14:31:52.152945+03:00,2026-08-25 12:15:00+03:00,42.0813,,
2026-08-19 14:31:52.152945+03:00,2026-08-25 12:30:00+03:00,42.0781,,
2026-08-19 14:31:52.152945+03:00,2026-08-25 12:45:00+03:00,42.1078,,
2026-08-19 14:31:52.152945+03:00,2026-08-25 13:00:00+03:00,42.1365,,
2026-08-19 14:31:52.152945+03:00,2026-08-25 13:15:00+03:00,42.0548,,
2026-08-19 14:31:52.152945+03:00,2026-08-25 13:30:00+03:00,42.0604,,
2026-08-19 14:31:52.152945+03:00,2026-08-25 13:45:00+03:00,42.0634,,
2026-08-19 14:31:52.152945+03:00,2026-08-25 14:00:00+03:00,42.1083,,
2026-08-19 14:31:52.152945+03:00,2026-08-25 14:15:00+03:00,42.1804,,
2026-08-19 14:31:52.152945+03:00,2026-08-25 14:30:00+03:00,42.1346,,
2026-08-19 14:31:52.152945+03:00,2026-08-25 14:45:00+03:00,42.1628,,
2026-08-19 14:31:52.152945+03:00,2026-08-25 15:00:00+03:00,42.1531,,
2026-08-19 14:31:52.152945+03:00,2026-08-25 15:15:00+03:00,42.2861,,
2026-08-19 14:31:52.152945+03:00,2026-08-25 15:30:00+03:00,42.2239,,
2026-08-19 14:31:52.152945+03:00,2026-08-25 15:45:00+03:00,42.2084,,
2026-08-19 14:31:52.152945+03:00,2026-08-25 16:00:00+03:00,42.1882,,
2026-08-19 14:31:52.152945+03:00,2026-08-25 16:15:00+03:00,42.3644,,
2026-08-19 14:31:52.152945+03:00,2026-08-25 16:30:00+03:00,42.2576,,
2026-08-19 14:31:52.152945+03:00,2026-08-25 16:45:00+03:00,42.225,,
2026-08-19 14:31:52.152945+03:00,2026-08-25 17:00:00+03:00,42.2522,,
2026-08-19 14:31:52.152945+03:00,2026-08-25 17:15:00+03:00,42.5414,,
2026-08-19 14:31:52.152945+03:00,2026-08-25 17:30:00+03:00,42.9306,,
2026-08-19 14:31:52.152945+03:00,2026-08-25 17:45:00+03:00,42.7421,,
2026-08-19 14:31:52.152945+03:00,2026-08-25 18:00:00+03:00,42.8019,,
2026-08-19 14:31:52.152945+03:00,2026-08-25 18:15:00+03:00,42.7221,,
2026-08-19 14:31:52.152945+03:00,2026-08-25 18:30:00+03:00,42.7272,,
2026-08-19 14:31:52.152945+03:00,2026-08-25 18:45:00+03:00,42.7184,,
2026-08-19 14:31:52.152945+03:00,2026-08-25 19:00:00+03:00,42.7449,,
2026-08-19 14:31:52.152945+03:00,2026-08-25 19:15:00+03:00,42.6325,,
2026-08-19 14:31:52.152945+03:00,2026-08-25 19:30:00+03:00,42.6904,,
2026-08-19 14:31:52.152945+03:00,2026-08-25 19:45:00+03:00,42.7118,,
2026-08-19 14:31:52.152945+03:00,2026-08-25 20:00:00+03:00,42.7114,,
2026-08-19 14:31:52.152945+03:00,2026-08-25 20:15:00+03:00,42.365,,
2026-08-19 14:31:52.152945+03:00,2026-08-25 20:30:00+03:00,42.0395,,
2026-08-19 14:31:52.152945+03:00,2026-08-25 20:45:00+03:00,42.0753,,
2026-08-19 14:31:52.152945+03:00,2026-08-25 21:00:00+03:00,42.1115,,
2026-08-19 14:31:52.152945+03:00,2026-08-25 21:15:00+03:00,42.0868,,
2026-08-19 14:31:52.152945+03:00,2026-08-25 21:30:00+03:00,42.1413,,
2026-08-19 14:31:52.152945+03:00,2026-08-25 21:45:00+03:00,42.1636,,
2026-08-19 14:31:52.152945+03:00,2026-08-25 22:00:00+03:00,42.1986,,
2026-08-19 14:31:52.152945+03:00,2026-08-25 22:15:00+03:00,41.7652,,
2026-08-19 14:31:52.152945+03:00,2026-08-25 22:30:00+03:00,40.7946,,
2026-08-19 14:31:52.152945+03:00,2026-08-25 22:45:00+03:00,40.3086,,
2026-08-19 14:31:52.152945+03:00,2026-08-25 23:00:00+03:00,39.7807,,
2026-08-19 14:31:52.152945+03:00,2026-08-25 23:15:00+03:00,38.8329,,
2026-08-19 14:31:52.152945+03:00,2026-08-25 23:30:00+03:00,37.6957,,
2026-08-19 14:31:52.152945+03:00,2026-08-25 23:45:00+03:00,36.6642,,
2026-08-19 14:31:52.152945+03:00,2026-08-26 00:00:00+03:00,35.8454,,
2026-08-19 14:31:52.152945+03:00,2026-08-26 00:15:00+03:00,35.6673,,
2026-08-19 14:31:52.152945+03:00,2026-08-26 00:30:00+03:00,35.6103,,
2026-08-19 14:31:52.152945+03:00,2026-08-26 00:45:00+03:00,35.7366,,
2026-08-19 14:31:52.152945+03:00,2026-08-26 01:00:00+03:00,35.65,,
2026-08-19 14:31:52.152945+03:00,2026-08-26 01:15:00+03:00,35.5405,,
2026-08-19 14:31:52.152945+03:00,2026-08-26 01:30:00+03:00,35.4704,,
2026-08-19 14:31:52.152945+03:00,2026-08-26 01:45:00+03:00,35.5918,,
2026-08-19 14:31:52.152945+03:00,2026-08-26 02:00:00+03:00,35.6336,,
2026-08-19 14:31:52.152945+03:00,2026-08-26 02:15:00+03:00,35.6935,,
2026-08-19 14:31:52.152945+03:00,2026-08-26 02:30:00+03:00,35.6853,,
2026-08-19 14:31:52.152945+03:00,2026-08-26 02:45:00+03:00,35.7,,
2026-08-19 14:31:52.152945+03:00,2026-08-26 03:00:00+03:00,35.6553,,
2026-08-19 14:31:52.152945+03:00,2026-08-26 03:15:00+03:00,35.7061,,
2026-08-19 14:31:52.152945+03:00,2026-08-26 03:30:00+03:00,35.7032,,
2026-08-19 14:31:52.152945+03:00,2026-08-26 03:45:00+03:00,35.7048,,
2026-08-19 14:31:52.152945+03:00,2026-08-26 04:00:00+03:00,35.6972,,
2026-08-19 14:31:52.152945+03:00,2026-08-26 04:15:00+03:00,35.9791,,
2026-08-19 14:31:52.152945+03:00,2026-08-26 04:30:00+03:00,36.3688,,
2026-08-19 14:31:52.152945+03:00,2026-08-26 04:45:00+03:00,37.1405,,
2026-08-19 14:31:52.152945+03:00,2026-08-26 05:00:00+03:00,37.7191,,
2026-08-19 14:31:52.152945+03:00,2026-08-26 05:15:00+03:00,38.8969,,
2026-08-19 14:31:52.152945+03:00,2026-08-26 05:30:00+03:00,39.5033,,
2026-08-19 14:31:52.152945+03:00,2026-08-26 05:45:00+03:00,39.8543,,
2026-08-19 14:31:52.152945+03:00,2026-08-26 06:00:00+03:00,40.0661,,
2026-08-19 14:31:52.152945+03:00,2026-08-26 06:15:00+03:00,41.3586,,
2026-08-19 14:31:52.152945+03:00,2026-08-26 06:30:00+03:00,41.773,,
2026-08-19 14:31:52.152945+03:00,2026-08-26 06:45:00+03:00,41.6043,,
2026-08-19 14:31:52.152945+03:00,2026-08-26 07:00:00+03:00,41.701,,
2026-08-19 14:31:52.152945+03:00,2026-08-26 07:15:00+03:00,41.9236,,
2026-08-19 14:31:52.152945+03:00,2026-08-26 07:30:00+03:00,42.6003,,
2026-08-19 14:31:52.152945+03:00,2026-08-26 07:45:00+03:00,42.9894,,
2026-08-19 14:31:52.152945+03:00,2026-08-26 08:00:00+03:00,43.0412,,
2026-08-19 14:31:52.152945+03:00,2026-08-26 08:15:00+03:00,43.5359,,
2026-08-19 14:31:52.152945+03:00,2026-08-26 08:30:00+03:00,43.4988,,
2026-08-19 14:31:52.152945+03:00,2026-08-26 08:45:00+03:00,43.375,,
2026-08-19 14:31:52.152945+03:00,2026-08-26 09:00:00+03:00,43.2482,,
2026-08-19 14:31:52.152945+03:00,2026-08-26 09:15:00+03:00,43.0017,,
2026-08-19 14:31:52.152945+03:00,2026-08-26 09:30:00+03:00,42.5043,,
2026-08-19 14:31:52.152945+03:00,2026-08-26 09:45:00+03:00,42.4968,,
2026-08-19 14:31:52.152945+03:00,2026-08-26 10:00:00+03:00,42.4892,,
2026-08-19 14:31:52.152945+03:00,2026-08-26 10:15:00+03:00,42.5456,,
2026-08-19 14:31:52.152945+03:00,2026-08-26 10:30:00+03:00,42.5984,,
2026-08-19 14:31:52.152945+03:00,2026-08-26 10:45:00+03:00,42.6102,,
2026-08-19 14:31:52.152945+03:00,2026-08-26 11:00:00+03:00,42.6375,,
2026-08-19 14:31:52.152945+03:00,2026-08-26 11:15:00+03:00,42.6004,,
2026-08-19 14:31:52.152945+03:00,2026-08-26 11:30:00+03:00,42.6174,,
2026-08-19 14:31:52.152945+03:00,2026-08-26 11:45:00+03:00,42.6424,,
2026-08-19 14:31:52.152945+03:00,2026-08-26 12:00:00+03:00,42.6484,,
2026-08-19 14:31:52.152945+03:00,2026-08-26 12:15:00+03:00,42.5955,,
2026-08-19 14:31:52.152945+03:00,2026-08-26 12:30:00+03:00,42.5943,,
2026-08-19 14:31:52.152945+03:00,2026-08-26 12:45:00+03:00,42.6099,,
2026-08-19 14:31:52.152945+03:00,2026-08-26 13:00:00+03:00,42.6491,,
2026-08-19 14:31:52.152945+03:00,2026-08-26 13:15:00+03:00,42.59,,
2026-08-19 14:31:52.152945+03:00,2026-08-26 13:30:00+03:00,42.5863,,
2026-08-19 14:31:52.152945+03:00,2026-08-26 13:45:00+03:00,42.5999,,
2026-08-19 14:31:52.152945+03:00,2026-08-26 14:00:00+03:00,42.6081,,
2026-08-19 14:31:52.152945+03:00,2026-08-26 14:15:00+03:00,42.6944,,
2026-08-19 14:31:52.152945+03:00,2026-08-26 14:30:00+03:00,42.6303,,
2026-08-19 14:31:52.152945+03:00,2026-08-26 14:45:00+03:00,42.6422,,
2026-08-19 14:31:52.152945+03:00,2026-08-26 15:00:00+03:00,42.6637,,
2026-08-19 14:31:52.152945+03:00,2026-08-26 15:15:00+03:00,42.7898,,
2026-08-19 14:31:52.152945+03:00,2026-08-26 15:30:00+03:00,42.7144,,
2026-08-19 14:31:52.152945+03:00,2026-08-26 15:45:00+03:00,42.6983,,
2026-08-19 14:31:52.152945+03:00,2026-08-26 16:00:00+03:00,42.6694,,
2026-08-19 14:31:52.152945+03:00,2026-08-26 16:15:00+03:00,42.8387,,
2026-08-19 14:31:52.152945+03:00,2026-08-26 16:30:00+03:00,42.7417,,
2026-08-19 14:31:52.152945+03:00,2026-08-26 16:45:00+03:00,42.6937,,
2026-08-19 14:31:52.152945+03:00,2026-08-26 17:00:00+03:00,42.7425,,
2026-08-19 14:31:52.152945+03:00,2026-08-26 17:15:00+03:00,42.9865,,
2026-08-19 14:31:52.152945+03:00,2026-08-26 17:30:00+03:00,42.8079,,
2026-08-19 14:31:52.152945+03:00,2026-08-26 17:45:00+03:00,42.7216,,
2026-08-19 14:31:52.152945+03:00,2026-08-26 18:00:00+03:00,42.7366,,
2026-08-19 14:31:52.152945+03:00,2026-08-26 18:15:00+03:00,42.7038,,
2026-08-19 14:31:52.152945+03:00,2026-08-26 18:30:00+03:00,42.7175,,
2026-08-19 14:31:52.152945+03:00,2026-08-26 18:45:00+03:00,42.6798,,
2026-08-19 14:31:52.152945+03:00,2026-08-26 19:00:00+03:00,42.7153,,
2026-08-19 14:31:52.152945+03:00,2026-08-26 19:15:00+03:00,42.622,,
2026-08-19 14:31:52.152945+03:00,2026-08-26 19:30:00+03:00,42.6742,,
2026-08-19 14:31:52.152945+03:00,2026-08-26 19:45:00+03:00,42.697,,
2026-08-19 14:31:52.152945+03:00,2026-08-26 20:00:00+03:00,42.6934,,
2026-08-19 14:31:52.152945+03:00,2026-08-26 20:15:00+03:00,42.4236,,
2026-08-19 14:31:52.152945+03:00,2026-08-26 20:30:00+03:00,42.036,,
2026-08-19 14:31:52.152945+03:00,2026-08-26 20:45:00+03:00,42.0605,,
2026-08-19 14:31:52.152945+03:00,2026-08-26 21:00:00+03:00,42.087,,
2026-08-19 14:31:52.152945+03:00,2026-08-26 21:15:00+03:00,42.0532,,
2026-08-19 14:31:52.152945+03:00,2026-08-26 21:30:00+03:00,42.0704,,
2026-08-19 14:31:52.152945+03:00,2026-08-26 21:45:00+03:00,42.0811,,
2026-08-19 14:31:52.152945+03:00,2026-08-26 22:00:00+03:00,42.1626,,
2026-08-19 14:31:52.152945+03:00,2026-08-26 22:15:00+03:00,41.7964,,
2026-08-19 14:31:52.152945+03:00,2026-08-26 22:30:00+03:00,40.7719,,
2026-08-19 14:31:52.152945+03:00,2026-08-26 22:45:00+03:00,40.2918,,
2026-08-19 14:31:52.152945+03:00,2026-08-26 23:00:00+03:00,39.7673,,
2026-08-19 14:31:52.152945+03:00,2026-08-26 23:15:00+03:00,38.816,,
2026-08-19 14:31:52.152945+03:00,2026-08-26 23:30:00+03:00,37.6857,,
2026-08-19 14:31:52.152945+03:00,2026-08-26 23:45:00+03:00,36.6435,,
