run_date,target_datetime,predicted_price,actual_price,abs_error
2026-08-05 15:59:29.581467+03:00,2026-08-06 00:00:00+03:00,16.9286,25.9,8.9714
2026-08-05 15:59:29.581467+03:00,2026-08-06 00:15:00+03:00,15.4003,22.79,7.389699999999999
2026-08-05 15:59:29.581467+03:00,2026-08-06 00:30:00+03:00,13.6132,20.4,6.786799999999998
2026-08-05 15:59:29.581467+03:00,2026-08-06 00:45:00+03:00,12.1989,16.03,3.831100000000001
2026-08-05 15:59:29.581467+03:00,2026-08-06 01:00:00+03:00,11.0437,17.6,6.556300000000002
2026-08-05 15:59:29.581467+03:00,2026-08-06 01:15:00+03:00,9.8903,14.97,5.079700000000001
2026-08-05 15:59:29.581467+03:00,2026-08-06 01:30:00+03:00,9.2816,11.8,2.518400000000001
2026-08-05 15:59:29.581467+03:00,2026-08-06 01:45:00+03:00,8.4768,9.66,1.1831999999999994
2026-08-05 15:59:29.581467+03:00,2026-08-06 02:00:00+03:00,7.6107,15.8,8.189300000000001
2026-08-05 15:59:29.581467+03:00,2026-08-06 02:15:00+03:00,6.9775,12.02,5.0425
2026-08-05 15:59:29.581467+03:00,2026-08-06 02:30:00+03:00,6.0723,9.87,3.797699999999999
2026-08-05 15:59:29.581467+03:00,2026-08-06 02:45:00+03:00,5.5822,6.88,1.2977999999999996
2026-08-05 15:59:29.581467+03:00,2026-08-06 03:00:00+03:00,5.0553,10.99,5.9347
2026-08-05 15:59:29.581467+03:00,2026-08-06 03:15:00+03:00,4.8372,10.0,5.1628
2026-08-05 15:59:29.581467+03:00,2026-08-06 03:30:00+03:00,4.6779,7.72,3.0421
2026-08-05 15:59:29.581467+03:00,2026-08-06 03:45:00+03:00,4.4483,6.95,2.5017000000000005
2026-08-05 15:59:29.581467+03:00,2026-08-06 04:00:00+03:00,4.3532,11.7,7.346799999999999
2026-08-05 15:59:29.581467+03:00,2026-08-06 04:15:00+03:00,4.5031,10.25,5.7469
2026-08-05 15:59:29.581467+03:00,2026-08-06 04:30:00+03:00,4.5608,8.26,3.6992
2026-08-05 15:59:29.581467+03:00,2026-08-06 04:45:00+03:00,4.5391,7.07,2.5309
2026-08-05 15:59:29.581467+03:00,2026-08-06 05:00:00+03:00,4.5047,10.0,5.4953
2026-08-05 15:59:29.581467+03:00,2026-08-06 05:15:00+03:00,4.9678,7.7,2.7322
2026-08-05 15:59:29.581467+03:00,2026-08-06 05:30:00+03:00,5.5409,7.65,2.1091000000000006
2026-08-05 15:59:29.581467+03:00,2026-08-06 05:45:00+03:00,5.8,7.08,1.2800000000000002
2026-08-05 15:59:29.581467+03:00,2026-08-06 06:00:00+03:00,6.1261,7.0,0.8738999999999999
2026-08-05 15:59:29.581467+03:00,2026-08-06 06:15:00+03:00,7.326,7.5,0.1740000000000003
2026-08-05 15:59:29.581467+03:00,2026-08-06 06:30:00+03:00,8.3924,6.95,1.4424
2026-08-05 15:59:29.581467+03:00,2026-08-06 06:45:00+03:00,9.558,10.0,0.4420000000000001
2026-08-05 15:59:29.581467+03:00,2026-08-06 07:00:00+03:00,10.5976,9.79,0.8076000000000008
2026-08-05 15:59:29.581467+03:00,2026-08-06 07:15:00+03:00,11.8369,10.27,1.5669000000000004
2026-08-05 15:59:29.581467+03:00,2026-08-06 07:30:00+03:00,13.1309,13.99,0.8590999999999998
2026-08-05 15:59:29.581467+03:00,2026-08-06 07:45:00+03:00,14.2535,14.0,0.2535000000000007
2026-08-05 15:59:29.581467+03:00,2026-08-06 08:00:00+03:00,14.7835,16.06,1.2764999999999986
2026-08-05 15:59:29.581467+03:00,2026-08-06 08:15:00+03:00,15.0054,14.76,0.2454
2026-08-05 15:59:29.581467+03:00,2026-08-06 08:30:00+03:00,15.6528,13.69,1.9628
2026-08-05 15:59:29.581467+03:00,2026-08-06 08:45:00+03:00,16.2023,10.07,6.132300000000001
2026-08-05 15:59:29.581467+03:00,2026-08-06 09:00:00+03:00,16.5421,17.14,0.5978999999999992
2026-08-05 15:59:29.581467+03:00,2026-08-06 09:15:00+03:00,16.9138,13.99,2.923799999999998
2026-08-05 15:59:29.581467+03:00,2026-08-06 09:30:00+03:00,17.3639,10.0,7.363900000000001
2026-08-05 15:59:29.581467+03:00,2026-08-06 09:45:00+03:00,17.7182,6.95,10.7682
2026-08-05 15:59:29.581467+03:00,2026-08-06 10:00:00+03:00,17.6016,12.9,4.701600000000001
2026-08-05 15:59:29.581467+03:00,2026-08-06 10:15:00+03:00,17.3897,9.37,8.019700000000002
2026-08-05 15:59:29.581467+03:00,2026-08-06 10:30:00+03:00,17.4791,6.94,10.539099999999998
2026-08-05 15:59:29.581467+03:00,2026-08-06 10:45:00+03:00,17.471,5.56,11.911
2026-08-05 15:59:29.581467+03:00,2026-08-06 11:00:00+03:00,17.472,9.73,7.742000000000001
2026-08-05 15:59:29.581467+03:00,2026-08-06 11:15:00+03:00,17.4231,6.95,10.473100000000002
2026-08-05 15:59:29.581467+03:00,2026-08-06 11:30:00+03:00,17.4976,5.89,11.607599999999998
2026-08-05 15:59:29.581467+03:00,2026-08-06 11:45:00+03:00,17.4855,4.94,12.545499999999995
2026-08-05 15:59:29.581467+03:00,2026-08-06 12:00:00+03:00,17.4671,4.91,12.557099999999998
2026-08-05 15:59:29.581467+03:00,2026-08-06 12:15:00+03:00,17.4074,4.13,13.2774
2026-08-05 15:59:29.581467+03:00,2026-08-06 12:30:00+03:00,17.4769,4.1,13.3769
2026-08-05 15:59:29.581467+03:00,2026-08-06 12:45:00+03:00,17.4725,3.92,13.5525
2026-08-05 15:59:29.581467+03:00,2026-08-06 13:00:00+03:00,17.4704,3.95,13.520400000000002
2026-08-05 15:59:29.581467+03:00,2026-08-06 13:15:00+03:00,17.428,3.78,13.648
2026-08-05 15:59:29.581467+03:00,2026-08-06 13:30:00+03:00,17.512,3.52,13.992
2026-08-05 15:59:29.581467+03:00,2026-08-06 13:45:00+03:00,17.5133,3.3,14.2133
2026-08-05 15:59:29.581467+03:00,2026-08-06 14:00:00+03:00,17.474,2.84,14.634
2026-08-05 15:59:29.581467+03:00,2026-08-06 14:15:00+03:00,17.4576,2.54,14.9176
2026-08-05 15:59:29.581467+03:00,2026-08-06 14:30:00+03:00,17.5234,2.2,15.3234
2026-08-05 15:59:29.581467+03:00,2026-08-06 14:45:00+03:00,17.496,2.19,15.306
2026-08-05 15:59:29.581467+03:00,2026-08-06 15:00:00+03:00,17.4595,2.11,15.3495
2026-08-05 15:59:29.581467+03:00,2026-08-06 15:15:00+03:00,17.5008,2.11,15.390800000000002
2026-08-05 15:59:29.581467+03:00,2026-08-06 15:30:00+03:00,17.5547,2.03,15.5247
2026-08-05 15:59:29.581467+03:00,2026-08-06 15:45:00+03:00,17.5236,2.03,15.4936
2026-08-05 15:59:29.581467+03:00,2026-08-06 16:00:00+03:00,17.4651,2.19,15.2751
2026-08-05 15:59:29.581467+03:00,2026-08-06 16:15:00+03:00,17.6154,2.19,15.425400000000002
2026-08-05 15:59:29.581467+03:00,2026-08-06 16:30:00+03:00,17.5963,2.19,15.4063
2026-08-05 15:59:29.581467+03:00,2026-08-06 16:45:00+03:00,17.566,2.2,15.366
2026-08-05 15:59:29.581467+03:00,2026-08-06 17:00:00+03:00,17.526,2.2,15.326
2026-08-05 15:59:29.581467+03:00,2026-08-06 17:15:00+03:00,17.5995,2.78,14.8195
2026-08-05 15:59:29.581467+03:00,2026-08-06 17:30:00+03:00,17.6095,3.52,14.0895
2026-08-05 15:59:29.581467+03:00,2026-08-06 17:45:00+03:00,17.5816,4.1,13.481600000000002
2026-08-05 15:59:29.581467+03:00,2026-08-06 18:00:00+03:00,17.5242,4.95,12.5742
2026-08-05 15:59:29.581467+03:00,2026-08-06 18:15:00+03:00,17.4725,5.55,11.9225
2026-08-05 15:59:29.581467+03:00,2026-08-06 18:30:00+03:00,17.5496,7.27,10.279600000000002
2026-08-05 15:59:29.581467+03:00,2026-08-06 18:45:00+03:00,17.5628,9.44,8.1228
2026-08-05 15:59:29.581467+03:00,2026-08-06 19:00:00+03:00,17.4933,5.81,11.683300000000004
2026-08-05 15:59:29.581467+03:00,2026-08-06 19:15:00+03:00,17.3359,6.95,10.3859
2026-08-05 15:59:29.581467+03:00,2026-08-06 19:30:00+03:00,17.022,9.43,7.591999999999999
2026-08-05 15:59:29.581467+03:00,2026-08-06 19:45:00+03:00,17.0921,9.05,8.042099999999998
2026-08-05 15:59:29.581467+03:00,2026-08-06 20:00:00+03:00,17.1132,9.4,7.713199999999999
2026-08-05 15:59:29.581467+03:00,2026-08-06 20:15:00+03:00,16.8585,9.0,7.858499999999999
2026-08-05 15:59:29.581467+03:00,2026-08-06 20:30:00+03:00,16.6595,8.02,8.639500000000002
2026-08-05 15:59:29.581467+03:00,2026-08-06 20:45:00+03:00,16.6822,8.27,8.412200000000002
2026-08-05 15:59:29.581467+03:00,2026-08-06 21:00:00+03:00,16.7163,9.19,7.526300000000001
2026-08-05 15:59:29.581467+03:00,2026-08-06 21:15:00+03:00,16.6803,6.96,9.720299999999998
2026-08-05 15:59:29.581467+03:00,2026-08-06 21:30:00+03:00,16.6977,6.79,9.907700000000002
2026-08-05 15:59:29.581467+03:00,2026-08-06 21:45:00+03:00,16.7106,5.72,10.9906
2026-08-05 15:59:29.581467+03:00,2026-08-06 22:00:00+03:00,16.7603,6.85,9.9103
2026-08-05 15:59:29.581467+03:00,2026-08-06 22:15:00+03:00,16.4623,6.73,9.7323
2026-08-05 15:59:29.581467+03:00,2026-08-06 22:30:00+03:00,16.554,5.48,11.073999999999998
2026-08-05 15:59:29.581467+03:00,2026-08-06 22:45:00+03:00,16.6304,5.34,11.290400000000002
2026-08-05 15:59:29.581467+03:00,2026-08-06 23:00:00+03:00,16.7201,5.48,11.240099999999998
2026-08-05 15:59:29.581467+03:00,2026-08-06 23:15:00+03:00,16.4061,4.99,11.416099999999998
2026-08-05 15:59:29.581467+03:00,2026-08-06 23:30:00+03:00,15.8824,3.96,11.9224
2026-08-05 15:59:29.581467+03:00,2026-08-06 23:45:00+03:00,15.4992,3.68,11.8192
2026-08-05 15:59:29.581467+03:00,2026-08-07 00:00:00+03:00,15.3511,3.46,11.891100000000002
2026-08-05 15:59:29.581467+03:00,2026-08-07 00:15:00+03:00,15.1439,2.85,12.2939
2026-08-05 15:59:29.581467+03:00,2026-08-07 00:30:00+03:00,15.1289,2.23,12.8989
2026-08-05 15:59:29.581467+03:00,2026-08-07 00:45:00+03:00,15.1817,2.0,13.1817
2026-08-05 15:59:29.581467+03:00,2026-08-07 01:00:00+03:00,15.2402,2.03,13.2102
2026-08-05 15:59:29.581467+03:00,2026-08-07 01:15:00+03:00,15.1666,1.99,13.1766
2026-08-05 15:59:29.581467+03:00,2026-08-07 01:30:00+03:00,15.1623,1.93,13.2323
2026-08-05 15:59:29.581467+03:00,2026-08-07 01:45:00+03:00,15.1822,1.87,13.3122
2026-08-05 15:59:29.581467+03:00,2026-08-07 02:00:00+03:00,15.2597,1.83,13.4297
2026-08-05 15:59:29.581467+03:00,2026-08-07 02:15:00+03:00,15.268,1.81,13.458
2026-08-05 15:59:29.581467+03:00,2026-08-07 02:30:00+03:00,15.2519,1.77,13.4819
2026-08-05 15:59:29.581467+03:00,2026-08-07 02:45:00+03:00,15.2297,1.73,13.4997
2026-08-05 15:59:29.581467+03:00,2026-08-07 03:00:00+03:00,15.2587,1.76,13.4987
2026-08-05 15:59:29.581467+03:00,2026-08-07 03:15:00+03:00,15.2927,1.78,13.5127
2026-08-05 15:59:29.581467+03:00,2026-08-07 03:30:00+03:00,15.2905,1.8,13.4905
2026-08-05 15:59:29.581467+03:00,2026-08-07 03:45:00+03:00,15.2719,1.81,13.4619
2026-08-05 15:59:29.581467+03:00,2026-08-07 04:00:00+03:00,15.2748,1.74,13.5348
2026-08-05 15:59:29.581467+03:00,2026-08-07 04:15:00+03:00,15.4547,1.83,13.6247
2026-08-05 15:59:29.581467+03:00,2026-08-07 04:30:00+03:00,16.0529,1.83,14.2229
2026-08-05 15:59:29.581467+03:00,2026-08-07 04:45:00+03:00,16.2357,1.83,14.4057
2026-08-05 15:59:29.581467+03:00,2026-08-07 05:00:00+03:00,16.2085,1.83,14.3785
2026-08-05 15:59:29.581467+03:00,2026-08-07 05:15:00+03:00,16.5165,1.83,14.6865
2026-08-05 15:59:29.581467+03:00,2026-08-07 05:30:00+03:00,17.0134,1.86,15.1534
2026-08-05 15:59:29.581467+03:00,2026-08-07 05:45:00+03:00,17.2346,1.9,15.3346
2026-08-05 15:59:29.581467+03:00,2026-08-07 06:00:00+03:00,17.1566,1.99,15.1666
2026-08-05 15:59:29.581467+03:00,2026-08-07 06:15:00+03:00,17.4642,2.0,15.464200000000002
2026-08-05 15:59:29.581467+03:00,2026-08-07 06:30:00+03:00,17.716,2.27,15.446000000000002
2026-08-05 15:59:29.581467+03:00,2026-08-07 06:45:00+03:00,17.6732,2.66,15.0132
2026-08-05 15:59:29.581467+03:00,2026-08-07 07:00:00+03:00,17.6515,3.37,14.281499999999998
2026-08-05 15:59:29.581467+03:00,2026-08-07 07:15:00+03:00,17.8273,3.91,13.9173
2026-08-05 15:59:29.581467+03:00,2026-08-07 07:30:00+03:00,18.3345,4.16,14.174499999999998
2026-08-05 15:59:29.581467+03:00,2026-08-07 07:45:00+03:00,18.6431,4.82,13.8231
2026-08-05 15:59:29.581467+03:00,2026-08-07 08:00:00+03:00,18.9599,4.74,14.2199
2026-08-05 15:59:29.581467+03:00,2026-08-07 08:15:00+03:00,19.3998,5.09,14.3098
2026-08-05 15:59:29.581467+03:00,2026-08-07 08:30:00+03:00,19.8304,5.12,14.7104
2026-08-05 15:59:29.581467+03:00,2026-08-07 08:45:00+03:00,20.1464,5.03,15.1164
2026-08-05 15:59:29.581467+03:00,2026-08-07 09:00:00+03:00,20.4387,4.86,15.5787
2026-08-05 15:59:29.581467+03:00,2026-08-07 09:15:00+03:00,20.4762,4.73,15.746199999999998
2026-08-05 15:59:29.581467+03:00,2026-08-07 09:30:00+03:00,20.5219,4.79,15.7319
2026-08-05 15:59:29.581467+03:00,2026-08-07 09:45:00+03:00,20.5142,4.28,16.234199999999998
2026-08-05 15:59:29.581467+03:00,2026-08-07 10:00:00+03:00,20.4327,5.13,15.302700000000002
2026-08-05 15:59:29.581467+03:00,2026-08-07 10:15:00+03:00,20.3767,4.98,15.3967
2026-08-05 15:59:29.581467+03:00,2026-08-07 10:30:00+03:00,20.3949,4.14,16.2549
2026-08-05 15:59:29.581467+03:00,2026-08-07 10:45:00+03:00,20.4034,4.96,15.4434
2026-08-05 15:59:29.581467+03:00,2026-08-07 11:00:00+03:00,20.4155,5.03,15.3855
2026-08-05 15:59:29.581467+03:00,2026-08-07 11:15:00+03:00,20.3855,4.92,15.4655
2026-08-05 15:59:29.581467+03:00,2026-08-07 11:30:00+03:00,20.3997,4.11,16.2897
2026-08-05 15:59:29.581467+03:00,2026-08-07 11:45:00+03:00,20.4091,4.09,16.3191
2026-08-05 15:59:29.581467+03:00,2026-08-07 12:00:00+03:00,20.4103,4.19,16.220299999999998
2026-08-05 15:59:29.581467+03:00,2026-08-07 12:15:00+03:00,20.3898,4.97,15.419800000000002
2026-08-05 15:59:29.581467+03:00,2026-08-07 12:30:00+03:00,20.4058,4.28,16.125799999999998
2026-08-05 15:59:29.581467+03:00,2026-08-07 12:45:00+03:00,20.4137,5.0,15.4137
2026-08-05 15:59:29.581467+03:00,2026-08-07 13:00:00+03:00,20.4191,4.3,16.1191
2026-08-05 15:59:29.581467+03:00,2026-08-07 13:15:00+03:00,20.3994,4.13,16.2694
2026-08-05 15:59:29.581467+03:00,2026-08-07 13:30:00+03:00,20.4097,4.09,16.3197
2026-08-05 15:59:29.581467+03:00,2026-08-07 13:45:00+03:00,20.4152,4.02,16.3952
2026-08-05 15:59:29.581467+03:00,2026-08-07 14:00:00+03:00,20.4323,4.03,16.4023
2026-08-05 15:59:29.581467+03:00,2026-08-07 14:15:00+03:00,20.4278,4.01,16.4178
2026-08-05 15:59:29.581467+03:00,2026-08-07 14:30:00+03:00,20.4365,4.0,16.4365
2026-08-05 15:59:29.581467+03:00,2026-08-07 14:45:00+03:00,20.438,4.0,16.438
2026-08-05 15:59:29.581467+03:00,2026-08-07 15:00:00+03:00,20.4317,3.97,16.4617
2026-08-05 15:59:29.581467+03:00,2026-08-07 15:15:00+03:00,20.4766,3.97,16.506600000000002
2026-08-05 15:59:29.581467+03:00,2026-08-07 15:30:00+03:00,20.4796,3.96,16.5196
2026-08-05 15:59:29.581467+03:00,2026-08-07 15:45:00+03:00,20.4743,4.0,16.4743
2026-08-05 15:59:29.581467+03:00,2026-08-07 16:00:00+03:00,20.4618,3.99,16.4718
2026-08-05 15:59:29.581467+03:00,2026-08-07 16:15:00+03:00,20.5323,4.02,16.5123
2026-08-05 15:59:29.581467+03:00,2026-08-07 16:30:00+03:00,20.5122,4.1,16.4122
2026-08-05 15:59:29.581467+03:00,2026-08-07 16:45:00+03:00,20.5184,3.94,16.5784
2026-08-05 15:59:29.581467+03:00,2026-08-07 17:00:00+03:00,20.5221,3.87,16.652099999999997
2026-08-05 15:59:29.581467+03:00,2026-08-07 17:15:00+03:00,20.5568,3.91,16.6468
2026-08-05 15:59:29.581467+03:00,2026-08-07 17:30:00+03:00,20.5528,4.26,16.2928
2026-08-05 15:59:29.581467+03:00,2026-08-07 17:45:00+03:00,20.5422,5.03,15.5122
2026-08-05 15:59:29.581467+03:00,2026-08-07 18:00:00+03:00,20.5283,4.16,16.3683
2026-08-05 15:59:29.581467+03:00,2026-08-07 18:15:00+03:00,20.5012,5.27,15.2312
2026-08-05 15:59:29.581467+03:00,2026-08-07 18:30:00+03:00,20.5223,6.17,14.3523
2026-08-05 15:59:29.581467+03:00,2026-08-07 18:45:00+03:00,20.5426,7.55,12.9926
2026-08-05 15:59:29.581467+03:00,2026-08-07 19:00:00+03:00,20.5262,5.18,15.3462
2026-08-05 15:59:29.581467+03:00,2026-08-07 19:15:00+03:00,20.4064,5.87,14.5364
2026-08-05 15:59:29.581467+03:00,2026-08-07 19:30:00+03:00,20.4407,7.99,12.4507
2026-08-05 15:59:29.581467+03:00,2026-08-07 19:45:00+03:00,20.4793,9.75,10.7293
2026-08-05 15:59:29.581467+03:00,2026-08-07 20:00:00+03:00,20.4808,6.2,14.2808
2026-08-05 15:59:29.581467+03:00,2026-08-07 20:15:00+03:00,20.1641,7.18,12.984100000000002
2026-08-05 15:59:29.581467+03:00,2026-08-07 20:30:00+03:00,20.015,8.17,11.845
2026-08-05 15:59:29.581467+03:00,2026-08-07 20:45:00+03:00,20.0441,8.18,11.8641
2026-08-05 15:59:29.581467+03:00,2026-08-07 21:00:00+03:00,20.0539,6.92,13.1339
2026-08-05 15:59:29.581467+03:00,2026-08-07 21:15:00+03:00,20.0579,6.05,14.0079
2026-08-05 15:59:29.581467+03:00,2026-08-07 21:30:00+03:00,20.0894,6.06,14.029400000000004
2026-08-05 15:59:29.581467+03:00,2026-08-07 21:45:00+03:00,20.0996,5.86,14.2396
2026-08-05 15:59:29.581467+03:00,2026-08-07 22:00:00+03:00,20.0975,7.66,12.4375
2026-08-05 15:59:29.581467+03:00,2026-08-07 22:15:00+03:00,19.7725,8.15,11.6225
2026-08-05 15:59:29.581467+03:00,2026-08-07 22:30:00+03:00,19.6594,7.99,11.6694
2026-08-05 15:59:29.581467+03:00,2026-08-07 22:45:00+03:00,19.398,6.77,12.628
2026-08-05 15:59:29.581467+03:00,2026-08-07 23:00:00+03:00,19.4436,9.86,9.5836
2026-08-05 15:59:29.581467+03:00,2026-08-07 23:15:00+03:00,19.1552,7.99,11.1652
2026-08-05 15:59:29.581467+03:00,2026-08-07 23:30:00+03:00,18.8126,6.71,12.1026
2026-08-05 15:59:29.581467+03:00,2026-08-07 23:45:00+03:00,18.4594,6.3,12.159399999999998
2026-08-05 15:59:29.581467+03:00,2026-08-08 00:00:00+03:00,18.1873,7.69,10.4973
2026-08-05 15:59:29.581467+03:00,2026-08-08 00:15:00+03:00,18.0395,6.04,11.9995
2026-08-05 15:59:29.581467+03:00,2026-08-08 00:30:00+03:00,18.0352,6.64,11.3952
2026-08-05 15:59:29.581467+03:00,2026-08-08 00:45:00+03:00,18.0952,6.05,12.045199999999998
2026-08-05 15:59:29.581467+03:00,2026-08-08 01:00:00+03:00,18.0873,3.23,14.8573
2026-08-05 15:59:29.581467+03:00,2026-08-08 01:15:00+03:00,17.913,3.52,14.393
2026-08-05 15:59:29.581467+03:00,2026-08-08 01:30:00+03:00,17.9403,3.34,14.6003
2026-08-05 15:59:29.581467+03:00,2026-08-08 01:45:00+03:00,17.9748,3.08,14.894799999999998
2026-08-05 15:59:29.581467+03:00,2026-08-08 02:00:00+03:00,18.0328,3.47,14.5628
2026-08-05 15:59:29.581467+03:00,2026-08-08 02:15:00+03:00,18.014,3.48,14.534
2026-08-05 15:59:29.581467+03:00,2026-08-08 02:30:00+03:00,18.0289,3.33,14.6989
2026-08-05 15:59:29.581467+03:00,2026-08-08 02:45:00+03:00,18.0364,3.17,14.8664
2026-08-05 15:59:29.581467+03:00,2026-08-08 03:00:00+03:00,18.043,3.34,14.703
2026-08-05 15:59:29.581467+03:00,2026-08-08 03:15:00+03:00,18.046,3.17,14.876
2026-08-05 15:59:29.581467+03:00,2026-08-08 03:30:00+03:00,18.0567,3.12,14.936699999999998
2026-08-05 15:59:29.581467+03:00,2026-08-08 03:45:00+03:00,18.0561,2.99,15.0661
2026-08-05 15:59:29.581467+03:00,2026-08-08 04:00:00+03:00,18.0762,3.04,15.0362
2026-08-05 15:59:29.581467+03:00,2026-08-08 04:15:00+03:00,18.0911,2.73,15.3611
2026-08-05 15:59:29.581467+03:00,2026-08-08 04:30:00+03:00,18.1021,2.69,15.4121
2026-08-05 15:59:29.581467+03:00,2026-08-08 04:45:00+03:00,18.1068,2.62,15.4868
2026-08-05 15:59:29.581467+03:00,2026-08-08 05:00:00+03:00,18.1478,2.03,16.1178
2026-08-05 15:59:29.581467+03:00,2026-08-08 05:15:00+03:00,18.2219,2.05,16.1719
2026-08-05 15:59:29.581467+03:00,2026-08-08 05:30:00+03:00,18.5786,2.08,16.498600000000003
2026-08-05 15:59:29.581467+03:00,2026-08-08 05:45:00+03:00,18.5315,2.04,16.491500000000002
2026-08-05 15:59:29.581467+03:00,2026-08-08 06:00:00+03:00,18.5106,2.03,16.4806
2026-08-05 15:59:29.581467+03:00,2026-08-08 06:15:00+03:00,18.5937,2.03,16.563699999999997
2026-08-05 15:59:29.581467+03:00,2026-08-08 06:30:00+03:00,18.9632,2.06,16.903200000000002
2026-08-05 15:59:29.581467+03:00,2026-08-08 06:45:00+03:00,19.3745,2.3,17.0745
2026-08-05 15:59:29.581467+03:00,2026-08-08 07:00:00+03:00,19.9084,2.14,17.7684
2026-08-05 15:59:29.581467+03:00,2026-08-08 07:15:00+03:00,20.3217,2.29,18.0317
2026-08-05 15:59:29.581467+03:00,2026-08-08 07:30:00+03:00,21.2083,2.34,18.8683
2026-08-05 15:59:29.581467+03:00,2026-08-08 07:45:00+03:00,21.8802,2.43,19.4502
2026-08-05 15:59:29.581467+03:00,2026-08-08 08:00:00+03:00,22.6918,2.8,19.8918
2026-08-05 15:59:29.581467+03:00,2026-08-08 08:15:00+03:00,23.637,2.9,20.737
2026-08-05 15:59:29.581467+03:00,2026-08-08 08:30:00+03:00,24.6635,2.99,21.6735
2026-08-05 15:59:29.581467+03:00,2026-08-08 08:45:00+03:00,25.395,2.98,22.415
2026-08-05 15:59:29.581467+03:00,2026-08-08 09:00:00+03:00,26.1351,3.36,22.7751
2026-08-05 15:59:29.581467+03:00,2026-08-08 09:15:00+03:00,26.3434,3.1,23.2434
2026-08-05 15:59:29.581467+03:00,2026-08-08 09:30:00+03:00,26.3075,2.87,23.4375
2026-08-05 15:59:29.581467+03:00,2026-08-08 09:45:00+03:00,26.3465,2.84,23.5065
2026-08-05 15:59:29.581467+03:00,2026-08-08 10:00:00+03:00,26.2517,2.88,23.3717
2026-08-05 15:59:29.581467+03:00,2026-08-08 10:15:00+03:00,26.1441,2.88,23.264100000000003
2026-08-05 15:59:29.581467+03:00,2026-08-08 10:30:00+03:00,26.1792,2.8,23.3792
2026-08-05 15:59:29.581467+03:00,2026-08-08 10:45:00+03:00,26.1723,2.78,23.3923
2026-08-05 15:59:29.581467+03:00,2026-08-08 11:00:00+03:00,26.1941,3.72,22.4741
2026-08-05 15:59:29.581467+03:00,2026-08-08 11:15:00+03:00,26.1165,3.21,22.9065
2026-08-05 15:59:29.581467+03:00,2026-08-08 11:30:00+03:00,25.7652,1.57,24.1952
2026-08-05 15:59:29.581467+03:00,2026-08-08 11:45:00+03:00,25.3115,1.22,24.0915
2026-08-05 15:59:29.581467+03:00,2026-08-08 12:00:00+03:00,25.1175,2.2,22.9175
2026-08-05 15:59:29.581467+03:00,2026-08-08 12:15:00+03:00,25.1222,2.06,23.0622
2026-08-05 15:59:29.581467+03:00,2026-08-08 12:30:00+03:00,25.1347,2.06,23.0747
2026-08-05 15:59:29.581467+03:00,2026-08-08 12:45:00+03:00,25.1831,1.99,23.1931
2026-08-05 15:59:29.581467+03:00,2026-08-08 13:00:00+03:00,25.205,1.83,23.375
2026-08-05 15:59:29.581467+03:00,2026-08-08 13:15:00+03:00,25.1053,1.37,23.7353
2026-08-05 15:59:29.581467+03:00,2026-08-08 13:30:00+03:00,25.127,1.02,24.107
2026-08-05 15:59:29.581467+03:00,2026-08-08 13:45:00+03:00,25.1423,0.96,24.1823
2026-08-05 15:59:29.581467+03:00,2026-08-08 14:00:00+03:00,25.1982,0.62,24.5782
2026-08-05 15:59:29.581467+03:00,2026-08-08 14:15:00+03:00,25.2178,0.55,24.6678
2026-08-05 15:59:29.581467+03:00,2026-08-08 14:30:00+03:00,25.2115,0.53,24.6815
2026-08-05 15:59:29.581467+03:00,2026-08-08 14:45:00+03:00,25.2104,0.53,24.6804
2026-08-05 15:59:29.581467+03:00,2026-08-08 15:00:00+03:00,25.2134,0.56,24.6534
2026-08-05 15:59:29.581467+03:00,2026-08-08 15:15:00+03:00,25.3059,0.57,24.7359
2026-08-05 15:59:29.581467+03:00,2026-08-08 15:30:00+03:00,25.3011,0.55,24.7511
2026-08-05 15:59:29.581467+03:00,2026-08-08 15:45:00+03:00,25.2555,0.59,24.6655
2026-08-05 15:59:29.581467+03:00,2026-08-08 16:00:00+03:00,25.2218,0.81,24.411800000000003
2026-08-05 15:59:29.581467+03:00,2026-08-08 16:15:00+03:00,25.3884,0.97,24.4184
2026-08-05 15:59:29.581467+03:00,2026-08-08 16:30:00+03:00,25.2993,0.92,24.3793
2026-08-05 15:59:29.581467+03:00,2026-08-08 16:45:00+03:00,25.2782,0.94,24.3382
2026-08-05 15:59:29.581467+03:00,2026-08-08 17:00:00+03:00,25.3862,0.85,24.5362
2026-08-05 15:59:29.581467+03:00,2026-08-08 17:15:00+03:00,25.4557,1.34,24.1157
2026-08-05 15:59:29.581467+03:00,2026-08-08 17:30:00+03:00,25.7638,2.61,23.1538
2026-08-05 15:59:29.581467+03:00,2026-08-08 17:45:00+03:00,25.6757,3.97,21.7057
2026-08-05 15:59:29.581467+03:00,2026-08-08 18:00:00+03:00,25.6612,2.8,22.8612
2026-08-05 15:59:29.581467+03:00,2026-08-08 18:15:00+03:00,25.5603,3.8,21.7603
2026-08-05 15:59:29.581467+03:00,2026-08-08 18:30:00+03:00,25.5714,5.52,20.0514
2026-08-05 15:59:29.581467+03:00,2026-08-08 18:45:00+03:00,25.57,7.43,18.14
2026-08-05 15:59:29.581467+03:00,2026-08-08 19:00:00+03:00,25.5687,5.09,20.4787
2026-08-05 15:59:29.581467+03:00,2026-08-08 19:15:00+03:00,25.4408,6.83,18.6108
2026-08-05 15:59:29.581467+03:00,2026-08-08 19:30:00+03:00,25.4717,8.27,17.2017
2026-08-05 15:59:29.581467+03:00,2026-08-08 19:45:00+03:00,25.4914,15.09,10.4014
2026-08-05 15:59:29.581467+03:00,2026-08-08 20:00:00+03:00,25.4592,10.83,14.6292
2026-08-05 15:59:29.581467+03:00,2026-08-08 20:15:00+03:00,25.1932,13.87,11.323200000000002
2026-08-05 15:59:29.581467+03:00,2026-08-08 20:30:00+03:00,25.0656,15.08,9.9856
2026-08-05 15:59:29.581467+03:00,2026-08-08 20:45:00+03:00,24.6203,11.76,12.8603
2026-08-05 15:59:29.581467+03:00,2026-08-08 21:00:00+03:00,24.4369,15.98,8.456900000000001
2026-08-05 15:59:29.581467+03:00,2026-08-08 21:15:00+03:00,24.5218,10.81,13.711799999999998
2026-08-05 15:59:29.581467+03:00,2026-08-08 21:30:00+03:00,24.5977,8.27,16.3277
2026-08-05 15:59:29.581467+03:00,2026-08-08 21:45:00+03:00,24.6388,6.76,17.8788
2026-08-05 15:59:29.581467+03:00,2026-08-08 22:00:00+03:00,24.6042,8.26,16.3442
2026-08-05 15:59:29.581467+03:00,2026-08-08 22:15:00+03:00,24.231,7.63,16.601000000000003
2026-08-05 15:59:29.581467+03:00,2026-08-08 22:30:00+03:00,23.8768,6.04,17.8368
2026-08-05 15:59:29.581467+03:00,2026-08-08 22:45:00+03:00,23.5564,5.38,18.1764
2026-08-05 15:59:29.581467+03:00,2026-08-08 23:00:00+03:00,23.2918,6.19,17.101799999999997
2026-08-05 15:59:29.581467+03:00,2026-08-08 23:15:00+03:00,23.0234,5.44,17.583399999999997
2026-08-05 15:59:29.581467+03:00,2026-08-08 23:30:00+03:00,22.6746,4.74,17.934600000000003
2026-08-05 15:59:29.581467+03:00,2026-08-08 23:45:00+03:00,22.5201,3.92,18.6001
2026-08-05 15:59:29.581467+03:00,2026-08-09 00:00:00+03:00,22.5868,4.82,17.7668
2026-08-05 15:59:29.581467+03:00,2026-08-09 00:15:00+03:00,22.7147,4.36,18.3547
2026-08-05 15:59:29.581467+03:00,2026-08-09 00:30:00+03:00,22.738,3.6,19.138
2026-08-05 15:59:29.581467+03:00,2026-08-09 00:45:00+03:00,22.7532,3.25,19.5032
2026-08-05 15:59:29.581467+03:00,2026-08-09 01:00:00+03:00,22.7332,4.64,18.0932
2026-08-05 15:59:29.581467+03:00,2026-08-09 01:15:00+03:00,22.6106,4.34,18.2706
2026-08-05 15:59:29.581467+03:00,2026-08-09 01:30:00+03:00,22.5992,4.21,18.3892
2026-08-05 15:59:29.581467+03:00,2026-08-09 01:45:00+03:00,22.633,3.73,18.903
2026-08-05 15:59:29.581467+03:00,2026-08-09 02:00:00+03:00,22.6513,4.24,18.411299999999997
2026-08-05 15:59:29.581467+03:00,2026-08-09 02:15:00+03:00,22.6882,4.23,18.458199999999998
2026-08-05 15:59:29.581467+03:00,2026-08-09 02:30:00+03:00,22.6548,4.04,18.614800000000002
2026-08-05 15:59:29.581467+03:00,2026-08-09 02:45:00+03:00,22.6554,3.76,18.895400000000002
2026-08-05 15:59:29.581467+03:00,2026-08-09 03:00:00+03:00,22.6733,4.05,18.6233
2026-08-05 15:59:29.581467+03:00,2026-08-09 03:15:00+03:00,22.7259,4.1,18.6259
2026-08-05 15:59:29.581467+03:00,2026-08-09 03:30:00+03:00,22.697,4.01,18.686999999999998
2026-08-05 15:59:29.581467+03:00,2026-08-09 03:45:00+03:00,22.689,3.86,18.829
2026-08-05 15:59:29.581467+03:00,2026-08-09 04:00:00+03:00,22.7149,4.25,18.4649
2026-08-05 15:59:29.581467+03:00,2026-08-09 04:15:00+03:00,22.7598,4.2,18.5598
2026-08-05 15:59:29.581467+03:00,2026-08-09 04:30:00+03:00,22.7193,3.89,18.8293
2026-08-05 15:59:29.581467+03:00,2026-08-09 04:45:00+03:00,22.725,3.78,18.945
2026-08-05 15:59:29.581467+03:00,2026-08-09 05:00:00+03:00,22.7449,4.05,18.6949
2026-08-05 15:59:29.581467+03:00,2026-08-09 05:15:00+03:00,22.7901,4.1,18.6901
2026-08-05 15:59:29.581467+03:00,2026-08-09 05:30:00+03:00,22.7414,4.22,18.5214
2026-08-05 15:59:29.581467+03:00,2026-08-09 05:45:00+03:00,22.729,4.29,18.439
2026-08-05 15:59:29.581467+03:00,2026-08-09 06:00:00+03:00,22.7573,4.22,18.537300000000002
2026-08-05 15:59:29.581467+03:00,2026-08-09 06:15:00+03:00,22.839,4.24,18.598999999999997
2026-08-05 15:59:29.581467+03:00,2026-08-09 06:30:00+03:00,22.7846,4.16,18.6246
2026-08-05 15:59:29.581467+03:00,2026-08-09 06:45:00+03:00,22.7672,3.91,18.8572
2026-08-05 15:59:29.581467+03:00,2026-08-09 07:00:00+03:00,22.8174,4.0,18.8174
2026-08-05 15:59:29.581467+03:00,2026-08-09 07:15:00+03:00,22.9654,4.14,18.8254
2026-08-05 15:59:29.581467+03:00,2026-08-09 07:30:00+03:00,23.2435,4.04,19.203500000000002
2026-08-05 15:59:29.581467+03:00,2026-08-09 07:45:00+03:00,23.2079,4.04,19.1679
2026-08-05 15:59:29.581467+03:00,2026-08-09 08:00:00+03:00,23.2013,4.6,18.601300000000002
2026-08-05 15:59:29.581467+03:00,2026-08-09 08:15:00+03:00,23.114,4.71,18.404
2026-08-05 15:59:29.581467+03:00,2026-08-09 08:30:00+03:00,23.1532,4.84,18.3132
2026-08-05 15:59:29.581467+03:00,2026-08-09 08:45:00+03:00,23.1413,4.9,18.241300000000003
2026-08-05 15:59:29.581467+03:00,2026-08-09 09:00:00+03:00,23.1207,4.94,18.180699999999998
2026-08-05 15:59:29.581467+03:00,2026-08-09 09:15:00+03:00,23.0489,4.59,18.4589
2026-08-05 15:59:29.581467+03:00,2026-08-09 09:30:00+03:00,23.0765,4.01,19.066499999999998
2026-08-05 15:59:29.581467+03:00,2026-08-09 09:45:00+03:00,23.098,3.78,19.317999999999998
2026-08-05 15:59:29.581467+03:00,2026-08-09 10:00:00+03:00,22.9851,4.56,18.4251
2026-08-05 15:59:29.581467+03:00,2026-08-09 10:15:00+03:00,22.9012,3.45,19.4512
2026-08-05 15:59:29.581467+03:00,2026-08-09 10:30:00+03:00,22.9331,3.37,19.5631
2026-08-05 15:59:29.581467+03:00,2026-08-09 10:45:00+03:00,22.9584,1.47,21.488400000000002
2026-08-05 15:59:29.581467+03:00,2026-08-09 11:00:00+03:00,22.9436,1.39,21.5536
2026-08-05 15:59:29.581467+03:00,2026-08-09 11:15:00+03:00,22.8666,0.93,21.9366
2026-08-05 15:59:29.581467+03:00,2026-08-09 11:30:00+03:00,22.5424,0.8,21.7424
2026-08-05 15:59:29.581467+03:00,2026-08-09 11:45:00+03:00,22.5631,0.7,21.8631
2026-08-05 15:59:29.581467+03:00,2026-08-09 12:00:00+03:00,22.6243,0.77,21.854300000000002
2026-08-05 15:59:29.581467+03:00,2026-08-09 12:15:00+03:00,22.6557,0.67,21.985699999999998
2026-08-05 15:59:29.581467+03:00,2026-08-09 12:30:00+03:00,22.6372,0.57,22.0672
2026-08-05 15:59:29.581467+03:00,2026-08-09 12:45:00+03:00,22.6475,0.5,22.1475
2026-08-05 15:59:29.581467+03:00,2026-08-09 13:00:00+03:00,22.6605,0.07,22.5905
2026-08-05 15:59:29.581467+03:00,2026-08-09 13:15:00+03:00,22.6172,0.01,22.6072
2026-08-05 15:59:29.581467+03:00,2026-08-09 13:30:00+03:00,22.6019,0.01,22.5919
2026-08-05 15:59:29.581467+03:00,2026-08-09 13:45:00+03:00,22.6144,0.0,22.6144
2026-08-05 15:59:29.581467+03:00,2026-08-09 14:00:00+03:00,22.6733,0.0,22.6733
2026-08-05 15:59:29.581467+03:00,2026-08-09 14:15:00+03:00,22.7126,0.0,22.7126
2026-08-05 15:59:29.581467+03:00,2026-08-09 14:30:00+03:00,22.6823,0.0,22.6823
2026-08-05 15:59:29.581467+03:00,2026-08-09 14:45:00+03:00,22.6794,0.0,22.6794
2026-08-05 15:59:29.581467+03:00,2026-08-09 15:00:00+03:00,22.7183,0.0,22.7183
2026-08-05 15:59:29.581467+03:00,2026-08-09 15:15:00+03:00,22.8047,0.0,22.8047
2026-08-05 15:59:29.581467+03:00,2026-08-09 15:30:00+03:00,22.754,0.01,22.744
2026-08-05 15:59:29.581467+03:00,2026-08-09 15:45:00+03:00,22.7446,0.01,22.734599999999997
2026-08-05 15:59:29.581467+03:00,2026-08-09 16:00:00+03:00,22.7277,0.0,22.7277
2026-08-05 15:59:29.581467+03:00,2026-08-09 16:15:00+03:00,22.8661,0.01,22.856099999999998
2026-08-05 15:59:29.581467+03:00,2026-08-09 16:30:00+03:00,22.7615,0.01,22.7515
2026-08-05 15:59:29.581467+03:00,2026-08-09 16:45:00+03:00,22.7534,0.04,22.7134
2026-08-05 15:59:29.581467+03:00,2026-08-09 17:00:00+03:00,22.7832,0.01,22.7732
2026-08-05 15:59:29.581467+03:00,2026-08-09 17:15:00+03:00,22.8617,0.64,22.2217
2026-08-05 15:59:29.581467+03:00,2026-08-09 17:30:00+03:00,22.8044,1.0,21.8044
2026-08-05 15:59:29.581467+03:00,2026-08-09 17:45:00+03:00,22.7794,1.9,20.8794
2026-08-05 15:59:29.581467+03:00,2026-08-09 18:00:00+03:00,22.775,1.93,20.845
2026-08-05 15:59:29.581467+03:00,2026-08-09 18:15:00+03:00,22.7714,2.2,20.5714
2026-08-05 15:59:29.581467+03:00,2026-08-09 18:30:00+03:00,22.7434,3.49,19.2534
2026-08-05 15:59:29.581467+03:00,2026-08-09 18:45:00+03:00,22.7576,4.09,18.6676
2026-08-05 15:59:29.581467+03:00,2026-08-09 19:00:00+03:00,22.7331,3.52,19.2131
2026-08-05 15:59:29.581467+03:00,2026-08-09 19:15:00+03:00,22.6668,3.71,18.956799999999998
2026-08-05 15:59:29.581467+03:00,2026-08-09 19:30:00+03:00,22.6559,4.01,18.645899999999997
2026-08-05 15:59:29.581467+03:00,2026-08-09 19:45:00+03:00,22.6999,4.56,18.1399
2026-08-05 15:59:29.581467+03:00,2026-08-09 20:00:00+03:00,22.7652,4.78,17.9852
2026-08-05 15:59:29.581467+03:00,2026-08-09 20:15:00+03:00,22.5243,4.59,17.9343
2026-08-05 15:59:29.581467+03:00,2026-08-09 20:30:00+03:00,22.6157,4.3,18.3157
2026-08-05 15:59:29.581467+03:00,2026-08-09 20:45:00+03:00,22.6448,3.89,18.7548
2026-08-05 15:59:29.581467+03:00,2026-08-09 21:00:00+03:00,22.6494,4.36,18.2894
2026-08-05 15:59:29.581467+03:00,2026-08-09 21:15:00+03:00,22.7578,3.88,18.8778
2026-08-05 15:59:29.581467+03:00,2026-08-09 21:30:00+03:00,22.7593,3.75,19.0093
2026-08-05 15:59:29.581467+03:00,2026-08-09 21:45:00+03:00,22.7676,3.69,19.0776
2026-08-05 15:59:29.581467+03:00,2026-08-09 22:00:00+03:00,22.7022,4.6,18.102200000000003
2026-08-05 15:59:29.581467+03:00,2026-08-09 22:15:00+03:00,22.5052,4.43,18.0752
2026-08-05 15:59:29.581467+03:00,2026-08-09 22:30:00+03:00,22.5626,3.99,18.5726
2026-08-05 15:59:29.581467+03:00,2026-08-09 22:45:00+03:00,22.6234,3.75,18.8734
2026-08-05 15:59:29.581467+03:00,2026-08-09 23:00:00+03:00,22.6911,3.67,19.021099999999997
2026-08-05 15:59:29.581467+03:00,2026-08-09 23:15:00+03:00,22.4106,3.56,18.8506
2026-08-05 15:59:29.581467+03:00,2026-08-09 23:30:00+03:00,22.1399,3.31,18.829900000000002
2026-08-05 15:59:29.581467+03:00,2026-08-09 23:45:00+03:00,22.2699,2.54,19.7299
2026-08-05 15:59:29.581467+03:00,2026-08-10 00:00:00+03:00,22.3115,2.51,19.801499999999997
2026-08-05 15:59:29.581467+03:00,2026-08-10 00:15:00+03:00,22.3401,2.42,19.920099999999998
2026-08-05 15:59:29.581467+03:00,2026-08-10 00:30:00+03:00,22.346,2.26,20.086
2026-08-05 15:59:29.581467+03:00,2026-08-10 00:45:00+03:00,22.3625,2.08,20.2825
2026-08-05 15:59:29.581467+03:00,2026-08-10 01:00:00+03:00,22.3462,,
2026-08-05 15:59:29.581467+03:00,2026-08-10 01:15:00+03:00,22.2324,,
2026-08-05 15:59:29.581467+03:00,2026-08-10 01:30:00+03:00,22.2385,,
2026-08-05 15:59:29.581467+03:00,2026-08-10 01:45:00+03:00,22.3313,,
2026-08-05 15:59:29.581467+03:00,2026-08-10 02:00:00+03:00,22.3239,,
2026-08-05 15:59:29.581467+03:00,2026-08-10 02:15:00+03:00,22.3489,,
2026-08-05 15:59:29.581467+03:00,2026-08-10 02:30:00+03:00,22.3364,,
2026-08-05 15:59:29.581467+03:00,2026-08-10 02:45:00+03:00,22.3423,,
2026-08-05 15:59:29.581467+03:00,2026-08-10 03:00:00+03:00,22.3532,,
2026-08-05 15:59:29.581467+03:00,2026-08-10 03:15:00+03:00,22.4007,,
2026-08-05 15:59:29.581467+03:00,2026-08-10 03:30:00+03:00,22.3968,,
2026-08-05 15:59:29.581467+03:00,2026-08-10 03:45:00+03:00,22.4011,,
2026-08-05 15:59:29.581467+03:00,2026-08-10 04:00:00+03:00,22.4285,,
2026-08-05 15:59:29.581467+03:00,2026-08-10 04:15:00+03:00,22.5467,,
2026-08-05 15:59:29.581467+03:00,2026-08-10 04:30:00+03:00,22.8162,,
2026-08-05 15:59:29.581467+03:00,2026-08-10 04:45:00+03:00,22.7948,,
2026-08-05 15:59:29.581467+03:00,2026-08-10 05:00:00+03:00,22.8135,,
2026-08-05 15:59:29.581467+03:00,2026-08-10 05:15:00+03:00,23.0413,,
2026-08-05 15:59:29.581467+03:00,2026-08-10 05:30:00+03:00,23.2432,,
2026-08-05 15:59:29.581467+03:00,2026-08-10 05:45:00+03:00,23.1629,,
2026-08-05 15:59:29.581467+03:00,2026-08-10 06:00:00+03:00,23.1358,,
2026-08-05 15:59:29.581467+03:00,2026-08-10 06:15:00+03:00,23.2535,,
2026-08-05 15:59:29.581467+03:00,2026-08-10 06:30:00+03:00,23.1209,,
2026-08-05 15:59:29.581467+03:00,2026-08-10 06:45:00+03:00,23.0988,,
2026-08-05 15:59:29.581467+03:00,2026-08-10 07:00:00+03:00,23.1109,,
2026-08-05 15:59:29.581467+03:00,2026-08-10 07:15:00+03:00,23.3137,,
2026-08-05 15:59:29.581467+03:00,2026-08-10 07:30:00+03:00,23.6525,,
2026-08-05 15:59:29.581467+03:00,2026-08-10 07:45:00+03:00,23.965,,
2026-08-05 15:59:29.581467+03:00,2026-08-10 08:00:00+03:00,24.0698,,
2026-08-05 15:59:29.581467+03:00,2026-08-10 08:15:00+03:00,24.3679,,
2026-08-05 15:59:29.581467+03:00,2026-08-10 08:30:00+03:00,24.4139,,
2026-08-05 15:59:29.581467+03:00,2026-08-10 08:45:00+03:00,24.8632,,
2026-08-05 15:59:29.581467+03:00,2026-08-10 09:00:00+03:00,25.0653,,
2026-08-05 15:59:29.581467+03:00,2026-08-10 09:15:00+03:00,24.9091,,
2026-08-05 15:59:29.581467+03:00,2026-08-10 09:30:00+03:00,24.9795,,
2026-08-05 15:59:29.581467+03:00,2026-08-10 09:45:00+03:00,24.9543,,
2026-08-05 15:59:29.581467+03:00,2026-08-10 10:00:00+03:00,24.9027,,
2026-08-05 15:59:29.581467+03:00,2026-08-10 10:15:00+03:00,24.8014,,
2026-08-05 15:59:29.581467+03:00,2026-08-10 10:30:00+03:00,24.8709,,
2026-08-05 15:59:29.581467+03:00,2026-08-10 10:45:00+03:00,24.852,,
2026-08-05 15:59:29.581467+03:00,2026-08-10 11:00:00+03:00,24.827,,
2026-08-05 15:59:29.581467+03:00,2026-08-10 11:15:00+03:00,24.7539,,
2026-08-05 15:59:29.581467+03:00,2026-08-10 11:30:00+03:00,24.52,,
2026-08-05 15:59:29.581467+03:00,2026-08-10 11:45:00+03:00,24.5377,,
2026-08-05 15:59:29.581467+03:00,2026-08-10 12:00:00+03:00,24.5407,,
2026-08-05 15:59:29.581467+03:00,2026-08-10 12:15:00+03:00,24.5587,,
2026-08-05 15:59:29.581467+03:00,2026-08-10 12:30:00+03:00,24.5698,,
2026-08-05 15:59:29.581467+03:00,2026-08-10 12:45:00+03:00,24.5774,,
2026-08-05 15:59:29.581467+03:00,2026-08-10 13:00:00+03:00,24.5955,,
2026-08-05 15:59:29.581467+03:00,2026-08-10 13:15:00+03:00,24.5812,,
2026-08-05 15:59:29.581467+03:00,2026-08-10 13:30:00+03:00,24.5921,,
2026-08-05 15:59:29.581467+03:00,2026-08-10 13:45:00+03:00,24.5956,,
2026-08-05 15:59:29.581467+03:00,2026-08-10 14:00:00+03:00,24.6173,,
2026-08-05 15:59:29.581467+03:00,2026-08-10 14:15:00+03:00,24.6241,,
2026-08-05 15:59:29.581467+03:00,2026-08-10 14:30:00+03:00,24.6272,,
2026-08-05 15:59:29.581467+03:00,2026-08-10 14:45:00+03:00,24.627,,
2026-08-05 15:59:29.581467+03:00,2026-08-10 15:00:00+03:00,24.6188,,
2026-08-05 15:59:29.581467+03:00,2026-08-10 15:15:00+03:00,24.6965,,
2026-08-05 15:59:29.581467+03:00,2026-08-10 15:30:00+03:00,24.6909,,
2026-08-05 15:59:29.581467+03:00,2026-08-10 15:45:00+03:00,24.6743,,
2026-08-05 15:59:29.581467+03:00,2026-08-10 16:00:00+03:00,24.646,,
2026-08-05 15:59:29.581467+03:00,2026-08-10 16:15:00+03:00,24.7454,,
2026-08-05 15:59:29.581467+03:00,2026-08-10 16:30:00+03:00,24.7042,,
2026-08-05 15:59:29.581467+03:00,2026-08-10 16:45:00+03:00,24.6939,,
2026-08-05 15:59:29.581467+03:00,2026-08-10 17:00:00+03:00,24.674,,
2026-08-05 15:59:29.581467+03:00,2026-08-10 17:15:00+03:00,24.7148,,
2026-08-05 15:59:29.581467+03:00,2026-08-10 17:30:00+03:00,24.718,,
2026-08-05 15:59:29.581467+03:00,2026-08-10 17:45:00+03:00,24.691,,
2026-08-05 15:59:29.581467+03:00,2026-08-10 18:00:00+03:00,24.6914,,
2026-08-05 15:59:29.581467+03:00,2026-08-10 18:15:00+03:00,24.6776,,
2026-08-05 15:59:29.581467+03:00,2026-08-10 18:30:00+03:00,24.6888,,
2026-08-05 15:59:29.581467+03:00,2026-08-10 18:45:00+03:00,24.7,,
2026-08-05 15:59:29.581467+03:00,2026-08-10 19:00:00+03:00,24.6813,,
2026-08-05 15:59:29.581467+03:00,2026-08-10 19:15:00+03:00,24.5801,,
2026-08-05 15:59:29.581467+03:00,2026-08-10 19:30:00+03:00,24.5907,,
2026-08-05 15:59:29.581467+03:00,2026-08-10 19:45:00+03:00,24.6221,,
2026-08-05 15:59:29.581467+03:00,2026-08-10 20:00:00+03:00,24.6362,,
2026-08-05 15:59:29.581467+03:00,2026-08-10 20:15:00+03:00,24.3539,,
2026-08-05 15:59:29.581467+03:00,2026-08-10 20:30:00+03:00,23.9748,,
2026-08-05 15:59:29.581467+03:00,2026-08-10 20:45:00+03:00,23.6036,,
2026-08-05 15:59:29.581467+03:00,2026-08-10 21:00:00+03:00,23.2547,,
2026-08-05 15:59:29.581467+03:00,2026-08-10 21:15:00+03:00,22.8301,,
2026-08-05 15:59:29.581467+03:00,2026-08-10 21:30:00+03:00,22.5052,,
2026-08-05 15:59:29.581467+03:00,2026-08-10 21:45:00+03:00,22.5942,,
2026-08-05 15:59:29.581467+03:00,2026-08-10 22:00:00+03:00,22.5775,,
2026-08-05 15:59:29.581467+03:00,2026-08-10 22:15:00+03:00,22.4625,,
2026-08-05 15:59:29.581467+03:00,2026-08-10 22:30:00+03:00,22.1901,,
2026-08-05 15:59:29.581467+03:00,2026-08-10 22:45:00+03:00,22.2904,,
2026-08-05 15:59:29.581467+03:00,2026-08-10 23:00:00+03:00,22.3655,,
2026-08-05 15:59:29.581467+03:00,2026-08-10 23:15:00+03:00,22.0818,,
2026-08-05 15:59:29.581467+03:00,2026-08-10 23:30:00+03:00,21.557,,
2026-08-05 15:59:29.581467+03:00,2026-08-10 23:45:00+03:00,21.1604,,
2026-08-05 15:59:29.581467+03:00,2026-08-11 00:00:00+03:00,20.7981,,
2026-08-05 15:59:29.581467+03:00,2026-08-11 00:15:00+03:00,20.6432,,
2026-08-05 15:59:29.581467+03:00,2026-08-11 00:30:00+03:00,20.6924,,
2026-08-05 15:59:29.581467+03:00,2026-08-11 00:45:00+03:00,20.7503,,
2026-08-05 15:59:29.581467+03:00,2026-08-11 01:00:00+03:00,20.7806,,
2026-08-05 15:59:29.581467+03:00,2026-08-11 01:15:00+03:00,20.7057,,
2026-08-05 15:59:29.581467+03:00,2026-08-11 01:30:00+03:00,20.7237,,
2026-08-05 15:59:29.581467+03:00,2026-08-11 01:45:00+03:00,20.7875,,
2026-08-05 15:59:29.581467+03:00,2026-08-11 02:00:00+03:00,20.7688,,
2026-08-05 15:59:29.581467+03:00,2026-08-11 02:15:00+03:00,20.7988,,
2026-08-05 15:59:29.581467+03:00,2026-08-11 02:30:00+03:00,20.7904,,
2026-08-05 15:59:29.581467+03:00,2026-08-11 02:45:00+03:00,20.7955,,
2026-08-05 15:59:29.581467+03:00,2026-08-11 03:00:00+03:00,20.7978,,
2026-08-05 15:59:29.581467+03:00,2026-08-11 03:15:00+03:00,20.8524,,
2026-08-05 15:59:29.581467+03:00,2026-08-11 03:30:00+03:00,20.8539,,
2026-08-05 15:59:29.581467+03:00,2026-08-11 03:45:00+03:00,20.8481,,
2026-08-05 15:59:29.581467+03:00,2026-08-11 04:00:00+03:00,20.8529,,
2026-08-05 15:59:29.581467+03:00,2026-08-11 04:15:00+03:00,20.9897,,
2026-08-05 15:59:29.581467+03:00,2026-08-11 04:30:00+03:00,20.9324,,
2026-08-05 15:59:29.581467+03:00,2026-08-11 04:45:00+03:00,20.9251,,
2026-08-05 15:59:29.581467+03:00,2026-08-11 05:00:00+03:00,20.9035,,
2026-08-05 15:59:29.581467+03:00,2026-08-11 05:15:00+03:00,21.1526,,
2026-08-05 15:59:29.581467+03:00,2026-08-11 05:30:00+03:00,21.3608,,
2026-08-05 15:59:29.581467+03:00,2026-08-11 05:45:00+03:00,21.6242,,
2026-08-05 15:59:29.581467+03:00,2026-08-11 06:00:00+03:00,21.6783,,
2026-08-05 15:59:29.581467+03:00,2026-08-11 06:15:00+03:00,21.8172,,
2026-08-05 15:59:29.581467+03:00,2026-08-11 06:30:00+03:00,22.126,,
2026-08-05 15:59:29.581467+03:00,2026-08-11 06:45:00+03:00,22.656,,
2026-08-05 15:59:29.581467+03:00,2026-08-11 07:00:00+03:00,23.0275,,
2026-08-05 15:59:29.581467+03:00,2026-08-11 07:15:00+03:00,23.6374,,
2026-08-05 15:59:29.581467+03:00,2026-08-11 07:30:00+03:00,24.3794,,
2026-08-05 15:59:29.581467+03:00,2026-08-11 07:45:00+03:00,24.7437,,
2026-08-05 15:59:29.581467+03:00,2026-08-11 08:00:00+03:00,25.2551,,
2026-08-05 15:59:29.581467+03:00,2026-08-11 08:15:00+03:00,25.7181,,
2026-08-05 15:59:29.581467+03:00,2026-08-11 08:30:00+03:00,25.8847,,
2026-08-05 15:59:29.581467+03:00,2026-08-11 08:45:00+03:00,26.3903,,
2026-08-05 15:59:29.581467+03:00,2026-08-11 09:00:00+03:00,26.4524,,
2026-08-05 15:59:29.581467+03:00,2026-08-11 09:15:00+03:00,26.3129,,
2026-08-05 15:59:29.581467+03:00,2026-08-11 09:30:00+03:00,26.3288,,
2026-08-05 15:59:29.581467+03:00,2026-08-11 09:45:00+03:00,26.3428,,
2026-08-05 15:59:29.581467+03:00,2026-08-11 10:00:00+03:00,26.2498,,
2026-08-05 15:59:29.581467+03:00,2026-08-11 10:15:00+03:00,26.1867,,
2026-08-05 15:59:29.581467+03:00,2026-08-11 10:30:00+03:00,26.231,,
2026-08-05 15:59:29.581467+03:00,2026-08-11 10:45:00+03:00,26.2229,,
2026-08-05 15:59:29.581467+03:00,2026-08-11 11:00:00+03:00,26.2294,,
2026-08-05 15:59:29.581467+03:00,2026-08-11 11:15:00+03:00,26.1701,,
2026-08-05 15:59:29.581467+03:00,2026-08-11 11:30:00+03:00,26.2085,,
2026-08-05 15:59:29.581467+03:00,2026-08-11 11:45:00+03:00,26.1988,,
2026-08-05 15:59:29.581467+03:00,2026-08-11 12:00:00+03:00,26.2047,,
2026-08-05 15:59:29.581467+03:00,2026-08-11 12:15:00+03:00,26.1611,,
2026-08-05 15:59:29.581467+03:00,2026-08-11 12:30:00+03:00,26.2047,,
2026-08-05 15:59:29.581467+03:00,2026-08-11 12:45:00+03:00,26.1995,,
2026-08-05 15:59:29.581467+03:00,2026-08-11 13:00:00+03:00,26.2054,,
2026-08-05 15:59:29.581467+03:00,2026-08-11 13:15:00+03:00,26.1636,,
2026-08-05 15:59:29.581467+03:00,2026-08-11 13:30:00+03:00,26.2036,,
2026-08-05 15:59:29.581467+03:00,2026-08-11 13:45:00+03:00,26.1968,,
2026-08-05 15:59:29.581467+03:00,2026-08-11 14:00:00+03:00,26.238,,
2026-08-05 15:59:29.581467+03:00,2026-08-11 14:15:00+03:00,26.2247,,
2026-08-05 15:59:29.581467+03:00,2026-08-11 14:30:00+03:00,26.2572,,
2026-08-05 15:59:29.581467+03:00,2026-08-11 14:45:00+03:00,26.2409,,
2026-08-05 15:59:29.581467+03:00,2026-08-11 15:00:00+03:00,26.2574,,
2026-08-05 15:59:29.581467+03:00,2026-08-11 15:15:00+03:00,26.3133,,
2026-08-05 15:59:29.581467+03:00,2026-08-11 15:30:00+03:00,26.3364,,
2026-08-05 15:59:29.581467+03:00,2026-08-11 15:45:00+03:00,26.3101,,
2026-08-05 15:59:29.581467+03:00,2026-08-11 16:00:00+03:00,26.2782,,
2026-08-05 15:59:29.581467+03:00,2026-08-11 16:15:00+03:00,26.3712,,
2026-08-05 15:59:29.581467+03:00,2026-08-11 16:30:00+03:00,26.36,,
2026-08-05 15:59:29.581467+03:00,2026-08-11 16:45:00+03:00,26.3382,,
2026-08-05 15:59:29.581467+03:00,2026-08-11 17:00:00+03:00,26.3132,,
2026-08-05 15:59:29.581467+03:00,2026-08-11 17:15:00+03:00,26.3318,,
2026-08-05 15:59:29.581467+03:00,2026-08-11 17:30:00+03:00,26.3631,,
2026-08-05 15:59:29.581467+03:00,2026-08-11 17:45:00+03:00,26.3328,,
2026-08-05 15:59:29.581467+03:00,2026-08-11 18:00:00+03:00,26.317,,
2026-08-05 15:59:29.581467+03:00,2026-08-11 18:15:00+03:00,26.2876,,
2026-08-05 15:59:29.581467+03:00,2026-08-11 18:30:00+03:00,26.3042,,
2026-08-05 15:59:29.581467+03:00,2026-08-11 18:45:00+03:00,26.3015,,
2026-08-05 15:59:29.581467+03:00,2026-08-11 19:00:00+03:00,26.3113,,
2026-08-05 15:59:29.581467+03:00,2026-08-11 19:15:00+03:00,26.208,,
2026-08-05 15:59:29.581467+03:00,2026-08-11 19:30:00+03:00,26.2322,,
2026-08-05 15:59:29.581467+03:00,2026-08-11 19:45:00+03:00,26.239,,
2026-08-05 15:59:29.581467+03:00,2026-08-11 20:00:00+03:00,26.27,,
2026-08-05 15:59:29.581467+03:00,2026-08-11 20:15:00+03:00,26.0089,,
2026-08-05 15:59:29.581467+03:00,2026-08-11 20:30:00+03:00,25.7636,,
2026-08-05 15:59:29.581467+03:00,2026-08-11 20:45:00+03:00,25.2698,,
2026-08-05 15:59:29.581467+03:00,2026-08-11 21:00:00+03:00,25.1018,,
2026-08-05 15:59:29.581467+03:00,2026-08-11 21:15:00+03:00,25.2376,,
2026-08-05 15:59:29.581467+03:00,2026-08-11 21:30:00+03:00,25.256,,
2026-08-05 15:59:29.581467+03:00,2026-08-11 21:45:00+03:00,25.3072,,
2026-08-05 15:59:29.581467+03:00,2026-08-11 22:00:00+03:00,25.3026,,
2026-08-05 15:59:29.581467+03:00,2026-08-11 22:15:00+03:00,24.9719,,
2026-08-05 15:59:29.581467+03:00,2026-08-11 22:30:00+03:00,24.5923,,
2026-08-05 15:59:29.581467+03:00,2026-08-11 22:45:00+03:00,24.3994,,
2026-08-05 15:59:29.581467+03:00,2026-08-11 23:00:00+03:00,23.9597,,
2026-08-05 15:59:29.581467+03:00,2026-08-11 23:15:00+03:00,23.3221,,
2026-08-05 15:59:29.581467+03:00,2026-08-11 23:30:00+03:00,22.9183,,
2026-08-05 15:59:29.581467+03:00,2026-08-11 23:45:00+03:00,22.5039,,
2026-08-05 15:59:29.581467+03:00,2026-08-12 00:00:00+03:00,22.4309,,
2026-08-05 15:59:29.581467+03:00,2026-08-12 00:15:00+03:00,22.3065,,
2026-08-05 15:59:29.581467+03:00,2026-08-12 00:30:00+03:00,22.3105,,
2026-08-05 15:59:29.581467+03:00,2026-08-12 00:45:00+03:00,22.3788,,
2026-08-05 15:59:29.581467+03:00,2026-08-12 01:00:00+03:00,22.399,,
2026-08-05 15:59:29.581467+03:00,2026-08-12 01:15:00+03:00,22.2557,,
2026-08-05 15:59:29.581467+03:00,2026-08-12 01:30:00+03:00,22.2592,,
2026-08-05 15:59:29.581467+03:00,2026-08-12 01:45:00+03:00,22.3477,,
2026-08-05 15:59:29.581467+03:00,2026-08-12 02:00:00+03:00,22.3486,,
2026-08-05 15:59:29.581467+03:00,2026-08-12 02:15:00+03:00,22.3539,,
2026-08-05 15:59:29.581467+03:00,2026-08-12 02:30:00+03:00,22.346,,
2026-08-05 15:59:29.581467+03:00,2026-08-12 02:45:00+03:00,22.3502,,
2026-08-05 15:59:29.581467+03:00,2026-08-12 03:00:00+03:00,22.3745,,
2026-08-05 15:59:29.581467+03:00,2026-08-12 03:15:00+03:00,22.4016,,
2026-08-05 15:59:29.581467+03:00,2026-08-12 03:30:00+03:00,22.3942,,
2026-08-05 15:59:29.581467+03:00,2026-08-12 03:45:00+03:00,22.3913,,
2026-08-05 15:59:29.581467+03:00,2026-08-12 04:00:00+03:00,22.4515,,
2026-08-05 15:59:29.581467+03:00,2026-08-12 04:15:00+03:00,22.5426,,
2026-08-05 15:59:29.581467+03:00,2026-08-12 04:30:00+03:00,22.8098,,
2026-08-05 15:59:29.581467+03:00,2026-08-12 04:45:00+03:00,22.798,,
2026-08-05 15:59:29.581467+03:00,2026-08-12 05:00:00+03:00,22.8581,,
2026-08-05 15:59:29.581467+03:00,2026-08-12 05:15:00+03:00,23.0615,,
2026-08-05 15:59:29.581467+03:00,2026-08-12 05:30:00+03:00,23.26,,
2026-08-05 15:59:29.581467+03:00,2026-08-12 05:45:00+03:00,23.1822,,
2026-08-05 15:59:29.581467+03:00,2026-08-12 06:00:00+03:00,23.1612,,
2026-08-05 15:59:29.581467+03:00,2026-08-12 06:15:00+03:00,23.2744,,
2026-08-05 15:59:29.581467+03:00,2026-08-12 06:30:00+03:00,23.1272,,
2026-08-05 15:59:29.581467+03:00,2026-08-12 06:45:00+03:00,23.1086,,
2026-08-05 15:59:29.581467+03:00,2026-08-12 07:00:00+03:00,23.1424,,
2026-08-05 15:59:29.581467+03:00,2026-08-12 07:15:00+03:00,23.3192,,
2026-08-05 15:59:29.581467+03:00,2026-08-12 07:30:00+03:00,23.6615,,
2026-08-05 15:59:29.581467+03:00,2026-08-12 07:45:00+03:00,23.989,,
2026-08-05 15:59:29.581467+03:00,2026-08-12 08:00:00+03:00,24.0548,,
2026-08-05 15:59:29.581467+03:00,2026-08-12 08:15:00+03:00,24.3362,,
2026-08-05 15:59:29.581467+03:00,2026-08-12 08:30:00+03:00,24.3999,,
2026-08-05 15:59:29.581467+03:00,2026-08-12 08:45:00+03:00,24.3737,,
2026-08-05 15:59:29.581467+03:00,2026-08-12 09:00:00+03:00,24.3169,,
2026-08-05 15:59:29.581467+03:00,2026-08-12 09:15:00+03:00,24.1811,,
2026-08-05 15:59:29.581467+03:00,2026-08-12 09:30:00+03:00,24.2432,,
2026-08-05 15:59:29.581467+03:00,2026-08-12 09:45:00+03:00,24.277,,
2026-08-05 15:59:29.581467+03:00,2026-08-12 10:00:00+03:00,24.2062,,
2026-08-05 15:59:29.581467+03:00,2026-08-12 10:15:00+03:00,24.1503,,
2026-08-05 15:59:29.581467+03:00,2026-08-12 10:30:00+03:00,24.196,,
2026-08-05 15:59:29.581467+03:00,2026-08-12 10:45:00+03:00,24.2069,,
2026-08-05 15:59:29.581467+03:00,2026-08-12 11:00:00+03:00,24.1825,,
2026-08-05 15:59:29.581467+03:00,2026-08-12 11:15:00+03:00,24.1391,,
2026-08-05 15:59:29.581467+03:00,2026-08-12 11:30:00+03:00,24.1791,,
2026-08-05 15:59:29.581467+03:00,2026-08-12 11:45:00+03:00,24.1835,,
2026-08-05 15:59:29.581467+03:00,2026-08-12 12:00:00+03:00,24.1959,,
2026-08-05 15:59:29.581467+03:00,2026-08-12 12:15:00+03:00,24.1515,,
2026-08-05 15:59:29.581467+03:00,2026-08-12 12:30:00+03:00,24.1879,,
2026-08-05 15:59:29.581467+03:00,2026-08-12 12:45:00+03:00,24.1845,,
2026-08-05 15:59:29.581467+03:00,2026-08-12 13:00:00+03:00,24.1967,,
2026-08-05 15:59:29.581467+03:00,2026-08-12 13:15:00+03:00,24.1592,,
2026-08-05 15:59:29.581467+03:00,2026-08-12 13:30:00+03:00,24.1919,,
2026-08-05 15:59:29.581467+03:00,2026-08-12 13:45:00+03:00,24.1876,,
2026-08-05 15:59:29.581467+03:00,2026-08-12 14:00:00+03:00,24.2095,,
2026-08-05 15:59:29.581467+03:00,2026-08-12 14:15:00+03:00,24.2119,,
2026-08-05 15:59:29.581467+03:00,2026-08-12 14:30:00+03:00,24.2257,,
2026-08-05 15:59:29.581467+03:00,2026-08-12 14:45:00+03:00,24.2163,,
2026-08-05 15:59:29.581467+03:00,2026-08-12 15:00:00+03:00,24.2291,,
2026-08-05 15:59:29.581467+03:00,2026-08-12 15:15:00+03:00,24.2988,,
2026-08-05 15:59:29.581467+03:00,2026-08-12 15:30:00+03:00,24.3065,,
2026-08-05 15:59:29.581467+03:00,2026-08-12 15:45:00+03:00,24.2643,,
2026-08-05 15:59:29.581467+03:00,2026-08-12 16:00:00+03:00,24.2322,,
2026-08-05 15:59:29.581467+03:00,2026-08-12 16:15:00+03:00,24.3476,,
2026-08-05 15:59:29.581467+03:00,2026-08-12 16:30:00+03:00,24.3019,,
2026-08-05 15:59:29.581467+03:00,2026-08-12 16:45:00+03:00,24.2766,,
2026-08-05 15:59:29.581467+03:00,2026-08-12 17:00:00+03:00,24.2903,,
2026-08-05 15:59:29.581467+03:00,2026-08-12 17:15:00+03:00,24.3272,,
2026-08-05 15:59:29.581467+03:00,2026-08-12 17:30:00+03:00,24.3327,,
2026-08-05 15:59:29.581467+03:00,2026-08-12 17:45:00+03:00,24.2995,,
2026-08-05 15:59:29.581467+03:00,2026-08-12 18:00:00+03:00,24.3018,,
2026-08-05 15:59:29.581467+03:00,2026-08-12 18:15:00+03:00,24.294,,
2026-08-05 15:59:29.581467+03:00,2026-08-12 18:30:00+03:00,24.3129,,
2026-08-05 15:59:29.581467+03:00,2026-08-12 18:45:00+03:00,24.3102,,
2026-08-05 15:59:29.581467+03:00,2026-08-12 19:00:00+03:00,24.3081,,
2026-08-05 15:59:29.581467+03:00,2026-08-12 19:15:00+03:00,24.1836,,
2026-08-05 15:59:29.581467+03:00,2026-08-12 19:30:00+03:00,24.2079,,
2026-08-05 15:59:29.581467+03:00,2026-08-12 19:45:00+03:00,24.2203,,
2026-08-05 15:59:29.581467+03:00,2026-08-12 20:00:00+03:00,24.2311,,
2026-08-05 15:59:29.581467+03:00,2026-08-12 20:15:00+03:00,23.9036,,
2026-08-05 15:59:29.581467+03:00,2026-08-12 20:30:00+03:00,23.6143,,
2026-08-05 15:59:29.581467+03:00,2026-08-12 20:45:00+03:00,23.2701,,
2026-08-05 15:59:29.581467+03:00,2026-08-12 21:00:00+03:00,22.8173,,
2026-08-05 15:59:29.581467+03:00,2026-08-12 21:15:00+03:00,22.6573,,
2026-08-05 15:59:29.581467+03:00,2026-08-12 21:30:00+03:00,22.6554,,
2026-08-05 15:59:29.581467+03:00,2026-08-12 21:45:00+03:00,22.6554,,
2026-08-05 15:59:29.581467+03:00,2026-08-12 22:00:00+03:00,22.7359,,
2026-08-05 15:59:29.581467+03:00,2026-08-12 22:15:00+03:00,22.4749,,
2026-08-05 15:59:29.581467+03:00,2026-08-12 22:30:00+03:00,22.1951,,
2026-08-05 15:59:29.581467+03:00,2026-08-12 22:45:00+03:00,22.3009,,
2026-08-05 15:59:29.581467+03:00,2026-08-12 23:00:00+03:00,22.362,,
2026-08-05 15:59:29.581467+03:00,2026-08-12 23:15:00+03:00,22.1288,,
2026-08-05 15:59:29.581467+03:00,2026-08-12 23:30:00+03:00,22.2318,,
2026-08-05 15:59:29.581467+03:00,2026-08-12 23:45:00+03:00,22.3355,,
2026-08-07 14:51:01.679462+03:00,2026-08-08 00:00:00+03:00,5.2566,7.69,2.4334000000000007
2026-08-07 14:51:01.679462+03:00,2026-08-08 00:15:00+03:00,4.56,6.04,1.4800000000000004
2026-08-07 14:51:01.679462+03:00,2026-08-08 00:30:00+03:00,3.8177,6.64,2.8223
2026-08-07 14:51:01.679462+03:00,2026-08-08 00:45:00+03:00,3.4277,6.05,2.6223
2026-08-07 14:51:01.679462+03:00,2026-08-08 01:00:00+03:00,2.8652,3.23,0.3647999999999998
2026-08-07 14:51:01.679462+03:00,2026-08-08 01:15:00+03:00,2.5329,3.52,0.9871
2026-08-07 14:51:01.679462+03:00,2026-08-08 01:30:00+03:00,2.1487,3.34,1.1913
2026-08-07 14:51:01.679462+03:00,2026-08-08 01:45:00+03:00,1.9829,3.08,1.0971
2026-08-07 14:51:01.679462+03:00,2026-08-08 02:00:00+03:00,1.7595,3.47,1.7105
2026-08-07 14:51:01.679462+03:00,2026-08-08 02:15:00+03:00,1.5765,3.48,1.9035
2026-08-07 14:51:01.679462+03:00,2026-08-08 02:30:00+03:00,1.4925,3.33,1.8375
2026-08-07 14:51:01.679462+03:00,2026-08-08 02:45:00+03:00,1.35,3.17,1.82
2026-08-07 14:51:01.679462+03:00,2026-08-08 03:00:00+03:00,1.2615,3.34,2.0785
2026-08-07 14:51:01.679462+03:00,2026-08-08 03:15:00+03:00,1.3207,3.17,1.8493
2026-08-07 14:51:01.679462+03:00,2026-08-08 03:30:00+03:00,1.3397,3.12,1.7803000000000002
2026-08-07 14:51:01.679462+03:00,2026-08-08 03:45:00+03:00,1.3408,2.99,1.6492000000000002
2026-08-07 14:51:01.679462+03:00,2026-08-08 04:00:00+03:00,1.3694,3.04,1.6706
2026-08-07 14:51:01.679462+03:00,2026-08-08 04:15:00+03:00,1.38,2.73,1.35
2026-08-07 14:51:01.679462+03:00,2026-08-08 04:30:00+03:00,1.3627,2.69,1.3273
2026-08-07 14:51:01.679462+03:00,2026-08-08 04:45:00+03:00,1.3574,2.62,1.2626000000000002
2026-08-07 14:51:01.679462+03:00,2026-08-08 05:00:00+03:00,1.3589,2.03,0.6710999999999998
2026-08-07 14:51:01.679462+03:00,2026-08-08 05:15:00+03:00,1.3647,2.05,0.6852999999999998
2026-08-07 14:51:01.679462+03:00,2026-08-08 05:30:00+03:00,1.3496,2.08,0.7304000000000002
2026-08-07 14:51:01.679462+03:00,2026-08-08 05:45:00+03:00,1.3517,2.04,0.6883000000000001
2026-08-07 14:51:01.679462+03:00,2026-08-08 06:00:00+03:00,1.3503,2.03,0.6796999999999997
2026-08-07 14:51:01.679462+03:00,2026-08-08 06:15:00+03:00,1.3764,2.03,0.6535999999999997
2026-08-07 14:51:01.679462+03:00,2026-08-08 06:30:00+03:00,1.3639,2.06,0.6961000000000002
2026-08-07 14:51:01.679462+03:00,2026-08-08 06:45:00+03:00,1.3695,2.3,0.9305
2026-08-07 14:51:01.679462+03:00,2026-08-08 07:00:00+03:00,1.3729,2.14,0.7671000000000001
2026-08-07 14:51:01.679462+03:00,2026-08-08 07:15:00+03:00,1.45,2.29,0.8400000000000001
2026-08-07 14:51:01.679462+03:00,2026-08-08 07:30:00+03:00,1.5791,2.34,0.7608999999999999
2026-08-07 14:51:01.679462+03:00,2026-08-08 07:45:00+03:00,1.753,2.43,0.6770000000000003
2026-08-07 14:51:01.679462+03:00,2026-08-08 08:00:00+03:00,1.9592,2.8,0.8407999999999998
2026-08-07 14:51:01.679462+03:00,2026-08-08 08:15:00+03:00,2.0511,2.9,0.8489
2026-08-07 14:51:01.679462+03:00,2026-08-08 08:30:00+03:00,2.1439,2.99,0.8461000000000003
2026-08-07 14:51:01.679462+03:00,2026-08-08 08:45:00+03:00,2.2468,2.98,0.7332000000000001
2026-08-07 14:51:01.679462+03:00,2026-08-08 09:00:00+03:00,2.3372,3.36,1.0227999999999997
2026-08-07 14:51:01.679462+03:00,2026-08-08 09:15:00+03:00,2.341,3.1,0.7589999999999999
2026-08-07 14:51:01.679462+03:00,2026-08-08 09:30:00+03:00,2.3387,2.87,0.5313000000000003
2026-08-07 14:51:01.679462+03:00,2026-08-08 09:45:00+03:00,2.3382,2.84,0.5017999999999998
2026-08-07 14:51:01.679462+03:00,2026-08-08 10:00:00+03:00,2.3484,2.88,0.5316000000000001
2026-08-07 14:51:01.679462+03:00,2026-08-08 10:15:00+03:00,2.3127,2.88,0.5672999999999999
2026-08-07 14:51:01.679462+03:00,2026-08-08 10:30:00+03:00,2.3141,2.8,0.4859
2026-08-07 14:51:01.679462+03:00,2026-08-08 10:45:00+03:00,2.3205,2.78,0.4594999999999998
2026-08-07 14:51:01.679462+03:00,2026-08-08 11:00:00+03:00,2.3418,3.72,1.3782
2026-08-07 14:51:01.679462+03:00,2026-08-08 11:15:00+03:00,2.3221,3.21,0.8879000000000001
2026-08-07 14:51:01.679462+03:00,2026-08-08 11:30:00+03:00,2.3286,1.57,0.7585999999999997
2026-08-07 14:51:01.679462+03:00,2026-08-08 11:45:00+03:00,2.3331,1.22,1.1131
2026-08-07 14:51:01.679462+03:00,2026-08-08 12:00:00+03:00,2.3376,2.2,0.1375999999999999
2026-08-07 14:51:01.679462+03:00,2026-08-08 12:15:00+03:00,2.3294,2.06,0.2694000000000001
2026-08-07 14:51:01.679462+03:00,2026-08-08 12:30:00+03:00,2.3305,2.06,0.2704999999999997
2026-08-07 14:51:01.679462+03:00,2026-08-08 12:45:00+03:00,2.3365,1.99,0.3465
2026-08-07 14:51:01.679462+03:00,2026-08-08 13:00:00+03:00,2.3294,1.83,0.4994
2026-08-07 14:51:01.679462+03:00,2026-08-08 13:15:00+03:00,2.3236,1.37,0.9535999999999998
2026-08-07 14:51:01.679462+03:00,2026-08-08 13:30:00+03:00,2.3298,1.02,1.3098
2026-08-07 14:51:01.679462+03:00,2026-08-08 13:45:00+03:00,2.3406,0.96,1.3805999999999998
2026-08-07 14:51:01.679462+03:00,2026-08-08 14:00:00+03:00,2.3151,0.62,1.6951
2026-08-07 14:51:01.679462+03:00,2026-08-08 14:15:00+03:00,2.3681,0.55,1.8181
2026-08-07 14:51:01.679462+03:00,2026-08-08 14:30:00+03:00,2.3697,0.53,1.8397
2026-08-07 14:51:01.679462+03:00,2026-08-08 14:45:00+03:00,2.3655,0.53,1.8355
2026-08-07 14:51:01.679462+03:00,2026-08-08 15:00:00+03:00,2.3416,0.56,1.7816
2026-08-07 14:51:01.679462+03:00,2026-08-08 15:15:00+03:00,2.4054,0.57,1.8354000000000004
2026-08-07 14:51:01.679462+03:00,2026-08-08 15:30:00+03:00,2.3869,0.55,1.8369
2026-08-07 14:51:01.679462+03:00,2026-08-08 15:45:00+03:00,2.3735,0.59,1.7835
2026-08-07 14:51:01.679462+03:00,2026-08-08 16:00:00+03:00,2.3491,0.81,1.5391
2026-08-07 14:51:01.679462+03:00,2026-08-08 16:15:00+03:00,2.4897,0.97,1.5197
2026-08-07 14:51:01.679462+03:00,2026-08-08 16:30:00+03:00,2.5931,0.92,1.6731000000000005
2026-08-07 14:51:01.679462+03:00,2026-08-08 16:45:00+03:00,2.6956,0.94,1.7556000000000005
2026-08-07 14:51:01.679462+03:00,2026-08-08 17:00:00+03:00,2.7537,0.85,1.9037
2026-08-07 14:51:01.679462+03:00,2026-08-08 17:15:00+03:00,2.8759,1.34,1.5359
2026-08-07 14:51:01.679462+03:00,2026-08-08 17:30:00+03:00,3.0052,2.61,0.3952
2026-08-07 14:51:01.679462+03:00,2026-08-08 17:45:00+03:00,3.081,3.97,0.8890000000000002
2026-08-07 14:51:01.679462+03:00,2026-08-08 18:00:00+03:00,3.2073,2.8,0.4073000000000002
2026-08-07 14:51:01.679462+03:00,2026-08-08 18:15:00+03:00,3.2884,3.8,0.5115999999999996
2026-08-07 14:51:01.679462+03:00,2026-08-08 18:30:00+03:00,3.4158,5.52,2.1042
2026-08-07 14:51:01.679462+03:00,2026-08-08 18:45:00+03:00,3.5443,7.43,3.8857
2026-08-07 14:51:01.679462+03:00,2026-08-08 19:00:00+03:00,3.6781,5.09,1.4118999999999997
2026-08-07 14:51:01.679462+03:00,2026-08-08 19:15:00+03:00,3.8195,6.83,3.0105
2026-08-07 14:51:01.679462+03:00,2026-08-08 19:30:00+03:00,3.9478,8.27,4.3222
2026-08-07 14:51:01.679462+03:00,2026-08-08 19:45:00+03:00,3.9066,15.09,11.1834
2026-08-07 14:51:01.679462+03:00,2026-08-08 20:00:00+03:00,3.9321,10.83,6.8979
2026-08-07 14:51:01.679462+03:00,2026-08-08 20:15:00+03:00,3.8176,13.87,10.0524
2026-08-07 14:51:01.679462+03:00,2026-08-08 20:30:00+03:00,3.8507,15.08,11.2293
2026-08-07 14:51:01.679462+03:00,2026-08-08 20:45:00+03:00,3.8635,11.76,7.8965
2026-08-07 14:51:01.679462+03:00,2026-08-08 21:00:00+03:00,3.8655,15.98,12.1145
2026-08-07 14:51:01.679462+03:00,2026-08-08 21:15:00+03:00,3.9054,10.81,6.9046
2026-08-07 14:51:01.679462+03:00,2026-08-08 21:30:00+03:00,3.9074,8.27,4.3626
2026-08-07 14:51:01.679462+03:00,2026-08-08 21:45:00+03:00,3.9108,6.76,2.8492
2026-08-07 14:51:01.679462+03:00,2026-08-08 22:00:00+03:00,3.8922,8.26,4.3678
2026-08-07 14:51:01.679462+03:00,2026-08-08 22:15:00+03:00,3.8314,7.63,3.7986
2026-08-07 14:51:01.679462+03:00,2026-08-08 22:30:00+03:00,3.8521,6.04,2.1879
2026-08-07 14:51:01.679462+03:00,2026-08-08 22:45:00+03:00,3.8595,5.38,1.5204999999999995
2026-08-07 14:51:01.679462+03:00,2026-08-08 23:00:00+03:00,3.865,6.19,2.325
2026-08-07 14:51:01.679462+03:00,2026-08-08 23:15:00+03:00,3.8212,5.44,1.6188000000000002
2026-08-07 14:51:01.679462+03:00,2026-08-08 23:30:00+03:00,3.8548,4.74,0.8852000000000002
2026-08-07 14:51:01.679462+03:00,2026-08-08 23:45:00+03:00,3.8648,3.92,0.0552000000000001
2026-08-07 14:51:01.679462+03:00,2026-08-09 00:00:00+03:00,3.8829,4.82,0.9371000000000004
2026-08-07 14:51:01.679462+03:00,2026-08-09 00:15:00+03:00,3.8762,4.36,0.4838000000000004
2026-08-07 14:51:01.679462+03:00,2026-08-09 00:30:00+03:00,3.8656,3.6,0.2656
2026-08-07 14:51:01.679462+03:00,2026-08-09 00:45:00+03:00,3.8603,3.25,0.6103000000000001
2026-08-07 14:51:01.679462+03:00,2026-08-09 01:00:00+03:00,3.8776,4.64,0.7623999999999995
2026-08-07 14:51:01.679462+03:00,2026-08-09 01:15:00+03:00,3.8352,4.34,0.5047999999999999
2026-08-07 14:51:01.679462+03:00,2026-08-09 01:30:00+03:00,3.8351,4.21,0.3748999999999998
2026-08-07 14:51:01.679462+03:00,2026-08-09 01:45:00+03:00,3.8523,3.73,0.12230000000000008
2026-08-07 14:51:01.679462+03:00,2026-08-09 02:00:00+03:00,3.8893,4.24,0.35070000000000023
2026-08-07 14:51:01.679462+03:00,2026-08-09 02:15:00+03:00,3.884,4.23,0.34600000000000053
2026-08-07 14:51:01.679462+03:00,2026-08-09 02:30:00+03:00,3.872,4.04,0.16800000000000015
2026-08-07 14:51:01.679462+03:00,2026-08-09 02:45:00+03:00,3.8752,3.76,0.11520000000000019
2026-08-07 14:51:01.679462+03:00,2026-08-09 03:00:00+03:00,3.8828,4.05,0.1671999999999998
2026-08-07 14:51:01.679462+03:00,2026-08-09 03:15:00+03:00,3.8802,4.1,0.21979999999999977
2026-08-07 14:51:01.679462+03:00,2026-08-09 03:30:00+03:00,3.8714,4.01,0.13859999999999983
2026-08-07 14:51:01.679462+03:00,2026-08-09 03:45:00+03:00,3.8746,3.86,0.014600000000000168
2026-08-07 14:51:01.679462+03:00,2026-08-09 04:00:00+03:00,3.8819,4.25,0.3681000000000001
2026-08-07 14:51:01.679462+03:00,2026-08-09 04:15:00+03:00,3.8793,4.2,0.3207
2026-08-07 14:51:01.679462+03:00,2026-08-09 04:30:00+03:00,3.866,3.89,0.02400000000000002
2026-08-07 14:51:01.679462+03:00,2026-08-09 04:45:00+03:00,3.8691,3.78,0.08910000000000018
2026-08-07 14:51:01.679462+03:00,2026-08-09 05:00:00+03:00,3.8568,4.05,0.19320000000000004
2026-08-07 14:51:01.679462+03:00,2026-08-09 05:15:00+03:00,3.862,4.1,0.23799999999999955
2026-08-07 14:51:01.679462+03:00,2026-08-09 05:30:00+03:00,3.8437,4.22,0.37629999999999963
2026-08-07 14:51:01.679462+03:00,2026-08-09 05:45:00+03:00,3.8418,4.29,0.44819999999999993
2026-08-07 14:51:01.679462+03:00,2026-08-09 06:00:00+03:00,3.8637,4.22,0.3562999999999996
2026-08-07 14:51:01.679462+03:00,2026-08-09 06:15:00+03:00,3.9087,4.24,0.33130000000000015
2026-08-07 14:51:01.679462+03:00,2026-08-09 06:30:00+03:00,3.8916,4.16,0.2684000000000002
2026-08-07 14:51:01.679462+03:00,2026-08-09 06:45:00+03:00,3.8929,3.91,0.017100000000000115
2026-08-07 14:51:01.679462+03:00,2026-08-09 07:00:00+03:00,3.9061,4.0,0.0939000000000001
2026-08-07 14:51:01.679462+03:00,2026-08-09 07:15:00+03:00,3.9928,4.14,0.14719999999999978
2026-08-07 14:51:01.679462+03:00,2026-08-09 07:30:00+03:00,4.0658,4.04,0.025800000000000267
2026-08-07 14:51:01.679462+03:00,2026-08-09 07:45:00+03:00,4.0709,4.04,0.030899999999999928
2026-08-07 14:51:01.679462+03:00,2026-08-09 08:00:00+03:00,4.0554,4.6,0.5446
2026-08-07 14:51:01.679462+03:00,2026-08-09 08:15:00+03:00,4.0576,4.71,0.6524000000000001
2026-08-07 14:51:01.679462+03:00,2026-08-09 08:30:00+03:00,4.0628,4.84,0.7771999999999997
2026-08-07 14:51:01.679462+03:00,2026-08-09 08:45:00+03:00,4.0656,4.9,0.8344000000000005
2026-08-07 14:51:01.679462+03:00,2026-08-09 09:00:00+03:00,4.0254,4.94,0.9146000000000001
2026-08-07 14:51:01.679462+03:00,2026-08-09 09:15:00+03:00,4.0137,4.59,0.5762999999999998
2026-08-07 14:51:01.679462+03:00,2026-08-09 09:30:00+03:00,4.0138,4.01,0.0038000000000000256
2026-08-07 14:51:01.679462+03:00,2026-08-09 09:45:00+03:00,4.0302,3.78,0.2502
2026-08-07 14:51:01.679462+03:00,2026-08-09 10:00:00+03:00,3.9824,4.56,0.5775999999999994
2026-08-07 14:51:01.679462+03:00,2026-08-09 10:15:00+03:00,3.95,3.45,0.5
2026-08-07 14:51:01.679462+03:00,2026-08-09 10:30:00+03:00,3.9552,3.37,0.5851999999999999
2026-08-07 14:51:01.679462+03:00,2026-08-09 10:45:00+03:00,3.9724,1.47,2.5023999999999997
2026-08-07 14:51:01.679462+03:00,2026-08-09 11:00:00+03:00,3.9756,1.39,2.5856000000000003
2026-08-07 14:51:01.679462+03:00,2026-08-09 11:15:00+03:00,3.9339,0.93,3.0039
2026-08-07 14:51:01.679462+03:00,2026-08-09 11:30:00+03:00,3.7981,0.8,2.9981
2026-08-07 14:51:01.679462+03:00,2026-08-09 11:45:00+03:00,3.6498,0.7,2.9497999999999998
2026-08-07 14:51:01.679462+03:00,2026-08-09 12:00:00+03:00,3.4681,0.77,2.6981
2026-08-07 14:51:01.679462+03:00,2026-08-09 12:15:00+03:00,3.2647,0.67,2.5947
2026-08-07 14:51:01.679462+03:00,2026-08-09 12:30:00+03:00,3.1718,0.57,2.6018000000000003
2026-08-07 14:51:01.679462+03:00,2026-08-09 12:45:00+03:00,3.0915,0.5,2.5915
2026-08-07 14:51:01.679462+03:00,2026-08-09 13:00:00+03:00,2.962,0.07,2.8920000000000003
2026-08-07 14:51:01.679462+03:00,2026-08-09 13:15:00+03:00,2.8968,0.01,2.8868
2026-08-07 14:51:01.679462+03:00,2026-08-09 13:30:00+03:00,2.8335,0.01,2.8235
2026-08-07 14:51:01.679462+03:00,2026-08-09 13:45:00+03:00,2.6451,0.0,2.6451
2026-08-07 14:51:01.679462+03:00,2026-08-09 14:00:00+03:00,2.5568,0.0,2.5568
2026-08-07 14:51:01.679462+03:00,2026-08-09 14:15:00+03:00,2.47,0.0,2.47
2026-08-07 14:51:01.679462+03:00,2026-08-09 14:30:00+03:00,2.5055,0.0,2.5055
2026-08-07 14:51:01.679462+03:00,2026-08-09 14:45:00+03:00,2.5447,0.0,2.5447
2026-08-07 14:51:01.679462+03:00,2026-08-09 15:00:00+03:00,2.5093,0.0,2.5093
2026-08-07 14:51:01.679462+03:00,2026-08-09 15:15:00+03:00,2.5698,0.0,2.5698
2026-08-07 14:51:01.679462+03:00,2026-08-09 15:30:00+03:00,2.5662,0.01,2.5562
2026-08-07 14:51:01.679462+03:00,2026-08-09 15:45:00+03:00,2.557,0.01,2.547
2026-08-07 14:51:01.679462+03:00,2026-08-09 16:00:00+03:00,2.5241,0.0,2.5241
2026-08-07 14:51:01.679462+03:00,2026-08-09 16:15:00+03:00,2.621,0.01,2.611
2026-08-07 14:51:01.679462+03:00,2026-08-09 16:30:00+03:00,2.6963,0.01,2.6863
2026-08-07 14:51:01.679462+03:00,2026-08-09 16:45:00+03:00,2.6706,0.04,2.6306
2026-08-07 14:51:01.679462+03:00,2026-08-09 17:00:00+03:00,2.6657,0.01,2.6557000000000004
2026-08-07 14:51:01.679462+03:00,2026-08-09 17:15:00+03:00,2.7105,0.64,2.0705
2026-08-07 14:51:01.679462+03:00,2026-08-09 17:30:00+03:00,2.8057,1.0,1.8056999999999999
2026-08-07 14:51:01.679462+03:00,2026-08-09 17:45:00+03:00,2.7753,1.9,0.8753000000000002
2026-08-07 14:51:01.679462+03:00,2026-08-09 18:00:00+03:00,2.7798,1.93,0.8497999999999999
2026-08-07 14:51:01.679462+03:00,2026-08-09 18:15:00+03:00,2.7947,2.2,0.5947
2026-08-07 14:51:01.679462+03:00,2026-08-09 18:30:00+03:00,2.8006,3.49,0.6894
2026-08-07 14:51:01.679462+03:00,2026-08-09 18:45:00+03:00,2.7837,4.09,1.3062999999999998
2026-08-07 14:51:01.679462+03:00,2026-08-09 19:00:00+03:00,2.7714,3.52,0.7486000000000002
2026-08-07 14:51:01.679462+03:00,2026-08-09 19:15:00+03:00,2.7433,3.71,0.9666999999999999
2026-08-07 14:51:01.679462+03:00,2026-08-09 19:30:00+03:00,2.749,4.01,1.2609999999999997
2026-08-07 14:51:01.679462+03:00,2026-08-09 19:45:00+03:00,2.7578,4.56,1.8021999999999996
2026-08-07 14:51:01.679462+03:00,2026-08-09 20:00:00+03:00,2.7346,4.78,2.0454000000000003
2026-08-07 14:51:01.679462+03:00,2026-08-09 20:15:00+03:00,2.6529,4.59,1.9371
2026-08-07 14:51:01.679462+03:00,2026-08-09 20:30:00+03:00,2.5596,4.3,1.7403999999999997
2026-08-07 14:51:01.679462+03:00,2026-08-09 20:45:00+03:00,2.4381,3.89,1.4519000000000002
2026-08-07 14:51:01.679462+03:00,2026-08-09 21:00:00+03:00,2.267,4.36,2.0930000000000004
2026-08-07 14:51:01.679462+03:00,2026-08-09 21:15:00+03:00,2.1597,3.88,1.7203
2026-08-07 14:51:01.679462+03:00,2026-08-09 21:30:00+03:00,2.0344,3.75,1.7155999999999998
2026-08-07 14:51:01.679462+03:00,2026-08-09 21:45:00+03:00,1.9273,3.69,1.7627
2026-08-07 14:51:01.679462+03:00,2026-08-09 22:00:00+03:00,1.8028,4.6,2.7971999999999997
2026-08-07 14:51:01.679462+03:00,2026-08-09 22:15:00+03:00,1.5717,4.43,2.8583
2026-08-07 14:51:01.679462+03:00,2026-08-09 22:30:00+03:00,1.3894,3.99,2.6006
2026-08-07 14:51:01.679462+03:00,2026-08-09 22:45:00+03:00,1.0915,3.75,2.6585
2026-08-07 14:51:01.679462+03:00,2026-08-09 23:00:00+03:00,0.785,3.67,2.885
2026-08-07 14:51:01.679462+03:00,2026-08-09 23:15:00+03:00,0.4392,3.56,3.1208
2026-08-07 14:51:01.679462+03:00,2026-08-09 23:30:00+03:00,0.2893,3.31,3.0207
2026-08-07 14:51:01.679462+03:00,2026-08-09 23:45:00+03:00,0.1271,2.54,2.4129
2026-08-07 14:51:01.679462+03:00,2026-08-10 00:00:00+03:00,-0.0178,2.51,2.5277999999999996
2026-08-07 14:51:01.679462+03:00,2026-08-10 00:15:00+03:00,-0.0647,2.42,2.4847
2026-08-07 14:51:01.679462+03:00,2026-08-10 00:30:00+03:00,-0.0805,2.26,2.3404999999999996
2026-08-07 14:51:01.679462+03:00,2026-08-10 00:45:00+03:00,-0.0753,2.08,2.1553
2026-08-07 14:51:01.679462+03:00,2026-08-10 01:00:00+03:00,-0.0765,,
2026-08-07 14:51:01.679462+03:00,2026-08-10 01:15:00+03:00,-0.0665,,
2026-08-07 14:51:01.679462+03:00,2026-08-10 01:30:00+03:00,-0.0645,,
2026-08-07 14:51:01.679462+03:00,2026-08-10 01:45:00+03:00,-0.0638,,
2026-08-07 14:51:01.679462+03:00,2026-08-10 02:00:00+03:00,-0.0605,,
2026-08-07 14:51:01.679462+03:00,2026-08-10 02:15:00+03:00,-0.0614,,
2026-08-07 14:51:01.679462+03:00,2026-08-10 02:30:00+03:00,-0.0609,,
2026-08-07 14:51:01.679462+03:00,2026-08-10 02:45:00+03:00,-0.0593,,
2026-08-07 14:51:01.679462+03:00,2026-08-10 03:00:00+03:00,-0.059,,
2026-08-07 14:51:01.679462+03:00,2026-08-10 03:15:00+03:00,-0.0554,,
2026-08-07 14:51:01.679462+03:00,2026-08-10 03:30:00+03:00,-0.0539,,
2026-08-07 14:51:01.679462+03:00,2026-08-10 03:45:00+03:00,-0.054,,
2026-08-07 14:51:01.679462+03:00,2026-08-10 04:00:00+03:00,-0.06,,
2026-08-07 14:51:01.679462+03:00,2026-08-10 04:15:00+03:00,-0.0474,,
2026-08-07 14:51:01.679462+03:00,2026-08-10 04:30:00+03:00,-0.0521,,
2026-08-07 14:51:01.679462+03:00,2026-08-10 04:45:00+03:00,-0.0536,,
2026-08-07 14:51:01.679462+03:00,2026-08-10 05:00:00+03:00,-0.0501,,
2026-08-07 14:51:01.679462+03:00,2026-08-10 05:15:00+03:00,-0.0097,,
2026-08-07 14:51:01.679462+03:00,2026-08-10 05:30:00+03:00,-0.0041,,
2026-08-07 14:51:01.679462+03:00,2026-08-10 05:45:00+03:00,-0.0005,,
2026-08-07 14:51:01.679462+03:00,2026-08-10 06:00:00+03:00,0.004,,
2026-08-07 14:51:01.679462+03:00,2026-08-10 06:15:00+03:00,0.1263,,
2026-08-07 14:51:01.679462+03:00,2026-08-10 06:30:00+03:00,0.3116,,
2026-08-07 14:51:01.679462+03:00,2026-08-10 06:45:00+03:00,0.5195,,
2026-08-07 14:51:01.679462+03:00,2026-08-10 07:00:00+03:00,0.7,,
2026-08-07 14:51:01.679462+03:00,2026-08-10 07:15:00+03:00,0.9854,,
2026-08-07 14:51:01.679462+03:00,2026-08-10 07:30:00+03:00,1.3354,,
2026-08-07 14:51:01.679462+03:00,2026-08-10 07:45:00+03:00,1.5796,,
2026-08-07 14:51:01.679462+03:00,2026-08-10 08:00:00+03:00,1.9109,,
2026-08-07 14:51:01.679462+03:00,2026-08-10 08:15:00+03:00,2.075,,
2026-08-07 14:51:01.679462+03:00,2026-08-10 08:30:00+03:00,2.1411,,
2026-08-07 14:51:01.679462+03:00,2026-08-10 08:45:00+03:00,2.2704,,
2026-08-07 14:51:01.679462+03:00,2026-08-10 09:00:00+03:00,2.4392,,
2026-08-07 14:51:01.679462+03:00,2026-08-10 09:15:00+03:00,2.3855,,
2026-08-07 14:51:01.679462+03:00,2026-08-10 09:30:00+03:00,2.3563,,
2026-08-07 14:51:01.679462+03:00,2026-08-10 09:45:00+03:00,2.3576,,
2026-08-07 14:51:01.679462+03:00,2026-08-10 10:00:00+03:00,2.3483,,
2026-08-07 14:51:01.679462+03:00,2026-08-10 10:15:00+03:00,2.3228,,
2026-08-07 14:51:01.679462+03:00,2026-08-10 10:30:00+03:00,2.3304,,
2026-08-07 14:51:01.679462+03:00,2026-08-10 10:45:00+03:00,2.3309,,
2026-08-07 14:51:01.679462+03:00,2026-08-10 11:00:00+03:00,2.3319,,
2026-08-07 14:51:01.679462+03:00,2026-08-10 11:15:00+03:00,2.3065,,
2026-08-07 14:51:01.679462+03:00,2026-08-10 11:30:00+03:00,2.2044,,
2026-08-07 14:51:01.679462+03:00,2026-08-10 11:45:00+03:00,2.0781,,
2026-08-07 14:51:01.679462+03:00,2026-08-10 12:00:00+03:00,1.9626,,
2026-08-07 14:51:01.679462+03:00,2026-08-10 12:15:00+03:00,1.8404,,
2026-08-07 14:51:01.679462+03:00,2026-08-10 12:30:00+03:00,1.6556,,
2026-08-07 14:51:01.679462+03:00,2026-08-10 12:45:00+03:00,1.4508,,
2026-08-07 14:51:01.679462+03:00,2026-08-10 13:00:00+03:00,1.3676,,
2026-08-07 14:51:01.679462+03:00,2026-08-10 13:15:00+03:00,1.2552,,
2026-08-07 14:51:01.679462+03:00,2026-08-10 13:30:00+03:00,1.0734,,
2026-08-07 14:51:01.679462+03:00,2026-08-10 13:45:00+03:00,0.9029,,
2026-08-07 14:51:01.679462+03:00,2026-08-10 14:00:00+03:00,0.713,,
2026-08-07 14:51:01.679462+03:00,2026-08-10 14:15:00+03:00,0.5794,,
2026-08-07 14:51:01.679462+03:00,2026-08-10 14:30:00+03:00,0.3657,,
2026-08-07 14:51:01.679462+03:00,2026-08-10 14:45:00+03:00,0.2095,,
2026-08-07 14:51:01.679462+03:00,2026-08-10 15:00:00+03:00,0.0177,,
2026-08-07 14:51:01.679462+03:00,2026-08-10 15:15:00+03:00,0.0614,,
2026-08-07 14:51:01.679462+03:00,2026-08-10 15:30:00+03:00,0.1087,,
2026-08-07 14:51:01.679462+03:00,2026-08-10 15:45:00+03:00,0.069,,
2026-08-07 14:51:01.679462+03:00,2026-08-10 16:00:00+03:00,0.0784,,
2026-08-07 14:51:01.679462+03:00,2026-08-10 16:15:00+03:00,0.1218,,
2026-08-07 14:51:01.679462+03:00,2026-08-10 16:30:00+03:00,0.0942,,
2026-08-07 14:51:01.679462+03:00,2026-08-10 16:45:00+03:00,0.0927,,
2026-08-07 14:51:01.679462+03:00,2026-08-10 17:00:00+03:00,0.0558,,
2026-08-07 14:51:01.679462+03:00,2026-08-10 17:15:00+03:00,0.1366,,
2026-08-07 14:51:01.679462+03:00,2026-08-10 17:30:00+03:00,0.2582,,
2026-08-07 14:51:01.679462+03:00,2026-08-10 17:45:00+03:00,0.2481,,
2026-08-07 14:51:01.679462+03:00,2026-08-10 18:00:00+03:00,0.2397,,
2026-08-07 14:51:01.679462+03:00,2026-08-10 18:15:00+03:00,0.2668,,
2026-08-07 14:51:01.679462+03:00,2026-08-10 18:30:00+03:00,0.4001,,
2026-08-07 14:51:01.679462+03:00,2026-08-10 18:45:00+03:00,0.396,,
2026-08-07 14:51:01.679462+03:00,2026-08-10 19:00:00+03:00,0.3739,,
2026-08-07 14:51:01.679462+03:00,2026-08-10 19:15:00+03:00,0.4048,,
2026-08-07 14:51:01.679462+03:00,2026-08-10 19:30:00+03:00,0.3621,,
2026-08-07 14:51:01.679462+03:00,2026-08-10 19:45:00+03:00,0.3519,,
2026-08-07 14:51:01.679462+03:00,2026-08-10 20:00:00+03:00,0.3403,,
2026-08-07 14:51:01.679462+03:00,2026-08-10 20:15:00+03:00,0.3921,,
2026-08-07 14:51:01.679462+03:00,2026-08-10 20:30:00+03:00,0.3636,,
2026-08-07 14:51:01.679462+03:00,2026-08-10 20:45:00+03:00,0.3622,,
2026-08-07 14:51:01.679462+03:00,2026-08-10 21:00:00+03:00,0.3441,,
2026-08-07 14:51:01.679462+03:00,2026-08-10 21:15:00+03:00,0.3863,,
2026-08-07 14:51:01.679462+03:00,2026-08-10 21:30:00+03:00,0.3763,,
2026-08-07 14:51:01.679462+03:00,2026-08-10 21:45:00+03:00,0.3684,,
2026-08-07 14:51:01.679462+03:00,2026-08-10 22:00:00+03:00,0.3394,,
2026-08-07 14:51:01.679462+03:00,2026-08-10 22:15:00+03:00,0.3615,,
2026-08-07 14:51:01.679462+03:00,2026-08-10 22:30:00+03:00,0.358,,
2026-08-07 14:51:01.679462+03:00,2026-08-10 22:45:00+03:00,0.3538,,
2026-08-07 14:51:01.679462+03:00,2026-08-10 23:00:00+03:00,0.3367,,
2026-08-07 14:51:01.679462+03:00,2026-08-10 23:15:00+03:00,0.3237,,
2026-08-07 14:51:01.679462+03:00,2026-08-10 23:30:00+03:00,0.3419,,
2026-08-07 14:51:01.679462+03:00,2026-08-10 23:45:00+03:00,0.3428,,
2026-08-07 14:51:01.679462+03:00,2026-08-11 00:00:00+03:00,0.3205,,
2026-08-07 14:51:01.679462+03:00,2026-08-11 00:15:00+03:00,0.3639,,
2026-08-07 14:51:01.679462+03:00,2026-08-11 00:30:00+03:00,0.3589,,
2026-08-07 14:51:01.679462+03:00,2026-08-11 00:45:00+03:00,0.3695,,
2026-08-07 14:51:01.679462+03:00,2026-08-11 01:00:00+03:00,0.3389,,
2026-08-07 14:51:01.679462+03:00,2026-08-11 01:15:00+03:00,0.3755,,
2026-08-07 14:51:01.679462+03:00,2026-08-11 01:30:00+03:00,0.3657,,
2026-08-07 14:51:01.679462+03:00,2026-08-11 01:45:00+03:00,0.3657,,
2026-08-07 14:51:01.679462+03:00,2026-08-11 02:00:00+03:00,0.3383,,
2026-08-07 14:51:01.679462+03:00,2026-08-11 02:15:00+03:00,0.3814,,
2026-08-07 14:51:01.679462+03:00,2026-08-11 02:30:00+03:00,0.376,,
2026-08-07 14:51:01.679462+03:00,2026-08-11 02:45:00+03:00,0.3753,,
2026-08-07 14:51:01.679462+03:00,2026-08-11 03:00:00+03:00,0.3456,,
2026-08-07 14:51:01.679462+03:00,2026-08-11 03:15:00+03:00,0.3914,,
2026-08-07 14:51:01.679462+03:00,2026-08-11 03:30:00+03:00,0.3785,,
2026-08-07 14:51:01.679462+03:00,2026-08-11 03:45:00+03:00,0.3758,,
2026-08-07 14:51:01.679462+03:00,2026-08-11 04:00:00+03:00,0.3474,,
2026-08-07 14:51:01.679462+03:00,2026-08-11 04:15:00+03:00,0.4245,,
2026-08-07 14:51:01.679462+03:00,2026-08-11 04:30:00+03:00,0.5987,,
2026-08-07 14:51:01.679462+03:00,2026-08-11 04:45:00+03:00,0.8571,,
2026-08-07 14:51:01.679462+03:00,2026-08-11 05:00:00+03:00,1.0799,,
2026-08-07 14:51:01.679462+03:00,2026-08-11 05:15:00+03:00,1.3859,,
2026-08-07 14:51:01.679462+03:00,2026-08-11 05:30:00+03:00,1.6302,,
2026-08-07 14:51:01.679462+03:00,2026-08-11 05:45:00+03:00,1.84,,
2026-08-07 14:51:01.679462+03:00,2026-08-11 06:00:00+03:00,1.9896,,
2026-08-07 14:51:01.679462+03:00,2026-08-11 06:15:00+03:00,2.5414,,
2026-08-07 14:51:01.679462+03:00,2026-08-11 06:30:00+03:00,2.9082,,
2026-08-07 14:51:01.679462+03:00,2026-08-11 06:45:00+03:00,3.3327,,
2026-08-07 14:51:01.679462+03:00,2026-08-11 07:00:00+03:00,3.7382,,
2026-08-07 14:51:01.679462+03:00,2026-08-11 07:15:00+03:00,4.4845,,
2026-08-07 14:51:01.679462+03:00,2026-08-11 07:30:00+03:00,5.1519,,
2026-08-07 14:51:01.679462+03:00,2026-08-11 07:45:00+03:00,5.9997,,
2026-08-07 14:51:01.679462+03:00,2026-08-11 08:00:00+03:00,6.4802,,
2026-08-07 14:51:01.679462+03:00,2026-08-11 08:15:00+03:00,7.0449,,
2026-08-07 14:51:01.679462+03:00,2026-08-11 08:30:00+03:00,7.9289,,
2026-08-07 14:51:01.679462+03:00,2026-08-11 08:45:00+03:00,8.5125,,
2026-08-07 14:51:01.679462+03:00,2026-08-11 09:00:00+03:00,8.9877,,
2026-08-07 14:51:01.679462+03:00,2026-08-11 09:15:00+03:00,9.1826,,
2026-08-07 14:51:01.679462+03:00,2026-08-11 09:30:00+03:00,9.4556,,
2026-08-07 14:51:01.679462+03:00,2026-08-11 09:45:00+03:00,9.8681,,
2026-08-07 14:51:01.679462+03:00,2026-08-11 10:00:00+03:00,9.869,,
2026-08-07 14:51:01.679462+03:00,2026-08-11 10:15:00+03:00,9.6876,,
2026-08-07 14:51:01.679462+03:00,2026-08-11 10:30:00+03:00,9.6437,,
2026-08-07 14:51:01.679462+03:00,2026-08-11 10:45:00+03:00,9.6712,,
2026-08-07 14:51:01.679462+03:00,2026-08-11 11:00:00+03:00,9.7232,,
2026-08-07 14:51:01.679462+03:00,2026-08-11 11:15:00+03:00,9.6509,,
2026-08-07 14:51:01.679462+03:00,2026-08-11 11:30:00+03:00,9.6557,,
2026-08-07 14:51:01.679462+03:00,2026-08-11 11:45:00+03:00,9.6582,,
2026-08-07 14:51:01.679462+03:00,2026-08-11 12:00:00+03:00,9.7014,,
2026-08-07 14:51:01.679462+03:00,2026-08-11 12:15:00+03:00,9.6598,,
2026-08-07 14:51:01.679462+03:00,2026-08-11 12:30:00+03:00,9.6593,,
2026-08-07 14:51:01.679462+03:00,2026-08-11 12:45:00+03:00,9.6729,,
2026-08-07 14:51:01.679462+03:00,2026-08-11 13:00:00+03:00,9.6865,,
2026-08-07 14:51:01.679462+03:00,2026-08-11 13:15:00+03:00,9.7119,,
2026-08-07 14:51:01.679462+03:00,2026-08-11 13:30:00+03:00,9.7242,,
2026-08-07 14:51:01.679462+03:00,2026-08-11 13:45:00+03:00,9.7314,,
2026-08-07 14:51:01.679462+03:00,2026-08-11 14:00:00+03:00,9.7034,,
2026-08-07 14:51:01.679462+03:00,2026-08-11 14:15:00+03:00,9.7417,,
2026-08-07 14:51:01.679462+03:00,2026-08-11 14:30:00+03:00,9.7337,,
2026-08-07 14:51:01.679462+03:00,2026-08-11 14:45:00+03:00,9.7299,,
2026-08-07 14:51:01.679462+03:00,2026-08-11 15:00:00+03:00,9.6821,,
2026-08-07 14:51:01.679462+03:00,2026-08-11 15:15:00+03:00,9.7282,,
2026-08-07 14:51:01.679462+03:00,2026-08-11 15:30:00+03:00,9.7073,,
2026-08-07 14:51:01.679462+03:00,2026-08-11 15:45:00+03:00,9.7089,,
2026-08-07 14:51:01.679462+03:00,2026-08-11 16:00:00+03:00,9.6774,,
2026-08-07 14:51:01.679462+03:00,2026-08-11 16:15:00+03:00,9.7929,,
2026-08-07 14:51:01.679462+03:00,2026-08-11 16:30:00+03:00,9.7234,,
2026-08-07 14:51:01.679462+03:00,2026-08-11 16:45:00+03:00,9.7272,,
2026-08-07 14:51:01.679462+03:00,2026-08-11 17:00:00+03:00,9.6753,,
2026-08-07 14:51:01.679462+03:00,2026-08-11 17:15:00+03:00,9.7383,,
2026-08-07 14:51:01.679462+03:00,2026-08-11 17:30:00+03:00,9.7008,,
2026-08-07 14:51:01.679462+03:00,2026-08-11 17:45:00+03:00,9.712,,
2026-08-07 14:51:01.679462+03:00,2026-08-11 18:00:00+03:00,9.6818,,
2026-08-07 14:51:01.679462+03:00,2026-08-11 18:15:00+03:00,9.7112,,
2026-08-07 14:51:01.679462+03:00,2026-08-11 18:30:00+03:00,9.7261,,
2026-08-07 14:51:01.679462+03:00,2026-08-11 18:45:00+03:00,9.7173,,
2026-08-07 14:51:01.679462+03:00,2026-08-11 19:00:00+03:00,9.6737,,
2026-08-07 14:51:01.679462+03:00,2026-08-11 19:15:00+03:00,9.591,,
2026-08-07 14:51:01.679462+03:00,2026-08-11 19:30:00+03:00,9.5797,,
2026-08-07 14:51:01.679462+03:00,2026-08-11 19:45:00+03:00,9.6313,,
2026-08-07 14:51:01.679462+03:00,2026-08-11 20:00:00+03:00,9.6215,,
2026-08-07 14:51:01.679462+03:00,2026-08-11 20:15:00+03:00,9.3896,,
2026-08-07 14:51:01.679462+03:00,2026-08-11 20:30:00+03:00,8.9322,,
2026-08-07 14:51:01.679462+03:00,2026-08-11 20:45:00+03:00,8.5419,,
2026-08-07 14:51:01.679462+03:00,2026-08-11 21:00:00+03:00,7.9703,,
2026-08-07 14:51:01.679462+03:00,2026-08-11 21:15:00+03:00,7.6959,,
2026-08-07 14:51:01.679462+03:00,2026-08-11 21:30:00+03:00,7.257,,
2026-08-07 14:51:01.679462+03:00,2026-08-11 21:45:00+03:00,6.9988,,
2026-08-07 14:51:01.679462+03:00,2026-08-11 22:00:00+03:00,7.0505,,
2026-08-07 14:51:01.679462+03:00,2026-08-11 22:15:00+03:00,7.1331,,
2026-08-07 14:51:01.679462+03:00,2026-08-11 22:30:00+03:00,7.314,,
2026-08-07 14:51:01.679462+03:00,2026-08-11 22:45:00+03:00,7.3278,,
2026-08-07 14:51:01.679462+03:00,2026-08-11 23:00:00+03:00,7.313,,
2026-08-07 14:51:01.679462+03:00,2026-08-11 23:15:00+03:00,7.2172,,
2026-08-07 14:51:01.679462+03:00,2026-08-11 23:30:00+03:00,7.2574,,
2026-08-07 14:51:01.679462+03:00,2026-08-11 23:45:00+03:00,7.2803,,
2026-08-07 14:51:01.679462+03:00,2026-08-12 00:00:00+03:00,7.3115,,
2026-08-07 14:51:01.679462+03:00,2026-08-12 00:15:00+03:00,7.2769,,
2026-08-07 14:51:01.679462+03:00,2026-08-12 00:30:00+03:00,7.2325,,
2026-08-07 14:51:01.679462+03:00,2026-08-12 00:45:00+03:00,7.2499,,
2026-08-07 14:51:01.679462+03:00,2026-08-12 01:00:00+03:00,7.324,,
2026-08-07 14:51:01.679462+03:00,2026-08-12 01:15:00+03:00,7.2564,,
2026-08-07 14:51:01.679462+03:00,2026-08-12 01:30:00+03:00,7.2177,,
2026-08-07 14:51:01.679462+03:00,2026-08-12 01:45:00+03:00,7.2333,,
2026-08-07 14:51:01.679462+03:00,2026-08-12 02:00:00+03:00,7.2994,,
2026-08-07 14:51:01.679462+03:00,2026-08-12 02:15:00+03:00,7.3145,,
2026-08-07 14:51:01.679462+03:00,2026-08-12 02:30:00+03:00,7.2645,,
2026-08-07 14:51:01.679462+03:00,2026-08-12 02:45:00+03:00,7.2524,,
2026-08-07 14:51:01.679462+03:00,2026-08-12 03:00:00+03:00,7.2935,,
2026-08-07 14:51:01.679462+03:00,2026-08-12 03:15:00+03:00,7.3347,,
2026-08-07 14:51:01.679462+03:00,2026-08-12 03:30:00+03:00,7.2884,,
2026-08-07 14:51:01.679462+03:00,2026-08-12 03:45:00+03:00,7.2775,,
2026-08-07 14:51:01.679462+03:00,2026-08-12 04:00:00+03:00,7.3226,,
2026-08-07 14:51:01.679462+03:00,2026-08-12 04:15:00+03:00,7.445,,
2026-08-07 14:51:01.679462+03:00,2026-08-12 04:30:00+03:00,7.7398,,
2026-08-07 14:51:01.679462+03:00,2026-08-12 04:45:00+03:00,7.7514,,
2026-08-07 14:51:01.679462+03:00,2026-08-12 05:00:00+03:00,7.9038,,
2026-08-07 14:51:01.679462+03:00,2026-08-12 05:15:00+03:00,8.8292,,
2026-08-07 14:51:01.679462+03:00,2026-08-12 05:30:00+03:00,9.6696,,
2026-08-07 14:51:01.679462+03:00,2026-08-12 05:45:00+03:00,10.464,,
2026-08-07 14:51:01.679462+03:00,2026-08-12 06:00:00+03:00,11.1565,,
2026-08-07 14:51:01.679462+03:00,2026-08-12 06:15:00+03:00,12.669,,
2026-08-07 14:51:01.679462+03:00,2026-08-12 06:30:00+03:00,13.8697,,
2026-08-07 14:51:01.679462+03:00,2026-08-12 06:45:00+03:00,15.1404,,
2026-08-07 14:51:01.679462+03:00,2026-08-12 07:00:00+03:00,16.1421,,
2026-08-07 14:51:01.679462+03:00,2026-08-12 07:15:00+03:00,17.4273,,
2026-08-07 14:51:01.679462+03:00,2026-08-12 07:30:00+03:00,18.5311,,
2026-08-07 14:51:01.679462+03:00,2026-08-12 07:45:00+03:00,19.4611,,
2026-08-07 14:51:01.679462+03:00,2026-08-12 08:00:00+03:00,20.7057,,
2026-08-07 14:51:01.679462+03:00,2026-08-12 08:15:00+03:00,21.7037,,
2026-08-07 14:51:01.679462+03:00,2026-08-12 08:30:00+03:00,23.0315,,
2026-08-07 14:51:01.679462+03:00,2026-08-12 08:45:00+03:00,24.1424,,
2026-08-07 14:51:01.679462+03:00,2026-08-12 09:00:00+03:00,25.1045,,
2026-08-07 14:51:01.679462+03:00,2026-08-12 09:15:00+03:00,25.3709,,
2026-08-07 14:51:01.679462+03:00,2026-08-12 09:30:00+03:00,25.2183,,
2026-08-07 14:51:01.679462+03:00,2026-08-12 09:45:00+03:00,25.3198,,
2026-08-07 14:51:01.679462+03:00,2026-08-12 10:00:00+03:00,25.2885,,
2026-08-07 14:51:01.679462+03:00,2026-08-12 10:15:00+03:00,25.1691,,
2026-08-07 14:51:01.679462+03:00,2026-08-12 10:30:00+03:00,25.1968,,
2026-08-07 14:51:01.679462+03:00,2026-08-12 10:45:00+03:00,25.2288,,
2026-08-07 14:51:01.679462+03:00,2026-08-12 11:00:00+03:00,25.2245,,
2026-08-07 14:51:01.679462+03:00,2026-08-12 11:15:00+03:00,25.1378,,
2026-08-07 14:51:01.679462+03:00,2026-08-12 11:30:00+03:00,25.1715,,
2026-08-07 14:51:01.679462+03:00,2026-08-12 11:45:00+03:00,25.2015,,
2026-08-07 14:51:01.679462+03:00,2026-08-12 12:00:00+03:00,25.2456,,
2026-08-07 14:51:01.679462+03:00,2026-08-12 12:15:00+03:00,25.1884,,
2026-08-07 14:51:01.679462+03:00,2026-08-12 12:30:00+03:00,25.2137,,
2026-08-07 14:51:01.679462+03:00,2026-08-12 12:45:00+03:00,25.2295,,
2026-08-07 14:51:01.679462+03:00,2026-08-12 13:00:00+03:00,25.2592,,
2026-08-07 14:51:01.679462+03:00,2026-08-12 13:15:00+03:00,25.2078,,
2026-08-07 14:51:01.679462+03:00,2026-08-12 13:30:00+03:00,25.2311,,
2026-08-07 14:51:01.679462+03:00,2026-08-12 13:45:00+03:00,25.2457,,
2026-08-07 14:51:01.679462+03:00,2026-08-12 14:00:00+03:00,25.2721,,
2026-08-07 14:51:01.679462+03:00,2026-08-12 14:15:00+03:00,25.2536,,
2026-08-07 14:51:01.679462+03:00,2026-08-12 14:30:00+03:00,25.2526,,
2026-08-07 14:51:01.679462+03:00,2026-08-12 14:45:00+03:00,25.2564,,
2026-08-07 14:51:01.679462+03:00,2026-08-12 15:00:00+03:00,25.2784,,
2026-08-07 14:51:01.679462+03:00,2026-08-12 15:15:00+03:00,25.325,,
2026-08-07 14:51:01.679462+03:00,2026-08-12 15:30:00+03:00,25.3108,,
2026-08-07 14:51:01.679462+03:00,2026-08-12 15:45:00+03:00,25.2702,,
2026-08-07 14:51:01.679462+03:00,2026-08-12 16:00:00+03:00,25.2715,,
2026-08-07 14:51:01.679462+03:00,2026-08-12 16:15:00+03:00,25.3888,,
2026-08-07 14:51:01.679462+03:00,2026-08-12 16:30:00+03:00,25.3289,,
2026-08-07 14:51:01.679462+03:00,2026-08-12 16:45:00+03:00,25.3169,,
2026-08-07 14:51:01.679462+03:00,2026-08-12 17:00:00+03:00,25.3744,,
2026-08-07 14:51:01.679462+03:00,2026-08-12 17:15:00+03:00,25.3915,,
2026-08-07 14:51:01.679462+03:00,2026-08-12 17:30:00+03:00,25.3761,,
2026-08-07 14:51:01.679462+03:00,2026-08-12 17:45:00+03:00,25.3562,,
2026-08-07 14:51:01.679462+03:00,2026-08-12 18:00:00+03:00,25.3812,,
2026-08-07 14:51:01.679462+03:00,2026-08-12 18:15:00+03:00,25.3491,,
2026-08-07 14:51:01.679462+03:00,2026-08-12 18:30:00+03:00,25.3297,,
2026-08-07 14:51:01.679462+03:00,2026-08-12 18:45:00+03:00,25.3336,,
2026-08-07 14:51:01.679462+03:00,2026-08-12 19:00:00+03:00,25.3375,,
2026-08-07 14:51:01.679462+03:00,2026-08-12 19:15:00+03:00,25.2202,,
2026-08-07 14:51:01.679462+03:00,2026-08-12 19:30:00+03:00,25.2149,,
2026-08-07 14:51:01.679462+03:00,2026-08-12 19:45:00+03:00,25.2684,,
2026-08-07 14:51:01.679462+03:00,2026-08-12 20:00:00+03:00,25.2906,,
2026-08-07 14:51:01.679462+03:00,2026-08-12 20:15:00+03:00,24.9625,,
2026-08-07 14:51:01.679462+03:00,2026-08-12 20:30:00+03:00,24.567,,
2026-08-07 14:51:01.679462+03:00,2026-08-12 20:45:00+03:00,24.3704,,
2026-08-07 14:51:01.679462+03:00,2026-08-12 21:00:00+03:00,23.9358,,
2026-08-07 14:51:01.679462+03:00,2026-08-12 21:15:00+03:00,23.6432,,
2026-08-07 14:51:01.679462+03:00,2026-08-12 21:30:00+03:00,23.6478,,
2026-08-07 14:51:01.679462+03:00,2026-08-12 21:45:00+03:00,23.6902,,
2026-08-07 14:51:01.679462+03:00,2026-08-12 22:00:00+03:00,23.7785,,
2026-08-07 14:51:01.679462+03:00,2026-08-12 22:15:00+03:00,23.3996,,
2026-08-07 14:51:01.679462+03:00,2026-08-12 22:30:00+03:00,23.2114,,
2026-08-07 14:51:01.679462+03:00,2026-08-12 22:45:00+03:00,22.7968,,
2026-08-07 14:51:01.679462+03:00,2026-08-12 23:00:00+03:00,22.5673,,
2026-08-07 14:51:01.679462+03:00,2026-08-12 23:15:00+03:00,22.2358,,
2026-08-07 14:51:01.679462+03:00,2026-08-12 23:30:00+03:00,22.043,,
2026-08-07 14:51:01.679462+03:00,2026-08-12 23:45:00+03:00,21.5923,,
2026-08-07 14:51:01.679462+03:00,2026-08-13 00:00:00+03:00,21.2918,,
2026-08-07 14:51:01.679462+03:00,2026-08-13 00:15:00+03:00,21.1137,,
2026-08-07 14:51:01.679462+03:00,2026-08-13 00:30:00+03:00,21.1347,,
2026-08-07 14:51:01.679462+03:00,2026-08-13 00:45:00+03:00,21.2061,,
2026-08-07 14:51:01.679462+03:00,2026-08-13 01:00:00+03:00,21.2075,,
2026-08-07 14:51:01.679462+03:00,2026-08-13 01:15:00+03:00,21.0046,,
2026-08-07 14:51:01.679462+03:00,2026-08-13 01:30:00+03:00,21.0357,,
2026-08-07 14:51:01.679462+03:00,2026-08-13 01:45:00+03:00,21.1236,,
2026-08-07 14:51:01.679462+03:00,2026-08-13 02:00:00+03:00,21.0979,,
2026-08-07 14:51:01.679462+03:00,2026-08-13 02:15:00+03:00,21.1019,,
2026-08-07 14:51:01.679462+03:00,2026-08-13 02:30:00+03:00,21.1148,,
2026-08-07 14:51:01.679462+03:00,2026-08-13 02:45:00+03:00,21.103,,
2026-08-07 14:51:01.679462+03:00,2026-08-13 03:00:00+03:00,21.101,,
2026-08-07 14:51:01.679462+03:00,2026-08-13 03:15:00+03:00,21.1191,,
2026-08-07 14:51:01.679462+03:00,2026-08-13 03:30:00+03:00,21.1227,,
2026-08-07 14:51:01.679462+03:00,2026-08-13 03:45:00+03:00,21.1274,,
2026-08-07 14:51:01.679462+03:00,2026-08-13 04:00:00+03:00,21.1501,,
2026-08-07 14:51:01.679462+03:00,2026-08-13 04:15:00+03:00,21.2442,,
2026-08-07 14:51:01.679462+03:00,2026-08-13 04:30:00+03:00,21.1962,,
2026-08-07 14:51:01.679462+03:00,2026-08-13 04:45:00+03:00,21.1927,,
2026-08-07 14:51:01.679462+03:00,2026-08-13 05:00:00+03:00,21.1733,,
2026-08-07 14:51:01.679462+03:00,2026-08-13 05:15:00+03:00,21.4369,,
2026-08-07 14:51:01.679462+03:00,2026-08-13 05:30:00+03:00,21.6367,,
2026-08-07 14:51:01.679462+03:00,2026-08-13 05:45:00+03:00,21.5633,,
2026-08-07 14:51:01.679462+03:00,2026-08-13 06:00:00+03:00,21.5905,,
2026-08-07 14:51:01.679462+03:00,2026-08-13 06:15:00+03:00,21.8585,,
2026-08-07 14:51:01.679462+03:00,2026-08-13 06:30:00+03:00,22.1114,,
2026-08-07 14:51:01.679462+03:00,2026-08-13 06:45:00+03:00,22.6478,,
2026-08-07 14:51:01.679462+03:00,2026-08-13 07:00:00+03:00,23.014,,
2026-08-07 14:51:01.679462+03:00,2026-08-13 07:15:00+03:00,23.7179,,
2026-08-07 14:51:01.679462+03:00,2026-08-13 07:30:00+03:00,24.4925,,
2026-08-07 14:51:01.679462+03:00,2026-08-13 07:45:00+03:00,25.3474,,
2026-08-07 14:51:01.679462+03:00,2026-08-13 08:00:00+03:00,26.0717,,
2026-08-07 14:51:01.679462+03:00,2026-08-13 08:15:00+03:00,26.7056,,
2026-08-07 14:51:01.679462+03:00,2026-08-13 08:30:00+03:00,27.238,,
2026-08-07 14:51:01.679462+03:00,2026-08-13 08:45:00+03:00,27.5614,,
2026-08-07 14:51:01.679462+03:00,2026-08-13 09:00:00+03:00,27.5938,,
2026-08-07 14:51:01.679462+03:00,2026-08-13 09:15:00+03:00,27.4447,,
2026-08-07 14:51:01.679462+03:00,2026-08-13 09:30:00+03:00,27.4664,,
2026-08-07 14:51:01.679462+03:00,2026-08-13 09:45:00+03:00,27.457,,
2026-08-07 14:51:01.679462+03:00,2026-08-13 10:00:00+03:00,27.438,,
2026-08-07 14:51:01.679462+03:00,2026-08-13 10:15:00+03:00,27.3604,,
2026-08-07 14:51:01.679462+03:00,2026-08-13 10:30:00+03:00,27.3742,,
2026-08-07 14:51:01.679462+03:00,2026-08-13 10:45:00+03:00,27.3877,,
2026-08-07 14:51:01.679462+03:00,2026-08-13 11:00:00+03:00,27.4244,,
2026-08-07 14:51:01.679462+03:00,2026-08-13 11:15:00+03:00,27.3693,,
2026-08-07 14:51:01.679462+03:00,2026-08-13 11:30:00+03:00,27.3857,,
2026-08-07 14:51:01.679462+03:00,2026-08-13 11:45:00+03:00,27.3947,,
2026-08-07 14:51:01.679462+03:00,2026-08-13 12:00:00+03:00,27.4215,,
2026-08-07 14:51:01.679462+03:00,2026-08-13 12:15:00+03:00,27.3748,,
2026-08-07 14:51:01.679462+03:00,2026-08-13 12:30:00+03:00,27.3848,,
2026-08-07 14:51:01.679462+03:00,2026-08-13 12:45:00+03:00,27.3858,,
2026-08-07 14:51:01.679462+03:00,2026-08-13 13:00:00+03:00,27.4198,,
2026-08-07 14:51:01.679462+03:00,2026-08-13 13:15:00+03:00,27.3865,,
2026-08-07 14:51:01.679462+03:00,2026-08-13 13:30:00+03:00,27.3907,,
2026-08-07 14:51:01.679462+03:00,2026-08-13 13:45:00+03:00,27.3859,,
2026-08-07 14:51:01.679462+03:00,2026-08-13 14:00:00+03:00,27.4087,,
2026-08-07 14:51:01.679462+03:00,2026-08-13 14:15:00+03:00,27.404,,
2026-08-07 14:51:01.679462+03:00,2026-08-13 14:30:00+03:00,27.3852,,
2026-08-07 14:51:01.679462+03:00,2026-08-13 14:45:00+03:00,27.3852,,
2026-08-07 14:51:01.679462+03:00,2026-08-13 15:00:00+03:00,27.4083,,
2026-08-07 14:51:01.679462+03:00,2026-08-13 15:15:00+03:00,27.4729,,
2026-08-07 14:51:01.679462+03:00,2026-08-13 15:30:00+03:00,27.4475,,
2026-08-07 14:51:01.679462+03:00,2026-08-13 15:45:00+03:00,27.4238,,
2026-08-07 14:51:01.679462+03:00,2026-08-13 16:00:00+03:00,27.426,,
2026-08-07 14:51:01.679462+03:00,2026-08-13 16:15:00+03:00,27.5693,,
2026-08-07 14:51:01.679462+03:00,2026-08-13 16:30:00+03:00,27.5024,,
2026-08-07 14:51:01.679462+03:00,2026-08-13 16:45:00+03:00,27.4878,,
2026-08-07 14:51:01.679462+03:00,2026-08-13 17:00:00+03:00,27.5286,,
2026-08-07 14:51:01.679462+03:00,2026-08-13 17:15:00+03:00,27.5912,,
2026-08-07 14:51:01.679462+03:00,2026-08-13 17:30:00+03:00,27.5818,,
2026-08-07 14:51:01.679462+03:00,2026-08-13 17:45:00+03:00,27.5632,,
2026-08-07 14:51:01.679462+03:00,2026-08-13 18:00:00+03:00,27.5558,,
2026-08-07 14:51:01.679462+03:00,2026-08-13 18:15:00+03:00,27.532,,
2026-08-07 14:51:01.679462+03:00,2026-08-13 18:30:00+03:00,27.5048,,
2026-08-07 14:51:01.679462+03:00,2026-08-13 18:45:00+03:00,27.5181,,
2026-08-07 14:51:01.679462+03:00,2026-08-13 19:00:00+03:00,27.5184,,
2026-08-07 14:51:01.679462+03:00,2026-08-13 19:15:00+03:00,27.4292,,
2026-08-07 14:51:01.679462+03:00,2026-08-13 19:30:00+03:00,27.4368,,
2026-08-07 14:51:01.679462+03:00,2026-08-13 19:45:00+03:00,27.4855,,
2026-08-07 14:51:01.679462+03:00,2026-08-13 20:00:00+03:00,27.5086,,
2026-08-07 14:51:01.679462+03:00,2026-08-13 20:15:00+03:00,27.3213,,
2026-08-07 14:51:01.679462+03:00,2026-08-13 20:30:00+03:00,27.4508,,
2026-08-07 14:51:01.679462+03:00,2026-08-13 20:45:00+03:00,27.4826,,
2026-08-07 14:51:01.679462+03:00,2026-08-13 21:00:00+03:00,27.4678,,
2026-08-07 14:51:01.679462+03:00,2026-08-13 21:15:00+03:00,27.5154,,
2026-08-07 14:51:01.679462+03:00,2026-08-13 21:30:00+03:00,27.5479,,
2026-08-07 14:51:01.679462+03:00,2026-08-13 21:45:00+03:00,27.5608,,
2026-08-07 14:51:01.679462+03:00,2026-08-13 22:00:00+03:00,27.5457,,
2026-08-07 14:51:01.679462+03:00,2026-08-13 22:15:00+03:00,27.2616,,
2026-08-07 14:51:01.679462+03:00,2026-08-13 22:30:00+03:00,27.3799,,
2026-08-07 14:51:01.679462+03:00,2026-08-13 22:45:00+03:00,27.4763,,
2026-08-07 14:51:01.679462+03:00,2026-08-13 23:00:00+03:00,27.5072,,
2026-08-07 14:51:01.679462+03:00,2026-08-13 23:15:00+03:00,27.1731,,
2026-08-07 14:51:01.679462+03:00,2026-08-13 23:30:00+03:00,27.0307,,
2026-08-07 14:51:01.679462+03:00,2026-08-13 23:45:00+03:00,27.1369,,
2026-08-07 14:51:01.679462+03:00,2026-08-14 00:00:00+03:00,27.0677,,
2026-08-07 14:51:01.679462+03:00,2026-08-14 00:15:00+03:00,27.0908,,
2026-08-07 14:51:01.679462+03:00,2026-08-14 00:30:00+03:00,27.0938,,
2026-08-07 14:51:01.679462+03:00,2026-08-14 00:45:00+03:00,27.1083,,
2026-08-07 14:51:01.679462+03:00,2026-08-14 01:00:00+03:00,27.1084,,
2026-08-07 14:51:01.679462+03:00,2026-08-14 01:15:00+03:00,26.9525,,
2026-08-07 14:51:01.679462+03:00,2026-08-14 01:30:00+03:00,26.9854,,
2026-08-07 14:51:01.679462+03:00,2026-08-14 01:45:00+03:00,27.0839,,
2026-08-07 14:51:01.679462+03:00,2026-08-14 02:00:00+03:00,27.1049,,
2026-08-07 14:51:01.679462+03:00,2026-08-14 02:15:00+03:00,27.1055,,
2026-08-07 14:51:01.679462+03:00,2026-08-14 02:30:00+03:00,27.1084,,
2026-08-07 14:51:01.679462+03:00,2026-08-14 02:45:00+03:00,27.1071,,
2026-08-07 14:51:01.679462+03:00,2026-08-14 03:00:00+03:00,27.1322,,
2026-08-07 14:51:01.679462+03:00,2026-08-14 03:15:00+03:00,27.1632,,
2026-08-07 14:51:01.679462+03:00,2026-08-14 03:30:00+03:00,27.172,,
2026-08-07 14:51:01.679462+03:00,2026-08-14 03:45:00+03:00,27.1751,,
2026-08-07 14:51:01.679462+03:00,2026-08-14 04:00:00+03:00,27.2363,,
2026-08-07 14:51:01.679462+03:00,2026-08-14 04:15:00+03:00,27.3511,,
2026-08-07 14:51:01.679462+03:00,2026-08-14 04:30:00+03:00,27.6794,,
2026-08-07 14:51:01.679462+03:00,2026-08-14 04:45:00+03:00,28.019,,
2026-08-07 14:51:01.679462+03:00,2026-08-14 05:00:00+03:00,28.4162,,
2026-08-07 14:51:01.679462+03:00,2026-08-14 05:15:00+03:00,29.142,,
2026-08-07 14:51:01.679462+03:00,2026-08-14 05:30:00+03:00,29.8466,,
2026-08-07 14:51:01.679462+03:00,2026-08-14 05:45:00+03:00,30.325,,
2026-08-07 14:51:01.679462+03:00,2026-08-14 06:00:00+03:00,30.9631,,
2026-08-07 14:51:01.679462+03:00,2026-08-14 06:15:00+03:00,31.48,,
2026-08-07 14:51:01.679462+03:00,2026-08-14 06:30:00+03:00,31.7163,,
2026-08-07 14:51:01.679462+03:00,2026-08-14 06:45:00+03:00,32.1898,,
2026-08-07 14:51:01.679462+03:00,2026-08-14 07:00:00+03:00,32.5169,,
2026-08-07 14:51:01.679462+03:00,2026-08-14 07:15:00+03:00,33.2309,,
2026-08-07 14:51:01.679462+03:00,2026-08-14 07:30:00+03:00,33.4168,,
2026-08-07 14:51:01.679462+03:00,2026-08-14 07:45:00+03:00,33.9522,,
2026-08-07 14:51:01.679462+03:00,2026-08-14 08:00:00+03:00,34.2803,,
2026-08-07 14:51:01.679462+03:00,2026-08-14 08:15:00+03:00,34.4255,,
2026-08-07 14:51:01.679462+03:00,2026-08-14 08:30:00+03:00,34.4689,,
2026-08-07 14:51:01.679462+03:00,2026-08-14 08:45:00+03:00,34.393,,
2026-08-07 14:51:01.679462+03:00,2026-08-14 09:00:00+03:00,34.3749,,
2026-08-07 14:51:01.679462+03:00,2026-08-14 09:15:00+03:00,34.2121,,
2026-08-07 14:51:01.679462+03:00,2026-08-14 09:30:00+03:00,34.2589,,
2026-08-07 14:51:01.679462+03:00,2026-08-14 09:45:00+03:00,34.2923,,
2026-08-07 14:51:01.679462+03:00,2026-08-14 10:00:00+03:00,34.2779,,
2026-08-07 14:51:01.679462+03:00,2026-08-14 10:15:00+03:00,34.213,,
2026-08-07 14:51:01.679462+03:00,2026-08-14 10:30:00+03:00,34.2311,,
2026-08-07 14:51:01.679462+03:00,2026-08-14 10:45:00+03:00,34.2553,,
2026-08-07 14:51:01.679462+03:00,2026-08-14 11:00:00+03:00,34.2694,,
2026-08-07 14:51:01.679462+03:00,2026-08-14 11:15:00+03:00,34.2209,,
2026-08-07 14:51:01.679462+03:00,2026-08-14 11:30:00+03:00,34.2509,,
2026-08-07 14:51:01.679462+03:00,2026-08-14 11:45:00+03:00,34.2641,,
2026-08-07 14:51:01.679462+03:00,2026-08-14 12:00:00+03:00,34.276,,
2026-08-07 14:51:01.679462+03:00,2026-08-14 12:15:00+03:00,34.2494,,
2026-08-07 14:51:01.679462+03:00,2026-08-14 12:30:00+03:00,34.2662,,
2026-08-07 14:51:01.679462+03:00,2026-08-14 12:45:00+03:00,34.2842,,
2026-08-07 14:51:01.679462+03:00,2026-08-14 13:00:00+03:00,34.2636,,
2026-08-07 14:51:01.679462+03:00,2026-08-14 13:15:00+03:00,34.2116,,
2026-08-07 14:51:01.679462+03:00,2026-08-14 13:30:00+03:00,34.2436,,
2026-08-07 14:51:01.679462+03:00,2026-08-14 13:45:00+03:00,34.2621,,
2026-08-07 14:51:01.679462+03:00,2026-08-14 14:00:00+03:00,34.2712,,
2026-08-07 14:51:01.679462+03:00,2026-08-14 14:15:00+03:00,34.2939,,
2026-08-07 14:51:01.679462+03:00,2026-08-14 14:30:00+03:00,34.2758,,
2026-08-07 14:51:01.679462+03:00,2026-08-14 14:45:00+03:00,34.2803,,
2026-08-07 14:51:01.679462+03:00,2026-08-14 15:00:00+03:00,34.2883,,
2026-08-07 14:51:01.679462+03:00,2026-08-14 15:15:00+03:00,34.3373,,
2026-08-07 14:51:01.679462+03:00,2026-08-14 15:30:00+03:00,34.3201,,
2026-08-07 14:51:01.679462+03:00,2026-08-14 15:45:00+03:00,34.3199,,
2026-08-07 14:51:01.679462+03:00,2026-08-14 16:00:00+03:00,34.3473,,
2026-08-07 14:51:01.679462+03:00,2026-08-14 16:15:00+03:00,34.4577,,
2026-08-07 14:51:01.679462+03:00,2026-08-14 16:30:00+03:00,34.4166,,
2026-08-07 14:51:01.679462+03:00,2026-08-14 16:45:00+03:00,34.4104,,
2026-08-07 14:51:01.679462+03:00,2026-08-14 17:00:00+03:00,34.4288,,
2026-08-07 14:51:01.679462+03:00,2026-08-14 17:15:00+03:00,34.607,,
2026-08-07 14:51:01.679462+03:00,2026-08-14 17:30:00+03:00,34.4587,,
2026-08-07 14:51:01.679462+03:00,2026-08-14 17:45:00+03:00,34.4554,,
2026-08-07 14:51:01.679462+03:00,2026-08-14 18:00:00+03:00,34.4348,,
2026-08-07 14:51:01.679462+03:00,2026-08-14 18:15:00+03:00,34.3764,,
2026-08-07 14:51:01.679462+03:00,2026-08-14 18:30:00+03:00,34.3956,,
2026-08-07 14:51:01.679462+03:00,2026-08-14 18:45:00+03:00,34.4252,,
2026-08-07 14:51:01.679462+03:00,2026-08-14 19:00:00+03:00,34.4417,,
2026-08-07 14:51:01.679462+03:00,2026-08-14 19:15:00+03:00,34.2236,,
2026-08-07 14:51:01.679462+03:00,2026-08-14 19:30:00+03:00,34.2569,,
2026-08-07 14:51:01.679462+03:00,2026-08-14 19:45:00+03:00,34.341,,
2026-08-07 14:51:01.679462+03:00,2026-08-14 20:00:00+03:00,34.3711,,
2026-08-07 14:51:01.679462+03:00,2026-08-14 20:15:00+03:00,34.0792,,
2026-08-07 14:51:01.679462+03:00,2026-08-14 20:30:00+03:00,33.8161,,
2026-08-07 14:51:01.679462+03:00,2026-08-14 20:45:00+03:00,33.889,,
2026-08-07 14:51:01.679462+03:00,2026-08-14 21:00:00+03:00,33.8736,,
2026-08-07 14:51:01.679462+03:00,2026-08-14 21:15:00+03:00,33.9066,,
2026-08-07 14:51:01.679462+03:00,2026-08-14 21:30:00+03:00,33.953,,
2026-08-07 14:51:01.679462+03:00,2026-08-14 21:45:00+03:00,33.9761,,
2026-08-07 14:51:01.679462+03:00,2026-08-14 22:00:00+03:00,33.9583,,
2026-08-07 14:51:01.679462+03:00,2026-08-14 22:15:00+03:00,33.6389,,
2026-08-07 14:51:01.679462+03:00,2026-08-14 22:30:00+03:00,33.2463,,
2026-08-07 14:51:01.679462+03:00,2026-08-14 22:45:00+03:00,32.6802,,
2026-08-07 14:51:01.679462+03:00,2026-08-14 23:00:00+03:00,32.351,,
2026-08-07 14:51:01.679462+03:00,2026-08-14 23:15:00+03:00,31.5145,,
2026-08-07 14:51:01.679462+03:00,2026-08-14 23:30:00+03:00,30.5826,,
2026-08-07 14:51:01.679462+03:00,2026-08-14 23:45:00+03:00,29.6105,,
2026-08-08 14:35:07.893785+03:00,2026-08-09 00:00:00+03:00,3.3018,4.82,1.5182000000000002
2026-08-08 14:35:07.893785+03:00,2026-08-09 00:15:00+03:00,3.0175,4.36,1.3425000000000002
2026-08-08 14:35:07.893785+03:00,2026-08-09 00:30:00+03:00,2.8099,3.6,0.7901000000000002
2026-08-08 14:35:07.893785+03:00,2026-08-09 00:45:00+03:00,2.4684,3.25,0.7816000000000001
2026-08-08 14:35:07.893785+03:00,2026-08-09 01:00:00+03:00,2.2414,4.64,2.3985999999999996
2026-08-08 14:35:07.893785+03:00,2026-08-09 01:15:00+03:00,2.0238,4.34,2.3162
2026-08-08 14:35:07.893785+03:00,2026-08-09 01:30:00+03:00,1.8036,4.21,2.4063999999999997
2026-08-08 14:35:07.893785+03:00,2026-08-09 01:45:00+03:00,1.5421,3.73,2.1879
2026-08-08 14:35:07.893785+03:00,2026-08-09 02:00:00+03:00,1.2369,4.24,3.0031
2026-08-08 14:35:07.893785+03:00,2026-08-09 02:15:00+03:00,1.0945,4.23,3.1355000000000004
2026-08-08 14:35:07.893785+03:00,2026-08-09 02:30:00+03:00,0.9123,4.04,3.1277
2026-08-08 14:35:07.893785+03:00,2026-08-09 02:45:00+03:00,0.7371,3.76,3.0229
2026-08-08 14:35:07.893785+03:00,2026-08-09 03:00:00+03:00,0.4967,4.05,3.5532999999999997
2026-08-08 14:35:07.893785+03:00,2026-08-09 03:15:00+03:00,0.4736,4.1,3.6263999999999994
2026-08-08 14:35:07.893785+03:00,2026-08-09 03:30:00+03:00,0.4362,4.01,3.5738
2026-08-08 14:35:07.893785+03:00,2026-08-09 03:45:00+03:00,0.4744,3.86,3.3855999999999997
2026-08-08 14:35:07.893785+03:00,2026-08-09 04:00:00+03:00,0.4182,4.25,3.8318
2026-08-08 14:35:07.893785+03:00,2026-08-09 04:15:00+03:00,0.3269,4.2,3.8731
2026-08-08 14:35:07.893785+03:00,2026-08-09 04:30:00+03:00,0.3211,3.89,3.5689
2026-08-08 14:35:07.893785+03:00,2026-08-09 04:45:00+03:00,0.3136,3.78,3.4663999999999997
2026-08-08 14:35:07.893785+03:00,2026-08-09 05:00:00+03:00,0.3415,4.05,3.7085
2026-08-08 14:35:07.893785+03:00,2026-08-09 05:15:00+03:00,0.3938,4.1,3.7061999999999995
2026-08-08 14:35:07.893785+03:00,2026-08-09 05:30:00+03:00,0.3675,4.22,3.8524999999999996
2026-08-08 14:35:07.893785+03:00,2026-08-09 05:45:00+03:00,0.3683,4.29,3.9217
2026-08-08 14:35:07.893785+03:00,2026-08-09 06:00:00+03:00,0.3422,4.22,3.8777999999999997
2026-08-08 14:35:07.893785+03:00,2026-08-09 06:15:00+03:00,0.4181,4.24,3.8219000000000003
2026-08-08 14:35:07.893785+03:00,2026-08-09 06:30:00+03:00,0.3845,4.16,3.7755
2026-08-08 14:35:07.893785+03:00,2026-08-09 06:45:00+03:00,0.3812,3.91,3.5288000000000004
2026-08-08 14:35:07.893785+03:00,2026-08-09 07:00:00+03:00,0.3434,4.0,3.6566
2026-08-08 14:35:07.893785+03:00,2026-08-09 07:15:00+03:00,0.452,4.14,3.6879999999999997
2026-08-08 14:35:07.893785+03:00,2026-08-09 07:30:00+03:00,0.6003,4.04,3.4397
2026-08-08 14:35:07.893785+03:00,2026-08-09 07:45:00+03:00,0.8559,4.04,3.1841
2026-08-08 14:35:07.893785+03:00,2026-08-09 08:00:00+03:00,1.0752,4.6,3.5248
2026-08-08 14:35:07.893785+03:00,2026-08-09 08:15:00+03:00,1.224,4.71,3.4859999999999998
2026-08-08 14:35:07.893785+03:00,2026-08-09 08:30:00+03:00,1.3989,4.84,3.4410999999999996
2026-08-08 14:35:07.893785+03:00,2026-08-09 08:45:00+03:00,1.5268,4.9,3.3732000000000006
2026-08-08 14:35:07.893785+03:00,2026-08-09 09:00:00+03:00,1.6638,4.94,3.2762000000000002
2026-08-08 14:35:07.893785+03:00,2026-08-09 09:15:00+03:00,1.7314,4.59,2.8586
2026-08-08 14:35:07.893785+03:00,2026-08-09 09:30:00+03:00,1.8704,4.01,2.1395999999999997
2026-08-08 14:35:07.893785+03:00,2026-08-09 09:45:00+03:00,2.0131,3.78,1.7668999999999997
2026-08-08 14:35:07.893785+03:00,2026-08-09 10:00:00+03:00,2.112,4.56,2.4479999999999995
2026-08-08 14:35:07.893785+03:00,2026-08-09 10:15:00+03:00,2.142,3.45,1.3080000000000003
2026-08-08 14:35:07.893785+03:00,2026-08-09 10:30:00+03:00,2.0609,3.37,1.3091
2026-08-08 14:35:07.893785+03:00,2026-08-09 10:45:00+03:00,1.9657,1.47,0.49570000000000003
2026-08-08 14:35:07.893785+03:00,2026-08-09 11:00:00+03:00,1.8629,1.39,0.4729000000000001
2026-08-08 14:35:07.893785+03:00,2026-08-09 11:15:00+03:00,1.8135,0.93,0.8834999999999998
2026-08-08 14:35:07.893785+03:00,2026-08-09 11:30:00+03:00,1.6461,0.8,0.8460999999999999
2026-08-08 14:35:07.893785+03:00,2026-08-09 11:45:00+03:00,1.4659,0.7,0.7659
2026-08-08 14:35:07.893785+03:00,2026-08-09 12:00:00+03:00,1.3622,0.77,0.5922000000000001
2026-08-08 14:35:07.893785+03:00,2026-08-09 12:15:00+03:00,1.2444,0.67,0.5743999999999999
2026-08-08 14:35:07.893785+03:00,2026-08-09 12:30:00+03:00,1.0595,0.57,0.48950000000000016
2026-08-08 14:35:07.893785+03:00,2026-08-09 12:45:00+03:00,0.8922,0.5,0.3922
2026-08-08 14:35:07.893785+03:00,2026-08-09 13:00:00+03:00,0.7174,0.07,0.6474
2026-08-08 14:35:07.893785+03:00,2026-08-09 13:15:00+03:00,0.5626,0.01,0.5526
2026-08-08 14:35:07.893785+03:00,2026-08-09 13:30:00+03:00,0.3478,0.01,0.3378
2026-08-08 14:35:07.893785+03:00,2026-08-09 13:45:00+03:00,0.1917,0.0,0.1917
2026-08-08 14:35:07.893785+03:00,2026-08-09 14:00:00+03:00,0.0117,0.0,0.0117
2026-08-08 14:35:07.893785+03:00,2026-08-09 14:15:00+03:00,0.0362,0.0,0.0362
2026-08-08 14:35:07.893785+03:00,2026-08-09 14:30:00+03:00,0.0907,0.0,0.0907
2026-08-08 14:35:07.893785+03:00,2026-08-09 14:45:00+03:00,0.0801,0.0,0.0801
2026-08-08 14:35:07.893785+03:00,2026-08-09 15:00:00+03:00,0.0762,0.0,0.0762
2026-08-08 14:35:07.893785+03:00,2026-08-09 15:15:00+03:00,0.1226,0.0,0.1226
2026-08-08 14:35:07.893785+03:00,2026-08-09 15:30:00+03:00,0.1132,0.01,0.1032
2026-08-08 14:35:07.893785+03:00,2026-08-09 15:45:00+03:00,0.1051,0.01,0.0951
2026-08-08 14:35:07.893785+03:00,2026-08-09 16:00:00+03:00,0.0588,0.0,0.0588
2026-08-08 14:35:07.893785+03:00,2026-08-09 16:15:00+03:00,0.1647,0.01,0.1547
2026-08-08 14:35:07.893785+03:00,2026-08-09 16:30:00+03:00,0.2783,0.01,0.2683
2026-08-08 14:35:07.893785+03:00,2026-08-09 16:45:00+03:00,0.4469,0.04,0.40690000000000004
2026-08-08 14:35:07.893785+03:00,2026-08-09 17:00:00+03:00,0.6916,0.01,0.6816
2026-08-08 14:35:07.893785+03:00,2026-08-09 17:15:00+03:00,1.0329,0.64,0.3928999999999999
2026-08-08 14:35:07.893785+03:00,2026-08-09 17:30:00+03:00,1.4324,1.0,0.4323999999999999
2026-08-08 14:35:07.893785+03:00,2026-08-09 17:45:00+03:00,1.8446,1.9,0.055399999999999894
2026-08-08 14:35:07.893785+03:00,2026-08-09 18:00:00+03:00,2.1041,1.93,0.17409999999999992
2026-08-08 14:35:07.893785+03:00,2026-08-09 18:15:00+03:00,2.3353,2.2,0.13529999999999998
2026-08-08 14:35:07.893785+03:00,2026-08-09 18:30:00+03:00,2.52,3.49,0.9700000000000002
2026-08-08 14:35:07.893785+03:00,2026-08-09 18:45:00+03:00,2.6964,4.09,1.3935999999999997
2026-08-08 14:35:07.893785+03:00,2026-08-09 19:00:00+03:00,2.7633,3.52,0.7566999999999999
2026-08-08 14:35:07.893785+03:00,2026-08-09 19:15:00+03:00,2.7333,3.71,0.9767000000000001
2026-08-08 14:35:07.893785+03:00,2026-08-09 19:30:00+03:00,2.7366,4.01,1.2733999999999996
2026-08-08 14:35:07.893785+03:00,2026-08-09 19:45:00+03:00,2.7414,4.56,1.8185999999999996
2026-08-08 14:35:07.893785+03:00,2026-08-09 20:00:00+03:00,2.7484,4.78,2.0316
2026-08-08 14:35:07.893785+03:00,2026-08-09 20:15:00+03:00,2.6573,4.59,1.9326999999999996
2026-08-08 14:35:07.893785+03:00,2026-08-09 20:30:00+03:00,2.564,4.3,1.7359999999999998
2026-08-08 14:35:07.893785+03:00,2026-08-09 20:45:00+03:00,2.4512,3.89,1.4388
2026-08-08 14:35:07.893785+03:00,2026-08-09 21:00:00+03:00,2.4909,4.36,1.8691000000000004
2026-08-08 14:35:07.893785+03:00,2026-08-09 21:15:00+03:00,2.5038,3.88,1.3761999999999999
2026-08-08 14:35:07.893785+03:00,2026-08-09 21:30:00+03:00,2.5201,3.75,1.2299000000000002
2026-08-08 14:35:07.893785+03:00,2026-08-09 21:45:00+03:00,2.5201,3.69,1.1699000000000002
2026-08-08 14:35:07.893785+03:00,2026-08-09 22:00:00+03:00,2.5107,4.6,2.0892999999999997
2026-08-08 14:35:07.893785+03:00,2026-08-09 22:15:00+03:00,2.4719,4.43,1.9580999999999995
2026-08-08 14:35:07.893785+03:00,2026-08-09 22:30:00+03:00,2.4876,3.99,1.5024000000000002
2026-08-08 14:35:07.893785+03:00,2026-08-09 22:45:00+03:00,2.4883,3.75,1.2616999999999998
2026-08-08 14:35:07.893785+03:00,2026-08-09 23:00:00+03:00,2.4994,3.67,1.1705999999999999
2026-08-08 14:35:07.893785+03:00,2026-08-09 23:15:00+03:00,2.4476,3.56,1.1124
2026-08-08 14:35:07.893785+03:00,2026-08-09 23:30:00+03:00,2.4787,3.31,0.8313000000000001
2026-08-08 14:35:07.893785+03:00,2026-08-09 23:45:00+03:00,2.4793,2.54,0.0607000000000002
2026-08-08 14:35:07.893785+03:00,2026-08-10 00:00:00+03:00,2.5056,2.51,0.0043999999999999595
2026-08-08 14:35:07.893785+03:00,2026-08-10 00:15:00+03:00,2.479,2.42,0.05900000000000016
2026-08-08 14:35:07.893785+03:00,2026-08-10 00:30:00+03:00,2.4863,2.26,0.22630000000000017
2026-08-08 14:35:07.893785+03:00,2026-08-10 00:45:00+03:00,2.496,2.08,0.4159999999999999
2026-08-08 14:35:07.893785+03:00,2026-08-10 01:00:00+03:00,2.4992,,
2026-08-08 14:35:07.893785+03:00,2026-08-10 01:15:00+03:00,2.4854,,
2026-08-08 14:35:07.893785+03:00,2026-08-10 01:30:00+03:00,2.4863,,
2026-08-08 14:35:07.893785+03:00,2026-08-10 01:45:00+03:00,2.5023,,
2026-08-08 14:35:07.893785+03:00,2026-08-10 02:00:00+03:00,2.5109,,
2026-08-08 14:35:07.893785+03:00,2026-08-10 02:15:00+03:00,2.511,,
2026-08-08 14:35:07.893785+03:00,2026-08-10 02:30:00+03:00,2.5162,,
2026-08-08 14:35:07.893785+03:00,2026-08-10 02:45:00+03:00,2.515,,
2026-08-08 14:35:07.893785+03:00,2026-08-10 03:00:00+03:00,2.5207,,
2026-08-08 14:35:07.893785+03:00,2026-08-10 03:15:00+03:00,2.5296,,
2026-08-08 14:35:07.893785+03:00,2026-08-10 03:30:00+03:00,2.535,,
2026-08-08 14:35:07.893785+03:00,2026-08-10 03:45:00+03:00,2.5331,,
2026-08-08 14:35:07.893785+03:00,2026-08-10 04:00:00+03:00,2.5358,,
2026-08-08 14:35:07.893785+03:00,2026-08-10 04:15:00+03:00,2.6131,,
2026-08-08 14:35:07.893785+03:00,2026-08-10 04:30:00+03:00,2.7166,,
2026-08-08 14:35:07.893785+03:00,2026-08-10 04:45:00+03:00,2.8237,,
2026-08-08 14:35:07.893785+03:00,2026-08-10 05:00:00+03:00,2.761,,
2026-08-08 14:35:07.893785+03:00,2026-08-10 05:15:00+03:00,2.9346,,
2026-08-08 14:35:07.893785+03:00,2026-08-10 05:30:00+03:00,3.0096,,
2026-08-08 14:35:07.893785+03:00,2026-08-10 05:45:00+03:00,3.0149,,
2026-08-08 14:35:07.893785+03:00,2026-08-10 06:00:00+03:00,2.9857,,
2026-08-08 14:35:07.893785+03:00,2026-08-10 06:15:00+03:00,3.1944,,
2026-08-08 14:35:07.893785+03:00,2026-08-10 06:30:00+03:00,3.2885,,
2026-08-08 14:35:07.893785+03:00,2026-08-10 06:45:00+03:00,3.4571,,
2026-08-08 14:35:07.893785+03:00,2026-08-10 07:00:00+03:00,3.585,,
2026-08-08 14:35:07.893785+03:00,2026-08-10 07:15:00+03:00,3.9505,,
2026-08-08 14:35:07.893785+03:00,2026-08-10 07:30:00+03:00,4.2311,,
2026-08-08 14:35:07.893785+03:00,2026-08-10 07:45:00+03:00,4.4212,,
2026-08-08 14:35:07.893785+03:00,2026-08-10 08:00:00+03:00,4.8196,,
2026-08-08 14:35:07.893785+03:00,2026-08-10 08:15:00+03:00,5.233,,
2026-08-08 14:35:07.893785+03:00,2026-08-10 08:30:00+03:00,5.5354,,
2026-08-08 14:35:07.893785+03:00,2026-08-10 08:45:00+03:00,5.7524,,
2026-08-08 14:35:07.893785+03:00,2026-08-10 09:00:00+03:00,5.9897,,
2026-08-08 14:35:07.893785+03:00,2026-08-10 09:15:00+03:00,5.9849,,
2026-08-08 14:35:07.893785+03:00,2026-08-10 09:30:00+03:00,5.8297,,
2026-08-08 14:35:07.893785+03:00,2026-08-10 09:45:00+03:00,5.8824,,
2026-08-08 14:35:07.893785+03:00,2026-08-10 10:00:00+03:00,5.8924,,
2026-08-08 14:35:07.893785+03:00,2026-08-10 10:15:00+03:00,5.8393,,
2026-08-08 14:35:07.893785+03:00,2026-08-10 10:30:00+03:00,5.8455,,
2026-08-08 14:35:07.893785+03:00,2026-08-10 10:45:00+03:00,5.8191,,
2026-08-08 14:35:07.893785+03:00,2026-08-10 11:00:00+03:00,5.8651,,
2026-08-08 14:35:07.893785+03:00,2026-08-10 11:15:00+03:00,5.8162,,
2026-08-08 14:35:07.893785+03:00,2026-08-10 11:30:00+03:00,5.8102,,
2026-08-08 14:35:07.893785+03:00,2026-08-10 11:45:00+03:00,5.8072,,
2026-08-08 14:35:07.893785+03:00,2026-08-10 12:00:00+03:00,5.8502,,
2026-08-08 14:35:07.893785+03:00,2026-08-10 12:15:00+03:00,5.8062,,
2026-08-08 14:35:07.893785+03:00,2026-08-10 12:30:00+03:00,5.8079,,
2026-08-08 14:35:07.893785+03:00,2026-08-10 12:45:00+03:00,5.8095,,
2026-08-08 14:35:07.893785+03:00,2026-08-10 13:00:00+03:00,5.8556,,
2026-08-08 14:35:07.893785+03:00,2026-08-10 13:15:00+03:00,5.8249,,
2026-08-08 14:35:07.893785+03:00,2026-08-10 13:30:00+03:00,5.8313,,
2026-08-08 14:35:07.893785+03:00,2026-08-10 13:45:00+03:00,5.8345,,
2026-08-08 14:35:07.893785+03:00,2026-08-10 14:00:00+03:00,5.8552,,
2026-08-08 14:35:07.893785+03:00,2026-08-10 14:15:00+03:00,5.8284,,
2026-08-08 14:35:07.893785+03:00,2026-08-10 14:30:00+03:00,5.8372,,
2026-08-08 14:35:07.893785+03:00,2026-08-10 14:45:00+03:00,5.8355,,
2026-08-08 14:35:07.893785+03:00,2026-08-10 15:00:00+03:00,5.8671,,
2026-08-08 14:35:07.893785+03:00,2026-08-10 15:15:00+03:00,5.8842,,
2026-08-08 14:35:07.893785+03:00,2026-08-10 15:30:00+03:00,5.877,,
2026-08-08 14:35:07.893785+03:00,2026-08-10 15:45:00+03:00,5.8727,,
2026-08-08 14:35:07.893785+03:00,2026-08-10 16:00:00+03:00,5.8746,,
2026-08-08 14:35:07.893785+03:00,2026-08-10 16:15:00+03:00,5.9158,,
2026-08-08 14:35:07.893785+03:00,2026-08-10 16:30:00+03:00,5.8948,,
2026-08-08 14:35:07.893785+03:00,2026-08-10 16:45:00+03:00,5.8888,,
2026-08-08 14:35:07.893785+03:00,2026-08-10 17:00:00+03:00,5.8835,,
2026-08-08 14:35:07.893785+03:00,2026-08-10 17:15:00+03:00,5.9074,,
2026-08-08 14:35:07.893785+03:00,2026-08-10 17:30:00+03:00,5.8935,,
2026-08-08 14:35:07.893785+03:00,2026-08-10 17:45:00+03:00,5.8953,,
2026-08-08 14:35:07.893785+03:00,2026-08-10 18:00:00+03:00,5.8847,,
2026-08-08 14:35:07.893785+03:00,2026-08-10 18:15:00+03:00,5.8733,,
2026-08-08 14:35:07.893785+03:00,2026-08-10 18:30:00+03:00,5.883,,
2026-08-08 14:35:07.893785+03:00,2026-08-10 18:45:00+03:00,5.8828,,
2026-08-08 14:35:07.893785+03:00,2026-08-10 19:00:00+03:00,5.8792,,
2026-08-08 14:35:07.893785+03:00,2026-08-10 19:15:00+03:00,5.8215,,
2026-08-08 14:35:07.893785+03:00,2026-08-10 19:30:00+03:00,5.8319,,
2026-08-08 14:35:07.893785+03:00,2026-08-10 19:45:00+03:00,5.8464,,
2026-08-08 14:35:07.893785+03:00,2026-08-10 20:00:00+03:00,5.8336,,
2026-08-08 14:35:07.893785+03:00,2026-08-10 20:15:00+03:00,5.7275,,
2026-08-08 14:35:07.893785+03:00,2026-08-10 20:30:00+03:00,5.5828,,
2026-08-08 14:35:07.893785+03:00,2026-08-10 20:45:00+03:00,5.5968,,
2026-08-08 14:35:07.893785+03:00,2026-08-10 21:00:00+03:00,5.6164,,
2026-08-08 14:35:07.893785+03:00,2026-08-10 21:15:00+03:00,5.6443,,
2026-08-08 14:35:07.893785+03:00,2026-08-10 21:30:00+03:00,5.666,,
2026-08-08 14:35:07.893785+03:00,2026-08-10 21:45:00+03:00,5.6701,,
2026-08-08 14:35:07.893785+03:00,2026-08-10 22:00:00+03:00,5.663,,
2026-08-08 14:35:07.893785+03:00,2026-08-10 22:15:00+03:00,5.5998,,
2026-08-08 14:35:07.893785+03:00,2026-08-10 22:30:00+03:00,5.6271,,
2026-08-08 14:35:07.893785+03:00,2026-08-10 22:45:00+03:00,5.6278,,
2026-08-08 14:35:07.893785+03:00,2026-08-10 23:00:00+03:00,5.6563,,
2026-08-08 14:35:07.893785+03:00,2026-08-10 23:15:00+03:00,5.5841,,
2026-08-08 14:35:07.893785+03:00,2026-08-10 23:30:00+03:00,5.6371,,
2026-08-08 14:35:07.893785+03:00,2026-08-10 23:45:00+03:00,5.6408,,
2026-08-08 14:35:07.893785+03:00,2026-08-11 00:00:00+03:00,5.6731,,
2026-08-08 14:35:07.893785+03:00,2026-08-11 00:15:00+03:00,5.6026,,
2026-08-08 14:35:07.893785+03:00,2026-08-11 00:30:00+03:00,5.606,,
2026-08-08 14:35:07.893785+03:00,2026-08-11 00:45:00+03:00,5.6397,,
2026-08-08 14:35:07.893785+03:00,2026-08-11 01:00:00+03:00,5.6584,,
2026-08-08 14:35:07.893785+03:00,2026-08-11 01:15:00+03:00,5.6214,,
2026-08-08 14:35:07.893785+03:00,2026-08-11 01:30:00+03:00,5.6282,,
2026-08-08 14:35:07.893785+03:00,2026-08-11 01:45:00+03:00,5.6486,,
2026-08-08 14:35:07.893785+03:00,2026-08-11 02:00:00+03:00,5.6788,,
2026-08-08 14:35:07.893785+03:00,2026-08-11 02:15:00+03:00,5.6522,,
2026-08-08 14:35:07.893785+03:00,2026-08-11 02:30:00+03:00,5.6618,,
2026-08-08 14:35:07.893785+03:00,2026-08-11 02:45:00+03:00,5.6591,,
2026-08-08 14:35:07.893785+03:00,2026-08-11 03:00:00+03:00,5.6642,,
2026-08-08 14:35:07.893785+03:00,2026-08-11 03:15:00+03:00,5.6587,,
2026-08-08 14:35:07.893785+03:00,2026-08-11 03:30:00+03:00,5.6658,,
2026-08-08 14:35:07.893785+03:00,2026-08-11 03:45:00+03:00,5.6677,,
2026-08-08 14:35:07.893785+03:00,2026-08-11 04:00:00+03:00,5.6773,,
2026-08-08 14:35:07.893785+03:00,2026-08-11 04:15:00+03:00,5.7445,,
2026-08-08 14:35:07.893785+03:00,2026-08-11 04:30:00+03:00,5.7198,,
2026-08-08 14:35:07.893785+03:00,2026-08-11 04:45:00+03:00,5.7171,,
2026-08-08 14:35:07.893785+03:00,2026-08-11 05:00:00+03:00,5.7876,,
2026-08-08 14:35:07.893785+03:00,2026-08-11 05:15:00+03:00,6.1906,,
2026-08-08 14:35:07.893785+03:00,2026-08-11 05:30:00+03:00,6.6453,,
2026-08-08 14:35:07.893785+03:00,2026-08-11 05:45:00+03:00,7.1648,,
2026-08-08 14:35:07.893785+03:00,2026-08-11 06:00:00+03:00,7.8237,,
2026-08-08 14:35:07.893785+03:00,2026-08-11 06:15:00+03:00,9.3039,,
2026-08-08 14:35:07.893785+03:00,2026-08-11 06:30:00+03:00,10.4892,,
2026-08-08 14:35:07.893785+03:00,2026-08-11 06:45:00+03:00,11.6351,,
2026-08-08 14:35:07.893785+03:00,2026-08-11 07:00:00+03:00,12.4152,,
2026-08-08 14:35:07.893785+03:00,2026-08-11 07:15:00+03:00,13.5083,,
2026-08-08 14:35:07.893785+03:00,2026-08-11 07:30:00+03:00,14.7629,,
2026-08-08 14:35:07.893785+03:00,2026-08-11 07:45:00+03:00,15.6379,,
2026-08-08 14:35:07.893785+03:00,2026-08-11 08:00:00+03:00,16.5876,,
2026-08-08 14:35:07.893785+03:00,2026-08-11 08:15:00+03:00,17.5966,,
2026-08-08 14:35:07.893785+03:00,2026-08-11 08:30:00+03:00,18.2187,,
2026-08-08 14:35:07.893785+03:00,2026-08-11 08:45:00+03:00,19.1851,,
2026-08-08 14:35:07.893785+03:00,2026-08-11 09:00:00+03:00,19.8179,,
2026-08-08 14:35:07.893785+03:00,2026-08-11 09:15:00+03:00,20.142,,
2026-08-08 14:35:07.893785+03:00,2026-08-11 09:30:00+03:00,20.4935,,
2026-08-08 14:35:07.893785+03:00,2026-08-11 09:45:00+03:00,20.7052,,
2026-08-08 14:35:07.893785+03:00,2026-08-11 10:00:00+03:00,21.0049,,
2026-08-08 14:35:07.893785+03:00,2026-08-11 10:15:00+03:00,21.1613,,
2026-08-08 14:35:07.893785+03:00,2026-08-11 10:30:00+03:00,21.1629,,
2026-08-08 14:35:07.893785+03:00,2026-08-11 10:45:00+03:00,21.192,,
2026-08-08 14:35:07.893785+03:00,2026-08-11 11:00:00+03:00,21.188,,
2026-08-08 14:35:07.893785+03:00,2026-08-11 11:15:00+03:00,21.103,,
2026-08-08 14:35:07.893785+03:00,2026-08-11 11:30:00+03:00,21.1249,,
2026-08-08 14:35:07.893785+03:00,2026-08-11 11:45:00+03:00,21.1357,,
2026-08-08 14:35:07.893785+03:00,2026-08-11 12:00:00+03:00,21.1318,,
2026-08-08 14:35:07.893785+03:00,2026-08-11 12:15:00+03:00,21.0943,,
2026-08-08 14:35:07.893785+03:00,2026-08-11 12:30:00+03:00,21.1152,,
2026-08-08 14:35:07.893785+03:00,2026-08-11 12:45:00+03:00,21.1191,,
2026-08-08 14:35:07.893785+03:00,2026-08-11 13:00:00+03:00,21.1342,,
2026-08-08 14:35:07.893785+03:00,2026-08-11 13:15:00+03:00,21.1247,,
2026-08-08 14:35:07.893785+03:00,2026-08-11 13:30:00+03:00,21.1472,,
2026-08-08 14:35:07.893785+03:00,2026-08-11 13:45:00+03:00,21.1475,,
2026-08-08 14:35:07.893785+03:00,2026-08-11 14:00:00+03:00,21.1424,,
2026-08-08 14:35:07.893785+03:00,2026-08-11 14:15:00+03:00,21.1432,,
2026-08-08 14:35:07.893785+03:00,2026-08-11 14:30:00+03:00,21.1419,,
2026-08-08 14:35:07.893785+03:00,2026-08-11 14:45:00+03:00,21.1318,,
2026-08-08 14:35:07.893785+03:00,2026-08-11 15:00:00+03:00,21.125,,
2026-08-08 14:35:07.893785+03:00,2026-08-11 15:15:00+03:00,21.1646,,
2026-08-08 14:35:07.893785+03:00,2026-08-11 15:30:00+03:00,21.1461,,
2026-08-08 14:35:07.893785+03:00,2026-08-11 15:45:00+03:00,21.1382,,
2026-08-08 14:35:07.893785+03:00,2026-08-11 16:00:00+03:00,21.1502,,
2026-08-08 14:35:07.893785+03:00,2026-08-11 16:15:00+03:00,21.2596,,
2026-08-08 14:35:07.893785+03:00,2026-08-11 16:30:00+03:00,21.208,,
2026-08-08 14:35:07.893785+03:00,2026-08-11 16:45:00+03:00,21.206,,
2026-08-08 14:35:07.893785+03:00,2026-08-11 17:00:00+03:00,21.2131,,
2026-08-08 14:35:07.893785+03:00,2026-08-11 17:15:00+03:00,21.2507,,
2026-08-08 14:35:07.893785+03:00,2026-08-11 17:30:00+03:00,21.2285,,
2026-08-08 14:35:07.893785+03:00,2026-08-11 17:45:00+03:00,21.2111,,
2026-08-08 14:35:07.893785+03:00,2026-08-11 18:00:00+03:00,21.1851,,
2026-08-08 14:35:07.893785+03:00,2026-08-11 18:15:00+03:00,21.1541,,
2026-08-08 14:35:07.893785+03:00,2026-08-11 18:30:00+03:00,21.176,,
2026-08-08 14:35:07.893785+03:00,2026-08-11 18:45:00+03:00,21.1967,,
2026-08-08 14:35:07.893785+03:00,2026-08-11 19:00:00+03:00,21.2003,,
2026-08-08 14:35:07.893785+03:00,2026-08-11 19:15:00+03:00,21.0529,,
2026-08-08 14:35:07.893785+03:00,2026-08-11 19:30:00+03:00,21.1063,,
2026-08-08 14:35:07.893785+03:00,2026-08-11 19:45:00+03:00,21.1558,,
2026-08-08 14:35:07.893785+03:00,2026-08-11 20:00:00+03:00,21.1461,,
2026-08-08 14:35:07.893785+03:00,2026-08-11 20:15:00+03:00,20.7384,,
2026-08-08 14:35:07.893785+03:00,2026-08-11 20:30:00+03:00,20.4901,,
2026-08-08 14:35:07.893785+03:00,2026-08-11 20:45:00+03:00,20.1461,,
2026-08-08 14:35:07.893785+03:00,2026-08-11 21:00:00+03:00,19.9219,,
2026-08-08 14:35:07.893785+03:00,2026-08-11 21:15:00+03:00,19.7392,,
2026-08-08 14:35:07.893785+03:00,2026-08-11 21:30:00+03:00,19.7438,,
2026-08-08 14:35:07.893785+03:00,2026-08-11 21:45:00+03:00,19.8316,,
2026-08-08 14:35:07.893785+03:00,2026-08-11 22:00:00+03:00,19.835,,
2026-08-08 14:35:07.893785+03:00,2026-08-11 22:15:00+03:00,19.5534,,
2026-08-08 14:35:07.893785+03:00,2026-08-11 22:30:00+03:00,19.3566,,
2026-08-08 14:35:07.893785+03:00,2026-08-11 22:45:00+03:00,19.4368,,
2026-08-08 14:35:07.893785+03:00,2026-08-11 23:00:00+03:00,19.5378,,
2026-08-08 14:35:07.893785+03:00,2026-08-11 23:15:00+03:00,19.2115,,
2026-08-08 14:35:07.893785+03:00,2026-08-11 23:30:00+03:00,18.8444,,
2026-08-08 14:35:07.893785+03:00,2026-08-11 23:45:00+03:00,18.5272,,
2026-08-08 14:35:07.893785+03:00,2026-08-12 00:00:00+03:00,18.2446,,
2026-08-08 14:35:07.893785+03:00,2026-08-12 00:15:00+03:00,18.419,,
2026-08-08 14:35:07.893785+03:00,2026-08-12 00:30:00+03:00,18.426,,
2026-08-08 14:35:07.893785+03:00,2026-08-12 00:45:00+03:00,18.5077,,
2026-08-08 14:35:07.893785+03:00,2026-08-12 01:00:00+03:00,18.4976,,
2026-08-08 14:35:07.893785+03:00,2026-08-12 01:15:00+03:00,18.2449,,
2026-08-08 14:35:07.893785+03:00,2026-08-12 01:30:00+03:00,18.2715,,
2026-08-08 14:35:07.893785+03:00,2026-08-12 01:45:00+03:00,18.3392,,
2026-08-08 14:35:07.893785+03:00,2026-08-12 02:00:00+03:00,18.3922,,
2026-08-08 14:35:07.893785+03:00,2026-08-12 02:15:00+03:00,18.3946,,
2026-08-08 14:35:07.893785+03:00,2026-08-12 02:30:00+03:00,18.4088,,
2026-08-08 14:35:07.893785+03:00,2026-08-12 02:45:00+03:00,18.4062,,
2026-08-08 14:35:07.893785+03:00,2026-08-12 03:00:00+03:00,18.3972,,
2026-08-08 14:35:07.893785+03:00,2026-08-12 03:15:00+03:00,18.4147,,
2026-08-08 14:35:07.893785+03:00,2026-08-12 03:30:00+03:00,18.4277,,
2026-08-08 14:35:07.893785+03:00,2026-08-12 03:45:00+03:00,18.4332,,
2026-08-08 14:35:07.893785+03:00,2026-08-12 04:00:00+03:00,18.4382,,
2026-08-08 14:35:07.893785+03:00,2026-08-12 04:15:00+03:00,18.535,,
2026-08-08 14:35:07.893785+03:00,2026-08-12 04:30:00+03:00,18.486,,
2026-08-08 14:35:07.893785+03:00,2026-08-12 04:45:00+03:00,18.4946,,
2026-08-08 14:35:07.893785+03:00,2026-08-12 05:00:00+03:00,18.5036,,
2026-08-08 14:35:07.893785+03:00,2026-08-12 05:15:00+03:00,18.751,,
2026-08-08 14:35:07.893785+03:00,2026-08-12 05:30:00+03:00,19.0086,,
2026-08-08 14:35:07.893785+03:00,2026-08-12 05:45:00+03:00,19.341,,
2026-08-08 14:35:07.893785+03:00,2026-08-12 06:00:00+03:00,19.9025,,
2026-08-08 14:35:07.893785+03:00,2026-08-12 06:15:00+03:00,20.6432,,
2026-08-08 14:35:07.893785+03:00,2026-08-12 06:30:00+03:00,21.9387,,
2026-08-08 14:35:07.893785+03:00,2026-08-12 06:45:00+03:00,23.1194,,
2026-08-08 14:35:07.893785+03:00,2026-08-12 07:00:00+03:00,24.124,,
2026-08-08 14:35:07.893785+03:00,2026-08-12 07:15:00+03:00,25.4668,,
2026-08-08 14:35:07.893785+03:00,2026-08-12 07:30:00+03:00,26.5885,,
2026-08-08 14:35:07.893785+03:00,2026-08-12 07:45:00+03:00,27.4762,,
2026-08-08 14:35:07.893785+03:00,2026-08-12 08:00:00+03:00,28.2901,,
2026-08-08 14:35:07.893785+03:00,2026-08-12 08:15:00+03:00,28.6781,,
2026-08-08 14:35:07.893785+03:00,2026-08-12 08:30:00+03:00,28.8792,,
2026-08-08 14:35:07.893785+03:00,2026-08-12 08:45:00+03:00,29.2153,,
2026-08-08 14:35:07.893785+03:00,2026-08-12 09:00:00+03:00,29.4077,,
2026-08-08 14:35:07.893785+03:00,2026-08-12 09:15:00+03:00,29.1513,,
2026-08-08 14:35:07.893785+03:00,2026-08-12 09:30:00+03:00,29.1544,,
2026-08-08 14:35:07.893785+03:00,2026-08-12 09:45:00+03:00,29.1753,,
2026-08-08 14:35:07.893785+03:00,2026-08-12 10:00:00+03:00,29.1886,,
2026-08-08 14:35:07.893785+03:00,2026-08-12 10:15:00+03:00,29.1142,,
2026-08-08 14:35:07.893785+03:00,2026-08-12 10:30:00+03:00,28.7826,,
2026-08-08 14:35:07.893785+03:00,2026-08-12 10:45:00+03:00,28.437,,
2026-08-08 14:35:07.893785+03:00,2026-08-12 11:00:00+03:00,28.4175,,
2026-08-08 14:35:07.893785+03:00,2026-08-12 11:15:00+03:00,28.4247,,
2026-08-08 14:35:07.893785+03:00,2026-08-12 11:30:00+03:00,28.5189,,
2026-08-08 14:35:07.893785+03:00,2026-08-12 11:45:00+03:00,28.5389,,
2026-08-08 14:35:07.893785+03:00,2026-08-12 12:00:00+03:00,28.5447,,
2026-08-08 14:35:07.893785+03:00,2026-08-12 12:15:00+03:00,28.5052,,
2026-08-08 14:35:07.893785+03:00,2026-08-12 12:30:00+03:00,28.5334,,
2026-08-08 14:35:07.893785+03:00,2026-08-12 12:45:00+03:00,28.5362,,
2026-08-08 14:35:07.893785+03:00,2026-08-12 13:00:00+03:00,28.5469,,
2026-08-08 14:35:07.893785+03:00,2026-08-12 13:15:00+03:00,28.5107,,
2026-08-08 14:35:07.893785+03:00,2026-08-12 13:30:00+03:00,28.5303,,
2026-08-08 14:35:07.893785+03:00,2026-08-12 13:45:00+03:00,28.5372,,
2026-08-08 14:35:07.893785+03:00,2026-08-12 14:00:00+03:00,28.5543,,
2026-08-08 14:35:07.893785+03:00,2026-08-12 14:15:00+03:00,28.5656,,
2026-08-08 14:35:07.893785+03:00,2026-08-12 14:30:00+03:00,28.5661,,
2026-08-08 14:35:07.893785+03:00,2026-08-12 14:45:00+03:00,28.5599,,
2026-08-08 14:35:07.893785+03:00,2026-08-12 15:00:00+03:00,28.5538,,
2026-08-08 14:35:07.893785+03:00,2026-08-12 15:15:00+03:00,28.6306,,
2026-08-08 14:35:07.893785+03:00,2026-08-12 15:30:00+03:00,28.6268,,
2026-08-08 14:35:07.893785+03:00,2026-08-12 15:45:00+03:00,28.5823,,
2026-08-08 14:35:07.893785+03:00,2026-08-12 16:00:00+03:00,28.5375,,
2026-08-08 14:35:07.893785+03:00,2026-08-12 16:15:00+03:00,28.689,,
2026-08-08 14:35:07.893785+03:00,2026-08-12 16:30:00+03:00,28.6317,,
2026-08-08 14:35:07.893785+03:00,2026-08-12 16:45:00+03:00,28.6135,,
2026-08-08 14:35:07.893785+03:00,2026-08-12 17:00:00+03:00,28.6236,,
2026-08-08 14:35:07.893785+03:00,2026-08-12 17:15:00+03:00,28.652,,
2026-08-08 14:35:07.893785+03:00,2026-08-12 17:30:00+03:00,28.6454,,
2026-08-08 14:35:07.893785+03:00,2026-08-12 17:45:00+03:00,28.6311,,
2026-08-08 14:35:07.893785+03:00,2026-08-12 18:00:00+03:00,28.6201,,
2026-08-08 14:35:07.893785+03:00,2026-08-12 18:15:00+03:00,28.6278,,
2026-08-08 14:35:07.893785+03:00,2026-08-12 18:30:00+03:00,28.6117,,
2026-08-08 14:35:07.893785+03:00,2026-08-12 18:45:00+03:00,28.62,,
2026-08-08 14:35:07.893785+03:00,2026-08-12 19:00:00+03:00,28.5962,,
2026-08-08 14:35:07.893785+03:00,2026-08-12 19:15:00+03:00,28.4915,,
2026-08-08 14:35:07.893785+03:00,2026-08-12 19:30:00+03:00,28.5073,,
2026-08-08 14:35:07.893785+03:00,2026-08-12 19:45:00+03:00,28.5432,,
2026-08-08 14:35:07.893785+03:00,2026-08-12 20:00:00+03:00,28.5527,,
2026-08-08 14:35:07.893785+03:00,2026-08-12 20:15:00+03:00,28.3431,,
2026-08-08 14:35:07.893785+03:00,2026-08-12 20:30:00+03:00,28.0482,,
2026-08-08 14:35:07.893785+03:00,2026-08-12 20:45:00+03:00,28.0548,,
2026-08-08 14:35:07.893785+03:00,2026-08-12 21:00:00+03:00,28.0589,,
2026-08-08 14:35:07.893785+03:00,2026-08-12 21:15:00+03:00,28.1947,,
2026-08-08 14:35:07.893785+03:00,2026-08-12 21:30:00+03:00,28.2139,,
2026-08-08 14:35:07.893785+03:00,2026-08-12 21:45:00+03:00,28.2201,,
2026-08-08 14:35:07.893785+03:00,2026-08-12 22:00:00+03:00,28.2041,,
2026-08-08 14:35:07.893785+03:00,2026-08-12 22:15:00+03:00,27.8725,,
2026-08-08 14:35:07.893785+03:00,2026-08-12 22:30:00+03:00,27.5822,,
2026-08-08 14:35:07.893785+03:00,2026-08-12 22:45:00+03:00,27.3876,,
2026-08-08 14:35:07.893785+03:00,2026-08-12 23:00:00+03:00,27.4508,,
2026-08-08 14:35:07.893785+03:00,2026-08-12 23:15:00+03:00,27.1476,,
2026-08-08 14:35:07.893785+03:00,2026-08-12 23:30:00+03:00,27.0236,,
2026-08-08 14:35:07.893785+03:00,2026-08-12 23:45:00+03:00,27.1712,,
2026-08-08 14:35:07.893785+03:00,2026-08-13 00:00:00+03:00,27.1327,,
2026-08-08 14:35:07.893785+03:00,2026-08-13 00:15:00+03:00,27.2814,,
2026-08-08 14:35:07.893785+03:00,2026-08-13 00:30:00+03:00,27.673,,
2026-08-08 14:35:07.893785+03:00,2026-08-13 00:45:00+03:00,28.004,,
2026-08-08 14:35:07.893785+03:00,2026-08-13 01:00:00+03:00,27.9559,,
2026-08-08 14:35:07.893785+03:00,2026-08-13 01:15:00+03:00,27.6718,,
2026-08-08 14:35:07.893785+03:00,2026-08-13 01:30:00+03:00,27.6409,,
2026-08-08 14:35:07.893785+03:00,2026-08-13 01:45:00+03:00,27.74,,
2026-08-08 14:35:07.893785+03:00,2026-08-13 02:00:00+03:00,27.7392,,
2026-08-08 14:35:07.893785+03:00,2026-08-13 02:15:00+03:00,27.7551,,
2026-08-08 14:35:07.893785+03:00,2026-08-13 02:30:00+03:00,27.763,,
2026-08-08 14:35:07.893785+03:00,2026-08-13 02:45:00+03:00,27.7589,,
2026-08-08 14:35:07.893785+03:00,2026-08-13 03:00:00+03:00,27.7645,,
2026-08-08 14:35:07.893785+03:00,2026-08-13 03:15:00+03:00,27.8125,,
2026-08-08 14:35:07.893785+03:00,2026-08-13 03:30:00+03:00,27.8208,,
2026-08-08 14:35:07.893785+03:00,2026-08-13 03:45:00+03:00,27.8225,,
2026-08-08 14:35:07.893785+03:00,2026-08-13 04:00:00+03:00,27.8608,,
2026-08-08 14:35:07.893785+03:00,2026-08-13 04:15:00+03:00,27.9949,,
2026-08-08 14:35:07.893785+03:00,2026-08-13 04:30:00+03:00,27.9438,,
2026-08-08 14:35:07.893785+03:00,2026-08-13 04:45:00+03:00,27.9383,,
2026-08-08 14:35:07.893785+03:00,2026-08-13 05:00:00+03:00,27.9463,,
2026-08-08 14:35:07.893785+03:00,2026-08-13 05:15:00+03:00,28.3174,,
2026-08-08 14:35:07.893785+03:00,2026-08-13 05:30:00+03:00,28.5553,,
2026-08-08 14:35:07.893785+03:00,2026-08-13 05:45:00+03:00,28.8599,,
2026-08-08 14:35:07.893785+03:00,2026-08-13 06:00:00+03:00,29.1757,,
2026-08-08 14:35:07.893785+03:00,2026-08-13 06:15:00+03:00,29.971,,
2026-08-08 14:35:07.893785+03:00,2026-08-13 06:30:00+03:00,30.5682,,
2026-08-08 14:35:07.893785+03:00,2026-08-13 06:45:00+03:00,30.9529,,
2026-08-08 14:35:07.893785+03:00,2026-08-13 07:00:00+03:00,31.1947,,
2026-08-08 14:35:07.893785+03:00,2026-08-13 07:15:00+03:00,32.0271,,
2026-08-08 14:35:07.893785+03:00,2026-08-13 07:30:00+03:00,32.6552,,
2026-08-08 14:35:07.893785+03:00,2026-08-13 07:45:00+03:00,33.1145,,
2026-08-08 14:35:07.893785+03:00,2026-08-13 08:00:00+03:00,33.4958,,
2026-08-08 14:35:07.893785+03:00,2026-08-13 08:15:00+03:00,33.8493,,
2026-08-08 14:35:07.893785+03:00,2026-08-13 08:30:00+03:00,34.092,,
2026-08-08 14:35:07.893785+03:00,2026-08-13 08:45:00+03:00,34.0641,,
2026-08-08 14:35:07.893785+03:00,2026-08-13 09:00:00+03:00,33.992,,
2026-08-08 14:35:07.893785+03:00,2026-08-13 09:15:00+03:00,33.7694,,
2026-08-08 14:35:07.893785+03:00,2026-08-13 09:30:00+03:00,33.8144,,
2026-08-08 14:35:07.893785+03:00,2026-08-13 09:45:00+03:00,33.8659,,
2026-08-08 14:35:07.893785+03:00,2026-08-13 10:00:00+03:00,33.9152,,
2026-08-08 14:35:07.893785+03:00,2026-08-13 10:15:00+03:00,33.831,,
2026-08-08 14:35:07.893785+03:00,2026-08-13 10:30:00+03:00,33.8676,,
2026-08-08 14:35:07.893785+03:00,2026-08-13 10:45:00+03:00,33.8818,,
2026-08-08 14:35:07.893785+03:00,2026-08-13 11:00:00+03:00,33.8844,,
2026-08-08 14:35:07.893785+03:00,2026-08-13 11:15:00+03:00,33.8365,,
2026-08-08 14:35:07.893785+03:00,2026-08-13 11:30:00+03:00,33.8745,,
2026-08-08 14:35:07.893785+03:00,2026-08-13 11:45:00+03:00,33.8885,,
2026-08-08 14:35:07.893785+03:00,2026-08-13 12:00:00+03:00,33.8985,,
2026-08-08 14:35:07.893785+03:00,2026-08-13 12:15:00+03:00,33.8552,,
2026-08-08 14:35:07.893785+03:00,2026-08-13 12:30:00+03:00,33.8861,,
2026-08-08 14:35:07.893785+03:00,2026-08-13 12:45:00+03:00,33.9115,,
2026-08-08 14:35:07.893785+03:00,2026-08-13 13:00:00+03:00,33.9072,,
2026-08-08 14:35:07.893785+03:00,2026-08-13 13:15:00+03:00,33.8562,,
2026-08-08 14:35:07.893785+03:00,2026-08-13 13:30:00+03:00,33.8881,,
2026-08-08 14:35:07.893785+03:00,2026-08-13 13:45:00+03:00,33.8991,,
2026-08-08 14:35:07.893785+03:00,2026-08-13 14:00:00+03:00,33.9028,,
2026-08-08 14:35:07.893785+03:00,2026-08-13 14:15:00+03:00,33.9429,,
2026-08-08 14:35:07.893785+03:00,2026-08-13 14:30:00+03:00,33.921,,
2026-08-08 14:35:07.893785+03:00,2026-08-13 14:45:00+03:00,33.9259,,
2026-08-08 14:35:07.893785+03:00,2026-08-13 15:00:00+03:00,33.8859,,
2026-08-08 14:35:07.893785+03:00,2026-08-13 15:15:00+03:00,33.9896,,
2026-08-08 14:35:07.893785+03:00,2026-08-13 15:30:00+03:00,33.9574,,
2026-08-08 14:35:07.893785+03:00,2026-08-13 15:45:00+03:00,33.9281,,
2026-08-08 14:35:07.893785+03:00,2026-08-13 16:00:00+03:00,33.9398,,
2026-08-08 14:35:07.893785+03:00,2026-08-13 16:15:00+03:00,34.1148,,
2026-08-08 14:35:07.893785+03:00,2026-08-13 16:30:00+03:00,34.033,,
2026-08-08 14:35:07.893785+03:00,2026-08-13 16:45:00+03:00,34.0205,,
2026-08-08 14:35:07.893785+03:00,2026-08-13 17:00:00+03:00,34.0425,,
2026-08-08 14:35:07.893785+03:00,2026-08-13 17:15:00+03:00,34.2563,,
2026-08-08 14:35:07.893785+03:00,2026-08-13 17:30:00+03:00,34.6095,,
2026-08-08 14:35:07.893785+03:00,2026-08-13 17:45:00+03:00,34.5022,,
2026-08-08 14:35:07.893785+03:00,2026-08-13 18:00:00+03:00,34.4603,,
2026-08-08 14:35:07.893785+03:00,2026-08-13 18:15:00+03:00,34.368,,
2026-08-08 14:35:07.893785+03:00,2026-08-13 18:30:00+03:00,34.3758,,
2026-08-08 14:35:07.893785+03:00,2026-08-13 18:45:00+03:00,34.4044,,
2026-08-08 14:35:07.893785+03:00,2026-08-13 19:00:00+03:00,34.4162,,
2026-08-08 14:35:07.893785+03:00,2026-08-13 19:15:00+03:00,34.2292,,
2026-08-08 14:35:07.893785+03:00,2026-08-13 19:30:00+03:00,34.2517,,
2026-08-08 14:35:07.893785+03:00,2026-08-13 19:45:00+03:00,34.3249,,
2026-08-08 14:35:07.893785+03:00,2026-08-13 20:00:00+03:00,34.3461,,
2026-08-08 14:35:07.893785+03:00,2026-08-13 20:15:00+03:00,34.0372,,
2026-08-08 14:35:07.893785+03:00,2026-08-13 20:30:00+03:00,33.7481,,
2026-08-08 14:35:07.893785+03:00,2026-08-13 20:45:00+03:00,33.2203,,
2026-08-08 14:35:07.893785+03:00,2026-08-13 21:00:00+03:00,32.6019,,
2026-08-08 14:35:07.893785+03:00,2026-08-13 21:15:00+03:00,32.3525,,
2026-08-08 14:35:07.893785+03:00,2026-08-13 21:30:00+03:00,31.9044,,
2026-08-08 14:35:07.893785+03:00,2026-08-13 21:45:00+03:00,31.5489,,
2026-08-08 14:35:07.893785+03:00,2026-08-13 22:00:00+03:00,31.5576,,
2026-08-08 14:35:07.893785+03:00,2026-08-13 22:15:00+03:00,31.2049,,
2026-08-08 14:35:07.893785+03:00,2026-08-13 22:30:00+03:00,31.0072,,
2026-08-08 14:35:07.893785+03:00,2026-08-13 22:45:00+03:00,30.6076,,
2026-08-08 14:35:07.893785+03:00,2026-08-13 23:00:00+03:00,30.2607,,
2026-08-08 14:35:07.893785+03:00,2026-08-13 23:15:00+03:00,29.8674,,
2026-08-08 14:35:07.893785+03:00,2026-08-13 23:30:00+03:00,29.4455,,
2026-08-08 14:35:07.893785+03:00,2026-08-13 23:45:00+03:00,28.9086,,
2026-08-08 14:35:07.893785+03:00,2026-08-14 00:00:00+03:00,28.5595,,
2026-08-08 14:35:07.893785+03:00,2026-08-14 00:15:00+03:00,28.545,,
2026-08-08 14:35:07.893785+03:00,2026-08-14 00:30:00+03:00,28.5593,,
2026-08-08 14:35:07.893785+03:00,2026-08-14 00:45:00+03:00,28.6003,,
2026-08-08 14:35:07.893785+03:00,2026-08-14 01:00:00+03:00,28.5552,,
2026-08-08 14:35:07.893785+03:00,2026-08-14 01:15:00+03:00,28.3389,,
2026-08-08 14:35:07.893785+03:00,2026-08-14 01:30:00+03:00,27.9576,,
2026-08-08 14:35:07.893785+03:00,2026-08-14 01:45:00+03:00,27.6654,,
2026-08-08 14:35:07.893785+03:00,2026-08-14 02:00:00+03:00,27.6753,,
2026-08-08 14:35:07.893785+03:00,2026-08-14 02:15:00+03:00,27.7105,,
2026-08-08 14:35:07.893785+03:00,2026-08-14 02:30:00+03:00,27.7296,,
2026-08-08 14:35:07.893785+03:00,2026-08-14 02:45:00+03:00,27.727,,
2026-08-08 14:35:07.893785+03:00,2026-08-14 03:00:00+03:00,27.7269,,
2026-08-08 14:35:07.893785+03:00,2026-08-14 03:15:00+03:00,27.7998,,
2026-08-08 14:35:07.893785+03:00,2026-08-14 03:30:00+03:00,27.7992,,
2026-08-08 14:35:07.893785+03:00,2026-08-14 03:45:00+03:00,27.8034,,
2026-08-08 14:35:07.893785+03:00,2026-08-14 04:00:00+03:00,27.8367,,
2026-08-08 14:35:07.893785+03:00,2026-08-14 04:15:00+03:00,27.989,,
2026-08-08 14:35:07.893785+03:00,2026-08-14 04:30:00+03:00,27.9185,,
2026-08-08 14:35:07.893785+03:00,2026-08-14 04:45:00+03:00,27.9092,,
2026-08-08 14:35:07.893785+03:00,2026-08-14 05:00:00+03:00,27.8988,,
2026-08-08 14:35:07.893785+03:00,2026-08-14 05:15:00+03:00,28.2935,,
2026-08-08 14:35:07.893785+03:00,2026-08-14 05:30:00+03:00,28.506,,
2026-08-08 14:35:07.893785+03:00,2026-08-14 05:45:00+03:00,28.8298,,
2026-08-08 14:35:07.893785+03:00,2026-08-14 06:00:00+03:00,29.1407,,
2026-08-08 14:35:07.893785+03:00,2026-08-14 06:15:00+03:00,29.4815,,
2026-08-08 14:35:07.893785+03:00,2026-08-14 06:30:00+03:00,29.5588,,
2026-08-08 14:35:07.893785+03:00,2026-08-14 06:45:00+03:00,30.2283,,
2026-08-08 14:35:07.893785+03:00,2026-08-14 07:00:00+03:00,30.4149,,
2026-08-08 14:35:07.893785+03:00,2026-08-14 07:15:00+03:00,31.1445,,
2026-08-08 14:35:07.893785+03:00,2026-08-14 07:30:00+03:00,31.8706,,
2026-08-08 14:35:07.893785+03:00,2026-08-14 07:45:00+03:00,32.3955,,
2026-08-08 14:35:07.893785+03:00,2026-08-14 08:00:00+03:00,32.7652,,
2026-08-08 14:35:07.893785+03:00,2026-08-14 08:15:00+03:00,33.0394,,
2026-08-08 14:35:07.893785+03:00,2026-08-14 08:30:00+03:00,33.292,,
2026-08-08 14:35:07.893785+03:00,2026-08-14 08:45:00+03:00,33.9275,,
2026-08-08 14:35:07.893785+03:00,2026-08-14 09:00:00+03:00,34.1924,,
2026-08-08 14:35:07.893785+03:00,2026-08-14 09:15:00+03:00,34.3362,,
2026-08-08 14:35:07.893785+03:00,2026-08-14 09:30:00+03:00,34.3794,,
2026-08-08 14:35:07.893785+03:00,2026-08-14 09:45:00+03:00,34.3458,,
2026-08-08 14:35:07.893785+03:00,2026-08-14 10:00:00+03:00,34.2938,,
2026-08-08 14:35:07.893785+03:00,2026-08-14 10:15:00+03:00,34.2066,,
2026-08-08 14:35:07.893785+03:00,2026-08-14 10:30:00+03:00,34.2397,,
2026-08-08 14:35:07.893785+03:00,2026-08-14 10:45:00+03:00,34.2718,,
2026-08-08 14:35:07.893785+03:00,2026-08-14 11:00:00+03:00,34.2826,,
2026-08-08 14:35:07.893785+03:00,2026-08-14 11:15:00+03:00,34.2283,,
2026-08-08 14:35:07.893785+03:00,2026-08-14 11:30:00+03:00,34.2537,,
2026-08-08 14:35:07.893785+03:00,2026-08-14 11:45:00+03:00,34.2577,,
2026-08-08 14:35:07.893785+03:00,2026-08-14 12:00:00+03:00,34.2715,,
2026-08-08 14:35:07.893785+03:00,2026-08-14 12:15:00+03:00,34.2353,,
2026-08-08 14:35:07.893785+03:00,2026-08-14 12:30:00+03:00,34.2507,,
2026-08-08 14:35:07.893785+03:00,2026-08-14 12:45:00+03:00,34.2686,,
2026-08-08 14:35:07.893785+03:00,2026-08-14 13:00:00+03:00,34.2743,,
2026-08-08 14:35:07.893785+03:00,2026-08-14 13:15:00+03:00,34.2303,,
2026-08-08 14:35:07.893785+03:00,2026-08-14 13:30:00+03:00,34.2483,,
2026-08-08 14:35:07.893785+03:00,2026-08-14 13:45:00+03:00,34.267,,
2026-08-08 14:35:07.893785+03:00,2026-08-14 14:00:00+03:00,34.2802,,
2026-08-08 14:35:07.893785+03:00,2026-08-14 14:15:00+03:00,34.3064,,
2026-08-08 14:35:07.893785+03:00,2026-08-14 14:30:00+03:00,34.2926,,
2026-08-08 14:35:07.893785+03:00,2026-08-14 14:45:00+03:00,34.2926,,
2026-08-08 14:35:07.893785+03:00,2026-08-14 15:00:00+03:00,34.2776,,
2026-08-08 14:35:07.893785+03:00,2026-08-14 15:15:00+03:00,34.3458,,
2026-08-08 14:35:07.893785+03:00,2026-08-14 15:30:00+03:00,34.3227,,
2026-08-08 14:35:07.893785+03:00,2026-08-14 15:45:00+03:00,34.3204,,
2026-08-08 14:35:07.893785+03:00,2026-08-14 16:00:00+03:00,34.3349,,
2026-08-08 14:35:07.893785+03:00,2026-08-14 16:15:00+03:00,34.4852,,
2026-08-08 14:35:07.893785+03:00,2026-08-14 16:30:00+03:00,34.4232,,
2026-08-08 14:35:07.893785+03:00,2026-08-14 16:45:00+03:00,34.4099,,
2026-08-08 14:35:07.893785+03:00,2026-08-14 17:00:00+03:00,34.4297,,
2026-08-08 14:35:07.893785+03:00,2026-08-14 17:15:00+03:00,34.5171,,
2026-08-08 14:35:07.893785+03:00,2026-08-14 17:30:00+03:00,34.4579,,
2026-08-08 14:35:07.893785+03:00,2026-08-14 17:45:00+03:00,34.4529,,
2026-08-08 14:35:07.893785+03:00,2026-08-14 18:00:00+03:00,34.4356,,
2026-08-08 14:35:07.893785+03:00,2026-08-14 18:15:00+03:00,34.384,,
2026-08-08 14:35:07.893785+03:00,2026-08-14 18:30:00+03:00,34.3971,,
2026-08-08 14:35:07.893785+03:00,2026-08-14 18:45:00+03:00,34.4219,,
2026-08-08 14:35:07.893785+03:00,2026-08-14 19:00:00+03:00,34.4175,,
2026-08-08 14:35:07.893785+03:00,2026-08-14 19:15:00+03:00,34.2057,,
2026-08-08 14:35:07.893785+03:00,2026-08-14 19:30:00+03:00,34.2403,,
2026-08-08 14:35:07.893785+03:00,2026-08-14 19:45:00+03:00,34.3243,,
2026-08-08 14:35:07.893785+03:00,2026-08-14 20:00:00+03:00,34.3645,,
2026-08-08 14:35:07.893785+03:00,2026-08-14 20:15:00+03:00,34.0502,,
2026-08-08 14:35:07.893785+03:00,2026-08-14 20:30:00+03:00,33.7828,,
2026-08-08 14:35:07.893785+03:00,2026-08-14 20:45:00+03:00,33.8528,,
2026-08-08 14:35:07.893785+03:00,2026-08-14 21:00:00+03:00,33.889,,
2026-08-08 14:35:07.893785+03:00,2026-08-14 21:15:00+03:00,33.9337,,
2026-08-08 14:35:07.893785+03:00,2026-08-14 21:30:00+03:00,33.9776,,
2026-08-08 14:35:07.893785+03:00,2026-08-14 21:45:00+03:00,33.9859,,
2026-08-08 14:35:07.893785+03:00,2026-08-14 22:00:00+03:00,33.9708,,
2026-08-08 14:35:07.893785+03:00,2026-08-14 22:15:00+03:00,33.6188,,
2026-08-08 14:35:07.893785+03:00,2026-08-14 22:30:00+03:00,33.2227,,
2026-08-08 14:35:07.893785+03:00,2026-08-14 22:45:00+03:00,32.6573,,
2026-08-08 14:35:07.893785+03:00,2026-08-14 23:00:00+03:00,32.3083,,
2026-08-08 14:35:07.893785+03:00,2026-08-14 23:15:00+03:00,31.3988,,
2026-08-08 14:35:07.893785+03:00,2026-08-14 23:30:00+03:00,30.5283,,
2026-08-08 14:35:07.893785+03:00,2026-08-14 23:45:00+03:00,29.6025,,
2026-08-08 14:35:07.893785+03:00,2026-08-15 00:00:00+03:00,29.0951,,
2026-08-08 14:35:07.893785+03:00,2026-08-15 00:15:00+03:00,28.659,,
2026-08-08 14:35:07.893785+03:00,2026-08-15 00:30:00+03:00,28.393,,
2026-08-08 14:35:07.893785+03:00,2026-08-15 00:45:00+03:00,28.0599,,
2026-08-08 14:35:07.893785+03:00,2026-08-15 01:00:00+03:00,28.1161,,
2026-08-08 14:35:07.893785+03:00,2026-08-15 01:15:00+03:00,27.9058,,
2026-08-08 14:35:07.893785+03:00,2026-08-15 01:30:00+03:00,27.5781,,
2026-08-08 14:35:07.893785+03:00,2026-08-15 01:45:00+03:00,27.3047,,
2026-08-08 14:35:07.893785+03:00,2026-08-15 02:00:00+03:00,27.3439,,
2026-08-08 14:35:07.893785+03:00,2026-08-15 02:15:00+03:00,27.3691,,
2026-08-08 14:35:07.893785+03:00,2026-08-15 02:30:00+03:00,27.4066,,
2026-08-08 14:35:07.893785+03:00,2026-08-15 02:45:00+03:00,27.4104,,
2026-08-08 14:35:07.893785+03:00,2026-08-15 03:00:00+03:00,27.4218,,
2026-08-08 14:35:07.893785+03:00,2026-08-15 03:15:00+03:00,27.4688,,
2026-08-08 14:35:07.893785+03:00,2026-08-15 03:30:00+03:00,27.4617,,
2026-08-08 14:35:07.893785+03:00,2026-08-15 03:45:00+03:00,27.4656,,
2026-08-08 14:35:07.893785+03:00,2026-08-15 04:00:00+03:00,27.507,,
2026-08-08 14:35:07.893785+03:00,2026-08-15 04:15:00+03:00,27.5802,,
2026-08-08 14:35:07.893785+03:00,2026-08-15 04:30:00+03:00,27.5571,,
2026-08-08 14:35:07.893785+03:00,2026-08-15 04:45:00+03:00,27.5483,,
2026-08-08 14:35:07.893785+03:00,2026-08-15 05:00:00+03:00,27.5613,,
2026-08-08 14:35:07.893785+03:00,2026-08-15 05:15:00+03:00,27.7087,,
2026-08-08 14:35:07.893785+03:00,2026-08-15 05:30:00+03:00,28.096,,
2026-08-08 14:35:07.893785+03:00,2026-08-15 05:45:00+03:00,28.4753,,
2026-08-08 14:35:07.893785+03:00,2026-08-15 06:00:00+03:00,28.7959,,
2026-08-08 14:35:07.893785+03:00,2026-08-15 06:15:00+03:00,29.3287,,
2026-08-08 14:35:07.893785+03:00,2026-08-15 06:30:00+03:00,29.6483,,
2026-08-08 14:35:07.893785+03:00,2026-08-15 06:45:00+03:00,30.2061,,
2026-08-08 14:35:07.893785+03:00,2026-08-15 07:00:00+03:00,30.3532,,
2026-08-08 14:35:07.893785+03:00,2026-08-15 07:15:00+03:00,31.021,,
2026-08-08 14:35:07.893785+03:00,2026-08-15 07:30:00+03:00,31.2047,,
2026-08-08 14:35:07.893785+03:00,2026-08-15 07:45:00+03:00,31.6986,,
2026-08-08 14:35:07.893785+03:00,2026-08-15 08:00:00+03:00,32.2328,,
2026-08-08 14:35:07.893785+03:00,2026-08-15 08:15:00+03:00,32.5187,,
2026-08-08 14:35:07.893785+03:00,2026-08-15 08:30:00+03:00,33.0251,,
2026-08-08 14:35:07.893785+03:00,2026-08-15 08:45:00+03:00,33.2877,,
2026-08-08 14:35:07.893785+03:00,2026-08-15 09:00:00+03:00,33.1142,,
2026-08-08 14:35:07.893785+03:00,2026-08-15 09:15:00+03:00,32.9548,,
2026-08-08 14:35:07.893785+03:00,2026-08-15 09:30:00+03:00,32.904,,
2026-08-08 14:35:07.893785+03:00,2026-08-15 09:45:00+03:00,32.9508,,
2026-08-08 14:35:07.893785+03:00,2026-08-15 10:00:00+03:00,32.9556,,
2026-08-08 14:35:07.893785+03:00,2026-08-15 10:15:00+03:00,32.8649,,
2026-08-08 14:35:07.893785+03:00,2026-08-15 10:30:00+03:00,32.4095,,
2026-08-08 14:35:07.893785+03:00,2026-08-15 10:45:00+03:00,32.0254,,
2026-08-08 14:35:07.893785+03:00,2026-08-15 11:00:00+03:00,31.9132,,
2026-08-08 14:35:07.893785+03:00,2026-08-15 11:15:00+03:00,31.4194,,
2026-08-08 14:35:07.893785+03:00,2026-08-15 11:30:00+03:00,31.1238,,
2026-08-08 14:35:07.893785+03:00,2026-08-15 11:45:00+03:00,31.1404,,
2026-08-08 14:35:07.893785+03:00,2026-08-15 12:00:00+03:00,31.159,,
2026-08-08 14:35:07.893785+03:00,2026-08-15 12:15:00+03:00,31.155,,
2026-08-08 14:35:07.893785+03:00,2026-08-15 12:30:00+03:00,31.1745,,
2026-08-08 14:35:07.893785+03:00,2026-08-15 12:45:00+03:00,31.1878,,
2026-08-08 14:35:07.893785+03:00,2026-08-15 13:00:00+03:00,31.1635,,
2026-08-08 14:35:07.893785+03:00,2026-08-15 13:15:00+03:00,31.1013,,
2026-08-08 14:35:07.893785+03:00,2026-08-15 13:30:00+03:00,31.1208,,
2026-08-08 14:35:07.893785+03:00,2026-08-15 13:45:00+03:00,31.1345,,
2026-08-08 14:35:07.893785+03:00,2026-08-15 14:00:00+03:00,31.1934,,
2026-08-08 14:35:07.893785+03:00,2026-08-15 14:15:00+03:00,31.2445,,
2026-08-08 14:35:07.893785+03:00,2026-08-15 14:30:00+03:00,31.2384,,
2026-08-08 14:35:07.893785+03:00,2026-08-15 14:45:00+03:00,31.2339,,
2026-08-08 14:35:07.893785+03:00,2026-08-15 15:00:00+03:00,31.2058,,
2026-08-08 14:35:07.893785+03:00,2026-08-15 15:15:00+03:00,31.2998,,
2026-08-08 14:35:07.893785+03:00,2026-08-15 15:30:00+03:00,31.2855,,
2026-08-08 14:35:07.893785+03:00,2026-08-15 15:45:00+03:00,31.2622,,
2026-08-08 14:35:07.893785+03:00,2026-08-15 16:00:00+03:00,31.234,,
2026-08-08 14:35:07.893785+03:00,2026-08-15 16:15:00+03:00,31.3852,,
2026-08-08 14:35:07.893785+03:00,2026-08-15 16:30:00+03:00,31.2998,,
2026-08-08 14:35:07.893785+03:00,2026-08-15 16:45:00+03:00,31.2751,,
2026-08-08 14:35:07.893785+03:00,2026-08-15 17:00:00+03:00,31.2809,,
2026-08-08 14:35:07.893785+03:00,2026-08-15 17:15:00+03:00,31.3466,,
2026-08-08 14:35:07.893785+03:00,2026-08-15 17:30:00+03:00,31.3202,,
2026-08-08 14:35:07.893785+03:00,2026-08-15 17:45:00+03:00,31.2962,,
2026-08-08 14:35:07.893785+03:00,2026-08-15 18:00:00+03:00,31.2934,,
2026-08-08 14:35:07.893785+03:00,2026-08-15 18:15:00+03:00,31.2697,,
2026-08-08 14:35:07.893785+03:00,2026-08-15 18:30:00+03:00,31.2658,,
2026-08-08 14:35:07.893785+03:00,2026-08-15 18:45:00+03:00,31.2752,,
2026-08-08 14:35:07.893785+03:00,2026-08-15 19:00:00+03:00,31.2639,,
2026-08-08 14:35:07.893785+03:00,2026-08-15 19:15:00+03:00,31.1825,,
2026-08-08 14:35:07.893785+03:00,2026-08-15 19:30:00+03:00,31.202,,
2026-08-08 14:35:07.893785+03:00,2026-08-15 19:45:00+03:00,31.2791,,
2026-08-08 14:35:07.893785+03:00,2026-08-15 20:00:00+03:00,31.2822,,
2026-08-08 14:35:07.893785+03:00,2026-08-15 20:15:00+03:00,31.0471,,
2026-08-08 14:35:07.893785+03:00,2026-08-15 20:30:00+03:00,30.649,,
2026-08-08 14:35:07.893785+03:00,2026-08-15 20:45:00+03:00,30.2991,,
2026-08-08 14:35:07.893785+03:00,2026-08-15 21:00:00+03:00,30.3146,,
2026-08-08 14:35:07.893785+03:00,2026-08-15 21:15:00+03:00,30.4229,,
2026-08-08 14:35:07.893785+03:00,2026-08-15 21:30:00+03:00,30.5154,,
2026-08-08 14:35:07.893785+03:00,2026-08-15 21:45:00+03:00,30.5234,,
2026-08-08 14:35:07.893785+03:00,2026-08-15 22:00:00+03:00,30.4886,,
2026-08-08 14:35:07.893785+03:00,2026-08-15 22:15:00+03:00,30.1661,,
2026-08-08 14:35:07.893785+03:00,2026-08-15 22:30:00+03:00,29.888,,
2026-08-08 14:35:07.893785+03:00,2026-08-15 22:45:00+03:00,29.6612,,
2026-08-08 14:35:07.893785+03:00,2026-08-15 23:00:00+03:00,29.7234,,
2026-08-08 14:35:07.893785+03:00,2026-08-15 23:15:00+03:00,29.3951,,
2026-08-08 14:35:07.893785+03:00,2026-08-15 23:30:00+03:00,28.904,,
2026-08-08 14:35:07.893785+03:00,2026-08-15 23:45:00+03:00,28.6106,,
2026-08-09 14:35:40.771111+03:00,2026-08-10 00:00:00+03:00,1.9658,,
2026-08-09 14:35:40.771111+03:00,2026-08-10 00:15:00+03:00,1.5563,,
2026-08-09 14:35:40.771111+03:00,2026-08-10 00:30:00+03:00,1.2179,,
2026-08-09 14:35:40.771111+03:00,2026-08-10 00:45:00+03:00,0.8066,,
2026-08-09 14:35:40.771111+03:00,2026-08-10 01:00:00+03:00,0.5149,,
2026-08-09 14:35:40.771111+03:00,2026-08-10 01:15:00+03:00,0.4089,,
2026-08-09 14:35:40.771111+03:00,2026-08-10 01:30:00+03:00,0.2103,,
2026-08-09 14:35:40.771111+03:00,2026-08-10 01:45:00+03:00,0.0977,,
2026-08-09 14:35:40.771111+03:00,2026-08-10 02:00:00+03:00,0.0031,,
2026-08-09 14:35:40.771111+03:00,2026-08-10 02:15:00+03:00,-0.0176,,
2026-08-09 14:35:40.771111+03:00,2026-08-10 02:30:00+03:00,-0.0513,,
2026-08-09 14:35:40.771111+03:00,2026-08-10 02:45:00+03:00,-0.0745,,
2026-08-09 14:35:40.771111+03:00,2026-08-10 03:00:00+03:00,-0.0801,,
2026-08-09 14:35:40.771111+03:00,2026-08-10 03:15:00+03:00,-0.0708,,
2026-08-09 14:35:40.771111+03:00,2026-08-10 03:30:00+03:00,-0.0614,,
2026-08-09 14:35:40.771111+03:00,2026-08-10 03:45:00+03:00,-0.0587,,
2026-08-09 14:35:40.771111+03:00,2026-08-10 04:00:00+03:00,-0.0685,,
2026-08-09 14:35:40.771111+03:00,2026-08-10 04:15:00+03:00,-0.0473,,
2026-08-09 14:35:40.771111+03:00,2026-08-10 04:30:00+03:00,-0.0546,,
2026-08-09 14:35:40.771111+03:00,2026-08-10 04:45:00+03:00,-0.0555,,
2026-08-09 14:35:40.771111+03:00,2026-08-10 05:00:00+03:00,-0.0519,,
2026-08-09 14:35:40.771111+03:00,2026-08-10 05:15:00+03:00,-0.0247,,
2026-08-09 14:35:40.771111+03:00,2026-08-10 05:30:00+03:00,-0.0125,,
2026-08-09 14:35:40.771111+03:00,2026-08-10 05:45:00+03:00,-0.0095,,
2026-08-09 14:35:40.771111+03:00,2026-08-10 06:00:00+03:00,0.0013,,
2026-08-09 14:35:40.771111+03:00,2026-08-10 06:15:00+03:00,0.1477,,
2026-08-09 14:35:40.771111+03:00,2026-08-10 06:30:00+03:00,0.3138,,
2026-08-09 14:35:40.771111+03:00,2026-08-10 06:45:00+03:00,0.5151,,
2026-08-09 14:35:40.771111+03:00,2026-08-10 07:00:00+03:00,0.6888,,
2026-08-09 14:35:40.771111+03:00,2026-08-10 07:15:00+03:00,1.0032,,
2026-08-09 14:35:40.771111+03:00,2026-08-10 07:30:00+03:00,1.3349,,
2026-08-09 14:35:40.771111+03:00,2026-08-10 07:45:00+03:00,1.5774,,
2026-08-09 14:35:40.771111+03:00,2026-08-10 08:00:00+03:00,1.8939,,
2026-08-09 14:35:40.771111+03:00,2026-08-10 08:15:00+03:00,2.0347,,
2026-08-09 14:35:40.771111+03:00,2026-08-10 08:30:00+03:00,2.1301,,
2026-08-09 14:35:40.771111+03:00,2026-08-10 08:45:00+03:00,2.2634,,
2026-08-09 14:35:40.771111+03:00,2026-08-10 09:00:00+03:00,2.4414,,
2026-08-09 14:35:40.771111+03:00,2026-08-10 09:15:00+03:00,2.6059,,
2026-08-09 14:35:40.771111+03:00,2026-08-10 09:30:00+03:00,2.7308,,
2026-08-09 14:35:40.771111+03:00,2026-08-10 09:45:00+03:00,2.8321,,
2026-08-09 14:35:40.771111+03:00,2026-08-10 10:00:00+03:00,2.8339,,
2026-08-09 14:35:40.771111+03:00,2026-08-10 10:15:00+03:00,2.717,,
2026-08-09 14:35:40.771111+03:00,2026-08-10 10:30:00+03:00,2.7398,,
2026-08-09 14:35:40.771111+03:00,2026-08-10 10:45:00+03:00,2.7447,,
2026-08-09 14:35:40.771111+03:00,2026-08-10 11:00:00+03:00,2.7473,,
2026-08-09 14:35:40.771111+03:00,2026-08-10 11:15:00+03:00,2.6977,,
2026-08-09 14:35:40.771111+03:00,2026-08-10 11:30:00+03:00,2.5825,,
2026-08-09 14:35:40.771111+03:00,2026-08-10 11:45:00+03:00,2.5919,,
2026-08-09 14:35:40.771111+03:00,2026-08-10 12:00:00+03:00,2.6079,,
2026-08-09 14:35:40.771111+03:00,2026-08-10 12:15:00+03:00,2.5896,,
2026-08-09 14:35:40.771111+03:00,2026-08-10 12:30:00+03:00,2.5914,,
2026-08-09 14:35:40.771111+03:00,2026-08-10 12:45:00+03:00,2.5973,,
2026-08-09 14:35:40.771111+03:00,2026-08-10 13:00:00+03:00,2.6145,,
2026-08-09 14:35:40.771111+03:00,2026-08-10 13:15:00+03:00,2.609,,
2026-08-09 14:35:40.771111+03:00,2026-08-10 13:30:00+03:00,2.6076,,
2026-08-09 14:35:40.771111+03:00,2026-08-10 13:45:00+03:00,2.6162,,
2026-08-09 14:35:40.771111+03:00,2026-08-10 14:00:00+03:00,2.6063,,
2026-08-09 14:35:40.771111+03:00,2026-08-10 14:15:00+03:00,2.6246,,
2026-08-09 14:35:40.771111+03:00,2026-08-10 14:30:00+03:00,2.621,,
2026-08-09 14:35:40.771111+03:00,2026-08-10 14:45:00+03:00,2.6215,,
2026-08-09 14:35:40.771111+03:00,2026-08-10 15:00:00+03:00,2.5968,,
2026-08-09 14:35:40.771111+03:00,2026-08-10 15:15:00+03:00,2.6258,,
2026-08-09 14:35:40.771111+03:00,2026-08-10 15:30:00+03:00,2.6258,,
2026-08-09 14:35:40.771111+03:00,2026-08-10 15:45:00+03:00,2.6254,,
2026-08-09 14:35:40.771111+03:00,2026-08-10 16:00:00+03:00,2.6144,,
2026-08-09 14:35:40.771111+03:00,2026-08-10 16:15:00+03:00,2.6645,,
2026-08-09 14:35:40.771111+03:00,2026-08-10 16:30:00+03:00,2.6388,,
2026-08-09 14:35:40.771111+03:00,2026-08-10 16:45:00+03:00,2.6403,,
2026-08-09 14:35:40.771111+03:00,2026-08-10 17:00:00+03:00,2.6332,,
2026-08-09 14:35:40.771111+03:00,2026-08-10 17:15:00+03:00,2.6491,,
2026-08-09 14:35:40.771111+03:00,2026-08-10 17:30:00+03:00,2.6366,,
2026-08-09 14:35:40.771111+03:00,2026-08-10 17:45:00+03:00,2.641,,
2026-08-09 14:35:40.771111+03:00,2026-08-10 18:00:00+03:00,2.6457,,
2026-08-09 14:35:40.771111+03:00,2026-08-10 18:15:00+03:00,2.6472,,
2026-08-09 14:35:40.771111+03:00,2026-08-10 18:30:00+03:00,2.6413,,
2026-08-09 14:35:40.771111+03:00,2026-08-10 18:45:00+03:00,2.6377,,
2026-08-09 14:35:40.771111+03:00,2026-08-10 19:00:00+03:00,2.6383,,
2026-08-09 14:35:40.771111+03:00,2026-08-10 19:15:00+03:00,2.5973,,
2026-08-09 14:35:40.771111+03:00,2026-08-10 19:30:00+03:00,2.5937,,
2026-08-09 14:35:40.771111+03:00,2026-08-10 19:45:00+03:00,2.6111,,
2026-08-09 14:35:40.771111+03:00,2026-08-10 20:00:00+03:00,2.6181,,
2026-08-09 14:35:40.771111+03:00,2026-08-10 20:15:00+03:00,2.5343,,
2026-08-09 14:35:40.771111+03:00,2026-08-10 20:30:00+03:00,2.4369,,
2026-08-09 14:35:40.771111+03:00,2026-08-10 20:45:00+03:00,2.2707,,
2026-08-09 14:35:40.771111+03:00,2026-08-10 21:00:00+03:00,2.1311,,
2026-08-09 14:35:40.771111+03:00,2026-08-10 21:15:00+03:00,2.0491,,
2026-08-09 14:35:40.771111+03:00,2026-08-10 21:30:00+03:00,1.9446,,
2026-08-09 14:35:40.771111+03:00,2026-08-10 21:45:00+03:00,1.8506,,
2026-08-09 14:35:40.771111+03:00,2026-08-10 22:00:00+03:00,1.6968,,
2026-08-09 14:35:40.771111+03:00,2026-08-10 22:15:00+03:00,1.5859,,
2026-08-09 14:35:40.771111+03:00,2026-08-10 22:30:00+03:00,1.4179,,
2026-08-09 14:35:40.771111+03:00,2026-08-10 22:45:00+03:00,1.1319,,
2026-08-09 14:35:40.771111+03:00,2026-08-10 23:00:00+03:00,0.9942,,
2026-08-09 14:35:40.771111+03:00,2026-08-10 23:15:00+03:00,0.7498,,
2026-08-09 14:35:40.771111+03:00,2026-08-10 23:30:00+03:00,0.442,,
2026-08-09 14:35:40.771111+03:00,2026-08-10 23:45:00+03:00,0.2769,,
2026-08-09 14:35:40.771111+03:00,2026-08-11 00:00:00+03:00,0.0731,,
2026-08-09 14:35:40.771111+03:00,2026-08-11 00:15:00+03:00,0.0143,,
2026-08-09 14:35:40.771111+03:00,2026-08-11 00:30:00+03:00,-0.0023,,
2026-08-09 14:35:40.771111+03:00,2026-08-11 00:45:00+03:00,-0.035,,
2026-08-09 14:35:40.771111+03:00,2026-08-11 01:00:00+03:00,-0.0375,,
2026-08-09 14:35:40.771111+03:00,2026-08-11 01:15:00+03:00,-0.0267,,
2026-08-09 14:35:40.771111+03:00,2026-08-11 01:30:00+03:00,-0.0244,,
2026-08-09 14:35:40.771111+03:00,2026-08-11 01:45:00+03:00,-0.0207,,
2026-08-09 14:35:40.771111+03:00,2026-08-11 02:00:00+03:00,-0.0253,,
2026-08-09 14:35:40.771111+03:00,2026-08-11 02:15:00+03:00,-0.0237,,
2026-08-09 14:35:40.771111+03:00,2026-08-11 02:30:00+03:00,-0.0214,,
2026-08-09 14:35:40.771111+03:00,2026-08-11 02:45:00+03:00,-0.0176,,
2026-08-09 14:35:40.771111+03:00,2026-08-11 03:00:00+03:00,-0.0166,,
2026-08-09 14:35:40.771111+03:00,2026-08-11 03:15:00+03:00,-0.0025,,
2026-08-09 14:35:40.771111+03:00,2026-08-11 03:30:00+03:00,0.004,,
2026-08-09 14:35:40.771111+03:00,2026-08-11 03:45:00+03:00,0.012,,
2026-08-09 14:35:40.771111+03:00,2026-08-11 04:00:00+03:00,0.0942,,
2026-08-09 14:35:40.771111+03:00,2026-08-11 04:15:00+03:00,0.2489,,
2026-08-09 14:35:40.771111+03:00,2026-08-11 04:30:00+03:00,0.3189,,
2026-08-09 14:35:40.771111+03:00,2026-08-11 04:45:00+03:00,0.4991,,
2026-08-09 14:35:40.771111+03:00,2026-08-11 05:00:00+03:00,0.6476,,
2026-08-09 14:35:40.771111+03:00,2026-08-11 05:15:00+03:00,0.9268,,
2026-08-09 14:35:40.771111+03:00,2026-08-11 05:30:00+03:00,1.1,,
2026-08-09 14:35:40.771111+03:00,2026-08-11 05:45:00+03:00,1.2163,,
2026-08-09 14:35:40.771111+03:00,2026-08-11 06:00:00+03:00,1.3848,,
2026-08-09 14:35:40.771111+03:00,2026-08-11 06:15:00+03:00,1.5797,,
2026-08-09 14:35:40.771111+03:00,2026-08-11 06:30:00+03:00,1.8237,,
2026-08-09 14:35:40.771111+03:00,2026-08-11 06:45:00+03:00,1.9266,,
2026-08-09 14:35:40.771111+03:00,2026-08-11 07:00:00+03:00,2.0998,,
2026-08-09 14:35:40.771111+03:00,2026-08-11 07:15:00+03:00,2.4823,,
2026-08-09 14:35:40.771111+03:00,2026-08-11 07:30:00+03:00,2.8351,,
2026-08-09 14:35:40.771111+03:00,2026-08-11 07:45:00+03:00,3.0432,,
2026-08-09 14:35:40.771111+03:00,2026-08-11 08:00:00+03:00,3.4133,,
2026-08-09 14:35:40.771111+03:00,2026-08-11 08:15:00+03:00,3.6674,,
2026-08-09 14:35:40.771111+03:00,2026-08-11 08:30:00+03:00,3.8061,,
2026-08-09 14:35:40.771111+03:00,2026-08-11 08:45:00+03:00,3.9456,,
2026-08-09 14:35:40.771111+03:00,2026-08-11 09:00:00+03:00,4.0655,,
2026-08-09 14:35:40.771111+03:00,2026-08-11 09:15:00+03:00,4.0268,,
2026-08-09 14:35:40.771111+03:00,2026-08-11 09:30:00+03:00,3.9817,,
2026-08-09 14:35:40.771111+03:00,2026-08-11 09:45:00+03:00,3.9911,,
2026-08-09 14:35:40.771111+03:00,2026-08-11 10:00:00+03:00,4.0012,,
2026-08-09 14:35:40.771111+03:00,2026-08-11 10:15:00+03:00,3.9704,,
2026-08-09 14:35:40.771111+03:00,2026-08-11 10:30:00+03:00,3.9953,,
2026-08-09 14:35:40.771111+03:00,2026-08-11 10:45:00+03:00,3.9943,,
2026-08-09 14:35:40.771111+03:00,2026-08-11 11:00:00+03:00,3.9944,,
2026-08-09 14:35:40.771111+03:00,2026-08-11 11:15:00+03:00,3.9931,,
2026-08-09 14:35:40.771111+03:00,2026-08-11 11:30:00+03:00,4.0029,,
2026-08-09 14:35:40.771111+03:00,2026-08-11 11:45:00+03:00,4.0101,,
2026-08-09 14:35:40.771111+03:00,2026-08-11 12:00:00+03:00,3.9999,,
2026-08-09 14:35:40.771111+03:00,2026-08-11 12:15:00+03:00,4.0009,,
2026-08-09 14:35:40.771111+03:00,2026-08-11 12:30:00+03:00,4.0093,,
2026-08-09 14:35:40.771111+03:00,2026-08-11 12:45:00+03:00,4.0147,,
2026-08-09 14:35:40.771111+03:00,2026-08-11 13:00:00+03:00,3.9984,,
2026-08-09 14:35:40.771111+03:00,2026-08-11 13:15:00+03:00,4.0209,,
2026-08-09 14:35:40.771111+03:00,2026-08-11 13:30:00+03:00,4.0273,,
2026-08-09 14:35:40.771111+03:00,2026-08-11 13:45:00+03:00,4.0332,,
2026-08-09 14:35:40.771111+03:00,2026-08-11 14:00:00+03:00,4.0155,,
2026-08-09 14:35:40.771111+03:00,2026-08-11 14:15:00+03:00,4.0492,,
2026-08-09 14:35:40.771111+03:00,2026-08-11 14:30:00+03:00,4.0398,,
2026-08-09 14:35:40.771111+03:00,2026-08-11 14:45:00+03:00,4.0415,,
2026-08-09 14:35:40.771111+03:00,2026-08-11 15:00:00+03:00,4.0154,,
2026-08-09 14:35:40.771111+03:00,2026-08-11 15:15:00+03:00,4.0645,,
2026-08-09 14:35:40.771111+03:00,2026-08-11 15:30:00+03:00,4.0488,,
2026-08-09 14:35:40.771111+03:00,2026-08-11 15:45:00+03:00,4.0445,,
2026-08-09 14:35:40.771111+03:00,2026-08-11 16:00:00+03:00,4.0127,,
2026-08-09 14:35:40.771111+03:00,2026-08-11 16:15:00+03:00,4.1292,,
2026-08-09 14:35:40.771111+03:00,2026-08-11 16:30:00+03:00,4.2692,,
2026-08-09 14:35:40.771111+03:00,2026-08-11 16:45:00+03:00,4.4297,,
2026-08-09 14:35:40.771111+03:00,2026-08-11 17:00:00+03:00,4.6913,,
2026-08-09 14:35:40.771111+03:00,2026-08-11 17:15:00+03:00,4.9402,,
2026-08-09 14:35:40.771111+03:00,2026-08-11 17:30:00+03:00,5.1441,,
2026-08-09 14:35:40.771111+03:00,2026-08-11 17:45:00+03:00,5.5107,,
2026-08-09 14:35:40.771111+03:00,2026-08-11 18:00:00+03:00,5.6828,,
2026-08-09 14:35:40.771111+03:00,2026-08-11 18:15:00+03:00,6.0574,,
2026-08-09 14:35:40.771111+03:00,2026-08-11 18:30:00+03:00,6.6665,,
2026-08-09 14:35:40.771111+03:00,2026-08-11 18:45:00+03:00,7.217,,
2026-08-09 14:35:40.771111+03:00,2026-08-11 19:00:00+03:00,7.7501,,
2026-08-09 14:35:40.771111+03:00,2026-08-11 19:15:00+03:00,7.7569,,
2026-08-09 14:35:40.771111+03:00,2026-08-11 19:30:00+03:00,7.792,,
2026-08-09 14:35:40.771111+03:00,2026-08-11 19:45:00+03:00,7.6646,,
2026-08-09 14:35:40.771111+03:00,2026-08-11 20:00:00+03:00,7.6317,,
2026-08-09 14:35:40.771111+03:00,2026-08-11 20:15:00+03:00,7.4786,,
2026-08-09 14:35:40.771111+03:00,2026-08-11 20:30:00+03:00,7.5303,,
2026-08-09 14:35:40.771111+03:00,2026-08-11 20:45:00+03:00,7.5563,,
2026-08-09 14:35:40.771111+03:00,2026-08-11 21:00:00+03:00,7.6068,,
2026-08-09 14:35:40.771111+03:00,2026-08-11 21:15:00+03:00,7.6586,,
2026-08-09 14:35:40.771111+03:00,2026-08-11 21:30:00+03:00,7.6596,,
2026-08-09 14:35:40.771111+03:00,2026-08-11 21:45:00+03:00,7.6581,,
2026-08-09 14:35:40.771111+03:00,2026-08-11 22:00:00+03:00,7.6413,,
2026-08-09 14:35:40.771111+03:00,2026-08-11 22:15:00+03:00,7.5423,,
2026-08-09 14:35:40.771111+03:00,2026-08-11 22:30:00+03:00,7.5489,,
2026-08-09 14:35:40.771111+03:00,2026-08-11 22:45:00+03:00,7.5664,,
2026-08-09 14:35:40.771111+03:00,2026-08-11 23:00:00+03:00,7.5956,,
2026-08-09 14:35:40.771111+03:00,2026-08-11 23:15:00+03:00,7.4375,,
2026-08-09 14:35:40.771111+03:00,2026-08-11 23:30:00+03:00,7.4955,,
2026-08-09 14:35:40.771111+03:00,2026-08-11 23:45:00+03:00,7.5606,,
2026-08-09 14:35:40.771111+03:00,2026-08-12 00:00:00+03:00,7.5781,,
2026-08-09 14:35:40.771111+03:00,2026-08-12 00:15:00+03:00,7.6521,,
2026-08-09 14:35:40.771111+03:00,2026-08-12 00:30:00+03:00,7.6195,,
2026-08-09 14:35:40.771111+03:00,2026-08-12 00:45:00+03:00,7.5742,,
2026-08-09 14:35:40.771111+03:00,2026-08-12 01:00:00+03:00,7.618,,
2026-08-09 14:35:40.771111+03:00,2026-08-12 01:15:00+03:00,7.5819,,
2026-08-09 14:35:40.771111+03:00,2026-08-12 01:30:00+03:00,7.5649,,
2026-08-09 14:35:40.771111+03:00,2026-08-12 01:45:00+03:00,7.578,,
2026-08-09 14:35:40.771111+03:00,2026-08-12 02:00:00+03:00,7.6091,,
2026-08-09 14:35:40.771111+03:00,2026-08-12 02:15:00+03:00,7.6318,,
2026-08-09 14:35:40.771111+03:00,2026-08-12 02:30:00+03:00,7.6041,,
2026-08-09 14:35:40.771111+03:00,2026-08-12 02:45:00+03:00,7.5937,,
2026-08-09 14:35:40.771111+03:00,2026-08-12 03:00:00+03:00,7.5998,,
2026-08-09 14:35:40.771111+03:00,2026-08-12 03:15:00+03:00,7.6551,,
2026-08-09 14:35:40.771111+03:00,2026-08-12 03:30:00+03:00,7.6329,,
2026-08-09 14:35:40.771111+03:00,2026-08-12 03:45:00+03:00,7.6221,,
2026-08-09 14:35:40.771111+03:00,2026-08-12 04:00:00+03:00,7.637,,
2026-08-09 14:35:40.771111+03:00,2026-08-12 04:15:00+03:00,7.7706,,
2026-08-09 14:35:40.771111+03:00,2026-08-12 04:30:00+03:00,7.7058,,
2026-08-09 14:35:40.771111+03:00,2026-08-12 04:45:00+03:00,7.6855,,
2026-08-09 14:35:40.771111+03:00,2026-08-12 05:00:00+03:00,7.8582,,
2026-08-09 14:35:40.771111+03:00,2026-08-12 05:15:00+03:00,8.6965,,
2026-08-09 14:35:40.771111+03:00,2026-08-12 05:30:00+03:00,9.6119,,
2026-08-09 14:35:40.771111+03:00,2026-08-12 05:45:00+03:00,10.4526,,
2026-08-09 14:35:40.771111+03:00,2026-08-12 06:00:00+03:00,11.218,,
2026-08-09 14:35:40.771111+03:00,2026-08-12 06:15:00+03:00,12.7924,,
2026-08-09 14:35:40.771111+03:00,2026-08-12 06:30:00+03:00,13.9661,,
2026-08-09 14:35:40.771111+03:00,2026-08-12 06:45:00+03:00,15.2321,,
2026-08-09 14:35:40.771111+03:00,2026-08-12 07:00:00+03:00,16.13,,
2026-08-09 14:35:40.771111+03:00,2026-08-12 07:15:00+03:00,17.4228,,
2026-08-09 14:35:40.771111+03:00,2026-08-12 07:30:00+03:00,18.5441,,
2026-08-09 14:35:40.771111+03:00,2026-08-12 07:45:00+03:00,19.427,,
2026-08-09 14:35:40.771111+03:00,2026-08-12 08:00:00+03:00,20.6352,,
2026-08-09 14:35:40.771111+03:00,2026-08-12 08:15:00+03:00,21.6625,,
2026-08-09 14:35:40.771111+03:00,2026-08-12 08:30:00+03:00,22.4956,,
2026-08-09 14:35:40.771111+03:00,2026-08-12 08:45:00+03:00,23.7495,,
2026-08-09 14:35:40.771111+03:00,2026-08-12 09:00:00+03:00,24.7252,,
2026-08-09 14:35:40.771111+03:00,2026-08-12 09:15:00+03:00,24.6312,,
2026-08-09 14:35:40.771111+03:00,2026-08-12 09:30:00+03:00,24.7483,,
2026-08-09 14:35:40.771111+03:00,2026-08-12 09:45:00+03:00,24.7087,,
2026-08-09 14:35:40.771111+03:00,2026-08-12 10:00:00+03:00,24.6134,,
2026-08-09 14:35:40.771111+03:00,2026-08-12 10:15:00+03:00,24.5169,,
2026-08-09 14:35:40.771111+03:00,2026-08-12 10:30:00+03:00,24.543,,
2026-08-09 14:35:40.771111+03:00,2026-08-12 10:45:00+03:00,24.5656,,
2026-08-09 14:35:40.771111+03:00,2026-08-12 11:00:00+03:00,24.6024,,
2026-08-09 14:35:40.771111+03:00,2026-08-12 11:15:00+03:00,24.5379,,
2026-08-09 14:35:40.771111+03:00,2026-08-12 11:30:00+03:00,24.553,,
2026-08-09 14:35:40.771111+03:00,2026-08-12 11:45:00+03:00,24.5795,,
2026-08-09 14:35:40.771111+03:00,2026-08-12 12:00:00+03:00,24.5916,,
2026-08-09 14:35:40.771111+03:00,2026-08-12 12:15:00+03:00,24.5558,,
2026-08-09 14:35:40.771111+03:00,2026-08-12 12:30:00+03:00,24.5766,,
2026-08-09 14:35:40.771111+03:00,2026-08-12 12:45:00+03:00,24.5778,,
2026-08-09 14:35:40.771111+03:00,2026-08-12 13:00:00+03:00,24.5978,,
2026-08-09 14:35:40.771111+03:00,2026-08-12 13:15:00+03:00,24.5613,,
2026-08-09 14:35:40.771111+03:00,2026-08-12 13:30:00+03:00,24.5729,,
2026-08-09 14:35:40.771111+03:00,2026-08-12 13:45:00+03:00,24.5864,,
2026-08-09 14:35:40.771111+03:00,2026-08-12 14:00:00+03:00,24.5872,,
2026-08-09 14:35:40.771111+03:00,2026-08-12 14:15:00+03:00,24.5646,,
2026-08-09 14:35:40.771111+03:00,2026-08-12 14:30:00+03:00,24.5617,,
2026-08-09 14:35:40.771111+03:00,2026-08-12 14:45:00+03:00,24.569,,
2026-08-09 14:35:40.771111+03:00,2026-08-12 15:00:00+03:00,24.6036,,
2026-08-09 14:35:40.771111+03:00,2026-08-12 15:15:00+03:00,24.6246,,
2026-08-09 14:35:40.771111+03:00,2026-08-12 15:30:00+03:00,24.6005,,
2026-08-09 14:35:40.771111+03:00,2026-08-12 15:45:00+03:00,24.5879,,
2026-08-09 14:35:40.771111+03:00,2026-08-12 16:00:00+03:00,24.5861,,
2026-08-09 14:35:40.771111+03:00,2026-08-12 16:15:00+03:00,24.6854,,
2026-08-09 14:35:40.771111+03:00,2026-08-12 16:30:00+03:00,24.6236,,
2026-08-09 14:35:40.771111+03:00,2026-08-12 16:45:00+03:00,24.6148,,
2026-08-09 14:35:40.771111+03:00,2026-08-12 17:00:00+03:00,24.6506,,
2026-08-09 14:35:40.771111+03:00,2026-08-12 17:15:00+03:00,24.6708,,
2026-08-09 14:35:40.771111+03:00,2026-08-12 17:30:00+03:00,24.6448,,
2026-08-09 14:35:40.771111+03:00,2026-08-12 17:45:00+03:00,24.6313,,
2026-08-09 14:35:40.771111+03:00,2026-08-12 18:00:00+03:00,24.6586,,
2026-08-09 14:35:40.771111+03:00,2026-08-12 18:15:00+03:00,24.632,,
2026-08-09 14:35:40.771111+03:00,2026-08-12 18:30:00+03:00,24.6505,,
2026-08-09 14:35:40.771111+03:00,2026-08-12 18:45:00+03:00,24.6567,,
2026-08-09 14:35:40.771111+03:00,2026-08-12 19:00:00+03:00,24.6755,,
2026-08-09 14:35:40.771111+03:00,2026-08-12 19:15:00+03:00,24.5348,,
2026-08-09 14:35:40.771111+03:00,2026-08-12 19:30:00+03:00,24.5564,,
2026-08-09 14:35:40.771111+03:00,2026-08-12 19:45:00+03:00,24.6,,
2026-08-09 14:35:40.771111+03:00,2026-08-12 20:00:00+03:00,24.624,,
2026-08-09 14:35:40.771111+03:00,2026-08-12 20:15:00+03:00,24.2031,,
2026-08-09 14:35:40.771111+03:00,2026-08-12 20:30:00+03:00,23.8004,,
2026-08-09 14:35:40.771111+03:00,2026-08-12 20:45:00+03:00,23.5094,,
2026-08-09 14:35:40.771111+03:00,2026-08-12 21:00:00+03:00,23.1873,,
2026-08-09 14:35:40.771111+03:00,2026-08-12 21:15:00+03:00,22.8555,,
2026-08-09 14:35:40.771111+03:00,2026-08-12 21:30:00+03:00,22.601,,
2026-08-09 14:35:40.771111+03:00,2026-08-12 21:45:00+03:00,22.64,,
2026-08-09 14:35:40.771111+03:00,2026-08-12 22:00:00+03:00,22.6852,,
2026-08-09 14:35:40.771111+03:00,2026-08-12 22:15:00+03:00,22.4132,,
2026-08-09 14:35:40.771111+03:00,2026-08-12 22:30:00+03:00,22.1536,,
2026-08-09 14:35:40.771111+03:00,2026-08-12 22:45:00+03:00,22.2967,,
2026-08-09 14:35:40.771111+03:00,2026-08-12 23:00:00+03:00,22.3356,,
2026-08-09 14:35:40.771111+03:00,2026-08-12 23:15:00+03:00,22.0355,,
2026-08-09 14:35:40.771111+03:00,2026-08-12 23:30:00+03:00,21.5148,,
2026-08-09 14:35:40.771111+03:00,2026-08-12 23:45:00+03:00,21.1395,,
2026-08-09 14:35:40.771111+03:00,2026-08-13 00:00:00+03:00,20.884,,
2026-08-09 14:35:40.771111+03:00,2026-08-13 00:15:00+03:00,21.0481,,
2026-08-09 14:35:40.771111+03:00,2026-08-13 00:30:00+03:00,21.3746,,
2026-08-09 14:35:40.771111+03:00,2026-08-13 00:45:00+03:00,21.6565,,
2026-08-09 14:35:40.771111+03:00,2026-08-13 01:00:00+03:00,21.5577,,
2026-08-09 14:35:40.771111+03:00,2026-08-13 01:15:00+03:00,21.3189,,
2026-08-09 14:35:40.771111+03:00,2026-08-13 01:30:00+03:00,21.0221,,
2026-08-09 14:35:40.771111+03:00,2026-08-13 01:45:00+03:00,21.0798,,
2026-08-09 14:35:40.771111+03:00,2026-08-13 02:00:00+03:00,21.0433,,
2026-08-09 14:35:40.771111+03:00,2026-08-13 02:15:00+03:00,21.0715,,
2026-08-09 14:35:40.771111+03:00,2026-08-13 02:30:00+03:00,21.089,,
2026-08-09 14:35:40.771111+03:00,2026-08-13 02:45:00+03:00,21.0955,,
2026-08-09 14:35:40.771111+03:00,2026-08-13 03:00:00+03:00,21.0873,,
2026-08-09 14:35:40.771111+03:00,2026-08-13 03:15:00+03:00,21.1089,,
2026-08-09 14:35:40.771111+03:00,2026-08-13 03:30:00+03:00,21.1198,,
2026-08-09 14:35:40.771111+03:00,2026-08-13 03:45:00+03:00,21.1288,,
2026-08-09 14:35:40.771111+03:00,2026-08-13 04:00:00+03:00,21.145,,
2026-08-09 14:35:40.771111+03:00,2026-08-13 04:15:00+03:00,21.2535,,
2026-08-09 14:35:40.771111+03:00,2026-08-13 04:30:00+03:00,21.2093,,
2026-08-09 14:35:40.771111+03:00,2026-08-13 04:45:00+03:00,21.2107,,
2026-08-09 14:35:40.771111+03:00,2026-08-13 05:00:00+03:00,21.1688,,
2026-08-09 14:35:40.771111+03:00,2026-08-13 05:15:00+03:00,21.446,,
2026-08-09 14:35:40.771111+03:00,2026-08-13 05:30:00+03:00,21.6503,,
2026-08-09 14:35:40.771111+03:00,2026-08-13 05:45:00+03:00,21.5657,,
2026-08-09 14:35:40.771111+03:00,2026-08-13 06:00:00+03:00,21.5885,,
2026-08-09 14:35:40.771111+03:00,2026-08-13 06:15:00+03:00,21.8185,,
2026-08-09 14:35:40.771111+03:00,2026-08-13 06:30:00+03:00,22.0936,,
2026-08-09 14:35:40.771111+03:00,2026-08-13 06:45:00+03:00,22.0216,,
2026-08-09 14:35:40.771111+03:00,2026-08-13 07:00:00+03:00,22.045,,
2026-08-09 14:35:40.771111+03:00,2026-08-13 07:15:00+03:00,22.2702,,
2026-08-09 14:35:40.771111+03:00,2026-08-13 07:30:00+03:00,22.6383,,
2026-08-09 14:35:40.771111+03:00,2026-08-13 07:45:00+03:00,22.93,,
2026-08-09 14:35:40.771111+03:00,2026-08-13 08:00:00+03:00,23.2727,,
2026-08-09 14:35:40.771111+03:00,2026-08-13 08:15:00+03:00,23.1528,,
2026-08-09 14:35:40.771111+03:00,2026-08-13 08:30:00+03:00,23.1659,,
2026-08-09 14:35:40.771111+03:00,2026-08-13 08:45:00+03:00,23.0979,,
2026-08-09 14:35:40.771111+03:00,2026-08-13 09:00:00+03:00,23.1013,,
2026-08-09 14:35:40.771111+03:00,2026-08-13 09:15:00+03:00,22.9506,,
2026-08-09 14:35:40.771111+03:00,2026-08-13 09:30:00+03:00,23.0133,,
2026-08-09 14:35:40.771111+03:00,2026-08-13 09:45:00+03:00,23.0437,,
2026-08-09 14:35:40.771111+03:00,2026-08-13 10:00:00+03:00,22.9563,,
2026-08-09 14:35:40.771111+03:00,2026-08-13 10:15:00+03:00,22.8945,,
2026-08-09 14:35:40.771111+03:00,2026-08-13 10:30:00+03:00,22.5743,,
2026-08-09 14:35:40.771111+03:00,2026-08-13 10:45:00+03:00,22.5982,,
2026-08-09 14:35:40.771111+03:00,2026-08-13 11:00:00+03:00,22.6218,,
2026-08-09 14:35:40.771111+03:00,2026-08-13 11:15:00+03:00,22.6414,,
2026-08-09 14:35:40.771111+03:00,2026-08-13 11:30:00+03:00,22.6296,,
2026-08-09 14:35:40.771111+03:00,2026-08-13 11:45:00+03:00,22.6398,,
2026-08-09 14:35:40.771111+03:00,2026-08-13 12:00:00+03:00,22.6694,,
2026-08-09 14:35:40.771111+03:00,2026-08-13 12:15:00+03:00,22.6534,,
2026-08-09 14:35:40.771111+03:00,2026-08-13 12:30:00+03:00,22.6354,,
2026-08-09 14:35:40.771111+03:00,2026-08-13 12:45:00+03:00,22.6449,,
2026-08-09 14:35:40.771111+03:00,2026-08-13 13:00:00+03:00,22.6803,,
2026-08-09 14:35:40.771111+03:00,2026-08-13 13:15:00+03:00,22.686,,
2026-08-09 14:35:40.771111+03:00,2026-08-13 13:30:00+03:00,22.6654,,
2026-08-09 14:35:40.771111+03:00,2026-08-13 13:45:00+03:00,22.6696,,
2026-08-09 14:35:40.771111+03:00,2026-08-13 14:00:00+03:00,22.6797,,
2026-08-09 14:35:40.771111+03:00,2026-08-13 14:15:00+03:00,22.7174,,
2026-08-09 14:35:40.771111+03:00,2026-08-13 14:30:00+03:00,22.6725,,
2026-08-09 14:35:40.771111+03:00,2026-08-13 14:45:00+03:00,22.6813,,
2026-08-09 14:35:40.771111+03:00,2026-08-13 15:00:00+03:00,22.6847,,
2026-08-09 14:35:40.771111+03:00,2026-08-13 15:15:00+03:00,22.7796,,
2026-08-09 14:35:40.771111+03:00,2026-08-13 15:30:00+03:00,22.7148,,
2026-08-09 14:35:40.771111+03:00,2026-08-13 15:45:00+03:00,22.7033,,
2026-08-09 14:35:40.771111+03:00,2026-08-13 16:00:00+03:00,22.6997,,
2026-08-09 14:35:40.771111+03:00,2026-08-13 16:15:00+03:00,22.8776,,
2026-08-09 14:35:40.771111+03:00,2026-08-13 16:30:00+03:00,22.748,,
2026-08-09 14:35:40.771111+03:00,2026-08-13 16:45:00+03:00,22.7394,,
2026-08-09 14:35:40.771111+03:00,2026-08-13 17:00:00+03:00,22.7681,,
2026-08-09 14:35:40.771111+03:00,2026-08-13 17:15:00+03:00,22.8479,,
2026-08-09 14:35:40.771111+03:00,2026-08-13 17:30:00+03:00,22.7903,,
2026-08-09 14:35:40.771111+03:00,2026-08-13 17:45:00+03:00,22.7802,,
2026-08-09 14:35:40.771111+03:00,2026-08-13 18:00:00+03:00,22.7796,,
2026-08-09 14:35:40.771111+03:00,2026-08-13 18:15:00+03:00,22.7768,,
2026-08-09 14:35:40.771111+03:00,2026-08-13 18:30:00+03:00,22.747,,
2026-08-09 14:35:40.771111+03:00,2026-08-13 18:45:00+03:00,22.7712,,
2026-08-09 14:35:40.771111+03:00,2026-08-13 19:00:00+03:00,22.7531,,
2026-08-09 14:35:40.771111+03:00,2026-08-13 19:15:00+03:00,22.675,,
2026-08-09 14:35:40.771111+03:00,2026-08-13 19:30:00+03:00,22.6858,,
2026-08-09 14:35:40.771111+03:00,2026-08-13 19:45:00+03:00,22.7333,,
2026-08-09 14:35:40.771111+03:00,2026-08-13 20:00:00+03:00,22.7212,,
2026-08-09 14:35:40.771111+03:00,2026-08-13 20:15:00+03:00,22.4688,,
2026-08-09 14:35:40.771111+03:00,2026-08-13 20:30:00+03:00,22.2071,,
2026-08-09 14:35:40.771111+03:00,2026-08-13 20:45:00+03:00,22.2646,,
2026-08-09 14:35:40.771111+03:00,2026-08-13 21:00:00+03:00,22.308,,
2026-08-09 14:35:40.771111+03:00,2026-08-13 21:15:00+03:00,22.3734,,
2026-08-09 14:35:40.771111+03:00,2026-08-13 21:30:00+03:00,22.4051,,
2026-08-09 14:35:40.771111+03:00,2026-08-13 21:45:00+03:00,22.4159,,
2026-08-09 14:35:40.771111+03:00,2026-08-13 22:00:00+03:00,22.412,,
2026-08-09 14:35:40.771111+03:00,2026-08-13 22:15:00+03:00,22.1347,,
2026-08-09 14:35:40.771111+03:00,2026-08-13 22:30:00+03:00,22.2543,,
2026-08-09 14:35:40.771111+03:00,2026-08-13 22:45:00+03:00,22.3316,,
2026-08-09 14:35:40.771111+03:00,2026-08-13 23:00:00+03:00,22.3668,,
2026-08-09 14:35:40.771111+03:00,2026-08-13 23:15:00+03:00,22.0281,,
2026-08-09 14:35:40.771111+03:00,2026-08-13 23:30:00+03:00,21.5249,,
2026-08-09 14:35:40.771111+03:00,2026-08-13 23:45:00+03:00,21.1477,,
2026-08-09 14:35:40.771111+03:00,2026-08-14 00:00:00+03:00,20.818,,
2026-08-09 14:35:40.771111+03:00,2026-08-14 00:15:00+03:00,20.7921,,
2026-08-09 14:35:40.771111+03:00,2026-08-14 00:30:00+03:00,20.7592,,
2026-08-09 14:35:40.771111+03:00,2026-08-14 00:45:00+03:00,20.8096,,
2026-08-09 14:35:40.771111+03:00,2026-08-14 01:00:00+03:00,20.7745,,
2026-08-09 14:35:40.771111+03:00,2026-08-14 01:15:00+03:00,20.6838,,
2026-08-09 14:35:40.771111+03:00,2026-08-14 01:30:00+03:00,20.6931,,
2026-08-09 14:35:40.771111+03:00,2026-08-14 01:45:00+03:00,20.772,,
2026-08-09 14:35:40.771111+03:00,2026-08-14 02:00:00+03:00,20.7563,,
2026-08-09 14:35:40.771111+03:00,2026-08-14 02:15:00+03:00,20.7779,,
2026-08-09 14:35:40.771111+03:00,2026-08-14 02:30:00+03:00,20.7723,,
2026-08-09 14:35:40.771111+03:00,2026-08-14 02:45:00+03:00,20.7753,,
2026-08-09 14:35:40.771111+03:00,2026-08-14 03:00:00+03:00,20.7664,,
2026-08-09 14:35:40.771111+03:00,2026-08-14 03:15:00+03:00,20.822,,
2026-08-09 14:35:40.771111+03:00,2026-08-14 03:30:00+03:00,20.8153,,
2026-08-09 14:35:40.771111+03:00,2026-08-14 03:45:00+03:00,20.8165,,
2026-08-09 14:35:40.771111+03:00,2026-08-14 04:00:00+03:00,20.8222,,
2026-08-09 14:35:40.771111+03:00,2026-08-14 04:15:00+03:00,20.9553,,
2026-08-09 14:35:40.771111+03:00,2026-08-14 04:30:00+03:00,20.8882,,
2026-08-09 14:35:40.771111+03:00,2026-08-14 04:45:00+03:00,20.8888,,
2026-08-09 14:35:40.771111+03:00,2026-08-14 05:00:00+03:00,20.861,,
2026-08-09 14:35:40.771111+03:00,2026-08-14 05:15:00+03:00,21.126,,
2026-08-09 14:35:40.771111+03:00,2026-08-14 05:30:00+03:00,21.326,,
2026-08-09 14:35:40.771111+03:00,2026-08-14 05:45:00+03:00,21.2283,,
2026-08-09 14:35:40.771111+03:00,2026-08-14 06:00:00+03:00,21.2133,,
2026-08-09 14:35:40.771111+03:00,2026-08-14 06:15:00+03:00,21.4005,,
2026-08-09 14:35:40.771111+03:00,2026-08-14 06:30:00+03:00,21.601,,
2026-08-09 14:35:40.771111+03:00,2026-08-14 06:45:00+03:00,21.5941,,
2026-08-09 14:35:40.771111+03:00,2026-08-14 07:00:00+03:00,21.5851,,
2026-08-09 14:35:40.771111+03:00,2026-08-14 07:15:00+03:00,21.8433,,
2026-08-09 14:35:40.771111+03:00,2026-08-14 07:30:00+03:00,22.0929,,
2026-08-09 14:35:40.771111+03:00,2026-08-14 07:45:00+03:00,22.011,,
2026-08-09 14:35:40.771111+03:00,2026-08-14 08:00:00+03:00,22.0421,,
2026-08-09 14:35:40.771111+03:00,2026-08-14 08:15:00+03:00,21.9867,,
2026-08-09 14:35:40.771111+03:00,2026-08-14 08:30:00+03:00,21.9803,,
2026-08-09 14:35:40.771111+03:00,2026-08-14 08:45:00+03:00,21.9808,,
2026-08-09 14:35:40.771111+03:00,2026-08-14 09:00:00+03:00,21.9771,,
2026-08-09 14:35:40.771111+03:00,2026-08-14 09:15:00+03:00,21.9028,,
2026-08-09 14:35:40.771111+03:00,2026-08-14 09:30:00+03:00,21.8858,,
2026-08-09 14:35:40.771111+03:00,2026-08-14 09:45:00+03:00,21.9035,,
2026-08-09 14:35:40.771111+03:00,2026-08-14 10:00:00+03:00,21.8711,,
2026-08-09 14:35:40.771111+03:00,2026-08-14 10:15:00+03:00,21.8138,,
2026-08-09 14:35:40.771111+03:00,2026-08-14 10:30:00+03:00,21.8233,,
2026-08-09 14:35:40.771111+03:00,2026-08-14 10:45:00+03:00,21.8432,,
2026-08-09 14:35:40.771111+03:00,2026-08-14 11:00:00+03:00,21.8459,,
2026-08-09 14:35:40.771111+03:00,2026-08-14 11:15:00+03:00,21.8161,,
2026-08-09 14:35:40.771111+03:00,2026-08-14 11:30:00+03:00,21.8217,,
2026-08-09 14:35:40.771111+03:00,2026-08-14 11:45:00+03:00,21.8275,,
2026-08-09 14:35:40.771111+03:00,2026-08-14 12:00:00+03:00,21.8545,,
2026-08-09 14:35:40.771111+03:00,2026-08-14 12:15:00+03:00,21.8351,,
2026-08-09 14:35:40.771111+03:00,2026-08-14 12:30:00+03:00,21.8337,,
2026-08-09 14:35:40.771111+03:00,2026-08-14 12:45:00+03:00,21.8388,,
2026-08-09 14:35:40.771111+03:00,2026-08-14 13:00:00+03:00,21.8516,,
2026-08-09 14:35:40.771111+03:00,2026-08-14 13:15:00+03:00,21.8401,,
2026-08-09 14:35:40.771111+03:00,2026-08-14 13:30:00+03:00,21.8369,,
2026-08-09 14:35:40.771111+03:00,2026-08-14 13:45:00+03:00,21.844,,
2026-08-09 14:35:40.771111+03:00,2026-08-14 14:00:00+03:00,21.8548,,
2026-08-09 14:35:40.771111+03:00,2026-08-14 14:15:00+03:00,21.8718,,
2026-08-09 14:35:40.771111+03:00,2026-08-14 14:30:00+03:00,21.8607,,
2026-08-09 14:35:40.771111+03:00,2026-08-14 14:45:00+03:00,21.864,,
2026-08-09 14:35:40.771111+03:00,2026-08-14 15:00:00+03:00,21.8806,,
2026-08-09 14:35:40.771111+03:00,2026-08-14 15:15:00+03:00,21.9508,,
2026-08-09 14:35:40.771111+03:00,2026-08-14 15:30:00+03:00,21.934,,
2026-08-09 14:35:40.771111+03:00,2026-08-14 15:45:00+03:00,21.9285,,
2026-08-09 14:35:40.771111+03:00,2026-08-14 16:00:00+03:00,21.8954,,
2026-08-09 14:35:40.771111+03:00,2026-08-14 16:15:00+03:00,21.9902,,
2026-08-09 14:35:40.771111+03:00,2026-08-14 16:30:00+03:00,21.9402,,
2026-08-09 14:35:40.771111+03:00,2026-08-14 16:45:00+03:00,21.9396,,
2026-08-09 14:35:40.771111+03:00,2026-08-14 17:00:00+03:00,21.9587,,
2026-08-09 14:35:40.771111+03:00,2026-08-14 17:15:00+03:00,22.0047,,
2026-08-09 14:35:40.771111+03:00,2026-08-14 17:30:00+03:00,21.971,,
2026-08-09 14:35:40.771111+03:00,2026-08-14 17:45:00+03:00,21.9673,,
2026-08-09 14:35:40.771111+03:00,2026-08-14 18:00:00+03:00,21.9571,,
2026-08-09 14:35:40.771111+03:00,2026-08-14 18:15:00+03:00,21.9297,,
2026-08-09 14:35:40.771111+03:00,2026-08-14 18:30:00+03:00,21.9286,,
2026-08-09 14:35:40.771111+03:00,2026-08-14 18:45:00+03:00,21.9536,,
2026-08-09 14:35:40.771111+03:00,2026-08-14 19:00:00+03:00,21.9559,,
2026-08-09 14:35:40.771111+03:00,2026-08-14 19:15:00+03:00,21.8205,,
2026-08-09 14:35:40.771111+03:00,2026-08-14 19:30:00+03:00,21.8346,,
2026-08-09 14:35:40.771111+03:00,2026-08-14 19:45:00+03:00,21.901,,
2026-08-09 14:35:40.771111+03:00,2026-08-14 20:00:00+03:00,21.911,,
2026-08-09 14:35:40.771111+03:00,2026-08-14 20:15:00+03:00,21.6206,,
2026-08-09 14:35:40.771111+03:00,2026-08-14 20:30:00+03:00,21.2861,,
2026-08-09 14:35:40.771111+03:00,2026-08-14 20:45:00+03:00,21.0097,,
2026-08-09 14:35:40.771111+03:00,2026-08-14 21:00:00+03:00,20.9591,,
2026-08-09 14:35:40.771111+03:00,2026-08-14 21:15:00+03:00,20.7141,,
2026-08-09 14:35:40.771111+03:00,2026-08-14 21:30:00+03:00,20.7447,,
2026-08-09 14:35:40.771111+03:00,2026-08-14 21:45:00+03:00,20.7845,,
2026-08-09 14:35:40.771111+03:00,2026-08-14 22:00:00+03:00,20.8036,,
2026-08-09 14:35:40.771111+03:00,2026-08-14 22:15:00+03:00,20.5322,,
2026-08-09 14:35:40.771111+03:00,2026-08-14 22:30:00+03:00,20.1763,,
2026-08-09 14:35:40.771111+03:00,2026-08-14 22:45:00+03:00,19.9092,,
2026-08-09 14:35:40.771111+03:00,2026-08-14 23:00:00+03:00,19.7083,,
2026-08-09 14:35:40.771111+03:00,2026-08-14 23:15:00+03:00,19.44,,
2026-08-09 14:35:40.771111+03:00,2026-08-14 23:30:00+03:00,19.2469,,
2026-08-09 14:35:40.771111+03:00,2026-08-14 23:45:00+03:00,18.8833,,
2026-08-09 14:35:40.771111+03:00,2026-08-15 00:00:00+03:00,18.5133,,
2026-08-09 14:35:40.771111+03:00,2026-08-15 00:15:00+03:00,18.1233,,
2026-08-09 14:35:40.771111+03:00,2026-08-15 00:30:00+03:00,17.8179,,
2026-08-09 14:35:40.771111+03:00,2026-08-15 00:45:00+03:00,17.8548,,
2026-08-09 14:35:40.771111+03:00,2026-08-15 01:00:00+03:00,17.9242,,
2026-08-09 14:35:40.771111+03:00,2026-08-15 01:15:00+03:00,17.8337,,
2026-08-09 14:35:40.771111+03:00,2026-08-15 01:30:00+03:00,17.8298,,
2026-08-09 14:35:40.771111+03:00,2026-08-15 01:45:00+03:00,17.9091,,
2026-08-09 14:35:40.771111+03:00,2026-08-15 02:00:00+03:00,17.9495,,
2026-08-09 14:35:40.771111+03:00,2026-08-15 02:15:00+03:00,17.9274,,
2026-08-09 14:35:40.771111+03:00,2026-08-15 02:30:00+03:00,17.9359,,
2026-08-09 14:35:40.771111+03:00,2026-08-15 02:45:00+03:00,17.9517,,
2026-08-09 14:35:40.771111+03:00,2026-08-15 03:00:00+03:00,17.9734,,
2026-08-09 14:35:40.771111+03:00,2026-08-15 03:15:00+03:00,17.977,,
2026-08-09 14:35:40.771111+03:00,2026-08-15 03:30:00+03:00,17.9873,,
2026-08-09 14:35:40.771111+03:00,2026-08-15 03:45:00+03:00,17.9965,,
2026-08-09 14:35:40.771111+03:00,2026-08-15 04:00:00+03:00,18.013,,
2026-08-09 14:35:40.771111+03:00,2026-08-15 04:15:00+03:00,18.0152,,
2026-08-09 14:35:40.771111+03:00,2026-08-15 04:30:00+03:00,18.0178,,
2026-08-09 14:35:40.771111+03:00,2026-08-15 04:45:00+03:00,18.031,,
2026-08-09 14:35:40.771111+03:00,2026-08-15 05:00:00+03:00,18.0823,,
2026-08-09 14:35:40.771111+03:00,2026-08-15 05:15:00+03:00,18.1183,,
2026-08-09 14:35:40.771111+03:00,2026-08-15 05:30:00+03:00,18.1112,,
2026-08-09 14:35:40.771111+03:00,2026-08-15 05:45:00+03:00,18.0972,,
2026-08-09 14:35:40.771111+03:00,2026-08-15 06:00:00+03:00,18.0985,,
2026-08-09 14:35:40.771111+03:00,2026-08-15 06:15:00+03:00,18.1705,,
2026-08-09 14:35:40.771111+03:00,2026-08-15 06:30:00+03:00,18.1621,,
2026-08-09 14:35:40.771111+03:00,2026-08-15 06:45:00+03:00,18.1658,,
2026-08-09 14:35:40.771111+03:00,2026-08-15 07:00:00+03:00,18.1643,,
2026-08-09 14:35:40.771111+03:00,2026-08-15 07:15:00+03:00,18.286,,
2026-08-09 14:35:40.771111+03:00,2026-08-15 07:30:00+03:00,18.5856,,
2026-08-09 14:35:40.771111+03:00,2026-08-15 07:45:00+03:00,18.5633,,
2026-08-09 14:35:40.771111+03:00,2026-08-15 08:00:00+03:00,18.5051,,
2026-08-09 14:35:40.771111+03:00,2026-08-15 08:15:00+03:00,18.446,,
2026-08-09 14:35:40.771111+03:00,2026-08-15 08:30:00+03:00,18.4588,,
2026-08-09 14:35:40.771111+03:00,2026-08-15 08:45:00+03:00,18.4613,,
2026-08-09 14:35:40.771111+03:00,2026-08-15 09:00:00+03:00,18.4732,,
2026-08-09 14:35:40.771111+03:00,2026-08-15 09:15:00+03:00,18.4227,,
2026-08-09 14:35:40.771111+03:00,2026-08-15 09:30:00+03:00,18.4211,,
2026-08-09 14:35:40.771111+03:00,2026-08-15 09:45:00+03:00,18.432,,
2026-08-09 14:35:40.771111+03:00,2026-08-15 10:00:00+03:00,18.4144,,
2026-08-09 14:35:40.771111+03:00,2026-08-15 10:15:00+03:00,18.3242,,
2026-08-09 14:35:40.771111+03:00,2026-08-15 10:30:00+03:00,18.3438,,
2026-08-09 14:35:40.771111+03:00,2026-08-15 10:45:00+03:00,18.3586,,
2026-08-09 14:35:40.771111+03:00,2026-08-15 11:00:00+03:00,18.3492,,
2026-08-09 14:35:40.771111+03:00,2026-08-15 11:15:00+03:00,18.285,,
2026-08-09 14:35:40.771111+03:00,2026-08-15 11:30:00+03:00,18.2971,,
2026-08-09 14:35:40.771111+03:00,2026-08-15 11:45:00+03:00,18.317,,
2026-08-09 14:35:40.771111+03:00,2026-08-15 12:00:00+03:00,18.3433,,
2026-08-09 14:35:40.771111+03:00,2026-08-15 12:15:00+03:00,18.2956,,
2026-08-09 14:35:40.771111+03:00,2026-08-15 12:30:00+03:00,18.3205,,
2026-08-09 14:35:40.771111+03:00,2026-08-15 12:45:00+03:00,18.3335,,
2026-08-09 14:35:40.771111+03:00,2026-08-15 13:00:00+03:00,18.3273,,
2026-08-09 14:35:40.771111+03:00,2026-08-15 13:15:00+03:00,18.2831,,
2026-08-09 14:35:40.771111+03:00,2026-08-15 13:30:00+03:00,18.305,,
2026-08-09 14:35:40.771111+03:00,2026-08-15 13:45:00+03:00,18.3184,,
2026-08-09 14:35:40.771111+03:00,2026-08-15 14:00:00+03:00,18.356,,
2026-08-09 14:35:40.771111+03:00,2026-08-15 14:15:00+03:00,18.3764,,
2026-08-09 14:35:40.771111+03:00,2026-08-15 14:30:00+03:00,18.3767,,
2026-08-09 14:35:40.771111+03:00,2026-08-15 14:45:00+03:00,18.3852,,
2026-08-09 14:35:40.771111+03:00,2026-08-15 15:00:00+03:00,18.3565,,
2026-08-09 14:35:40.771111+03:00,2026-08-15 15:15:00+03:00,18.4308,,
2026-08-09 14:35:40.771111+03:00,2026-08-15 15:30:00+03:00,18.4138,,
2026-08-09 14:35:40.771111+03:00,2026-08-15 15:45:00+03:00,18.4063,,
2026-08-09 14:35:40.771111+03:00,2026-08-15 16:00:00+03:00,18.3702,,
2026-08-09 14:35:40.771111+03:00,2026-08-15 16:15:00+03:00,18.5098,,
2026-08-09 14:35:40.771111+03:00,2026-08-15 16:30:00+03:00,18.4301,,
2026-08-09 14:35:40.771111+03:00,2026-08-15 16:45:00+03:00,18.4348,,
2026-08-09 14:35:40.771111+03:00,2026-08-15 17:00:00+03:00,18.4347,,
2026-08-09 14:35:40.771111+03:00,2026-08-15 17:15:00+03:00,18.6063,,
2026-08-09 14:35:40.771111+03:00,2026-08-15 17:30:00+03:00,18.8819,,
2026-08-09 14:35:40.771111+03:00,2026-08-15 17:45:00+03:00,18.8822,,
2026-08-09 14:35:40.771111+03:00,2026-08-15 18:00:00+03:00,18.8853,,
2026-08-09 14:35:40.771111+03:00,2026-08-15 18:15:00+03:00,18.7617,,
2026-08-09 14:35:40.771111+03:00,2026-08-15 18:30:00+03:00,18.7386,,
2026-08-09 14:35:40.771111+03:00,2026-08-15 18:45:00+03:00,18.769,,
2026-08-09 14:35:40.771111+03:00,2026-08-15 19:00:00+03:00,18.7459,,
2026-08-09 14:35:40.771111+03:00,2026-08-15 19:15:00+03:00,18.6103,,
2026-08-09 14:35:40.771111+03:00,2026-08-15 19:30:00+03:00,18.6326,,
2026-08-09 14:35:40.771111+03:00,2026-08-15 19:45:00+03:00,18.6797,,
2026-08-09 14:35:40.771111+03:00,2026-08-15 20:00:00+03:00,18.7075,,
2026-08-09 14:35:40.771111+03:00,2026-08-15 20:15:00+03:00,18.4716,,
2026-08-09 14:35:40.771111+03:00,2026-08-15 20:30:00+03:00,18.1782,,
2026-08-09 14:35:40.771111+03:00,2026-08-15 20:45:00+03:00,17.8859,,
2026-08-09 14:35:40.771111+03:00,2026-08-15 21:00:00+03:00,17.852,,
2026-08-09 14:35:40.771111+03:00,2026-08-15 21:15:00+03:00,17.9523,,
2026-08-09 14:35:40.771111+03:00,2026-08-15 21:30:00+03:00,18.0322,,
2026-08-09 14:35:40.771111+03:00,2026-08-15 21:45:00+03:00,18.053,,
2026-08-09 14:35:40.771111+03:00,2026-08-15 22:00:00+03:00,18.023,,
2026-08-09 14:35:40.771111+03:00,2026-08-15 22:15:00+03:00,17.715,,
2026-08-09 14:35:40.771111+03:00,2026-08-15 22:30:00+03:00,17.2298,,
2026-08-09 14:35:40.771111+03:00,2026-08-15 22:45:00+03:00,16.9488,,
2026-08-09 14:35:40.771111+03:00,2026-08-15 23:00:00+03:00,16.8865,,
2026-08-09 14:35:40.771111+03:00,2026-08-15 23:15:00+03:00,16.3175,,
2026-08-09 14:35:40.771111+03:00,2026-08-15 23:30:00+03:00,15.7984,,
2026-08-09 14:35:40.771111+03:00,2026-08-15 23:45:00+03:00,15.0318,,
2026-08-09 14:35:40.771111+03:00,2026-08-16 00:00:00+03:00,14.6108,,
2026-08-09 14:35:40.771111+03:00,2026-08-16 00:15:00+03:00,14.2742,,
2026-08-09 14:35:40.771111+03:00,2026-08-16 00:30:00+03:00,13.7802,,
2026-08-09 14:35:40.771111+03:00,2026-08-16 00:45:00+03:00,13.1698,,
2026-08-09 14:35:40.771111+03:00,2026-08-16 01:00:00+03:00,12.6061,,
2026-08-09 14:35:40.771111+03:00,2026-08-16 01:15:00+03:00,12.0447,,
2026-08-09 14:35:40.771111+03:00,2026-08-16 01:30:00+03:00,11.795,,
2026-08-09 14:35:40.771111+03:00,2026-08-16 01:45:00+03:00,11.1468,,
2026-08-09 14:35:40.771111+03:00,2026-08-16 02:00:00+03:00,10.8845,,
2026-08-09 14:35:40.771111+03:00,2026-08-16 02:15:00+03:00,10.3088,,
2026-08-09 14:35:40.771111+03:00,2026-08-16 02:30:00+03:00,9.8942,,
2026-08-09 14:35:40.771111+03:00,2026-08-16 02:45:00+03:00,9.6249,,
2026-08-09 14:35:40.771111+03:00,2026-08-16 03:00:00+03:00,9.2602,,
2026-08-09 14:35:40.771111+03:00,2026-08-16 03:15:00+03:00,8.8924,,
2026-08-09 14:35:40.771111+03:00,2026-08-16 03:30:00+03:00,8.4768,,
2026-08-09 14:35:40.771111+03:00,2026-08-16 03:45:00+03:00,7.984,,
2026-08-09 14:35:40.771111+03:00,2026-08-16 04:00:00+03:00,7.6455,,
2026-08-09 14:35:40.771111+03:00,2026-08-16 04:15:00+03:00,7.47,,
2026-08-09 14:35:40.771111+03:00,2026-08-16 04:30:00+03:00,7.4532,,
2026-08-09 14:35:40.771111+03:00,2026-08-16 04:45:00+03:00,7.6151,,
2026-08-09 14:35:40.771111+03:00,2026-08-16 05:00:00+03:00,7.7758,,
2026-08-09 14:35:40.771111+03:00,2026-08-16 05:15:00+03:00,8.0005,,
2026-08-09 14:35:40.771111+03:00,2026-08-16 05:30:00+03:00,8.2508,,
2026-08-09 14:35:40.771111+03:00,2026-08-16 05:45:00+03:00,8.6082,,
2026-08-09 14:35:40.771111+03:00,2026-08-16 06:00:00+03:00,8.4738,,
2026-08-09 14:35:40.771111+03:00,2026-08-16 06:15:00+03:00,8.6995,,
2026-08-09 14:35:40.771111+03:00,2026-08-16 06:30:00+03:00,9.1946,,
2026-08-09 14:35:40.771111+03:00,2026-08-16 06:45:00+03:00,9.4908,,
2026-08-09 14:35:40.771111+03:00,2026-08-16 07:00:00+03:00,9.9587,,
2026-08-09 14:35:40.771111+03:00,2026-08-16 07:15:00+03:00,10.7865,,
2026-08-09 14:35:40.771111+03:00,2026-08-16 07:30:00+03:00,11.8244,,
2026-08-09 14:35:40.771111+03:00,2026-08-16 07:45:00+03:00,12.4832,,
2026-08-09 14:35:40.771111+03:00,2026-08-16 08:00:00+03:00,13.24,,
2026-08-09 14:35:40.771111+03:00,2026-08-16 08:15:00+03:00,13.8466,,
2026-08-09 14:35:40.771111+03:00,2026-08-16 08:30:00+03:00,14.0401,,
2026-08-09 14:35:40.771111+03:00,2026-08-16 08:45:00+03:00,14.7091,,
2026-08-09 14:35:40.771111+03:00,2026-08-16 09:00:00+03:00,15.2096,,
2026-08-09 14:35:40.771111+03:00,2026-08-16 09:15:00+03:00,15.5073,,
2026-08-09 14:35:40.771111+03:00,2026-08-16 09:30:00+03:00,16.233,,
2026-08-09 14:35:40.771111+03:00,2026-08-16 09:45:00+03:00,16.4109,,
2026-08-09 14:35:40.771111+03:00,2026-08-16 10:00:00+03:00,16.176,,
2026-08-09 14:35:40.771111+03:00,2026-08-16 10:15:00+03:00,16.0482,,
2026-08-09 14:35:40.771111+03:00,2026-08-16 10:30:00+03:00,16.0822,,
2026-08-09 14:35:40.771111+03:00,2026-08-16 10:45:00+03:00,16.0848,,
2026-08-09 14:35:40.771111+03:00,2026-08-16 11:00:00+03:00,16.1199,,
2026-08-09 14:35:40.771111+03:00,2026-08-16 11:15:00+03:00,16.0486,,
2026-08-09 14:35:40.771111+03:00,2026-08-16 11:30:00+03:00,16.0748,,
2026-08-09 14:35:40.771111+03:00,2026-08-16 11:45:00+03:00,16.0698,,
2026-08-09 14:35:40.771111+03:00,2026-08-16 12:00:00+03:00,16.1407,,
2026-08-09 14:35:40.771111+03:00,2026-08-16 12:15:00+03:00,16.1104,,
2026-08-09 14:35:40.771111+03:00,2026-08-16 12:30:00+03:00,16.1312,,
2026-08-09 14:35:40.771111+03:00,2026-08-16 12:45:00+03:00,16.1237,,
2026-08-09 14:35:40.771111+03:00,2026-08-16 13:00:00+03:00,16.1182,,
2026-08-09 14:35:40.771111+03:00,2026-08-16 13:15:00+03:00,16.0903,,
2026-08-09 14:35:40.771111+03:00,2026-08-16 13:30:00+03:00,16.1165,,
2026-08-09 14:35:40.771111+03:00,2026-08-16 13:45:00+03:00,16.1139,,
2026-08-09 14:35:40.771111+03:00,2026-08-16 14:00:00+03:00,16.1151,,
2026-08-09 14:35:40.771111+03:00,2026-08-16 14:15:00+03:00,16.1861,,
2026-08-09 14:35:40.771111+03:00,2026-08-16 14:30:00+03:00,16.1868,,
2026-08-09 14:35:40.771111+03:00,2026-08-16 14:45:00+03:00,16.1755,,
2026-08-09 14:35:40.771111+03:00,2026-08-16 15:00:00+03:00,16.1255,,
2026-08-09 14:35:40.771111+03:00,2026-08-16 15:15:00+03:00,16.2634,,
2026-08-09 14:35:40.771111+03:00,2026-08-16 15:30:00+03:00,16.2368,,
2026-08-09 14:35:40.771111+03:00,2026-08-16 15:45:00+03:00,16.1806,,
2026-08-09 14:35:40.771111+03:00,2026-08-16 16:00:00+03:00,16.1284,,
2026-08-09 14:35:40.771111+03:00,2026-08-16 16:15:00+03:00,16.3597,,
2026-08-09 14:35:40.771111+03:00,2026-08-16 16:30:00+03:00,16.2663,,
2026-08-09 14:35:40.771111+03:00,2026-08-16 16:45:00+03:00,16.2165,,
2026-08-09 14:35:40.771111+03:00,2026-08-16 17:00:00+03:00,16.2082,,
2026-08-09 14:35:40.771111+03:00,2026-08-16 17:15:00+03:00,16.3517,,
2026-08-09 14:35:40.771111+03:00,2026-08-16 17:30:00+03:00,16.313,,
2026-08-09 14:35:40.771111+03:00,2026-08-16 17:45:00+03:00,16.2587,,
2026-08-09 14:35:40.771111+03:00,2026-08-16 18:00:00+03:00,16.194,,
2026-08-09 14:35:40.771111+03:00,2026-08-16 18:15:00+03:00,16.1793,,
2026-08-09 14:35:40.771111+03:00,2026-08-16 18:30:00+03:00,16.2055,,
2026-08-09 14:35:40.771111+03:00,2026-08-16 18:45:00+03:00,16.208,,
2026-08-09 14:35:40.771111+03:00,2026-08-16 19:00:00+03:00,16.1702,,
2026-08-09 14:35:40.771111+03:00,2026-08-16 19:15:00+03:00,16.0492,,
2026-08-09 14:35:40.771111+03:00,2026-08-16 19:30:00+03:00,16.1059,,
2026-08-09 14:35:40.771111+03:00,2026-08-16 19:45:00+03:00,16.1932,,
2026-08-09 14:35:40.771111+03:00,2026-08-16 20:00:00+03:00,16.2065,,
2026-08-09 14:35:40.771111+03:00,2026-08-16 20:15:00+03:00,15.9179,,
2026-08-09 14:35:40.771111+03:00,2026-08-16 20:30:00+03:00,15.6325,,
2026-08-09 14:35:40.771111+03:00,2026-08-16 20:45:00+03:00,15.6616,,
2026-08-09 14:35:40.771111+03:00,2026-08-16 21:00:00+03:00,15.7001,,
2026-08-09 14:35:40.771111+03:00,2026-08-16 21:15:00+03:00,15.7149,,
2026-08-09 14:35:40.771111+03:00,2026-08-16 21:30:00+03:00,15.7297,,
2026-08-09 14:35:40.771111+03:00,2026-08-16 21:45:00+03:00,15.7492,,
2026-08-09 14:35:40.771111+03:00,2026-08-16 22:00:00+03:00,15.7611,,
2026-08-09 14:35:40.771111+03:00,2026-08-16 22:15:00+03:00,15.4713,,
2026-08-09 14:35:40.771111+03:00,2026-08-16 22:30:00+03:00,15.5885,,
2026-08-09 14:35:40.771111+03:00,2026-08-16 22:45:00+03:00,15.6655,,
2026-08-09 14:35:40.771111+03:00,2026-08-16 23:00:00+03:00,15.7381,,
2026-08-09 14:35:40.771111+03:00,2026-08-16 23:15:00+03:00,15.4875,,
2026-08-09 14:35:40.771111+03:00,2026-08-16 23:30:00+03:00,15.598,,
2026-08-09 14:35:40.771111+03:00,2026-08-16 23:45:00+03:00,15.6495,,
