run_date,target_datetime,predicted_price,actual_price,abs_error
2026-08-25 18:24:39.927952+03:00,2026-08-26 00:00:00+03:00,45.2328,63.09,17.857200000000006
2026-08-25 18:24:39.927952+03:00,2026-08-26 00:15:00+03:00,43.7232,55.25,11.5268
2026-08-25 18:24:39.927952+03:00,2026-08-26 00:30:00+03:00,43.2733,57.41,14.136699999999998
2026-08-25 18:24:39.927952+03:00,2026-08-26 00:45:00+03:00,42.1748,49.18,7.005200000000002
2026-08-25 18:24:39.927952+03:00,2026-08-26 01:00:00+03:00,41.7827,60.0,18.2173
2026-08-25 18:24:39.927952+03:00,2026-08-26 01:15:00+03:00,40.8105,58.45,17.639500000000005
2026-08-25 18:24:39.927952+03:00,2026-08-26 01:30:00+03:00,40.3727,57.77,17.3973
2026-08-25 18:24:39.927952+03:00,2026-08-26 01:45:00+03:00,39.9893,58.33,18.3407
2026-08-25 18:24:39.927952+03:00,2026-08-26 02:00:00+03:00,39.5413,58.44,18.8987
2026-08-25 18:24:39.927952+03:00,2026-08-26 02:15:00+03:00,38.9161,59.52,20.603900000000003
2026-08-25 18:24:39.927952+03:00,2026-08-26 02:30:00+03:00,38.4178,60.87,22.4522
2026-08-25 18:24:39.927952+03:00,2026-08-26 02:45:00+03:00,38.4904,60.33,21.8396
2026-08-25 18:24:39.927952+03:00,2026-08-26 03:00:00+03:00,38.4701,60.21,21.7399
2026-08-25 18:24:39.927952+03:00,2026-08-26 03:15:00+03:00,38.597,60.0,21.403
2026-08-25 18:24:39.927952+03:00,2026-08-26 03:30:00+03:00,38.6176,62.05,23.432399999999998
2026-08-25 18:24:39.927952+03:00,2026-08-26 03:45:00+03:00,38.6151,64.86,26.2449
2026-08-25 18:24:39.927952+03:00,2026-08-26 04:00:00+03:00,38.5021,57.53,19.0279
2026-08-25 18:24:39.927952+03:00,2026-08-26 04:15:00+03:00,38.7869,64.67,25.8831
2026-08-25 18:24:39.927952+03:00,2026-08-26 04:30:00+03:00,38.8499,57.4,18.5501
2026-08-25 18:24:39.927952+03:00,2026-08-26 04:45:00+03:00,38.869,61.13,22.261000000000003
2026-08-25 18:24:39.927952+03:00,2026-08-26 05:00:00+03:00,38.7259,55.37,16.644099999999995
2026-08-25 18:24:39.927952+03:00,2026-08-26 05:15:00+03:00,39.6893,60.57,20.8807
2026-08-25 18:24:39.927952+03:00,2026-08-26 05:30:00+03:00,40.69,72.9,32.21000000000001
2026-08-25 18:24:39.927952+03:00,2026-08-26 05:45:00+03:00,41.4709,95.85,54.3791
2026-08-25 18:24:39.927952+03:00,2026-08-26 06:00:00+03:00,41.9033,60.66,18.756699999999995
2026-08-25 18:24:39.927952+03:00,2026-08-26 06:15:00+03:00,44.1731,80.57,36.3969
2026-08-25 18:24:39.927952+03:00,2026-08-26 06:30:00+03:00,45.5879,100.09,54.502100000000006
2026-08-25 18:24:39.927952+03:00,2026-08-26 06:45:00+03:00,47.0892,153.79,106.7008
2026-08-25 18:24:39.927952+03:00,2026-08-26 07:00:00+03:00,49.0183,104.4,55.3817
2026-08-25 18:24:39.927952+03:00,2026-08-26 07:15:00+03:00,51.6132,115.7,64.08680000000001
2026-08-25 18:24:39.927952+03:00,2026-08-26 07:30:00+03:00,54.1691,144.25,90.0809
2026-08-25 18:24:39.927952+03:00,2026-08-26 07:45:00+03:00,57.7118,171.01,113.2982
2026-08-25 18:24:39.927952+03:00,2026-08-26 08:00:00+03:00,60.5772,155.18,94.6028
2026-08-25 18:24:39.927952+03:00,2026-08-26 08:15:00+03:00,62.5611,165.94,103.3789
2026-08-25 18:24:39.927952+03:00,2026-08-26 08:30:00+03:00,64.4586,166.43,101.9714
2026-08-25 18:24:39.927952+03:00,2026-08-26 08:45:00+03:00,65.8218,167.02,101.1982
2026-08-25 18:24:39.927952+03:00,2026-08-26 09:00:00+03:00,67.1314,197.4,130.2686
2026-08-25 18:24:39.927952+03:00,2026-08-26 09:15:00+03:00,66.5083,190.8,124.2917
2026-08-25 18:24:39.927952+03:00,2026-08-26 09:30:00+03:00,66.832,176.14,109.308
2026-08-25 18:24:39.927952+03:00,2026-08-26 09:45:00+03:00,66.7697,158.36,91.5903
2026-08-25 18:24:39.927952+03:00,2026-08-26 10:00:00+03:00,66.7083,175.05,108.34170000000002
2026-08-25 18:24:39.927952+03:00,2026-08-26 10:15:00+03:00,66.8132,144.06,77.24680000000001
2026-08-25 18:24:39.927952+03:00,2026-08-26 10:30:00+03:00,66.656,105.8,39.14399999999999
2026-08-25 18:24:39.927952+03:00,2026-08-26 10:45:00+03:00,66.6912,87.88,21.1888
2026-08-25 18:24:39.927952+03:00,2026-08-26 11:00:00+03:00,66.615,122.85,56.235
2026-08-25 18:24:39.927952+03:00,2026-08-26 11:15:00+03:00,66.7455,104.71,37.96449999999999
2026-08-25 18:24:39.927952+03:00,2026-08-26 11:30:00+03:00,66.6145,103.33,36.71549999999999
2026-08-25 18:24:39.927952+03:00,2026-08-26 11:45:00+03:00,66.6338,99.94,33.306200000000004
2026-08-25 18:24:39.927952+03:00,2026-08-26 12:00:00+03:00,66.5749,100.41,33.8351
2026-08-25 18:24:39.927952+03:00,2026-08-26 12:15:00+03:00,66.7348,91.91,25.17519999999999
2026-08-25 18:24:39.927952+03:00,2026-08-26 12:30:00+03:00,66.5966,78.54,11.943400000000011
2026-08-25 18:24:39.927952+03:00,2026-08-26 12:45:00+03:00,66.6193,78.44,11.820700000000002
2026-08-25 18:24:39.927952+03:00,2026-08-26 13:00:00+03:00,66.554,95.34,28.786
2026-08-25 18:24:39.927952+03:00,2026-08-26 13:15:00+03:00,66.7009,76.92,10.219099999999996
2026-08-25 18:24:39.927952+03:00,2026-08-26 13:30:00+03:00,66.5668,77.38,10.813199999999997
2026-08-25 18:24:39.927952+03:00,2026-08-26 13:45:00+03:00,66.5857,77.01,10.424300000000002
2026-08-25 18:24:39.927952+03:00,2026-08-26 14:00:00+03:00,66.6093,77.72,11.110699999999994
2026-08-25 18:24:39.927952+03:00,2026-08-26 14:15:00+03:00,66.9462,73.77,6.823799999999991
2026-08-25 18:24:39.927952+03:00,2026-08-26 14:30:00+03:00,66.756,74.92,8.164000000000001
2026-08-25 18:24:39.927952+03:00,2026-08-26 14:45:00+03:00,66.7663,74.29,7.523700000000005
2026-08-25 18:24:39.927952+03:00,2026-08-26 15:00:00+03:00,66.6487,72.5,5.851299999999995
2026-08-25 18:24:39.927952+03:00,2026-08-26 15:15:00+03:00,67.1348,73.03,5.895200000000003
2026-08-25 18:24:39.927952+03:00,2026-08-26 15:30:00+03:00,66.8694,75.77,8.900599999999997
2026-08-25 18:24:39.927952+03:00,2026-08-26 15:45:00+03:00,66.8445,79.41,12.5655
2026-08-25 18:24:39.927952+03:00,2026-08-26 16:00:00+03:00,66.6664,76.85,10.183599999999998
2026-08-25 18:24:39.927952+03:00,2026-08-26 16:15:00+03:00,67.3747,87.78,20.4053
2026-08-25 18:24:39.927952+03:00,2026-08-26 16:30:00+03:00,68.2577,91.08,22.8223
2026-08-25 18:24:39.927952+03:00,2026-08-26 16:45:00+03:00,68.9465,99.58,30.6335
2026-08-25 18:24:39.927952+03:00,2026-08-26 17:00:00+03:00,68.8838,91.69,22.806200000000004
2026-08-25 18:24:39.927952+03:00,2026-08-26 17:15:00+03:00,68.9721,98.97,29.9979
2026-08-25 18:24:39.927952+03:00,2026-08-26 17:30:00+03:00,68.8403,111.12,42.279700000000005
2026-08-25 18:24:39.927952+03:00,2026-08-26 17:45:00+03:00,68.7487,136.4,67.6513
2026-08-25 18:24:39.927952+03:00,2026-08-26 18:00:00+03:00,68.7265,115.74,47.01349999999999
2026-08-25 18:24:39.927952+03:00,2026-08-26 18:15:00+03:00,68.499,146.62,78.12100000000001
2026-08-25 18:24:39.927952+03:00,2026-08-26 18:30:00+03:00,68.7344,165.7,96.9656
2026-08-25 18:24:39.927952+03:00,2026-08-26 18:45:00+03:00,68.7196,171.36,102.6404
2026-08-25 18:24:39.927952+03:00,2026-08-26 19:00:00+03:00,68.6871,157.08,88.39290000000001
2026-08-25 18:24:39.927952+03:00,2026-08-26 19:15:00+03:00,68.0194,166.2,98.18059999999998
2026-08-25 18:24:39.927952+03:00,2026-08-26 19:30:00+03:00,67.311,180.81,113.499
2026-08-25 18:24:39.927952+03:00,2026-08-26 19:45:00+03:00,67.539,201.31,133.77100000000002
2026-08-25 18:24:39.927952+03:00,2026-08-26 20:00:00+03:00,67.6365,178.57,110.9335
2026-08-25 18:24:39.927952+03:00,2026-08-26 20:15:00+03:00,67.0467,176.88,109.8333
2026-08-25 18:24:39.927952+03:00,2026-08-26 20:30:00+03:00,66.2144,168.84,102.6256
2026-08-25 18:24:39.927952+03:00,2026-08-26 20:45:00+03:00,65.9546,155.1,89.1454
2026-08-25 18:24:39.927952+03:00,2026-08-26 21:00:00+03:00,65.9957,183.33,117.3343
2026-08-25 18:24:39.927952+03:00,2026-08-26 21:15:00+03:00,65.5977,160.74,95.1423
2026-08-25 18:24:39.927952+03:00,2026-08-26 21:30:00+03:00,65.8335,140.14,74.30649999999999
2026-08-25 18:24:39.927952+03:00,2026-08-26 21:45:00+03:00,65.864,112.93,47.066
2026-08-25 18:24:39.927952+03:00,2026-08-26 22:00:00+03:00,65.8849,165.5,99.6151
2026-08-25 18:24:39.927952+03:00,2026-08-26 22:15:00+03:00,65.1853,159.81,94.6247
2026-08-25 18:24:39.927952+03:00,2026-08-26 22:30:00+03:00,63.7217,137.58,73.85830000000001
2026-08-25 18:24:39.927952+03:00,2026-08-26 22:45:00+03:00,63.4389,106.67,43.231100000000005
2026-08-25 18:24:39.927952+03:00,2026-08-26 23:00:00+03:00,62.4797,153.28,90.8003
2026-08-25 18:24:39.927952+03:00,2026-08-26 23:15:00+03:00,61.1585,129.9,68.7415
2026-08-25 18:24:39.927952+03:00,2026-08-26 23:30:00+03:00,59.6264,102.35,42.7236
2026-08-25 18:24:39.927952+03:00,2026-08-26 23:45:00+03:00,57.8802,68.07,10.189799999999993
2026-08-25 18:24:39.927952+03:00,2026-08-27 00:00:00+03:00,56.8672,102.64,45.7728
2026-08-25 18:24:39.927952+03:00,2026-08-27 00:15:00+03:00,57.3326,97.09,39.7574
2026-08-25 18:24:39.927952+03:00,2026-08-27 00:30:00+03:00,57.4178,94.05,36.6322
2026-08-25 18:24:39.927952+03:00,2026-08-27 00:45:00+03:00,57.4004,71.8,14.3996
2026-08-25 18:24:39.927952+03:00,2026-08-27 01:00:00+03:00,57.3835,71.55,14.1665
2026-08-25 18:24:39.927952+03:00,2026-08-27 01:15:00+03:00,56.6673,67.67,11.002700000000004
2026-08-25 18:24:39.927952+03:00,2026-08-27 01:30:00+03:00,55.6514,64.04,8.388600000000004
2026-08-25 18:24:39.927952+03:00,2026-08-27 01:45:00+03:00,55.3404,69.46,14.119599999999991
2026-08-25 18:24:39.927952+03:00,2026-08-27 02:00:00+03:00,54.7661,67.92,13.1539
2026-08-25 18:24:39.927952+03:00,2026-08-27 02:15:00+03:00,54.2222,62.47,8.247799999999998
2026-08-25 18:24:39.927952+03:00,2026-08-27 02:30:00+03:00,54.2305,67.86,13.6295
2026-08-25 18:24:39.927952+03:00,2026-08-27 02:45:00+03:00,54.2615,75.88,21.618499999999997
2026-08-25 18:24:39.927952+03:00,2026-08-27 03:00:00+03:00,54.393,57.46,3.067
2026-08-25 18:24:39.927952+03:00,2026-08-27 03:15:00+03:00,54.3717,64.34,9.968300000000006
2026-08-25 18:24:39.927952+03:00,2026-08-27 03:30:00+03:00,54.3295,71.94,17.610499999999995
2026-08-25 18:24:39.927952+03:00,2026-08-27 03:45:00+03:00,54.3519,76.56,22.2081
2026-08-25 18:24:39.927952+03:00,2026-08-27 04:00:00+03:00,54.5162,66.5,11.983800000000002
2026-08-25 18:24:39.927952+03:00,2026-08-27 04:15:00+03:00,54.7737,79.27,24.496299999999998
2026-08-25 18:24:39.927952+03:00,2026-08-27 04:30:00+03:00,54.5997,80.19,25.5903
2026-08-25 18:24:39.927952+03:00,2026-08-27 04:45:00+03:00,54.5781,81.57,26.991899999999994
2026-08-25 18:24:39.927952+03:00,2026-08-27 05:00:00+03:00,54.5534,70.63,16.076599999999992
2026-08-25 18:24:39.927952+03:00,2026-08-27 05:15:00+03:00,55.2473,79.0,23.752699999999997
2026-08-25 18:24:39.927952+03:00,2026-08-27 05:30:00+03:00,55.5642,85.87,30.305800000000005
2026-08-25 18:24:39.927952+03:00,2026-08-27 05:45:00+03:00,55.9156,92.19,36.2744
2026-08-25 18:24:39.927952+03:00,2026-08-27 06:00:00+03:00,55.8882,79.23,23.341800000000006
2026-08-25 18:24:39.927952+03:00,2026-08-27 06:15:00+03:00,56.5552,83.92,27.364800000000002
2026-08-25 18:24:39.927952+03:00,2026-08-27 06:30:00+03:00,56.7584,102.24,45.48159999999999
2026-08-25 18:24:39.927952+03:00,2026-08-27 06:45:00+03:00,56.5031,140.42,83.91689999999998
2026-08-25 18:24:39.927952+03:00,2026-08-27 07:00:00+03:00,56.4691,99.15,42.68090000000001
2026-08-25 18:24:39.927952+03:00,2026-08-27 07:15:00+03:00,56.9146,108.82,51.90539999999999
2026-08-25 18:24:39.927952+03:00,2026-08-27 07:30:00+03:00,57.7253,120.17,62.444700000000005
2026-08-25 18:24:39.927952+03:00,2026-08-27 07:45:00+03:00,58.455,131.0,72.545
2026-08-25 18:24:39.927952+03:00,2026-08-27 08:00:00+03:00,58.7722,152.75,93.9778
2026-08-25 18:24:39.927952+03:00,2026-08-27 08:15:00+03:00,58.6541,157.76,99.10589999999999
2026-08-25 18:24:39.927952+03:00,2026-08-27 08:30:00+03:00,58.762,159.91,101.148
2026-08-25 18:24:39.927952+03:00,2026-08-27 08:45:00+03:00,58.7667,157.63,98.8633
2026-08-25 18:24:39.927952+03:00,2026-08-27 09:00:00+03:00,58.5904,161.02,102.42960000000001
2026-08-25 18:24:39.927952+03:00,2026-08-27 09:15:00+03:00,58.2557,154.89,96.6343
2026-08-25 18:24:39.927952+03:00,2026-08-27 09:30:00+03:00,57.8135,146.8,88.9865
2026-08-25 18:24:39.927952+03:00,2026-08-27 09:45:00+03:00,57.9905,126.07,68.0795
2026-08-25 18:24:39.927952+03:00,2026-08-27 10:00:00+03:00,57.8206,139.02,81.19940000000001
2026-08-25 18:24:39.927952+03:00,2026-08-27 10:15:00+03:00,57.776,110.83,53.053999999999995
2026-08-25 18:24:39.927952+03:00,2026-08-27 10:30:00+03:00,57.8482,75.76,17.911800000000007
2026-08-25 18:24:39.927952+03:00,2026-08-27 10:45:00+03:00,57.8953,72.52,14.624699999999997
2026-08-25 18:24:39.927952+03:00,2026-08-27 11:00:00+03:00,57.7579,73.42,15.662100000000002
2026-08-25 18:24:39.927952+03:00,2026-08-27 11:15:00+03:00,57.6863,72.3,14.613699999999994
2026-08-25 18:24:39.927952+03:00,2026-08-27 11:30:00+03:00,57.7627,69.18,11.417300000000004
2026-08-25 18:24:39.927952+03:00,2026-08-27 11:45:00+03:00,57.8023,58.91,1.1076999999999941
2026-08-25 18:24:39.927952+03:00,2026-08-27 12:00:00+03:00,57.7529,71.1,13.347099999999998
2026-08-25 18:24:39.927952+03:00,2026-08-27 12:15:00+03:00,57.6996,65.23,7.530400000000007
2026-08-25 18:24:39.927952+03:00,2026-08-27 12:30:00+03:00,57.7625,64.61,6.847499999999997
2026-08-25 18:24:39.927952+03:00,2026-08-27 12:45:00+03:00,57.8045,64.54,6.735500000000009
2026-08-25 18:24:39.927952+03:00,2026-08-27 13:00:00+03:00,57.7584,66.8,9.041599999999995
2026-08-25 18:24:39.927952+03:00,2026-08-27 13:15:00+03:00,57.6758,66.3,8.624199999999995
2026-08-25 18:24:39.927952+03:00,2026-08-27 13:30:00+03:00,57.7505,67.23,9.479500000000002
2026-08-25 18:24:39.927952+03:00,2026-08-27 13:45:00+03:00,57.7892,66.92,9.1308
2026-08-25 18:24:39.927952+03:00,2026-08-27 14:00:00+03:00,57.818,63.33,5.5120000000000005
2026-08-25 18:24:39.927952+03:00,2026-08-27 14:15:00+03:00,57.894,64.25,6.356000000000002
2026-08-25 18:24:39.927952+03:00,2026-08-27 14:30:00+03:00,57.9158,64.07,6.154199999999996
2026-08-25 18:24:39.927952+03:00,2026-08-27 14:45:00+03:00,57.9438,64.44,6.496199999999995
2026-08-25 18:24:39.927952+03:00,2026-08-27 15:00:00+03:00,57.9048,63.48,5.575199999999995
2026-08-25 18:24:39.927952+03:00,2026-08-27 15:15:00+03:00,58.0611,65.02,6.958899999999993
2026-08-25 18:24:39.927952+03:00,2026-08-27 15:30:00+03:00,58.0594,66.0,7.940600000000003
2026-08-25 18:24:39.927952+03:00,2026-08-27 15:45:00+03:00,58.0634,64.89,6.826599999999999
2026-08-25 18:24:39.927952+03:00,2026-08-27 16:00:00+03:00,57.9689,64.39,6.421100000000003
2026-08-25 18:24:39.927952+03:00,2026-08-27 16:15:00+03:00,58.1627,66.15,7.987300000000005
2026-08-25 18:24:39.927952+03:00,2026-08-27 16:30:00+03:00,58.1219,65.83,7.708100000000002
2026-08-25 18:24:39.927952+03:00,2026-08-27 16:45:00+03:00,58.0667,68.29,10.223300000000009
2026-08-25 18:24:39.927952+03:00,2026-08-27 17:00:00+03:00,58.0223,64.75,6.727699999999999
2026-08-25 18:24:39.927952+03:00,2026-08-27 17:15:00+03:00,58.2255,71.19,12.964500000000001
2026-08-25 18:24:39.927952+03:00,2026-08-27 17:30:00+03:00,58.0977,94.06,35.9623
2026-08-25 18:24:39.927952+03:00,2026-08-27 17:45:00+03:00,58.1164,110.33,52.2136
2026-08-25 18:24:39.927952+03:00,2026-08-27 18:00:00+03:00,58.1439,88.58,30.436099999999996
2026-08-25 18:24:39.927952+03:00,2026-08-27 18:15:00+03:00,58.112,112.05,53.937999999999995
2026-08-25 18:24:39.927952+03:00,2026-08-27 18:30:00+03:00,58.1082,126.41,68.3018
2026-08-25 18:24:39.927952+03:00,2026-08-27 18:45:00+03:00,58.1096,143.09,84.9804
2026-08-25 18:24:39.927952+03:00,2026-08-27 19:00:00+03:00,58.0762,126.53,68.4538
2026-08-25 18:24:39.927952+03:00,2026-08-27 19:15:00+03:00,57.6613,126.25,68.5887
2026-08-25 18:24:39.927952+03:00,2026-08-27 19:30:00+03:00,57.785,121.78,63.995000000000005
2026-08-25 18:24:39.927952+03:00,2026-08-27 19:45:00+03:00,57.8092,103.79,45.98080000000001
2026-08-25 18:24:39.927952+03:00,2026-08-27 20:00:00+03:00,57.8228,144.47,86.6472
2026-08-25 18:24:39.927952+03:00,2026-08-27 20:15:00+03:00,57.2745,125.05,67.7755
2026-08-25 18:24:39.927952+03:00,2026-08-27 20:30:00+03:00,56.7897,118.18,61.3903
2026-08-25 18:24:39.927952+03:00,2026-08-27 20:45:00+03:00,55.9144,83.16,27.245599999999996
2026-08-25 18:24:39.927952+03:00,2026-08-27 21:00:00+03:00,55.2704,126.31,71.03960000000001
2026-08-25 18:24:39.927952+03:00,2026-08-27 21:15:00+03:00,54.3259,97.66,43.3341
2026-08-25 18:24:39.927952+03:00,2026-08-27 21:30:00+03:00,53.6583,83.91,30.2517
2026-08-25 18:24:39.927952+03:00,2026-08-27 21:45:00+03:00,52.6303,80.8,28.1697
2026-08-25 18:24:39.927952+03:00,2026-08-27 22:00:00+03:00,51.5815,82.11,30.5285
2026-08-25 18:24:39.927952+03:00,2026-08-27 22:15:00+03:00,50.3012,78.7,28.3988
2026-08-25 18:24:39.927952+03:00,2026-08-27 22:30:00+03:00,49.4935,77.71,28.216499999999996
2026-08-25 18:24:39.927952+03:00,2026-08-27 22:45:00+03:00,48.111,76.14,28.029000000000003
2026-08-25 18:24:39.927952+03:00,2026-08-27 23:00:00+03:00,47.1893,76.15,28.960700000000003
2026-08-25 18:24:39.927952+03:00,2026-08-27 23:15:00+03:00,45.841,74.79,28.949000000000005
2026-08-25 18:24:39.927952+03:00,2026-08-27 23:30:00+03:00,44.0714,72.3,28.2286
2026-08-25 18:24:39.927952+03:00,2026-08-27 23:45:00+03:00,42.4926,62.11,19.617399999999996
2026-08-25 18:24:39.927952+03:00,2026-08-28 00:00:00+03:00,41.3572,73.04,31.682800000000007
2026-08-25 18:24:39.927952+03:00,2026-08-28 00:15:00+03:00,40.7186,69.01,28.291400000000003
2026-08-25 18:24:39.927952+03:00,2026-08-28 00:30:00+03:00,40.5518,58.37,17.818199999999997
2026-08-25 18:24:39.927952+03:00,2026-08-28 00:45:00+03:00,39.8866,50.58,10.693399999999997
2026-08-25 18:24:39.927952+03:00,2026-08-28 01:00:00+03:00,39.6291,47.23,7.600899999999996
2026-08-25 18:24:39.927952+03:00,2026-08-28 01:15:00+03:00,39.4507,46.23,6.779299999999999
2026-08-25 18:24:39.927952+03:00,2026-08-28 01:30:00+03:00,38.5799,40.0,1.420099999999998
2026-08-25 18:24:39.927952+03:00,2026-08-28 01:45:00+03:00,38.2626,38.62,0.3573999999999984
2026-08-25 18:24:39.927952+03:00,2026-08-28 02:00:00+03:00,37.6417,45.49,7.848300000000002
2026-08-25 18:24:39.927952+03:00,2026-08-28 02:15:00+03:00,37.1971,44.73,7.532899999999998
2026-08-25 18:24:39.927952+03:00,2026-08-28 02:30:00+03:00,36.6181,40.78,4.161900000000003
2026-08-25 18:24:39.927952+03:00,2026-08-28 02:45:00+03:00,36.2026,39.99,3.787400000000005
2026-08-25 18:24:39.927952+03:00,2026-08-28 03:00:00+03:00,35.5538,40.63,5.0762
2026-08-25 18:24:39.927952+03:00,2026-08-28 03:15:00+03:00,35.4533,41.23,5.776699999999998
2026-08-25 18:24:39.927952+03:00,2026-08-28 03:30:00+03:00,35.5192,42.98,7.460799999999999
2026-08-25 18:24:39.927952+03:00,2026-08-28 03:45:00+03:00,35.505,45.84,10.335
2026-08-25 18:24:39.927952+03:00,2026-08-28 04:00:00+03:00,35.5273,42.99,7.462700000000005
2026-08-25 18:24:39.927952+03:00,2026-08-28 04:15:00+03:00,35.8255,41.33,5.5045
2026-08-25 18:24:39.927952+03:00,2026-08-28 04:30:00+03:00,36.3982,46.44,10.041799999999995
2026-08-25 18:24:39.927952+03:00,2026-08-28 04:45:00+03:00,36.976,41.42,4.444000000000003
2026-08-25 18:24:39.927952+03:00,2026-08-28 05:00:00+03:00,37.5276,41.11,3.5824
2026-08-25 18:24:39.927952+03:00,2026-08-28 05:15:00+03:00,38.6292,40.0,1.3708000000000027
2026-08-25 18:24:39.927952+03:00,2026-08-28 05:30:00+03:00,39.6528,43.28,3.627200000000002
2026-08-25 18:24:39.927952+03:00,2026-08-28 05:45:00+03:00,40.8679,45.67,4.802100000000003
2026-08-25 18:24:39.927952+03:00,2026-08-28 06:00:00+03:00,41.6085,38.78,2.8284999999999982
2026-08-25 18:24:39.927952+03:00,2026-08-28 06:15:00+03:00,42.8601,44.18,1.319899999999997
2026-08-25 18:24:39.927952+03:00,2026-08-28 06:30:00+03:00,44.069,49.84,5.771000000000001
2026-08-25 18:24:39.927952+03:00,2026-08-28 06:45:00+03:00,45.0394,62.08,17.040599999999998
2026-08-25 18:24:39.927952+03:00,2026-08-28 07:00:00+03:00,45.9392,39.99,5.949199999999998
2026-08-25 18:24:39.927952+03:00,2026-08-28 07:15:00+03:00,46.6041,50.43,3.825899999999997
2026-08-25 18:24:39.927952+03:00,2026-08-28 07:30:00+03:00,47.2573,73.0,25.7427
2026-08-25 18:24:39.927952+03:00,2026-08-28 07:45:00+03:00,47.6096,74.0,26.3904
2026-08-25 18:24:39.927952+03:00,2026-08-28 08:00:00+03:00,47.8559,54.77,6.914100000000005
2026-08-25 18:24:39.927952+03:00,2026-08-28 08:15:00+03:00,47.6488,73.39,25.7412
2026-08-25 18:24:39.927952+03:00,2026-08-28 08:30:00+03:00,47.6408,87.6,39.959199999999996
2026-08-25 18:24:39.927952+03:00,2026-08-28 08:45:00+03:00,47.657,87.52,39.863
2026-08-25 18:24:39.927952+03:00,2026-08-28 09:00:00+03:00,47.6274,88.14,40.5126
2026-08-25 18:24:39.927952+03:00,2026-08-28 09:15:00+03:00,47.2498,94.64,47.3902
2026-08-25 18:24:39.927952+03:00,2026-08-28 09:30:00+03:00,46.8201,83.21,36.3899
2026-08-25 18:24:39.927952+03:00,2026-08-28 09:45:00+03:00,46.9277,82.32,35.39229999999999
2026-08-25 18:24:39.927952+03:00,2026-08-28 10:00:00+03:00,46.8249,88.8,41.9751
2026-08-25 18:24:39.927952+03:00,2026-08-28 10:15:00+03:00,46.8727,80.0,33.1273
2026-08-25 18:24:39.927952+03:00,2026-08-28 10:30:00+03:00,46.8192,75.35,28.530799999999992
2026-08-25 18:24:39.927952+03:00,2026-08-28 10:45:00+03:00,46.847,56.14,9.293
2026-08-25 18:24:39.927952+03:00,2026-08-28 11:00:00+03:00,46.8709,73.29,26.419100000000007
2026-08-25 18:24:39.927952+03:00,2026-08-28 11:15:00+03:00,46.8685,50.41,3.541499999999999
2026-08-25 18:24:39.927952+03:00,2026-08-28 11:30:00+03:00,46.827,38.71,8.116999999999997
2026-08-25 18:24:39.927952+03:00,2026-08-28 11:45:00+03:00,46.8657,28.55,18.315699999999996
2026-08-25 18:24:39.927952+03:00,2026-08-28 12:00:00+03:00,46.8582,47.6,0.7418000000000049
2026-08-25 18:24:39.927952+03:00,2026-08-28 12:15:00+03:00,46.8993,39.01,7.889299999999999
2026-08-25 18:24:39.927952+03:00,2026-08-28 12:30:00+03:00,46.8357,31.42,15.415700000000001
2026-08-25 18:24:39.927952+03:00,2026-08-28 12:45:00+03:00,46.8693,26.0,20.869300000000003
2026-08-25 18:24:39.927952+03:00,2026-08-28 13:00:00+03:00,46.8561,41.96,4.896099999999997
2026-08-25 18:24:39.927952+03:00,2026-08-28 13:15:00+03:00,46.895,35.9,10.995000000000005
2026-08-25 18:24:39.927952+03:00,2026-08-28 13:30:00+03:00,46.8426,26.0,20.842599999999997
2026-08-25 18:24:39.927952+03:00,2026-08-28 13:45:00+03:00,46.8614,23.84,23.021400000000003
2026-08-25 18:24:39.927952+03:00,2026-08-28 14:00:00+03:00,46.8935,31.56,15.333500000000004
2026-08-25 18:24:39.927952+03:00,2026-08-28 14:15:00+03:00,47.0448,30.83,16.214800000000004
2026-08-25 18:24:39.927952+03:00,2026-08-28 14:30:00+03:00,46.9449,28.93,18.014899999999997
2026-08-25 18:24:39.927952+03:00,2026-08-28 14:45:00+03:00,46.9569,26.0,20.956899999999997
2026-08-25 18:24:39.927952+03:00,2026-08-28 15:00:00+03:00,46.998,24.39,22.607999999999997
2026-08-25 18:24:39.927952+03:00,2026-08-28 15:15:00+03:00,47.2038,27.08,20.123800000000003
2026-08-25 18:24:39.927952+03:00,2026-08-28 15:30:00+03:00,47.0807,30.09,16.9907
2026-08-25 18:24:39.927952+03:00,2026-08-28 15:45:00+03:00,47.0597,32.92,14.139699999999998
2026-08-25 18:24:39.927952+03:00,2026-08-28 16:00:00+03:00,47.0865,24.99,22.096500000000002
2026-08-25 18:24:39.927952+03:00,2026-08-28 16:15:00+03:00,47.3878,28.86,18.5278
2026-08-25 18:24:39.927952+03:00,2026-08-28 16:30:00+03:00,47.2045,33.9,13.304500000000004
2026-08-25 18:24:39.927952+03:00,2026-08-28 16:45:00+03:00,47.0914,39.77,7.321399999999997
2026-08-25 18:24:39.927952+03:00,2026-08-28 17:00:00+03:00,47.1374,22.64,24.4974
2026-08-25 18:24:39.927952+03:00,2026-08-28 17:15:00+03:00,47.4737,27.45,20.0237
2026-08-25 18:24:39.927952+03:00,2026-08-28 17:30:00+03:00,47.9155,35.03,12.8855
2026-08-25 18:24:39.927952+03:00,2026-08-28 17:45:00+03:00,47.6328,40.17,7.462800000000001
2026-08-25 18:24:39.927952+03:00,2026-08-28 18:00:00+03:00,47.616,26.29,21.326
2026-08-25 18:24:39.927952+03:00,2026-08-28 18:15:00+03:00,47.515,35.77,11.744999999999997
2026-08-25 18:24:39.927952+03:00,2026-08-28 18:30:00+03:00,47.4945,41.25,6.244500000000002
2026-08-25 18:24:39.927952+03:00,2026-08-28 18:45:00+03:00,47.5074,44.03,3.477399999999996
2026-08-25 18:24:39.927952+03:00,2026-08-28 19:00:00+03:00,47.5257,45.32,2.2057
2026-08-25 18:24:39.927952+03:00,2026-08-28 19:15:00+03:00,47.2738,40.07,7.203800000000001
2026-08-25 18:24:39.927952+03:00,2026-08-28 19:30:00+03:00,46.7943,38.09,8.704299999999996
2026-08-25 18:24:39.927952+03:00,2026-08-28 19:45:00+03:00,46.8623,25.23,21.632299999999997
2026-08-25 18:24:39.927952+03:00,2026-08-28 20:00:00+03:00,46.905,46.04,0.865000000000002
2026-08-25 18:24:39.927952+03:00,2026-08-28 20:15:00+03:00,46.6305,38.64,7.990499999999997
2026-08-25 18:24:39.927952+03:00,2026-08-28 20:30:00+03:00,46.0991,20.19,25.9091
2026-08-25 18:24:39.927952+03:00,2026-08-28 20:45:00+03:00,45.1499,9.27,35.879900000000006
2026-08-25 18:24:39.927952+03:00,2026-08-28 21:00:00+03:00,44.7499,10.86,33.8899
2026-08-25 18:24:39.927952+03:00,2026-08-28 21:15:00+03:00,44.0699,9.49,34.579899999999995
2026-08-25 18:24:39.927952+03:00,2026-08-28 21:30:00+03:00,43.3366,8.26,35.0766
2026-08-25 18:24:39.927952+03:00,2026-08-28 21:45:00+03:00,42.857,6.76,36.097
2026-08-25 18:24:39.927952+03:00,2026-08-28 22:00:00+03:00,42.2017,6.6,35.6017
2026-08-25 18:24:39.927952+03:00,2026-08-28 22:15:00+03:00,41.4098,5.29,36.1198
2026-08-25 18:24:39.927952+03:00,2026-08-28 22:30:00+03:00,40.5571,4.81,35.747099999999996
2026-08-25 18:24:39.927952+03:00,2026-08-28 22:45:00+03:00,39.5087,4.28,35.228699999999996
2026-08-25 18:24:39.927952+03:00,2026-08-28 23:00:00+03:00,38.1242,4.08,34.044200000000004
2026-08-25 18:24:39.927952+03:00,2026-08-28 23:15:00+03:00,37.1421,3.53,33.6121
2026-08-25 18:24:39.927952+03:00,2026-08-28 23:30:00+03:00,35.9501,3.32,32.6301
2026-08-25 18:24:39.927952+03:00,2026-08-28 23:45:00+03:00,34.9252,2.82,32.105199999999996
2026-08-25 18:24:39.927952+03:00,2026-08-29 00:00:00+03:00,33.8427,2.28,31.5627
2026-08-25 18:24:39.927952+03:00,2026-08-29 00:15:00+03:00,33.4426,,
2026-08-25 18:24:39.927952+03:00,2026-08-29 00:30:00+03:00,33.0652,,
2026-08-25 18:24:39.927952+03:00,2026-08-29 00:45:00+03:00,32.6069,,
2026-08-25 18:24:39.927952+03:00,2026-08-29 01:00:00+03:00,32.3979,,
2026-08-25 18:24:39.927952+03:00,2026-08-29 01:15:00+03:00,31.5992,,
2026-08-25 18:24:39.927952+03:00,2026-08-29 01:30:00+03:00,31.3104,,
2026-08-25 18:24:39.927952+03:00,2026-08-29 01:45:00+03:00,31.0668,,
2026-08-25 18:24:39.927952+03:00,2026-08-29 02:00:00+03:00,30.5693,,
2026-08-25 18:24:39.927952+03:00,2026-08-29 02:15:00+03:00,30.3108,,
2026-08-25 18:24:39.927952+03:00,2026-08-29 02:30:00+03:00,30.3211,,
2026-08-25 18:24:39.927952+03:00,2026-08-29 02:45:00+03:00,30.3468,,
2026-08-25 18:24:39.927952+03:00,2026-08-29 03:00:00+03:00,30.365,,
2026-08-25 18:24:39.927952+03:00,2026-08-29 03:15:00+03:00,30.4285,,
2026-08-25 18:24:39.927952+03:00,2026-08-29 03:30:00+03:00,30.4259,,
2026-08-25 18:24:39.927952+03:00,2026-08-29 03:45:00+03:00,30.4292,,
2026-08-25 18:24:39.927952+03:00,2026-08-29 04:00:00+03:00,30.5206,,
2026-08-25 18:24:39.927952+03:00,2026-08-29 04:15:00+03:00,30.6306,,
2026-08-25 18:24:39.927952+03:00,2026-08-29 04:30:00+03:00,30.6085,,
2026-08-25 18:24:39.927952+03:00,2026-08-29 04:45:00+03:00,30.6062,,
2026-08-25 18:24:39.927952+03:00,2026-08-29 05:00:00+03:00,30.6362,,
2026-08-25 18:24:39.927952+03:00,2026-08-29 05:15:00+03:00,30.7541,,
2026-08-25 18:24:39.927952+03:00,2026-08-29 05:30:00+03:00,31.0952,,
2026-08-25 18:24:39.927952+03:00,2026-08-29 05:45:00+03:00,31.7109,,
2026-08-25 18:24:39.927952+03:00,2026-08-29 06:00:00+03:00,32.2783,,
2026-08-25 18:24:39.927952+03:00,2026-08-29 06:15:00+03:00,32.7777,,
2026-08-25 18:24:39.927952+03:00,2026-08-29 06:30:00+03:00,33.252,,
2026-08-25 18:24:39.927952+03:00,2026-08-29 06:45:00+03:00,33.4779,,
2026-08-25 18:24:39.927952+03:00,2026-08-29 07:00:00+03:00,34.0226,,
2026-08-25 18:24:39.927952+03:00,2026-08-29 07:15:00+03:00,34.5636,,
2026-08-25 18:24:39.927952+03:00,2026-08-29 07:30:00+03:00,34.8688,,
2026-08-25 18:24:39.927952+03:00,2026-08-29 07:45:00+03:00,35.2704,,
2026-08-25 18:24:39.927952+03:00,2026-08-29 08:00:00+03:00,35.558,,
2026-08-25 18:24:39.927952+03:00,2026-08-29 08:15:00+03:00,35.8361,,
2026-08-25 18:24:39.927952+03:00,2026-08-29 08:30:00+03:00,36.3205,,
2026-08-25 18:24:39.927952+03:00,2026-08-29 08:45:00+03:00,36.9675,,
2026-08-25 18:24:39.927952+03:00,2026-08-29 09:00:00+03:00,37.5501,,
2026-08-25 18:24:39.927952+03:00,2026-08-29 09:15:00+03:00,37.527,,
2026-08-25 18:24:39.927952+03:00,2026-08-29 09:30:00+03:00,37.7032,,
2026-08-25 18:24:39.927952+03:00,2026-08-29 09:45:00+03:00,37.666,,
2026-08-25 18:24:39.927952+03:00,2026-08-29 10:00:00+03:00,37.4867,,
2026-08-25 18:24:39.927952+03:00,2026-08-29 10:15:00+03:00,37.395,,
2026-08-25 18:24:39.927952+03:00,2026-08-29 10:30:00+03:00,37.4802,,
2026-08-25 18:24:39.927952+03:00,2026-08-29 10:45:00+03:00,37.4736,,
2026-08-25 18:24:39.927952+03:00,2026-08-29 11:00:00+03:00,37.4537,,
2026-08-25 18:24:39.927952+03:00,2026-08-29 11:15:00+03:00,37.3172,,
2026-08-25 18:24:39.927952+03:00,2026-08-29 11:30:00+03:00,37.4312,,
2026-08-25 18:24:39.927952+03:00,2026-08-29 11:45:00+03:00,37.4051,,
2026-08-25 18:24:39.927952+03:00,2026-08-29 12:00:00+03:00,37.4422,,
2026-08-25 18:24:39.927952+03:00,2026-08-29 12:15:00+03:00,37.3448,,
2026-08-25 18:24:39.927952+03:00,2026-08-29 12:30:00+03:00,37.4467,,
2026-08-25 18:24:39.927952+03:00,2026-08-29 12:45:00+03:00,37.4464,,
2026-08-25 18:24:39.927952+03:00,2026-08-29 13:00:00+03:00,37.439,,
2026-08-25 18:24:39.927952+03:00,2026-08-29 13:15:00+03:00,37.3373,,
2026-08-25 18:24:39.927952+03:00,2026-08-29 13:30:00+03:00,37.4302,,
2026-08-25 18:24:39.927952+03:00,2026-08-29 13:45:00+03:00,37.4365,,
2026-08-25 18:24:39.927952+03:00,2026-08-29 14:00:00+03:00,37.443,,
2026-08-25 18:24:39.927952+03:00,2026-08-29 14:15:00+03:00,37.4661,,
2026-08-25 18:24:39.927952+03:00,2026-08-29 14:30:00+03:00,37.4865,,
2026-08-25 18:24:39.927952+03:00,2026-08-29 14:45:00+03:00,37.5079,,
2026-08-25 18:24:39.927952+03:00,2026-08-29 15:00:00+03:00,37.4752,,
2026-08-25 18:24:39.927952+03:00,2026-08-29 15:15:00+03:00,37.5327,,
2026-08-25 18:24:39.927952+03:00,2026-08-29 15:30:00+03:00,37.547,,
2026-08-25 18:24:39.927952+03:00,2026-08-29 15:45:00+03:00,37.5155,,
2026-08-25 18:24:39.927952+03:00,2026-08-29 16:00:00+03:00,37.4923,,
2026-08-25 18:24:39.927952+03:00,2026-08-29 16:15:00+03:00,37.6772,,
2026-08-25 18:24:39.927952+03:00,2026-08-29 16:30:00+03:00,37.6581,,
2026-08-25 18:24:39.927952+03:00,2026-08-29 16:45:00+03:00,37.5827,,
2026-08-25 18:24:39.927952+03:00,2026-08-29 17:00:00+03:00,37.5884,,
2026-08-25 18:24:39.927952+03:00,2026-08-29 17:15:00+03:00,37.7616,,
2026-08-25 18:24:39.927952+03:00,2026-08-29 17:30:00+03:00,37.6646,,
2026-08-25 18:24:39.927952+03:00,2026-08-29 17:45:00+03:00,37.6262,,
2026-08-25 18:24:39.927952+03:00,2026-08-29 18:00:00+03:00,37.6399,,
2026-08-25 18:24:39.927952+03:00,2026-08-29 18:15:00+03:00,37.6204,,
2026-08-25 18:24:39.927952+03:00,2026-08-29 18:30:00+03:00,37.6657,,
2026-08-25 18:24:39.927952+03:00,2026-08-29 18:45:00+03:00,37.6592,,
2026-08-25 18:24:39.927952+03:00,2026-08-29 19:00:00+03:00,37.6468,,
2026-08-25 18:24:39.927952+03:00,2026-08-29 19:15:00+03:00,37.5017,,
2026-08-25 18:24:39.927952+03:00,2026-08-29 19:30:00+03:00,37.5719,,
2026-08-25 18:24:39.927952+03:00,2026-08-29 19:45:00+03:00,37.5735,,
2026-08-25 18:24:39.927952+03:00,2026-08-29 20:00:00+03:00,37.6133,,
2026-08-25 18:24:39.927952+03:00,2026-08-29 20:15:00+03:00,37.2628,,
2026-08-25 18:24:39.927952+03:00,2026-08-29 20:30:00+03:00,36.8856,,
2026-08-25 18:24:39.927952+03:00,2026-08-29 20:45:00+03:00,36.99,,
2026-08-25 18:24:39.927952+03:00,2026-08-29 21:00:00+03:00,37.0193,,
2026-08-25 18:24:39.927952+03:00,2026-08-29 21:15:00+03:00,37.013,,
2026-08-25 18:24:39.927952+03:00,2026-08-29 21:30:00+03:00,37.0379,,
2026-08-25 18:24:39.927952+03:00,2026-08-29 21:45:00+03:00,37.0231,,
2026-08-25 18:24:39.927952+03:00,2026-08-29 22:00:00+03:00,37.0502,,
2026-08-25 18:24:39.927952+03:00,2026-08-29 22:15:00+03:00,36.6894,,
2026-08-25 18:24:39.927952+03:00,2026-08-29 22:30:00+03:00,36.1778,,
2026-08-25 18:24:39.927952+03:00,2026-08-29 22:45:00+03:00,35.445,,
2026-08-25 18:24:39.927952+03:00,2026-08-29 23:00:00+03:00,35.0682,,
2026-08-25 18:24:39.927952+03:00,2026-08-29 23:15:00+03:00,34.3862,,
2026-08-25 18:24:39.927952+03:00,2026-08-29 23:30:00+03:00,33.4036,,
2026-08-25 18:24:39.927952+03:00,2026-08-29 23:45:00+03:00,32.6169,,
2026-08-25 18:24:39.927952+03:00,2026-08-30 00:00:00+03:00,31.9004,,
2026-08-25 18:24:39.927952+03:00,2026-08-30 00:15:00+03:00,31.2977,,
2026-08-25 18:24:39.927952+03:00,2026-08-30 00:30:00+03:00,30.9304,,
2026-08-25 18:24:39.927952+03:00,2026-08-30 00:45:00+03:00,30.6144,,
2026-08-25 18:24:39.927952+03:00,2026-08-30 01:00:00+03:00,30.3128,,
2026-08-25 18:24:39.927952+03:00,2026-08-30 01:15:00+03:00,30.0365,,
2026-08-25 18:24:39.927952+03:00,2026-08-30 01:30:00+03:00,29.6678,,
2026-08-25 18:24:39.927952+03:00,2026-08-30 01:45:00+03:00,29.5086,,
2026-08-25 18:24:39.927952+03:00,2026-08-30 02:00:00+03:00,29.0029,,
2026-08-25 18:24:39.927952+03:00,2026-08-30 02:15:00+03:00,28.6718,,
2026-08-25 18:24:39.927952+03:00,2026-08-30 02:30:00+03:00,28.2591,,
2026-08-25 18:24:39.927952+03:00,2026-08-30 02:45:00+03:00,27.895,,
2026-08-25 18:24:39.927952+03:00,2026-08-30 03:00:00+03:00,27.5583,,
2026-08-25 18:24:39.927952+03:00,2026-08-30 03:15:00+03:00,27.2721,,
2026-08-25 18:24:39.927952+03:00,2026-08-30 03:30:00+03:00,27.3053,,
2026-08-25 18:24:39.927952+03:00,2026-08-30 03:45:00+03:00,27.3665,,
2026-08-25 18:24:39.927952+03:00,2026-08-30 04:00:00+03:00,27.4346,,
2026-08-25 18:24:39.927952+03:00,2026-08-30 04:15:00+03:00,27.5437,,
2026-08-25 18:24:39.927952+03:00,2026-08-30 04:30:00+03:00,27.5379,,
2026-08-25 18:24:39.927952+03:00,2026-08-30 04:45:00+03:00,27.529,,
2026-08-25 18:24:39.927952+03:00,2026-08-30 05:00:00+03:00,27.5071,,
2026-08-25 18:24:39.927952+03:00,2026-08-30 05:15:00+03:00,27.5774,,
2026-08-25 18:24:39.927952+03:00,2026-08-30 05:30:00+03:00,27.5773,,
2026-08-25 18:24:39.927952+03:00,2026-08-30 05:45:00+03:00,27.563,,
2026-08-25 18:24:39.927952+03:00,2026-08-30 06:00:00+03:00,27.5035,,
2026-08-25 18:24:39.927952+03:00,2026-08-30 06:15:00+03:00,27.618,,
2026-08-25 18:24:39.927952+03:00,2026-08-30 06:30:00+03:00,27.5911,,
2026-08-25 18:24:39.927952+03:00,2026-08-30 06:45:00+03:00,27.5668,,
2026-08-25 18:24:39.927952+03:00,2026-08-30 07:00:00+03:00,27.5837,,
2026-08-25 18:24:39.927952+03:00,2026-08-30 07:15:00+03:00,27.7363,,
2026-08-25 18:24:39.927952+03:00,2026-08-30 07:30:00+03:00,28.0886,,
2026-08-25 18:24:39.927952+03:00,2026-08-30 07:45:00+03:00,28.5384,,
2026-08-25 18:24:39.927952+03:00,2026-08-30 08:00:00+03:00,28.821,,
2026-08-25 18:24:39.927952+03:00,2026-08-30 08:15:00+03:00,29.1608,,
2026-08-25 18:24:39.927952+03:00,2026-08-30 08:30:00+03:00,29.4734,,
2026-08-25 18:24:39.927952+03:00,2026-08-30 08:45:00+03:00,29.3478,,
2026-08-25 18:24:39.927952+03:00,2026-08-30 09:00:00+03:00,29.2384,,
2026-08-25 18:24:39.927952+03:00,2026-08-30 09:15:00+03:00,29.1206,,
2026-08-25 18:24:39.927952+03:00,2026-08-30 09:30:00+03:00,28.7915,,
2026-08-25 18:24:39.927952+03:00,2026-08-30 09:45:00+03:00,28.8755,,
2026-08-25 18:24:39.927952+03:00,2026-08-30 10:00:00+03:00,28.7546,,
2026-08-25 18:24:39.927952+03:00,2026-08-30 10:15:00+03:00,28.3244,,
2026-08-25 18:24:39.927952+03:00,2026-08-30 10:30:00+03:00,28.0127,,
2026-08-25 18:24:39.927952+03:00,2026-08-30 10:45:00+03:00,27.9776,,
2026-08-25 18:24:39.927952+03:00,2026-08-30 11:00:00+03:00,27.6237,,
2026-08-25 18:24:39.927952+03:00,2026-08-30 11:15:00+03:00,27.1867,,
2026-08-25 18:24:39.927952+03:00,2026-08-30 11:30:00+03:00,26.8717,,
2026-08-25 18:24:39.927952+03:00,2026-08-30 11:45:00+03:00,26.9196,,
2026-08-25 18:24:39.927952+03:00,2026-08-30 12:00:00+03:00,26.9933,,
2026-08-25 18:24:39.927952+03:00,2026-08-30 12:15:00+03:00,26.9807,,
2026-08-25 18:24:39.927952+03:00,2026-08-30 12:30:00+03:00,27.0129,,
2026-08-25 18:24:39.927952+03:00,2026-08-30 12:45:00+03:00,27.0288,,
2026-08-25 18:24:39.927952+03:00,2026-08-30 13:00:00+03:00,27.0242,,
2026-08-25 18:24:39.927952+03:00,2026-08-30 13:15:00+03:00,26.9705,,
2026-08-25 18:24:39.927952+03:00,2026-08-30 13:30:00+03:00,27.0066,,
2026-08-25 18:24:39.927952+03:00,2026-08-30 13:45:00+03:00,27.0136,,
2026-08-25 18:24:39.927952+03:00,2026-08-30 14:00:00+03:00,27.0367,,
2026-08-25 18:24:39.927952+03:00,2026-08-30 14:15:00+03:00,27.0255,,
2026-08-25 18:24:39.927952+03:00,2026-08-30 14:30:00+03:00,27.0326,,
2026-08-25 18:24:39.927952+03:00,2026-08-30 14:45:00+03:00,27.0352,,
2026-08-25 18:24:39.927952+03:00,2026-08-30 15:00:00+03:00,27.0207,,
2026-08-25 18:24:39.927952+03:00,2026-08-30 15:15:00+03:00,27.0507,,
2026-08-25 18:24:39.927952+03:00,2026-08-30 15:30:00+03:00,27.0518,,
2026-08-25 18:24:39.927952+03:00,2026-08-30 15:45:00+03:00,27.0412,,
2026-08-25 18:24:39.927952+03:00,2026-08-30 16:00:00+03:00,27.0383,,
2026-08-25 18:24:39.927952+03:00,2026-08-30 16:15:00+03:00,27.206,,
2026-08-25 18:24:39.927952+03:00,2026-08-30 16:30:00+03:00,27.1812,,
2026-08-25 18:24:39.927952+03:00,2026-08-30 16:45:00+03:00,27.0988,,
2026-08-25 18:24:39.927952+03:00,2026-08-30 17:00:00+03:00,27.207,,
2026-08-25 18:24:39.927952+03:00,2026-08-30 17:15:00+03:00,27.3054,,
2026-08-25 18:24:39.927952+03:00,2026-08-30 17:30:00+03:00,27.595,,
2026-08-25 18:24:39.927952+03:00,2026-08-30 17:45:00+03:00,27.5589,,
2026-08-25 18:24:39.927952+03:00,2026-08-30 18:00:00+03:00,27.5591,,
2026-08-25 18:24:39.927952+03:00,2026-08-30 18:15:00+03:00,27.5358,,
2026-08-25 18:24:39.927952+03:00,2026-08-30 18:30:00+03:00,27.5428,,
2026-08-25 18:24:39.927952+03:00,2026-08-30 18:45:00+03:00,27.51,,
2026-08-25 18:24:39.927952+03:00,2026-08-30 19:00:00+03:00,27.5056,,
2026-08-25 18:24:39.927952+03:00,2026-08-30 19:15:00+03:00,27.4753,,
2026-08-25 18:24:39.927952+03:00,2026-08-30 19:30:00+03:00,27.4961,,
2026-08-25 18:24:39.927952+03:00,2026-08-30 19:45:00+03:00,27.4815,,
2026-08-25 18:24:39.927952+03:00,2026-08-30 20:00:00+03:00,27.4772,,
2026-08-25 18:24:39.927952+03:00,2026-08-30 20:15:00+03:00,27.2399,,
2026-08-25 18:24:39.927952+03:00,2026-08-30 20:30:00+03:00,27.054,,
2026-08-25 18:24:39.927952+03:00,2026-08-30 20:45:00+03:00,27.1179,,
2026-08-25 18:24:39.927952+03:00,2026-08-30 21:00:00+03:00,27.1266,,
2026-08-25 18:24:39.927952+03:00,2026-08-30 21:15:00+03:00,27.085,,
2026-08-25 18:24:39.927952+03:00,2026-08-30 21:30:00+03:00,27.1227,,
2026-08-25 18:24:39.927952+03:00,2026-08-30 21:45:00+03:00,27.118,,
2026-08-25 18:24:39.927952+03:00,2026-08-30 22:00:00+03:00,27.1133,,
2026-08-25 18:24:39.927952+03:00,2026-08-30 22:15:00+03:00,26.9903,,
2026-08-25 18:24:39.927952+03:00,2026-08-30 22:30:00+03:00,27.0805,,
2026-08-25 18:24:39.927952+03:00,2026-08-30 22:45:00+03:00,27.1511,,
2026-08-25 18:24:39.927952+03:00,2026-08-30 23:00:00+03:00,27.1958,,
2026-08-25 18:24:39.927952+03:00,2026-08-30 23:15:00+03:00,26.8651,,
2026-08-25 18:24:39.927952+03:00,2026-08-30 23:30:00+03:00,26.9666,,
2026-08-25 18:24:39.927952+03:00,2026-08-30 23:45:00+03:00,27.0926,,
2026-08-25 18:24:39.927952+03:00,2026-08-31 00:00:00+03:00,27.0116,,
2026-08-25 18:24:39.927952+03:00,2026-08-31 00:15:00+03:00,27.1019,,
2026-08-25 18:24:39.927952+03:00,2026-08-31 00:30:00+03:00,27.1163,,
2026-08-25 18:24:39.927952+03:00,2026-08-31 00:45:00+03:00,27.1238,,
2026-08-25 18:24:39.927952+03:00,2026-08-31 01:00:00+03:00,27.0831,,
2026-08-25 18:24:39.927952+03:00,2026-08-31 01:15:00+03:00,26.8634,,
2026-08-25 18:24:39.927952+03:00,2026-08-31 01:30:00+03:00,26.8841,,
2026-08-25 18:24:39.927952+03:00,2026-08-31 01:45:00+03:00,26.9816,,
2026-08-25 18:24:39.927952+03:00,2026-08-31 02:00:00+03:00,27.0199,,
2026-08-25 18:24:39.927952+03:00,2026-08-31 02:15:00+03:00,27.0641,,
2026-08-25 18:24:39.927952+03:00,2026-08-31 02:30:00+03:00,27.0696,,
2026-08-25 18:24:39.927952+03:00,2026-08-31 02:45:00+03:00,27.0743,,
2026-08-25 18:24:39.927952+03:00,2026-08-31 03:00:00+03:00,27.0762,,
2026-08-25 18:24:39.927952+03:00,2026-08-31 03:15:00+03:00,27.1109,,
2026-08-25 18:24:39.927952+03:00,2026-08-31 03:30:00+03:00,27.1279,,
2026-08-25 18:24:39.927952+03:00,2026-08-31 03:45:00+03:00,27.1329,,
2026-08-25 18:24:39.927952+03:00,2026-08-31 04:00:00+03:00,27.1907,,
2026-08-25 18:24:39.927952+03:00,2026-08-31 04:15:00+03:00,27.3177,,
2026-08-25 18:24:39.927952+03:00,2026-08-31 04:30:00+03:00,27.6186,,
2026-08-25 18:24:39.927952+03:00,2026-08-31 04:45:00+03:00,27.5843,,
2026-08-25 18:24:39.927952+03:00,2026-08-31 05:00:00+03:00,27.5594,,
2026-08-25 18:24:39.927952+03:00,2026-08-31 05:15:00+03:00,27.8381,,
2026-08-25 18:24:39.927952+03:00,2026-08-31 05:30:00+03:00,28.1152,,
2026-08-25 18:24:39.927952+03:00,2026-08-31 05:45:00+03:00,28.5095,,
2026-08-25 18:24:39.927952+03:00,2026-08-31 06:00:00+03:00,28.8133,,
2026-08-25 18:24:39.927952+03:00,2026-08-31 06:15:00+03:00,29.5321,,
2026-08-25 18:24:39.927952+03:00,2026-08-31 06:30:00+03:00,30.56,,
2026-08-25 18:24:39.927952+03:00,2026-08-31 06:45:00+03:00,31.1522,,
2026-08-25 18:24:39.927952+03:00,2026-08-31 07:00:00+03:00,32.0726,,
2026-08-25 18:24:39.927952+03:00,2026-08-31 07:15:00+03:00,33.1262,,
2026-08-25 18:24:39.927952+03:00,2026-08-31 07:30:00+03:00,33.7213,,
2026-08-25 18:24:39.927952+03:00,2026-08-31 07:45:00+03:00,34.2236,,
2026-08-25 18:24:39.927952+03:00,2026-08-31 08:00:00+03:00,34.7881,,
2026-08-25 18:24:39.927952+03:00,2026-08-31 08:15:00+03:00,35.005,,
2026-08-25 18:24:39.927952+03:00,2026-08-31 08:30:00+03:00,35.5417,,
2026-08-25 18:24:39.927952+03:00,2026-08-31 08:45:00+03:00,35.7829,,
2026-08-25 18:24:39.927952+03:00,2026-08-31 09:00:00+03:00,35.7251,,
2026-08-25 18:24:39.927952+03:00,2026-08-31 09:15:00+03:00,35.4297,,
2026-08-25 18:24:39.927952+03:00,2026-08-31 09:30:00+03:00,35.453,,
2026-08-25 18:24:39.927952+03:00,2026-08-31 09:45:00+03:00,35.5118,,
2026-08-25 18:24:39.927952+03:00,2026-08-31 10:00:00+03:00,35.51,,
2026-08-25 18:24:39.927952+03:00,2026-08-31 10:15:00+03:00,35.4491,,
2026-08-25 18:24:39.927952+03:00,2026-08-31 10:30:00+03:00,35.4585,,
2026-08-25 18:24:39.927952+03:00,2026-08-31 10:45:00+03:00,35.4675,,
2026-08-25 18:24:39.927952+03:00,2026-08-31 11:00:00+03:00,35.4854,,
2026-08-25 18:24:39.927952+03:00,2026-08-31 11:15:00+03:00,35.416,,
2026-08-25 18:24:39.927952+03:00,2026-08-31 11:30:00+03:00,35.4278,,
2026-08-25 18:24:39.927952+03:00,2026-08-31 11:45:00+03:00,35.4357,,
2026-08-25 18:24:39.927952+03:00,2026-08-31 12:00:00+03:00,35.4826,,
2026-08-25 18:24:39.927952+03:00,2026-08-31 12:15:00+03:00,35.4499,,
2026-08-25 18:24:39.927952+03:00,2026-08-31 12:30:00+03:00,35.4426,,
2026-08-25 18:24:39.927952+03:00,2026-08-31 12:45:00+03:00,35.4548,,
2026-08-25 18:24:39.927952+03:00,2026-08-31 13:00:00+03:00,35.4689,,
2026-08-25 18:24:39.927952+03:00,2026-08-31 13:15:00+03:00,35.4338,,
2026-08-25 18:24:39.927952+03:00,2026-08-31 13:30:00+03:00,35.433,,
2026-08-25 18:24:39.927952+03:00,2026-08-31 13:45:00+03:00,35.4396,,
2026-08-25 18:24:39.927952+03:00,2026-08-31 14:00:00+03:00,35.4849,,
2026-08-25 18:24:39.927952+03:00,2026-08-31 14:15:00+03:00,35.5548,,
2026-08-25 18:24:39.927952+03:00,2026-08-31 14:30:00+03:00,35.5081,,
2026-08-25 18:24:39.927952+03:00,2026-08-31 14:45:00+03:00,35.5189,,
2026-08-25 18:24:39.927952+03:00,2026-08-31 15:00:00+03:00,35.5144,,
2026-08-25 18:24:39.927952+03:00,2026-08-31 15:15:00+03:00,35.5961,,
2026-08-25 18:24:39.927952+03:00,2026-08-31 15:30:00+03:00,35.5406,,
2026-08-25 18:24:39.927952+03:00,2026-08-31 15:45:00+03:00,35.5249,,
2026-08-25 18:24:39.927952+03:00,2026-08-31 16:00:00+03:00,35.5427,,
2026-08-25 18:24:39.927952+03:00,2026-08-31 16:15:00+03:00,35.7496,,
2026-08-25 18:24:39.927952+03:00,2026-08-31 16:30:00+03:00,35.6739,,
2026-08-25 18:24:39.927952+03:00,2026-08-31 16:45:00+03:00,35.5875,,
2026-08-25 18:24:39.927952+03:00,2026-08-31 17:00:00+03:00,35.6365,,
2026-08-25 18:24:39.927952+03:00,2026-08-31 17:15:00+03:00,35.824,,
2026-08-25 18:24:39.927952+03:00,2026-08-31 17:30:00+03:00,36.2674,,
2026-08-25 18:24:39.927952+03:00,2026-08-31 17:45:00+03:00,36.0937,,
2026-08-25 18:24:39.927952+03:00,2026-08-31 18:00:00+03:00,36.0825,,
2026-08-25 18:24:39.927952+03:00,2026-08-31 18:15:00+03:00,36.0721,,
2026-08-25 18:24:39.927952+03:00,2026-08-31 18:30:00+03:00,36.0616,,
2026-08-25 18:24:39.927952+03:00,2026-08-31 18:45:00+03:00,36.0466,,
2026-08-25 18:24:39.927952+03:00,2026-08-31 19:00:00+03:00,36.0522,,
2026-08-25 18:24:39.927952+03:00,2026-08-31 19:15:00+03:00,35.9961,,
2026-08-25 18:24:39.927952+03:00,2026-08-31 19:30:00+03:00,36.0034,,
2026-08-25 18:24:39.927952+03:00,2026-08-31 19:45:00+03:00,36.0109,,
2026-08-25 18:24:39.927952+03:00,2026-08-31 20:00:00+03:00,36.0632,,
2026-08-25 18:24:39.927952+03:00,2026-08-31 20:15:00+03:00,35.7402,,
2026-08-25 18:24:39.927952+03:00,2026-08-31 20:30:00+03:00,35.4359,,
2026-08-25 18:24:39.927952+03:00,2026-08-31 20:45:00+03:00,35.4915,,
2026-08-25 18:24:39.927952+03:00,2026-08-31 21:00:00+03:00,35.5258,,
2026-08-25 18:24:39.927952+03:00,2026-08-31 21:15:00+03:00,35.4281,,
2026-08-25 18:24:39.927952+03:00,2026-08-31 21:30:00+03:00,35.4504,,
2026-08-25 18:24:39.927952+03:00,2026-08-31 21:45:00+03:00,35.446,,
2026-08-25 18:24:39.927952+03:00,2026-08-31 22:00:00+03:00,35.487,,
2026-08-25 18:24:39.927952+03:00,2026-08-31 22:15:00+03:00,35.1593,,
2026-08-25 18:24:39.927952+03:00,2026-08-31 22:30:00+03:00,34.8915,,
2026-08-25 18:24:39.927952+03:00,2026-08-31 22:45:00+03:00,34.4158,,
2026-08-25 18:24:39.927952+03:00,2026-08-31 23:00:00+03:00,34.0377,,
2026-08-25 18:24:39.927952+03:00,2026-08-31 23:15:00+03:00,33.3101,,
2026-08-25 18:24:39.927952+03:00,2026-08-31 23:30:00+03:00,32.9138,,
2026-08-25 18:24:39.927952+03:00,2026-08-31 23:45:00+03:00,32.4958,,
2026-08-25 18:24:39.927952+03:00,2026-09-01 00:00:00+03:00,32.3496,,
2026-08-25 18:24:39.927952+03:00,2026-09-01 00:15:00+03:00,32.0327,,
2026-08-25 18:24:39.927952+03:00,2026-09-01 00:30:00+03:00,32.1242,,
2026-08-25 18:24:39.927952+03:00,2026-09-01 00:45:00+03:00,32.2615,,
2026-08-25 18:24:39.927952+03:00,2026-09-01 01:00:00+03:00,32.2318,,
2026-08-25 18:24:39.927952+03:00,2026-09-01 01:15:00+03:00,31.8404,,
2026-08-25 18:24:39.927952+03:00,2026-09-01 01:30:00+03:00,31.4355,,
2026-08-25 18:24:39.927952+03:00,2026-09-01 01:45:00+03:00,31.1028,,
2026-08-25 18:24:39.927952+03:00,2026-09-01 02:00:00+03:00,31.1358,,
2026-08-25 18:24:39.927952+03:00,2026-09-01 02:15:00+03:00,31.2101,,
2026-08-25 18:24:39.927952+03:00,2026-09-01 02:30:00+03:00,31.2748,,
2026-08-25 18:24:39.927952+03:00,2026-09-01 02:45:00+03:00,31.2819,,
2026-08-25 18:24:39.927952+03:00,2026-09-01 03:00:00+03:00,31.2415,,
2026-08-25 18:24:39.927952+03:00,2026-09-01 03:15:00+03:00,31.3216,,
2026-08-25 18:24:39.927952+03:00,2026-09-01 03:30:00+03:00,31.3318,,
2026-08-25 18:24:39.927952+03:00,2026-09-01 03:45:00+03:00,31.3377,,
2026-08-25 18:24:39.927952+03:00,2026-09-01 04:00:00+03:00,31.3749,,
2026-08-25 18:24:39.927952+03:00,2026-09-01 04:15:00+03:00,31.5652,,
2026-08-25 18:24:39.927952+03:00,2026-09-01 04:30:00+03:00,32.1315,,
2026-08-25 18:24:39.927952+03:00,2026-09-01 04:45:00+03:00,32.6075,,
2026-08-25 18:24:39.927952+03:00,2026-09-01 05:00:00+03:00,33.0731,,
2026-08-25 18:24:39.927952+03:00,2026-09-01 05:15:00+03:00,33.8538,,
2026-08-25 18:24:39.927952+03:00,2026-09-01 05:30:00+03:00,34.7944,,
2026-08-25 18:24:39.927952+03:00,2026-09-01 05:45:00+03:00,35.4104,,
2026-08-25 18:24:39.927952+03:00,2026-09-01 06:00:00+03:00,36.1187,,
2026-08-25 18:24:39.927952+03:00,2026-09-01 06:15:00+03:00,36.9181,,
2026-08-25 18:24:39.927952+03:00,2026-09-01 06:30:00+03:00,38.015,,
2026-08-25 18:24:39.927952+03:00,2026-09-01 06:45:00+03:00,38.8904,,
2026-08-25 18:24:39.927952+03:00,2026-09-01 07:00:00+03:00,39.4958,,
2026-08-25 18:24:39.927952+03:00,2026-09-01 07:15:00+03:00,40.0859,,
2026-08-25 18:24:39.927952+03:00,2026-09-01 07:30:00+03:00,40.9755,,
2026-08-25 18:24:39.927952+03:00,2026-09-01 07:45:00+03:00,41.4076,,
2026-08-25 18:24:39.927952+03:00,2026-09-01 08:00:00+03:00,41.8171,,
2026-08-25 18:24:39.927952+03:00,2026-09-01 08:15:00+03:00,41.6844,,
2026-08-25 18:24:39.927952+03:00,2026-09-01 08:30:00+03:00,41.5047,,
2026-08-25 18:24:39.927952+03:00,2026-09-01 08:45:00+03:00,41.5184,,
2026-08-25 18:24:39.927952+03:00,2026-09-01 09:00:00+03:00,41.5031,,
2026-08-25 18:24:39.927952+03:00,2026-09-01 09:15:00+03:00,41.2264,,
2026-08-25 18:24:39.927952+03:00,2026-09-01 09:30:00+03:00,40.6394,,
2026-08-25 18:24:39.927952+03:00,2026-09-01 09:45:00+03:00,40.7476,,
2026-08-25 18:24:39.927952+03:00,2026-09-01 10:00:00+03:00,40.6798,,
2026-08-25 18:24:39.927952+03:00,2026-09-01 10:15:00+03:00,40.6853,,
2026-08-25 18:24:39.927952+03:00,2026-09-01 10:30:00+03:00,40.75,,
2026-08-25 18:24:39.927952+03:00,2026-09-01 10:45:00+03:00,40.761,,
2026-08-25 18:24:39.927952+03:00,2026-09-01 11:00:00+03:00,40.7454,,
2026-08-25 18:24:39.927952+03:00,2026-09-01 11:15:00+03:00,40.7165,,
2026-08-25 18:24:39.927952+03:00,2026-09-01 11:30:00+03:00,40.7349,,
2026-08-25 18:24:39.927952+03:00,2026-09-01 11:45:00+03:00,40.7372,,
2026-08-25 18:24:39.927952+03:00,2026-09-01 12:00:00+03:00,40.7316,,
2026-08-25 18:24:39.927952+03:00,2026-09-01 12:15:00+03:00,40.7268,,
2026-08-25 18:24:39.927952+03:00,2026-09-01 12:30:00+03:00,40.7381,,
2026-08-25 18:24:39.927952+03:00,2026-09-01 12:45:00+03:00,40.756,,
2026-08-25 18:24:39.927952+03:00,2026-09-01 13:00:00+03:00,40.715,,
2026-08-25 18:24:39.927952+03:00,2026-09-01 13:15:00+03:00,40.7102,,
2026-08-25 18:24:39.927952+03:00,2026-09-01 13:30:00+03:00,40.7203,,
2026-08-25 18:24:39.927952+03:00,2026-09-01 13:45:00+03:00,40.7368,,
2026-08-25 18:24:39.927952+03:00,2026-09-01 14:00:00+03:00,40.7135,,
2026-08-25 18:24:39.927952+03:00,2026-09-01 14:15:00+03:00,40.8425,,
2026-08-25 18:24:39.927952+03:00,2026-09-01 14:30:00+03:00,40.8025,,
2026-08-25 18:24:39.927952+03:00,2026-09-01 14:45:00+03:00,40.817,,
2026-08-25 18:24:39.927952+03:00,2026-09-01 15:00:00+03:00,40.7799,,
2026-08-25 18:24:39.927952+03:00,2026-09-01 15:15:00+03:00,40.9117,,
2026-08-25 18:24:39.927952+03:00,2026-09-01 15:30:00+03:00,40.8495,,
2026-08-25 18:24:39.927952+03:00,2026-09-01 15:45:00+03:00,40.8319,,
2026-08-25 18:24:39.927952+03:00,2026-09-01 16:00:00+03:00,40.8169,,
2026-08-25 18:24:39.927952+03:00,2026-09-01 16:15:00+03:00,41.0647,,
2026-08-25 18:24:39.927952+03:00,2026-09-01 16:30:00+03:00,40.9809,,
2026-08-25 18:24:39.927952+03:00,2026-09-01 16:45:00+03:00,40.8679,,
2026-08-25 18:24:39.927952+03:00,2026-09-01 17:00:00+03:00,40.8617,,
2026-08-25 18:24:39.927952+03:00,2026-09-01 17:15:00+03:00,41.1428,,
2026-08-25 18:24:39.927952+03:00,2026-09-01 17:30:00+03:00,40.9293,,
2026-08-25 18:24:39.927952+03:00,2026-09-01 17:45:00+03:00,40.895,,
2026-08-25 18:24:39.927952+03:00,2026-09-01 18:00:00+03:00,40.9368,,
2026-08-25 18:24:39.927952+03:00,2026-09-01 18:15:00+03:00,40.8656,,
2026-08-25 18:24:39.927952+03:00,2026-09-01 18:30:00+03:00,40.8335,,
2026-08-25 18:24:39.927952+03:00,2026-09-01 18:45:00+03:00,40.8336,,
2026-08-25 18:24:39.927952+03:00,2026-09-01 19:00:00+03:00,40.8713,,
2026-08-25 18:24:39.927952+03:00,2026-09-01 19:15:00+03:00,40.6487,,
2026-08-25 18:24:39.927952+03:00,2026-09-01 19:30:00+03:00,40.6259,,
2026-08-25 18:24:39.927952+03:00,2026-09-01 19:45:00+03:00,40.6554,,
2026-08-25 18:24:39.927952+03:00,2026-09-01 20:00:00+03:00,40.7077,,
2026-08-25 18:24:39.927952+03:00,2026-09-01 20:15:00+03:00,40.3368,,
2026-08-25 18:24:39.927952+03:00,2026-09-01 20:30:00+03:00,39.8339,,
2026-08-25 18:24:39.927952+03:00,2026-09-01 20:45:00+03:00,39.4701,,
2026-08-25 18:24:39.927952+03:00,2026-09-01 21:00:00+03:00,38.6922,,
2026-08-25 18:24:39.927952+03:00,2026-09-01 21:15:00+03:00,38.1,,
2026-08-25 18:24:39.927952+03:00,2026-09-01 21:30:00+03:00,37.4916,,
2026-08-25 18:24:39.927952+03:00,2026-09-01 21:45:00+03:00,37.0044,,
2026-08-25 18:24:39.927952+03:00,2026-09-01 22:00:00+03:00,36.5971,,
2026-08-25 18:24:39.927952+03:00,2026-09-01 22:15:00+03:00,35.736,,
2026-08-25 18:24:39.927952+03:00,2026-09-01 22:30:00+03:00,34.7516,,
2026-08-25 18:24:39.927952+03:00,2026-09-01 22:45:00+03:00,34.1181,,
2026-08-25 18:24:39.927952+03:00,2026-09-01 23:00:00+03:00,33.3283,,
2026-08-25 18:24:39.927952+03:00,2026-09-01 23:15:00+03:00,32.7377,,
2026-08-25 18:24:39.927952+03:00,2026-09-01 23:30:00+03:00,32.0303,,
2026-08-25 18:24:39.927952+03:00,2026-09-01 23:45:00+03:00,31.7185,,
2026-08-26 14:36:05.265796+03:00,2026-08-27 00:00:00+03:00,48.8094,102.64,53.830600000000004
2026-08-26 14:36:05.265796+03:00,2026-08-27 00:15:00+03:00,48.9011,97.09,48.188900000000004
2026-08-26 14:36:05.265796+03:00,2026-08-27 00:30:00+03:00,50.0907,94.05,43.9593
2026-08-26 14:36:05.265796+03:00,2026-08-27 00:45:00+03:00,49.2101,71.8,22.5899
2026-08-26 14:36:05.265796+03:00,2026-08-27 01:00:00+03:00,49.6063,71.55,21.9437
2026-08-26 14:36:05.265796+03:00,2026-08-27 01:15:00+03:00,49.5163,67.67,18.1537
2026-08-26 14:36:05.265796+03:00,2026-08-27 01:30:00+03:00,49.1823,64.04,14.857700000000008
2026-08-26 14:36:05.265796+03:00,2026-08-27 01:45:00+03:00,49.2372,69.46,20.222799999999992
2026-08-26 14:36:05.265796+03:00,2026-08-27 02:00:00+03:00,49.2269,67.92,18.6931
2026-08-26 14:36:05.265796+03:00,2026-08-27 02:15:00+03:00,49.4019,62.47,13.068100000000001
2026-08-26 14:36:05.265796+03:00,2026-08-27 02:30:00+03:00,49.3225,67.86,18.5375
2026-08-26 14:36:05.265796+03:00,2026-08-27 02:45:00+03:00,49.2601,75.88,26.619899999999994
2026-08-26 14:36:05.265796+03:00,2026-08-27 03:00:00+03:00,49.2345,57.46,8.225500000000004
2026-08-26 14:36:05.265796+03:00,2026-08-27 03:15:00+03:00,49.3521,64.34,14.987900000000003
2026-08-26 14:36:05.265796+03:00,2026-08-27 03:30:00+03:00,49.2558,71.94,22.684199999999997
2026-08-26 14:36:05.265796+03:00,2026-08-27 03:45:00+03:00,49.2719,76.56,27.2881
2026-08-26 14:36:05.265796+03:00,2026-08-27 04:00:00+03:00,49.292,66.5,17.208
2026-08-26 14:36:05.265796+03:00,2026-08-27 04:15:00+03:00,49.696,79.27,29.573999999999998
2026-08-26 14:36:05.265796+03:00,2026-08-27 04:30:00+03:00,49.5525,80.19,30.637499999999996
2026-08-26 14:36:05.265796+03:00,2026-08-27 04:45:00+03:00,49.4931,81.57,32.076899999999995
2026-08-26 14:36:05.265796+03:00,2026-08-27 05:00:00+03:00,49.3114,70.63,21.318599999999996
2026-08-26 14:36:05.265796+03:00,2026-08-27 05:15:00+03:00,50.4514,79.0,28.5486
2026-08-26 14:36:05.265796+03:00,2026-08-27 05:30:00+03:00,51.1829,85.87,34.68710000000001
2026-08-26 14:36:05.265796+03:00,2026-08-27 05:45:00+03:00,51.665,92.19,40.525
2026-08-26 14:36:05.265796+03:00,2026-08-27 06:00:00+03:00,51.6534,79.23,27.576600000000006
2026-08-26 14:36:05.265796+03:00,2026-08-27 06:15:00+03:00,52.6389,83.92,31.281100000000002
2026-08-26 14:36:05.265796+03:00,2026-08-27 06:30:00+03:00,53.1825,102.24,49.0575
2026-08-26 14:36:05.265796+03:00,2026-08-27 06:45:00+03:00,52.7394,140.42,87.68059999999998
2026-08-26 14:36:05.265796+03:00,2026-08-27 07:00:00+03:00,52.615,99.15,46.535000000000004
2026-08-26 14:36:05.265796+03:00,2026-08-27 07:15:00+03:00,53.4047,108.82,55.415299999999995
2026-08-26 14:36:05.265796+03:00,2026-08-27 07:30:00+03:00,54.2997,120.17,65.8703
2026-08-26 14:36:05.265796+03:00,2026-08-27 07:45:00+03:00,55.0369,131.0,75.9631
2026-08-26 14:36:05.265796+03:00,2026-08-27 08:00:00+03:00,55.7108,152.75,97.0392
2026-08-26 14:36:05.265796+03:00,2026-08-27 08:15:00+03:00,56.1429,157.76,101.6171
2026-08-26 14:36:05.265796+03:00,2026-08-27 08:30:00+03:00,56.7626,159.91,103.1474
2026-08-26 14:36:05.265796+03:00,2026-08-27 08:45:00+03:00,56.7101,157.63,100.9199
2026-08-26 14:36:05.265796+03:00,2026-08-27 09:00:00+03:00,56.6342,161.02,104.38580000000002
2026-08-26 14:36:05.265796+03:00,2026-08-27 09:15:00+03:00,56.2535,154.89,98.63649999999998
2026-08-26 14:36:05.265796+03:00,2026-08-27 09:30:00+03:00,56.3641,146.8,90.4359
2026-08-26 14:36:05.265796+03:00,2026-08-27 09:45:00+03:00,56.2963,126.07,69.77369999999999
2026-08-26 14:36:05.265796+03:00,2026-08-27 10:00:00+03:00,56.1805,139.02,82.83950000000002
2026-08-26 14:36:05.265796+03:00,2026-08-27 10:15:00+03:00,56.0716,110.83,54.7584
2026-08-26 14:36:05.265796+03:00,2026-08-27 10:30:00+03:00,55.5118,75.76,20.248200000000004
2026-08-26 14:36:05.265796+03:00,2026-08-27 10:45:00+03:00,55.5819,72.52,16.9381
2026-08-26 14:36:05.265796+03:00,2026-08-27 11:00:00+03:00,55.4069,73.42,18.0131
2026-08-26 14:36:05.265796+03:00,2026-08-27 11:15:00+03:00,54.7682,72.3,17.531799999999997
2026-08-26 14:36:05.265796+03:00,2026-08-27 11:30:00+03:00,54.0504,69.18,15.129600000000003
2026-08-26 14:36:05.265796+03:00,2026-08-27 11:45:00+03:00,54.0654,58.91,4.8446
2026-08-26 14:36:05.265796+03:00,2026-08-27 12:00:00+03:00,54.0839,71.1,17.016099999999994
2026-08-26 14:36:05.265796+03:00,2026-08-27 12:15:00+03:00,54.1147,65.23,11.115300000000005
2026-08-26 14:36:05.265796+03:00,2026-08-27 12:30:00+03:00,54.1417,64.61,10.4683
2026-08-26 14:36:05.265796+03:00,2026-08-27 12:45:00+03:00,54.169,64.54,10.37100000000001
2026-08-26 14:36:05.265796+03:00,2026-08-27 13:00:00+03:00,54.247,66.8,12.552999999999997
2026-08-26 14:36:05.265796+03:00,2026-08-27 13:15:00+03:00,54.1989,66.3,12.101099999999995
2026-08-26 14:36:05.265796+03:00,2026-08-27 13:30:00+03:00,54.1814,67.23,13.048600000000008
2026-08-26 14:36:05.265796+03:00,2026-08-27 13:45:00+03:00,54.1352,66.92,12.784800000000004
2026-08-26 14:36:05.265796+03:00,2026-08-27 14:00:00+03:00,54.3386,63.33,8.991399999999999
2026-08-26 14:36:05.265796+03:00,2026-08-27 14:15:00+03:00,54.4317,64.25,9.8183
2026-08-26 14:36:05.265796+03:00,2026-08-27 14:30:00+03:00,54.3415,64.07,9.72849999999999
2026-08-26 14:36:05.265796+03:00,2026-08-27 14:45:00+03:00,54.3405,64.44,10.099499999999999
2026-08-26 14:36:05.265796+03:00,2026-08-27 15:00:00+03:00,54.3507,63.48,9.129299999999994
2026-08-26 14:36:05.265796+03:00,2026-08-27 15:15:00+03:00,54.5878,65.02,10.432199999999995
2026-08-26 14:36:05.265796+03:00,2026-08-27 15:30:00+03:00,54.4779,66.0,11.522100000000002
2026-08-26 14:36:05.265796+03:00,2026-08-27 15:45:00+03:00,54.4624,64.89,10.427599999999998
2026-08-26 14:36:05.265796+03:00,2026-08-27 16:00:00+03:00,54.3661,64.39,10.023899999999998
2026-08-26 14:36:05.265796+03:00,2026-08-27 16:15:00+03:00,54.7636,66.15,11.386400000000009
2026-08-26 14:36:05.265796+03:00,2026-08-27 16:30:00+03:00,54.5817,65.83,11.2483
2026-08-26 14:36:05.265796+03:00,2026-08-27 16:45:00+03:00,54.4476,68.29,13.842400000000005
2026-08-26 14:36:05.265796+03:00,2026-08-27 17:00:00+03:00,54.4547,64.75,10.295299999999997
2026-08-26 14:36:05.265796+03:00,2026-08-27 17:15:00+03:00,54.7968,71.19,16.3932
2026-08-26 14:36:05.265796+03:00,2026-08-27 17:30:00+03:00,54.4795,94.06,39.5805
2026-08-26 14:36:05.265796+03:00,2026-08-27 17:45:00+03:00,54.4273,110.33,55.902699999999996
2026-08-26 14:36:05.265796+03:00,2026-08-27 18:00:00+03:00,54.4998,88.58,34.0802
2026-08-26 14:36:05.265796+03:00,2026-08-27 18:15:00+03:00,54.4016,112.05,57.648399999999995
2026-08-26 14:36:05.265796+03:00,2026-08-27 18:30:00+03:00,54.3508,126.41,72.0592
2026-08-26 14:36:05.265796+03:00,2026-08-27 18:45:00+03:00,54.3526,143.09,88.73740000000001
2026-08-26 14:36:05.265796+03:00,2026-08-27 19:00:00+03:00,54.4115,126.53,72.11850000000001
2026-08-26 14:36:05.265796+03:00,2026-08-27 19:15:00+03:00,54.0921,126.25,72.1579
2026-08-26 14:36:05.265796+03:00,2026-08-27 19:30:00+03:00,54.1284,121.78,67.6516
2026-08-26 14:36:05.265796+03:00,2026-08-27 19:45:00+03:00,54.1137,103.79,49.676300000000005
2026-08-26 14:36:05.265796+03:00,2026-08-27 20:00:00+03:00,54.4281,144.47,90.0419
2026-08-26 14:36:05.265796+03:00,2026-08-27 20:15:00+03:00,53.9222,125.05,71.12780000000001
2026-08-26 14:36:05.265796+03:00,2026-08-27 20:30:00+03:00,52.9303,118.18,65.2497
2026-08-26 14:36:05.265796+03:00,2026-08-27 20:45:00+03:00,51.685,83.16,31.474999999999994
2026-08-26 14:36:05.265796+03:00,2026-08-27 21:00:00+03:00,51.2337,126.31,75.0763
2026-08-26 14:36:05.265796+03:00,2026-08-27 21:15:00+03:00,50.4997,97.66,47.1603
2026-08-26 14:36:05.265796+03:00,2026-08-27 21:30:00+03:00,49.7583,83.91,34.1517
2026-08-26 14:36:05.265796+03:00,2026-08-27 21:45:00+03:00,49.3145,80.8,31.485499999999995
2026-08-26 14:36:05.265796+03:00,2026-08-27 22:00:00+03:00,48.7832,82.11,33.3268
2026-08-26 14:36:05.265796+03:00,2026-08-27 22:15:00+03:00,48.1421,78.7,30.557900000000004
2026-08-26 14:36:05.265796+03:00,2026-08-27 22:30:00+03:00,47.5506,77.71,30.15939999999999
2026-08-26 14:36:05.265796+03:00,2026-08-27 22:45:00+03:00,46.9156,76.14,29.224400000000003
2026-08-26 14:36:05.265796+03:00,2026-08-27 23:00:00+03:00,46.5379,76.15,29.612100000000005
2026-08-26 14:36:05.265796+03:00,2026-08-27 23:15:00+03:00,45.6233,74.79,29.166700000000006
2026-08-26 14:36:05.265796+03:00,2026-08-27 23:30:00+03:00,44.8913,72.3,27.408699999999996
2026-08-26 14:36:05.265796+03:00,2026-08-27 23:45:00+03:00,44.4965,62.11,17.613500000000002
2026-08-26 14:36:05.265796+03:00,2026-08-28 00:00:00+03:00,43.8519,73.04,29.188100000000006
2026-08-26 14:36:05.265796+03:00,2026-08-28 00:15:00+03:00,43.7153,69.01,25.294700000000006
2026-08-26 14:36:05.265796+03:00,2026-08-28 00:30:00+03:00,43.7404,58.37,14.629599999999996
2026-08-26 14:36:05.265796+03:00,2026-08-28 00:45:00+03:00,43.7103,50.58,6.869700000000002
2026-08-26 14:36:05.265796+03:00,2026-08-28 01:00:00+03:00,43.9111,47.23,3.3188999999999993
2026-08-26 14:36:05.265796+03:00,2026-08-28 01:15:00+03:00,43.6526,46.23,2.5773999999999972
2026-08-26 14:36:05.265796+03:00,2026-08-28 01:30:00+03:00,43.7234,40.0,3.723399999999998
2026-08-26 14:36:05.265796+03:00,2026-08-28 01:45:00+03:00,43.884,38.62,5.264000000000003
2026-08-26 14:36:05.265796+03:00,2026-08-28 02:00:00+03:00,43.915,45.49,1.5750000000000028
2026-08-26 14:36:05.265796+03:00,2026-08-28 02:15:00+03:00,43.967,44.73,0.7629999999999981
2026-08-26 14:36:05.265796+03:00,2026-08-28 02:30:00+03:00,43.9601,40.78,3.180099999999996
2026-08-26 14:36:05.265796+03:00,2026-08-28 02:45:00+03:00,43.9824,39.99,3.9923999999999964
2026-08-26 14:36:05.265796+03:00,2026-08-28 03:00:00+03:00,44.0043,40.63,3.374299999999998
2026-08-26 14:36:05.265796+03:00,2026-08-28 03:15:00+03:00,44.0599,41.23,2.829900000000002
2026-08-26 14:36:05.265796+03:00,2026-08-28 03:30:00+03:00,44.0419,42.98,1.0619000000000014
2026-08-26 14:36:05.265796+03:00,2026-08-28 03:45:00+03:00,44.0466,45.84,1.7934000000000054
2026-08-26 14:36:05.265796+03:00,2026-08-28 04:00:00+03:00,44.1409,42.99,1.1509
2026-08-26 14:36:05.265796+03:00,2026-08-28 04:15:00+03:00,44.4383,41.33,3.1083
2026-08-26 14:36:05.265796+03:00,2026-08-28 04:30:00+03:00,44.9011,46.44,1.5388999999999982
2026-08-26 14:36:05.265796+03:00,2026-08-28 04:45:00+03:00,45.5185,41.42,4.098500000000001
2026-08-26 14:36:05.265796+03:00,2026-08-28 05:00:00+03:00,45.7204,41.11,4.6103999999999985
2026-08-26 14:36:05.265796+03:00,2026-08-28 05:15:00+03:00,46.1602,40.0,6.160200000000003
2026-08-26 14:36:05.265796+03:00,2026-08-28 05:30:00+03:00,47.1293,43.28,3.8492999999999995
2026-08-26 14:36:05.265796+03:00,2026-08-28 05:45:00+03:00,47.509,45.67,1.8389999999999986
2026-08-26 14:36:05.265796+03:00,2026-08-28 06:00:00+03:00,47.8737,38.78,9.093699999999998
2026-08-26 14:36:05.265796+03:00,2026-08-28 06:15:00+03:00,48.3933,44.18,4.213300000000004
2026-08-26 14:36:05.265796+03:00,2026-08-28 06:30:00+03:00,48.807,49.84,1.0330000000000013
2026-08-26 14:36:05.265796+03:00,2026-08-28 06:45:00+03:00,49.391,62.08,12.689
2026-08-26 14:36:05.265796+03:00,2026-08-28 07:00:00+03:00,49.8539,39.99,9.863900000000001
2026-08-26 14:36:05.265796+03:00,2026-08-28 07:15:00+03:00,50.6185,50.43,0.18849999999999767
2026-08-26 14:36:05.265796+03:00,2026-08-28 07:30:00+03:00,51.05,73.0,21.950000000000003
2026-08-26 14:36:05.265796+03:00,2026-08-28 07:45:00+03:00,51.6043,74.0,22.395699999999998
2026-08-26 14:36:05.265796+03:00,2026-08-28 08:00:00+03:00,51.5759,54.77,3.194100000000006
2026-08-26 14:36:05.265796+03:00,2026-08-28 08:15:00+03:00,51.4739,73.39,21.9161
2026-08-26 14:36:05.265796+03:00,2026-08-28 08:30:00+03:00,51.3052,87.6,36.294799999999995
2026-08-26 14:36:05.265796+03:00,2026-08-28 08:45:00+03:00,51.3497,87.52,36.1703
2026-08-26 14:36:05.265796+03:00,2026-08-28 09:00:00+03:00,51.378,88.14,36.762
2026-08-26 14:36:05.265796+03:00,2026-08-28 09:15:00+03:00,51.0785,94.64,43.5615
2026-08-26 14:36:05.265796+03:00,2026-08-28 09:30:00+03:00,51.1506,83.21,32.0594
2026-08-26 14:36:05.265796+03:00,2026-08-28 09:45:00+03:00,51.2105,82.32,31.10949999999999
2026-08-26 14:36:05.265796+03:00,2026-08-28 10:00:00+03:00,51.1485,88.8,37.6515
2026-08-26 14:36:05.265796+03:00,2026-08-28 10:15:00+03:00,51.0651,80.0,28.9349
2026-08-26 14:36:05.265796+03:00,2026-08-28 10:30:00+03:00,51.0836,75.35,24.266399999999997
2026-08-26 14:36:05.265796+03:00,2026-08-28 10:45:00+03:00,51.1172,56.14,5.022800000000004
2026-08-26 14:36:05.265796+03:00,2026-08-28 11:00:00+03:00,51.0659,73.29,22.224100000000007
2026-08-26 14:36:05.265796+03:00,2026-08-28 11:15:00+03:00,50.9519,50.41,0.5419000000000054
2026-08-26 14:36:05.265796+03:00,2026-08-28 11:30:00+03:00,50.997,38.71,12.286999999999999
2026-08-26 14:36:05.265796+03:00,2026-08-28 11:45:00+03:00,51.026,28.55,22.476000000000003
2026-08-26 14:36:05.265796+03:00,2026-08-28 12:00:00+03:00,51.0571,47.6,3.457099999999997
2026-08-26 14:36:05.265796+03:00,2026-08-28 12:15:00+03:00,50.999,39.01,11.989000000000004
2026-08-26 14:36:05.265796+03:00,2026-08-28 12:30:00+03:00,51.0049,31.42,19.584899999999998
2026-08-26 14:36:05.265796+03:00,2026-08-28 12:45:00+03:00,51.03,26.0,25.03
2026-08-26 14:36:05.265796+03:00,2026-08-28 13:00:00+03:00,51.059,41.96,9.098999999999997
2026-08-26 14:36:05.265796+03:00,2026-08-28 13:15:00+03:00,50.9787,35.9,15.078700000000005
2026-08-26 14:36:05.265796+03:00,2026-08-28 13:30:00+03:00,51.0086,26.0,25.0086
2026-08-26 14:36:05.265796+03:00,2026-08-28 13:45:00+03:00,51.0141,23.84,27.1741
2026-08-26 14:36:05.265796+03:00,2026-08-28 14:00:00+03:00,51.133,31.56,19.573000000000004
2026-08-26 14:36:05.265796+03:00,2026-08-28 14:15:00+03:00,51.2039,30.83,20.3739
2026-08-26 14:36:05.265796+03:00,2026-08-28 14:30:00+03:00,51.1908,28.93,22.260800000000003
2026-08-26 14:36:05.265796+03:00,2026-08-28 14:45:00+03:00,51.1924,26.0,25.1924
2026-08-26 14:36:05.265796+03:00,2026-08-28 15:00:00+03:00,51.2299,24.39,26.8399
2026-08-26 14:36:05.265796+03:00,2026-08-28 15:15:00+03:00,51.3882,27.08,24.3082
2026-08-26 14:36:05.265796+03:00,2026-08-28 15:30:00+03:00,51.3292,30.09,21.2392
2026-08-26 14:36:05.265796+03:00,2026-08-28 15:45:00+03:00,51.2999,32.92,18.3799
2026-08-26 14:36:05.265796+03:00,2026-08-28 16:00:00+03:00,51.2624,24.99,26.2724
2026-08-26 14:36:05.265796+03:00,2026-08-28 16:15:00+03:00,51.4588,28.86,22.598799999999997
2026-08-26 14:36:05.265796+03:00,2026-08-28 16:30:00+03:00,51.3569,33.9,17.456900000000005
2026-08-26 14:36:05.265796+03:00,2026-08-28 16:45:00+03:00,51.2604,39.77,11.490399999999994
2026-08-26 14:36:05.265796+03:00,2026-08-28 17:00:00+03:00,51.313,22.64,28.673000000000002
2026-08-26 14:36:05.265796+03:00,2026-08-28 17:15:00+03:00,51.5884,27.45,24.1384
2026-08-26 14:36:05.265796+03:00,2026-08-28 17:30:00+03:00,51.3516,35.03,16.321599999999997
2026-08-26 14:36:05.265796+03:00,2026-08-28 17:45:00+03:00,51.3145,40.17,11.1445
2026-08-26 14:36:05.265796+03:00,2026-08-28 18:00:00+03:00,51.3466,26.29,25.056600000000003
2026-08-26 14:36:05.265796+03:00,2026-08-28 18:15:00+03:00,51.2594,35.77,15.489399999999996
2026-08-26 14:36:05.265796+03:00,2026-08-28 18:30:00+03:00,51.2047,41.25,9.954700000000003
2026-08-26 14:36:05.265796+03:00,2026-08-28 18:45:00+03:00,51.2072,44.03,7.177199999999999
2026-08-26 14:36:05.265796+03:00,2026-08-28 19:00:00+03:00,51.2952,45.32,5.975200000000001
2026-08-26 14:36:05.265796+03:00,2026-08-28 19:15:00+03:00,50.9521,40.07,10.882100000000001
2026-08-26 14:36:05.265796+03:00,2026-08-28 19:30:00+03:00,50.9955,38.09,12.905499999999996
2026-08-26 14:36:05.265796+03:00,2026-08-28 19:45:00+03:00,51.0412,25.23,25.811200000000003
2026-08-26 14:36:05.265796+03:00,2026-08-28 20:00:00+03:00,51.1643,46.04,5.124299999999998
2026-08-26 14:36:05.265796+03:00,2026-08-28 20:15:00+03:00,50.6769,38.64,12.036900000000003
2026-08-26 14:36:05.265796+03:00,2026-08-28 20:30:00+03:00,50.0609,20.19,29.870899999999995
2026-08-26 14:36:05.265796+03:00,2026-08-28 20:45:00+03:00,49.463,9.27,40.193
2026-08-26 14:36:05.265796+03:00,2026-08-28 21:00:00+03:00,48.9726,10.86,38.1126
2026-08-26 14:36:05.265796+03:00,2026-08-28 21:15:00+03:00,48.5105,9.49,39.0205
2026-08-26 14:36:05.265796+03:00,2026-08-28 21:30:00+03:00,47.789,8.26,39.529
2026-08-26 14:36:05.265796+03:00,2026-08-28 21:45:00+03:00,46.9988,6.76,40.238800000000005
2026-08-26 14:36:05.265796+03:00,2026-08-28 22:00:00+03:00,46.4519,6.6,39.8519
2026-08-26 14:36:05.265796+03:00,2026-08-28 22:15:00+03:00,45.6629,5.29,40.3729
2026-08-26 14:36:05.265796+03:00,2026-08-28 22:30:00+03:00,44.8767,4.81,40.0667
2026-08-26 14:36:05.265796+03:00,2026-08-28 22:45:00+03:00,44.515,4.28,40.235
2026-08-26 14:36:05.265796+03:00,2026-08-28 23:00:00+03:00,43.8815,4.08,39.801500000000004
2026-08-26 14:36:05.265796+03:00,2026-08-28 23:15:00+03:00,43.2583,3.53,39.7283
2026-08-26 14:36:05.265796+03:00,2026-08-28 23:30:00+03:00,42.5815,3.32,39.2615
2026-08-26 14:36:05.265796+03:00,2026-08-28 23:45:00+03:00,42.0851,2.82,39.2651
2026-08-26 14:36:05.265796+03:00,2026-08-29 00:00:00+03:00,41.6887,2.28,39.408699999999996
2026-08-26 14:36:05.265796+03:00,2026-08-29 00:15:00+03:00,40.8988,,
2026-08-26 14:36:05.265796+03:00,2026-08-29 00:30:00+03:00,40.5614,,
2026-08-26 14:36:05.265796+03:00,2026-08-29 00:45:00+03:00,39.8933,,
2026-08-26 14:36:05.265796+03:00,2026-08-29 01:00:00+03:00,39.4992,,
2026-08-26 14:36:05.265796+03:00,2026-08-29 01:15:00+03:00,38.5402,,
2026-08-26 14:36:05.265796+03:00,2026-08-29 01:30:00+03:00,37.961,,
2026-08-26 14:36:05.265796+03:00,2026-08-29 01:45:00+03:00,37.4645,,
2026-08-26 14:36:05.265796+03:00,2026-08-29 02:00:00+03:00,37.1036,,
2026-08-26 14:36:05.265796+03:00,2026-08-29 02:15:00+03:00,36.7795,,
2026-08-26 14:36:05.265796+03:00,2026-08-29 02:30:00+03:00,36.2585,,
2026-08-26 14:36:05.265796+03:00,2026-08-29 02:45:00+03:00,35.5883,,
2026-08-26 14:36:05.265796+03:00,2026-08-29 03:00:00+03:00,35.3195,,
2026-08-26 14:36:05.265796+03:00,2026-08-29 03:15:00+03:00,35.0967,,
2026-08-26 14:36:05.265796+03:00,2026-08-29 03:30:00+03:00,35.147,,
2026-08-26 14:36:05.265796+03:00,2026-08-29 03:45:00+03:00,35.2287,,
2026-08-26 14:36:05.265796+03:00,2026-08-29 04:00:00+03:00,35.2072,,
2026-08-26 14:36:05.265796+03:00,2026-08-29 04:15:00+03:00,35.3024,,
2026-08-26 14:36:05.265796+03:00,2026-08-29 04:30:00+03:00,35.2937,,
2026-08-26 14:36:05.265796+03:00,2026-08-29 04:45:00+03:00,35.2908,,
2026-08-26 14:36:05.265796+03:00,2026-08-29 05:00:00+03:00,35.2362,,
2026-08-26 14:36:05.265796+03:00,2026-08-29 05:15:00+03:00,35.3481,,
2026-08-26 14:36:05.265796+03:00,2026-08-29 05:30:00+03:00,35.3086,,
2026-08-26 14:36:05.265796+03:00,2026-08-29 05:45:00+03:00,35.3013,,
2026-08-26 14:36:05.265796+03:00,2026-08-29 06:00:00+03:00,35.2646,,
2026-08-26 14:36:05.265796+03:00,2026-08-29 06:15:00+03:00,35.3811,,
2026-08-26 14:36:05.265796+03:00,2026-08-29 06:30:00+03:00,35.3303,,
2026-08-26 14:36:05.265796+03:00,2026-08-29 06:45:00+03:00,35.2953,,
2026-08-26 14:36:05.265796+03:00,2026-08-29 07:00:00+03:00,35.3464,,
2026-08-26 14:36:05.265796+03:00,2026-08-29 07:15:00+03:00,35.6254,,
2026-08-26 14:36:05.265796+03:00,2026-08-29 07:30:00+03:00,35.8565,,
2026-08-26 14:36:05.265796+03:00,2026-08-29 07:45:00+03:00,36.342,,
2026-08-26 14:36:05.265796+03:00,2026-08-29 08:00:00+03:00,36.9867,,
2026-08-26 14:36:05.265796+03:00,2026-08-29 08:15:00+03:00,37.6467,,
2026-08-26 14:36:05.265796+03:00,2026-08-29 08:30:00+03:00,38.1413,,
2026-08-26 14:36:05.265796+03:00,2026-08-29 08:45:00+03:00,38.6464,,
2026-08-26 14:36:05.265796+03:00,2026-08-29 09:00:00+03:00,39.057,,
2026-08-26 14:36:05.265796+03:00,2026-08-29 09:15:00+03:00,39.0539,,
2026-08-26 14:36:05.265796+03:00,2026-08-29 09:30:00+03:00,39.1162,,
2026-08-26 14:36:05.265796+03:00,2026-08-29 09:45:00+03:00,39.1202,,
2026-08-26 14:36:05.265796+03:00,2026-08-29 10:00:00+03:00,39.0027,,
2026-08-26 14:36:05.265796+03:00,2026-08-29 10:15:00+03:00,38.3869,,
2026-08-26 14:36:05.265796+03:00,2026-08-29 10:30:00+03:00,37.8675,,
2026-08-26 14:36:05.265796+03:00,2026-08-29 10:45:00+03:00,37.818,,
2026-08-26 14:36:05.265796+03:00,2026-08-29 11:00:00+03:00,37.3156,,
2026-08-26 14:36:05.265796+03:00,2026-08-29 11:15:00+03:00,37.3301,,
2026-08-26 14:36:05.265796+03:00,2026-08-29 11:30:00+03:00,37.4202,,
2026-08-26 14:36:05.265796+03:00,2026-08-29 11:45:00+03:00,37.4064,,
2026-08-26 14:36:05.265796+03:00,2026-08-29 12:00:00+03:00,37.4514,,
2026-08-26 14:36:05.265796+03:00,2026-08-29 12:15:00+03:00,37.3515,,
2026-08-26 14:36:05.265796+03:00,2026-08-29 12:30:00+03:00,37.4434,,
2026-08-26 14:36:05.265796+03:00,2026-08-29 12:45:00+03:00,37.4454,,
2026-08-26 14:36:05.265796+03:00,2026-08-29 13:00:00+03:00,37.4426,,
2026-08-26 14:36:05.265796+03:00,2026-08-29 13:15:00+03:00,37.3353,,
2026-08-26 14:36:05.265796+03:00,2026-08-29 13:30:00+03:00,37.4207,,
2026-08-26 14:36:05.265796+03:00,2026-08-29 13:45:00+03:00,37.4274,,
2026-08-26 14:36:05.265796+03:00,2026-08-29 14:00:00+03:00,37.4528,,
2026-08-26 14:36:05.265796+03:00,2026-08-29 14:15:00+03:00,37.48,,
2026-08-26 14:36:05.265796+03:00,2026-08-29 14:30:00+03:00,37.5062,,
2026-08-26 14:36:05.265796+03:00,2026-08-29 14:45:00+03:00,37.5178,,
2026-08-26 14:36:05.265796+03:00,2026-08-29 15:00:00+03:00,37.4927,,
2026-08-26 14:36:05.265796+03:00,2026-08-29 15:15:00+03:00,37.5193,,
2026-08-26 14:36:05.265796+03:00,2026-08-29 15:30:00+03:00,37.5362,,
2026-08-26 14:36:05.265796+03:00,2026-08-29 15:45:00+03:00,37.5243,,
2026-08-26 14:36:05.265796+03:00,2026-08-29 16:00:00+03:00,37.5171,,
2026-08-26 14:36:05.265796+03:00,2026-08-29 16:15:00+03:00,37.6811,,
2026-08-26 14:36:05.265796+03:00,2026-08-29 16:30:00+03:00,37.6668,,
2026-08-26 14:36:05.265796+03:00,2026-08-29 16:45:00+03:00,37.5942,,
2026-08-26 14:36:05.265796+03:00,2026-08-29 17:00:00+03:00,37.5864,,
2026-08-26 14:36:05.265796+03:00,2026-08-29 17:15:00+03:00,37.7438,,
2026-08-26 14:36:05.265796+03:00,2026-08-29 17:30:00+03:00,37.6494,,
2026-08-26 14:36:05.265796+03:00,2026-08-29 17:45:00+03:00,37.6188,,
2026-08-26 14:36:05.265796+03:00,2026-08-29 18:00:00+03:00,37.6125,,
2026-08-26 14:36:05.265796+03:00,2026-08-29 18:15:00+03:00,37.5906,,
2026-08-26 14:36:05.265796+03:00,2026-08-29 18:30:00+03:00,37.6416,,
2026-08-26 14:36:05.265796+03:00,2026-08-29 18:45:00+03:00,37.65,,
2026-08-26 14:36:05.265796+03:00,2026-08-29 19:00:00+03:00,37.6362,,
2026-08-26 14:36:05.265796+03:00,2026-08-29 19:15:00+03:00,37.4789,,
2026-08-26 14:36:05.265796+03:00,2026-08-29 19:30:00+03:00,37.5526,,
2026-08-26 14:36:05.265796+03:00,2026-08-29 19:45:00+03:00,37.5598,,
2026-08-26 14:36:05.265796+03:00,2026-08-29 20:00:00+03:00,37.5879,,
2026-08-26 14:36:05.265796+03:00,2026-08-29 20:15:00+03:00,37.2539,,
2026-08-26 14:36:05.265796+03:00,2026-08-29 20:30:00+03:00,36.8703,,
2026-08-26 14:36:05.265796+03:00,2026-08-29 20:45:00+03:00,36.9655,,
2026-08-26 14:36:05.265796+03:00,2026-08-29 21:00:00+03:00,37.0267,,
2026-08-26 14:36:05.265796+03:00,2026-08-29 21:15:00+03:00,37.007,,
2026-08-26 14:36:05.265796+03:00,2026-08-29 21:30:00+03:00,37.0301,,
2026-08-26 14:36:05.265796+03:00,2026-08-29 21:45:00+03:00,37.0145,,
2026-08-26 14:36:05.265796+03:00,2026-08-29 22:00:00+03:00,37.0454,,
2026-08-26 14:36:05.265796+03:00,2026-08-29 22:15:00+03:00,36.7075,,
2026-08-26 14:36:05.265796+03:00,2026-08-29 22:30:00+03:00,36.1833,,
2026-08-26 14:36:05.265796+03:00,2026-08-29 22:45:00+03:00,35.4461,,
2026-08-26 14:36:05.265796+03:00,2026-08-29 23:00:00+03:00,35.0728,,
2026-08-26 14:36:05.265796+03:00,2026-08-29 23:15:00+03:00,34.3956,,
2026-08-26 14:36:05.265796+03:00,2026-08-29 23:30:00+03:00,33.4254,,
2026-08-26 14:36:05.265796+03:00,2026-08-29 23:45:00+03:00,32.6017,,
2026-08-26 14:36:05.265796+03:00,2026-08-30 00:00:00+03:00,31.8955,,
2026-08-26 14:36:05.265796+03:00,2026-08-30 00:15:00+03:00,31.2875,,
2026-08-26 14:36:05.265796+03:00,2026-08-30 00:30:00+03:00,30.9342,,
2026-08-26 14:36:05.265796+03:00,2026-08-30 00:45:00+03:00,30.6188,,
2026-08-26 14:36:05.265796+03:00,2026-08-30 01:00:00+03:00,30.3233,,
2026-08-26 14:36:05.265796+03:00,2026-08-30 01:15:00+03:00,30.0435,,
2026-08-26 14:36:05.265796+03:00,2026-08-30 01:30:00+03:00,29.6976,,
2026-08-26 14:36:05.265796+03:00,2026-08-30 01:45:00+03:00,29.5182,,
2026-08-26 14:36:05.265796+03:00,2026-08-30 02:00:00+03:00,29.6137,,
2026-08-26 14:36:05.265796+03:00,2026-08-30 02:15:00+03:00,29.6622,,
2026-08-26 14:36:05.265796+03:00,2026-08-30 02:30:00+03:00,29.6307,,
2026-08-26 14:36:05.265796+03:00,2026-08-30 02:45:00+03:00,29.6387,,
2026-08-26 14:36:05.265796+03:00,2026-08-30 03:00:00+03:00,29.6963,,
2026-08-26 14:36:05.265796+03:00,2026-08-30 03:15:00+03:00,29.7545,,
2026-08-26 14:36:05.265796+03:00,2026-08-30 03:30:00+03:00,29.7134,,
2026-08-26 14:36:05.265796+03:00,2026-08-30 03:45:00+03:00,29.7205,,
2026-08-26 14:36:05.265796+03:00,2026-08-30 04:00:00+03:00,29.8177,,
2026-08-26 14:36:05.265796+03:00,2026-08-30 04:15:00+03:00,29.9157,,
2026-08-26 14:36:05.265796+03:00,2026-08-30 04:30:00+03:00,29.8667,,
2026-08-26 14:36:05.265796+03:00,2026-08-30 04:45:00+03:00,29.8599,,
2026-08-26 14:36:05.265796+03:00,2026-08-30 05:00:00+03:00,29.9395,,
2026-08-26 14:36:05.265796+03:00,2026-08-30 05:15:00+03:00,30.2943,,
2026-08-26 14:36:05.265796+03:00,2026-08-30 05:30:00+03:00,30.703,,
2026-08-26 14:36:05.265796+03:00,2026-08-30 05:45:00+03:00,31.0898,,
2026-08-26 14:36:05.265796+03:00,2026-08-30 06:00:00+03:00,31.671,,
2026-08-26 14:36:05.265796+03:00,2026-08-30 06:15:00+03:00,32.2789,,
2026-08-26 14:36:05.265796+03:00,2026-08-30 06:30:00+03:00,32.6221,,
2026-08-26 14:36:05.265796+03:00,2026-08-30 06:45:00+03:00,33.0707,,
2026-08-26 14:36:05.265796+03:00,2026-08-30 07:00:00+03:00,33.3743,,
2026-08-26 14:36:05.265796+03:00,2026-08-30 07:15:00+03:00,33.9612,,
2026-08-26 14:36:05.265796+03:00,2026-08-30 07:30:00+03:00,34.2567,,
2026-08-26 14:36:05.265796+03:00,2026-08-30 07:45:00+03:00,34.6336,,
2026-08-26 14:36:05.265796+03:00,2026-08-30 08:00:00+03:00,34.9331,,
2026-08-26 14:36:05.265796+03:00,2026-08-30 08:15:00+03:00,34.8859,,
2026-08-26 14:36:05.265796+03:00,2026-08-30 08:30:00+03:00,34.8953,,
2026-08-26 14:36:05.265796+03:00,2026-08-30 08:45:00+03:00,34.9075,,
2026-08-26 14:36:05.265796+03:00,2026-08-30 09:00:00+03:00,34.8907,,
2026-08-26 14:36:05.265796+03:00,2026-08-30 09:15:00+03:00,34.6803,,
2026-08-26 14:36:05.265796+03:00,2026-08-30 09:30:00+03:00,34.7427,,
2026-08-26 14:36:05.265796+03:00,2026-08-30 09:45:00+03:00,34.7966,,
2026-08-26 14:36:05.265796+03:00,2026-08-30 10:00:00+03:00,34.7422,,
2026-08-26 14:36:05.265796+03:00,2026-08-30 10:15:00+03:00,34.665,,
2026-08-26 14:36:05.265796+03:00,2026-08-30 10:30:00+03:00,34.702,,
2026-08-26 14:36:05.265796+03:00,2026-08-30 10:45:00+03:00,34.7152,,
2026-08-26 14:36:05.265796+03:00,2026-08-30 11:00:00+03:00,34.7024,,
2026-08-26 14:36:05.265796+03:00,2026-08-30 11:15:00+03:00,34.6198,,
2026-08-26 14:36:05.265796+03:00,2026-08-30 11:30:00+03:00,34.2198,,
2026-08-26 14:36:05.265796+03:00,2026-08-30 11:45:00+03:00,34.2062,,
2026-08-26 14:36:05.265796+03:00,2026-08-30 12:00:00+03:00,34.2261,,
2026-08-26 14:36:05.265796+03:00,2026-08-30 12:15:00+03:00,34.1851,,
2026-08-26 14:36:05.265796+03:00,2026-08-30 12:30:00+03:00,34.2329,,
2026-08-26 14:36:05.265796+03:00,2026-08-30 12:45:00+03:00,34.2458,,
2026-08-26 14:36:05.265796+03:00,2026-08-30 13:00:00+03:00,34.2494,,
2026-08-26 14:36:05.265796+03:00,2026-08-30 13:15:00+03:00,34.1954,,
2026-08-26 14:36:05.265796+03:00,2026-08-30 13:30:00+03:00,34.2307,,
2026-08-26 14:36:05.265796+03:00,2026-08-30 13:45:00+03:00,34.2411,,
2026-08-26 14:36:05.265796+03:00,2026-08-30 14:00:00+03:00,34.2649,,
2026-08-26 14:36:05.265796+03:00,2026-08-30 14:15:00+03:00,34.3227,,
2026-08-26 14:36:05.265796+03:00,2026-08-30 14:30:00+03:00,34.3054,,
2026-08-26 14:36:05.265796+03:00,2026-08-30 14:45:00+03:00,34.3136,,
2026-08-26 14:36:05.265796+03:00,2026-08-30 15:00:00+03:00,34.3038,,
2026-08-26 14:36:05.265796+03:00,2026-08-30 15:15:00+03:00,34.3525,,
2026-08-26 14:36:05.265796+03:00,2026-08-30 15:30:00+03:00,34.3317,,
2026-08-26 14:36:05.265796+03:00,2026-08-30 15:45:00+03:00,34.3215,,
2026-08-26 14:36:05.265796+03:00,2026-08-30 16:00:00+03:00,34.3459,,
2026-08-26 14:36:05.265796+03:00,2026-08-30 16:15:00+03:00,34.5078,,
2026-08-26 14:36:05.265796+03:00,2026-08-30 16:30:00+03:00,34.4547,,
2026-08-26 14:36:05.265796+03:00,2026-08-30 16:45:00+03:00,34.393,,
2026-08-26 14:36:05.265796+03:00,2026-08-30 17:00:00+03:00,34.4424,,
2026-08-26 14:36:05.265796+03:00,2026-08-30 17:15:00+03:00,34.5925,,
2026-08-26 14:36:05.265796+03:00,2026-08-30 17:30:00+03:00,34.4827,,
2026-08-26 14:36:05.265796+03:00,2026-08-30 17:45:00+03:00,34.4735,,
2026-08-26 14:36:05.265796+03:00,2026-08-30 18:00:00+03:00,34.4935,,
2026-08-26 14:36:05.265796+03:00,2026-08-30 18:15:00+03:00,34.5179,,
2026-08-26 14:36:05.265796+03:00,2026-08-30 18:30:00+03:00,34.5486,,
2026-08-26 14:36:05.265796+03:00,2026-08-30 18:45:00+03:00,34.5332,,
2026-08-26 14:36:05.265796+03:00,2026-08-30 19:00:00+03:00,34.4829,,
2026-08-26 14:36:05.265796+03:00,2026-08-30 19:15:00+03:00,34.3198,,
2026-08-26 14:36:05.265796+03:00,2026-08-30 19:30:00+03:00,34.3433,,
2026-08-26 14:36:05.265796+03:00,2026-08-30 19:45:00+03:00,34.3393,,
2026-08-26 14:36:05.265796+03:00,2026-08-30 20:00:00+03:00,34.3944,,
2026-08-26 14:36:05.265796+03:00,2026-08-30 20:15:00+03:00,34.0693,,
2026-08-26 14:36:05.265796+03:00,2026-08-30 20:30:00+03:00,33.7931,,
2026-08-26 14:36:05.265796+03:00,2026-08-30 20:45:00+03:00,33.8736,,
2026-08-26 14:36:05.265796+03:00,2026-08-30 21:00:00+03:00,33.8824,,
2026-08-26 14:36:05.265796+03:00,2026-08-30 21:15:00+03:00,33.8163,,
2026-08-26 14:36:05.265796+03:00,2026-08-30 21:30:00+03:00,33.8649,,
2026-08-26 14:36:05.265796+03:00,2026-08-30 21:45:00+03:00,33.8596,,
2026-08-26 14:36:05.265796+03:00,2026-08-30 22:00:00+03:00,33.8351,,
2026-08-26 14:36:05.265796+03:00,2026-08-30 22:15:00+03:00,33.6553,,
2026-08-26 14:36:05.265796+03:00,2026-08-30 22:30:00+03:00,33.179,,
2026-08-26 14:36:05.265796+03:00,2026-08-30 22:45:00+03:00,32.6171,,
2026-08-26 14:36:05.265796+03:00,2026-08-30 23:00:00+03:00,32.273,,
2026-08-26 14:36:05.265796+03:00,2026-08-30 23:15:00+03:00,31.4238,,
2026-08-26 14:36:05.265796+03:00,2026-08-30 23:30:00+03:00,30.7661,,
2026-08-26 14:36:05.265796+03:00,2026-08-30 23:45:00+03:00,30.1302,,
2026-08-26 14:36:05.265796+03:00,2026-08-31 00:00:00+03:00,29.5434,,
2026-08-26 14:36:05.265796+03:00,2026-08-31 00:15:00+03:00,29.654,,
2026-08-26 14:36:05.265796+03:00,2026-08-31 00:30:00+03:00,29.6693,,
2026-08-26 14:36:05.265796+03:00,2026-08-31 00:45:00+03:00,29.6771,,
2026-08-26 14:36:05.265796+03:00,2026-08-31 01:00:00+03:00,29.7054,,
2026-08-26 14:36:05.265796+03:00,2026-08-31 01:15:00+03:00,29.4333,,
2026-08-26 14:36:05.265796+03:00,2026-08-31 01:30:00+03:00,28.8103,,
2026-08-26 14:36:05.265796+03:00,2026-08-31 01:45:00+03:00,28.52,,
2026-08-26 14:36:05.265796+03:00,2026-08-31 02:00:00+03:00,28.1616,,
2026-08-26 14:36:05.265796+03:00,2026-08-31 02:15:00+03:00,27.8286,,
2026-08-26 14:36:05.265796+03:00,2026-08-31 02:30:00+03:00,27.5631,,
2026-08-26 14:36:05.265796+03:00,2026-08-31 02:45:00+03:00,27.2253,,
2026-08-26 14:36:05.265796+03:00,2026-08-31 03:00:00+03:00,26.9,,
2026-08-26 14:36:05.265796+03:00,2026-08-31 03:15:00+03:00,27.0175,,
2026-08-26 14:36:05.265796+03:00,2026-08-31 03:30:00+03:00,27.0701,,
2026-08-26 14:36:05.265796+03:00,2026-08-31 03:45:00+03:00,27.1173,,
2026-08-26 14:36:05.265796+03:00,2026-08-31 04:00:00+03:00,27.1549,,
2026-08-26 14:36:05.265796+03:00,2026-08-31 04:15:00+03:00,27.3278,,
2026-08-26 14:36:05.265796+03:00,2026-08-31 04:30:00+03:00,27.6337,,
2026-08-26 14:36:05.265796+03:00,2026-08-31 04:45:00+03:00,28.0335,,
2026-08-26 14:36:05.265796+03:00,2026-08-31 05:00:00+03:00,28.4665,,
2026-08-26 14:36:05.265796+03:00,2026-08-31 05:15:00+03:00,29.3033,,
2026-08-26 14:36:05.265796+03:00,2026-08-31 05:30:00+03:00,29.9134,,
2026-08-26 14:36:05.265796+03:00,2026-08-31 05:45:00+03:00,30.3632,,
2026-08-26 14:36:05.265796+03:00,2026-08-31 06:00:00+03:00,30.8786,,
2026-08-26 14:36:05.265796+03:00,2026-08-31 06:15:00+03:00,31.6189,,
2026-08-26 14:36:05.265796+03:00,2026-08-31 06:30:00+03:00,32.5099,,
2026-08-26 14:36:05.265796+03:00,2026-08-31 06:45:00+03:00,33.4861,,
2026-08-26 14:36:05.265796+03:00,2026-08-31 07:00:00+03:00,34.0961,,
2026-08-26 14:36:05.265796+03:00,2026-08-31 07:15:00+03:00,34.7115,,
2026-08-26 14:36:05.265796+03:00,2026-08-31 07:30:00+03:00,35.3787,,
2026-08-26 14:36:05.265796+03:00,2026-08-31 07:45:00+03:00,35.7467,,
2026-08-26 14:36:05.265796+03:00,2026-08-31 08:00:00+03:00,35.9606,,
2026-08-26 14:36:05.265796+03:00,2026-08-31 08:15:00+03:00,36.003,,
2026-08-26 14:36:05.265796+03:00,2026-08-31 08:30:00+03:00,36.1021,,
2026-08-26 14:36:05.265796+03:00,2026-08-31 08:45:00+03:00,36.1415,,
2026-08-26 14:36:05.265796+03:00,2026-08-31 09:00:00+03:00,36.0611,,
2026-08-26 14:36:05.265796+03:00,2026-08-31 09:15:00+03:00,35.8112,,
2026-08-26 14:36:05.265796+03:00,2026-08-31 09:30:00+03:00,35.4096,,
2026-08-26 14:36:05.265796+03:00,2026-08-31 09:45:00+03:00,35.5275,,
2026-08-26 14:36:05.265796+03:00,2026-08-31 10:00:00+03:00,35.5128,,
2026-08-26 14:36:05.265796+03:00,2026-08-31 10:15:00+03:00,35.4591,,
2026-08-26 14:36:05.265796+03:00,2026-08-31 10:30:00+03:00,35.4632,,
2026-08-26 14:36:05.265796+03:00,2026-08-31 10:45:00+03:00,35.4755,,
2026-08-26 14:36:05.265796+03:00,2026-08-31 11:00:00+03:00,35.4907,,
2026-08-26 14:36:05.265796+03:00,2026-08-31 11:15:00+03:00,35.4224,,
2026-08-26 14:36:05.265796+03:00,2026-08-31 11:30:00+03:00,35.4305,,
2026-08-26 14:36:05.265796+03:00,2026-08-31 11:45:00+03:00,35.4475,,
2026-08-26 14:36:05.265796+03:00,2026-08-31 12:00:00+03:00,35.4612,,
2026-08-26 14:36:05.265796+03:00,2026-08-31 12:15:00+03:00,35.4264,,
2026-08-26 14:36:05.265796+03:00,2026-08-31 12:30:00+03:00,35.4099,,
2026-08-26 14:36:05.265796+03:00,2026-08-31 12:45:00+03:00,35.4368,,
2026-08-26 14:36:05.265796+03:00,2026-08-31 13:00:00+03:00,35.4559,,
2026-08-26 14:36:05.265796+03:00,2026-08-31 13:15:00+03:00,35.4108,,
2026-08-26 14:36:05.265796+03:00,2026-08-31 13:30:00+03:00,35.405,,
2026-08-26 14:36:05.265796+03:00,2026-08-31 13:45:00+03:00,35.4181,,
2026-08-26 14:36:05.265796+03:00,2026-08-31 14:00:00+03:00,35.4659,,
2026-08-26 14:36:05.265796+03:00,2026-08-31 14:15:00+03:00,35.5371,,
2026-08-26 14:36:05.265796+03:00,2026-08-31 14:30:00+03:00,35.494,,
2026-08-26 14:36:05.265796+03:00,2026-08-31 14:45:00+03:00,35.5057,,
2026-08-26 14:36:05.265796+03:00,2026-08-31 15:00:00+03:00,35.4789,,
2026-08-26 14:36:05.265796+03:00,2026-08-31 15:15:00+03:00,35.556,,
2026-08-26 14:36:05.265796+03:00,2026-08-31 15:30:00+03:00,35.5148,,
2026-08-26 14:36:05.265796+03:00,2026-08-31 15:45:00+03:00,35.4983,,
2026-08-26 14:36:05.265796+03:00,2026-08-31 16:00:00+03:00,35.5115,,
2026-08-26 14:36:05.265796+03:00,2026-08-31 16:15:00+03:00,35.6932,,
2026-08-26 14:36:05.265796+03:00,2026-08-31 16:30:00+03:00,35.6171,,
2026-08-26 14:36:05.265796+03:00,2026-08-31 16:45:00+03:00,35.5469,,
2026-08-26 14:36:05.265796+03:00,2026-08-31 17:00:00+03:00,35.6032,,
2026-08-26 14:36:05.265796+03:00,2026-08-31 17:15:00+03:00,35.8709,,
2026-08-26 14:36:05.265796+03:00,2026-08-31 17:30:00+03:00,36.2366,,
2026-08-26 14:36:05.265796+03:00,2026-08-31 17:45:00+03:00,36.0485,,
2026-08-26 14:36:05.265796+03:00,2026-08-31 18:00:00+03:00,36.0239,,
2026-08-26 14:36:05.265796+03:00,2026-08-31 18:15:00+03:00,35.9913,,
2026-08-26 14:36:05.265796+03:00,2026-08-31 18:30:00+03:00,35.9827,,
2026-08-26 14:36:05.265796+03:00,2026-08-31 18:45:00+03:00,35.978,,
2026-08-26 14:36:05.265796+03:00,2026-08-31 19:00:00+03:00,35.9977,,
2026-08-26 14:36:05.265796+03:00,2026-08-31 19:15:00+03:00,35.9261,,
2026-08-26 14:36:05.265796+03:00,2026-08-31 19:30:00+03:00,35.9273,,
2026-08-26 14:36:05.265796+03:00,2026-08-31 19:45:00+03:00,35.9469,,
2026-08-26 14:36:05.265796+03:00,2026-08-31 20:00:00+03:00,36.0457,,
2026-08-26 14:36:05.265796+03:00,2026-08-31 20:15:00+03:00,35.7155,,
2026-08-26 14:36:05.265796+03:00,2026-08-31 20:30:00+03:00,35.4112,,
2026-08-26 14:36:05.265796+03:00,2026-08-31 20:45:00+03:00,35.4792,,
2026-08-26 14:36:05.265796+03:00,2026-08-31 21:00:00+03:00,35.5159,,
2026-08-26 14:36:05.265796+03:00,2026-08-31 21:15:00+03:00,35.4179,,
2026-08-26 14:36:05.265796+03:00,2026-08-31 21:30:00+03:00,35.4529,,
2026-08-26 14:36:05.265796+03:00,2026-08-31 21:45:00+03:00,35.4518,,
2026-08-26 14:36:05.265796+03:00,2026-08-31 22:00:00+03:00,35.4865,,
2026-08-26 14:36:05.265796+03:00,2026-08-31 22:15:00+03:00,35.1568,,
2026-08-26 14:36:05.265796+03:00,2026-08-31 22:30:00+03:00,34.8917,,
2026-08-26 14:36:05.265796+03:00,2026-08-31 22:45:00+03:00,34.4213,,
2026-08-26 14:36:05.265796+03:00,2026-08-31 23:00:00+03:00,34.0443,,
2026-08-26 14:36:05.265796+03:00,2026-08-31 23:15:00+03:00,33.3094,,
2026-08-26 14:36:05.265796+03:00,2026-08-31 23:30:00+03:00,32.9162,,
2026-08-26 14:36:05.265796+03:00,2026-08-31 23:45:00+03:00,32.4974,,
2026-08-26 14:36:05.265796+03:00,2026-09-01 00:00:00+03:00,32.3692,,
2026-08-26 14:36:05.265796+03:00,2026-09-01 00:15:00+03:00,32.0126,,
2026-08-26 14:36:05.265796+03:00,2026-09-01 00:30:00+03:00,32.1133,,
2026-08-26 14:36:05.265796+03:00,2026-09-01 00:45:00+03:00,32.2228,,
2026-08-26 14:36:05.265796+03:00,2026-09-01 01:00:00+03:00,32.2201,,
2026-08-26 14:36:05.265796+03:00,2026-09-01 01:15:00+03:00,31.8356,,
2026-08-26 14:36:05.265796+03:00,2026-09-01 01:30:00+03:00,31.4335,,
2026-08-26 14:36:05.265796+03:00,2026-09-01 01:45:00+03:00,31.0979,,
2026-08-26 14:36:05.265796+03:00,2026-09-01 02:00:00+03:00,31.1435,,
2026-08-26 14:36:05.265796+03:00,2026-09-01 02:15:00+03:00,31.2102,,
2026-08-26 14:36:05.265796+03:00,2026-09-01 02:30:00+03:00,31.2743,,
2026-08-26 14:36:05.265796+03:00,2026-09-01 02:45:00+03:00,31.2827,,
2026-08-26 14:36:05.265796+03:00,2026-09-01 03:00:00+03:00,31.2437,,
2026-08-26 14:36:05.265796+03:00,2026-09-01 03:15:00+03:00,31.3196,,
2026-08-26 14:36:05.265796+03:00,2026-09-01 03:30:00+03:00,31.3236,,
2026-08-26 14:36:05.265796+03:00,2026-09-01 03:45:00+03:00,31.3338,,
2026-08-26 14:36:05.265796+03:00,2026-09-01 04:00:00+03:00,31.3783,,
2026-08-26 14:36:05.265796+03:00,2026-09-01 04:15:00+03:00,31.5571,,
2026-08-26 14:36:05.265796+03:00,2026-09-01 04:30:00+03:00,32.1234,,
2026-08-26 14:36:05.265796+03:00,2026-09-01 04:45:00+03:00,32.6012,,
2026-08-26 14:36:05.265796+03:00,2026-09-01 05:00:00+03:00,33.0702,,
2026-08-26 14:36:05.265796+03:00,2026-09-01 05:15:00+03:00,33.8362,,
2026-08-26 14:36:05.265796+03:00,2026-09-01 05:30:00+03:00,34.7545,,
2026-08-26 14:36:05.265796+03:00,2026-09-01 05:45:00+03:00,35.4075,,
2026-08-26 14:36:05.265796+03:00,2026-09-01 06:00:00+03:00,36.0887,,
2026-08-26 14:36:05.265796+03:00,2026-09-01 06:15:00+03:00,36.9456,,
2026-08-26 14:36:05.265796+03:00,2026-09-01 06:30:00+03:00,38.0117,,
2026-08-26 14:36:05.265796+03:00,2026-09-01 06:45:00+03:00,38.8886,,
2026-08-26 14:36:05.265796+03:00,2026-09-01 07:00:00+03:00,39.4879,,
2026-08-26 14:36:05.265796+03:00,2026-09-01 07:15:00+03:00,40.0642,,
2026-08-26 14:36:05.265796+03:00,2026-09-01 07:30:00+03:00,40.9772,,
2026-08-26 14:36:05.265796+03:00,2026-09-01 07:45:00+03:00,41.4042,,
2026-08-26 14:36:05.265796+03:00,2026-09-01 08:00:00+03:00,41.8215,,
2026-08-26 14:36:05.265796+03:00,2026-09-01 08:15:00+03:00,41.6993,,
2026-08-26 14:36:05.265796+03:00,2026-09-01 08:30:00+03:00,41.5187,,
2026-08-26 14:36:05.265796+03:00,2026-09-01 08:45:00+03:00,41.5271,,
2026-08-26 14:36:05.265796+03:00,2026-09-01 09:00:00+03:00,41.5164,,
2026-08-26 14:36:05.265796+03:00,2026-09-01 09:15:00+03:00,41.2389,,
2026-08-26 14:36:05.265796+03:00,2026-09-01 09:30:00+03:00,41.2941,,
2026-08-26 14:36:05.265796+03:00,2026-09-01 09:45:00+03:00,41.3463,,
2026-08-26 14:36:05.265796+03:00,2026-09-01 10:00:00+03:00,41.3011,,
2026-08-26 14:36:05.265796+03:00,2026-09-01 10:15:00+03:00,41.2409,,
2026-08-26 14:36:05.265796+03:00,2026-09-01 10:30:00+03:00,41.3074,,
2026-08-26 14:36:05.265796+03:00,2026-09-01 10:45:00+03:00,41.3167,,
2026-08-26 14:36:05.265796+03:00,2026-09-01 11:00:00+03:00,41.2948,,
2026-08-26 14:36:05.265796+03:00,2026-09-01 11:15:00+03:00,41.2276,,
2026-08-26 14:36:05.265796+03:00,2026-09-01 11:30:00+03:00,40.6,,
2026-08-26 14:36:05.265796+03:00,2026-09-01 11:45:00+03:00,40.6775,,
2026-08-26 14:36:05.265796+03:00,2026-09-01 12:00:00+03:00,40.6828,,
2026-08-26 14:36:05.265796+03:00,2026-09-01 12:15:00+03:00,40.7041,,
2026-08-26 14:36:05.265796+03:00,2026-09-01 12:30:00+03:00,40.7249,,
2026-08-26 14:36:05.265796+03:00,2026-09-01 12:45:00+03:00,40.7304,,
2026-08-26 14:36:05.265796+03:00,2026-09-01 13:00:00+03:00,40.7127,,
2026-08-26 14:36:05.265796+03:00,2026-09-01 13:15:00+03:00,40.7071,,
2026-08-26 14:36:05.265796+03:00,2026-09-01 13:30:00+03:00,40.7181,,
2026-08-26 14:36:05.265796+03:00,2026-09-01 13:45:00+03:00,40.7218,,
2026-08-26 14:36:05.265796+03:00,2026-09-01 14:00:00+03:00,40.721,,
2026-08-26 14:36:05.265796+03:00,2026-09-01 14:15:00+03:00,40.8412,,
2026-08-26 14:36:05.265796+03:00,2026-09-01 14:30:00+03:00,40.7935,,
2026-08-26 14:36:05.265796+03:00,2026-09-01 14:45:00+03:00,40.808,,
2026-08-26 14:36:05.265796+03:00,2026-09-01 15:00:00+03:00,40.7844,,
2026-08-26 14:36:05.265796+03:00,2026-09-01 15:15:00+03:00,40.91,,
2026-08-26 14:36:05.265796+03:00,2026-09-01 15:30:00+03:00,40.8458,,
2026-08-26 14:36:05.265796+03:00,2026-09-01 15:45:00+03:00,40.8223,,
2026-08-26 14:36:05.265796+03:00,2026-09-01 16:00:00+03:00,40.8251,,
2026-08-26 14:36:05.265796+03:00,2026-09-01 16:15:00+03:00,41.0738,,
2026-08-26 14:36:05.265796+03:00,2026-09-01 16:30:00+03:00,40.9867,,
2026-08-26 14:36:05.265796+03:00,2026-09-01 16:45:00+03:00,40.8719,,
2026-08-26 14:36:05.265796+03:00,2026-09-01 17:00:00+03:00,40.8911,,
2026-08-26 14:36:05.265796+03:00,2026-09-01 17:15:00+03:00,41.1267,,
2026-08-26 14:36:05.265796+03:00,2026-09-01 17:30:00+03:00,40.9546,,
2026-08-26 14:36:05.265796+03:00,2026-09-01 17:45:00+03:00,40.9203,,
2026-08-26 14:36:05.265796+03:00,2026-09-01 18:00:00+03:00,40.935,,
2026-08-26 14:36:05.265796+03:00,2026-09-01 18:15:00+03:00,40.8637,,
2026-08-26 14:36:05.265796+03:00,2026-09-01 18:30:00+03:00,40.8431,,
2026-08-26 14:36:05.265796+03:00,2026-09-01 18:45:00+03:00,40.8579,,
2026-08-26 14:36:05.265796+03:00,2026-09-01 19:00:00+03:00,40.8597,,
2026-08-26 14:36:05.265796+03:00,2026-09-01 19:15:00+03:00,40.6436,,
2026-08-26 14:36:05.265796+03:00,2026-09-01 19:30:00+03:00,40.6212,,
2026-08-26 14:36:05.265796+03:00,2026-09-01 19:45:00+03:00,40.6561,,
2026-08-26 14:36:05.265796+03:00,2026-09-01 20:00:00+03:00,40.6834,,
2026-08-26 14:36:05.265796+03:00,2026-09-01 20:15:00+03:00,40.3376,,
2026-08-26 14:36:05.265796+03:00,2026-09-01 20:30:00+03:00,39.8171,,
2026-08-26 14:36:05.265796+03:00,2026-09-01 20:45:00+03:00,39.4502,,
2026-08-26 14:36:05.265796+03:00,2026-09-01 21:00:00+03:00,38.6801,,
2026-08-26 14:36:05.265796+03:00,2026-09-01 21:15:00+03:00,38.0899,,
2026-08-26 14:36:05.265796+03:00,2026-09-01 21:30:00+03:00,37.4773,,
2026-08-26 14:36:05.265796+03:00,2026-09-01 21:45:00+03:00,37.036,,
2026-08-26 14:36:05.265796+03:00,2026-09-01 22:00:00+03:00,36.5846,,
2026-08-26 14:36:05.265796+03:00,2026-09-01 22:15:00+03:00,35.7466,,
2026-08-26 14:36:05.265796+03:00,2026-09-01 22:30:00+03:00,34.7376,,
2026-08-26 14:36:05.265796+03:00,2026-09-01 22:45:00+03:00,34.0973,,
2026-08-26 14:36:05.265796+03:00,2026-09-01 23:00:00+03:00,33.3178,,
2026-08-26 14:36:05.265796+03:00,2026-09-01 23:15:00+03:00,32.7195,,
2026-08-26 14:36:05.265796+03:00,2026-09-01 23:30:00+03:00,31.9757,,
2026-08-26 14:36:05.265796+03:00,2026-09-01 23:45:00+03:00,30.7871,,
2026-08-26 14:36:05.265796+03:00,2026-09-02 00:00:00+03:00,29.9954,,
2026-08-26 14:36:05.265796+03:00,2026-09-02 00:15:00+03:00,29.8809,,
2026-08-26 14:36:05.265796+03:00,2026-09-02 00:30:00+03:00,29.6098,,
2026-08-26 14:36:05.265796+03:00,2026-09-02 00:45:00+03:00,29.7208,,
2026-08-26 14:36:05.265796+03:00,2026-09-02 01:00:00+03:00,29.7566,,
2026-08-26 14:36:05.265796+03:00,2026-09-02 01:15:00+03:00,29.5012,,
2026-08-26 14:36:05.265796+03:00,2026-09-02 01:30:00+03:00,28.8764,,
2026-08-26 14:36:05.265796+03:00,2026-09-02 01:45:00+03:00,28.587,,
2026-08-26 14:36:05.265796+03:00,2026-09-02 02:00:00+03:00,28.206,,
2026-08-26 14:36:05.265796+03:00,2026-09-02 02:15:00+03:00,27.9199,,
2026-08-26 14:36:05.265796+03:00,2026-09-02 02:30:00+03:00,27.6208,,
2026-08-26 14:36:05.265796+03:00,2026-09-02 02:45:00+03:00,27.2672,,
2026-08-26 14:36:05.265796+03:00,2026-09-02 03:00:00+03:00,27.2219,,
2026-08-26 14:36:05.265796+03:00,2026-09-02 03:15:00+03:00,27.0756,,
2026-08-26 14:36:05.265796+03:00,2026-09-02 03:30:00+03:00,27.1363,,
2026-08-26 14:36:05.265796+03:00,2026-09-02 03:45:00+03:00,27.168,,
2026-08-26 14:36:05.265796+03:00,2026-09-02 04:00:00+03:00,27.2101,,
2026-08-26 14:36:05.265796+03:00,2026-09-02 04:15:00+03:00,27.4158,,
2026-08-26 14:36:05.265796+03:00,2026-09-02 04:30:00+03:00,27.703,,
2026-08-26 14:36:05.265796+03:00,2026-09-02 04:45:00+03:00,28.118,,
2026-08-26 14:36:05.265796+03:00,2026-09-02 05:00:00+03:00,28.5238,,
2026-08-26 14:36:05.265796+03:00,2026-09-02 05:15:00+03:00,29.4139,,
2026-08-26 14:36:05.265796+03:00,2026-09-02 05:30:00+03:00,30.0668,,
2026-08-26 14:36:05.265796+03:00,2026-09-02 05:45:00+03:00,30.8022,,
2026-08-26 14:36:05.265796+03:00,2026-09-02 06:00:00+03:00,31.646,,
2026-08-26 14:36:05.265796+03:00,2026-09-02 06:15:00+03:00,33.2856,,
2026-08-26 14:36:05.265796+03:00,2026-09-02 06:30:00+03:00,34.3516,,
2026-08-26 14:36:05.265796+03:00,2026-09-02 06:45:00+03:00,35.4199,,
2026-08-26 14:36:05.265796+03:00,2026-09-02 07:00:00+03:00,36.6479,,
2026-08-26 14:36:05.265796+03:00,2026-09-02 07:15:00+03:00,37.7106,,
2026-08-26 14:36:05.265796+03:00,2026-09-02 07:30:00+03:00,38.5657,,
2026-08-26 14:36:05.265796+03:00,2026-09-02 07:45:00+03:00,39.6003,,
2026-08-26 14:36:05.265796+03:00,2026-09-02 08:00:00+03:00,39.7051,,
2026-08-26 14:36:05.265796+03:00,2026-09-02 08:15:00+03:00,40.4447,,
2026-08-26 14:36:05.265796+03:00,2026-09-02 08:30:00+03:00,40.7763,,
2026-08-26 14:36:05.265796+03:00,2026-09-02 08:45:00+03:00,41.2387,,
2026-08-26 14:36:05.265796+03:00,2026-09-02 09:00:00+03:00,41.6835,,
2026-08-26 14:36:05.265796+03:00,2026-09-02 09:15:00+03:00,41.2304,,
2026-08-26 14:36:05.265796+03:00,2026-09-02 09:30:00+03:00,40.6378,,
2026-08-26 14:36:05.265796+03:00,2026-09-02 09:45:00+03:00,40.7781,,
2026-08-26 14:36:05.265796+03:00,2026-09-02 10:00:00+03:00,40.6894,,
2026-08-26 14:36:05.265796+03:00,2026-09-02 10:15:00+03:00,40.7039,,
2026-08-26 14:36:05.265796+03:00,2026-09-02 10:30:00+03:00,40.7551,,
2026-08-26 14:36:05.265796+03:00,2026-09-02 10:45:00+03:00,40.7858,,
2026-08-26 14:36:05.265796+03:00,2026-09-02 11:00:00+03:00,40.7253,,
2026-08-26 14:36:05.265796+03:00,2026-09-02 11:15:00+03:00,40.7053,,
2026-08-26 14:36:05.265796+03:00,2026-09-02 11:30:00+03:00,40.7275,,
2026-08-26 14:36:05.265796+03:00,2026-09-02 11:45:00+03:00,40.7413,,
2026-08-26 14:36:05.265796+03:00,2026-09-02 12:00:00+03:00,40.718,,
2026-08-26 14:36:05.265796+03:00,2026-09-02 12:15:00+03:00,40.709,,
2026-08-26 14:36:05.265796+03:00,2026-09-02 12:30:00+03:00,40.7225,,
2026-08-26 14:36:05.265796+03:00,2026-09-02 12:45:00+03:00,40.7422,,
2026-08-26 14:36:05.265796+03:00,2026-09-02 13:00:00+03:00,40.7001,,
2026-08-26 14:36:05.265796+03:00,2026-09-02 13:15:00+03:00,40.7017,,
2026-08-26 14:36:05.265796+03:00,2026-09-02 13:30:00+03:00,40.727,,
2026-08-26 14:36:05.265796+03:00,2026-09-02 13:45:00+03:00,40.7329,,
2026-08-26 14:36:05.265796+03:00,2026-09-02 14:00:00+03:00,40.7666,,
2026-08-26 14:36:05.265796+03:00,2026-09-02 14:15:00+03:00,40.8817,,
2026-08-26 14:36:05.265796+03:00,2026-09-02 14:30:00+03:00,40.8319,,
2026-08-26 14:36:05.265796+03:00,2026-09-02 14:45:00+03:00,40.8525,,
2026-08-26 14:36:05.265796+03:00,2026-09-02 15:00:00+03:00,40.8109,,
2026-08-26 14:36:05.265796+03:00,2026-09-02 15:15:00+03:00,40.9362,,
2026-08-26 14:36:05.265796+03:00,2026-09-02 15:30:00+03:00,40.8674,,
2026-08-26 14:36:05.265796+03:00,2026-09-02 15:45:00+03:00,40.8409,,
2026-08-26 14:36:05.265796+03:00,2026-09-02 16:00:00+03:00,40.8558,,
2026-08-26 14:36:05.265796+03:00,2026-09-02 16:15:00+03:00,41.1371,,
2026-08-26 14:36:05.265796+03:00,2026-09-02 16:30:00+03:00,41.0263,,
2026-08-26 14:36:05.265796+03:00,2026-09-02 16:45:00+03:00,40.8962,,
2026-08-26 14:36:05.265796+03:00,2026-09-02 17:00:00+03:00,40.9095,,
2026-08-26 14:36:05.265796+03:00,2026-09-02 17:15:00+03:00,41.2203,,
2026-08-26 14:36:05.265796+03:00,2026-09-02 17:30:00+03:00,40.9785,,
2026-08-26 14:36:05.265796+03:00,2026-09-02 17:45:00+03:00,40.9362,,
2026-08-26 14:36:05.265796+03:00,2026-09-02 18:00:00+03:00,40.9309,,
2026-08-26 14:36:05.265796+03:00,2026-09-02 18:15:00+03:00,40.8872,,
2026-08-26 14:36:05.265796+03:00,2026-09-02 18:30:00+03:00,40.8547,,
2026-08-26 14:36:05.265796+03:00,2026-09-02 18:45:00+03:00,40.8589,,
2026-08-26 14:36:05.265796+03:00,2026-09-02 19:00:00+03:00,40.8855,,
2026-08-26 14:36:05.265796+03:00,2026-09-02 19:15:00+03:00,40.6663,,
2026-08-26 14:36:05.265796+03:00,2026-09-02 19:30:00+03:00,40.6709,,
2026-08-26 14:36:05.265796+03:00,2026-09-02 19:45:00+03:00,40.6954,,
2026-08-26 14:36:05.265796+03:00,2026-09-02 20:00:00+03:00,40.7484,,
2026-08-26 14:36:05.265796+03:00,2026-09-02 20:15:00+03:00,40.4165,,
2026-08-26 14:36:05.265796+03:00,2026-09-02 20:30:00+03:00,39.8673,,
2026-08-26 14:36:05.265796+03:00,2026-09-02 20:45:00+03:00,39.481,,
2026-08-26 14:36:05.265796+03:00,2026-09-02 21:00:00+03:00,38.6943,,
2026-08-26 14:36:05.265796+03:00,2026-09-02 21:15:00+03:00,38.1254,,
2026-08-26 14:36:05.265796+03:00,2026-09-02 21:30:00+03:00,37.4841,,
2026-08-26 14:36:05.265796+03:00,2026-09-02 21:45:00+03:00,37.0101,,
2026-08-26 14:36:05.265796+03:00,2026-09-02 22:00:00+03:00,36.6205,,
2026-08-26 14:36:05.265796+03:00,2026-09-02 22:15:00+03:00,35.7925,,
2026-08-26 14:36:05.265796+03:00,2026-09-02 22:30:00+03:00,34.7574,,
2026-08-26 14:36:05.265796+03:00,2026-09-02 22:45:00+03:00,34.1265,,
2026-08-26 14:36:05.265796+03:00,2026-09-02 23:00:00+03:00,33.3408,,
2026-08-26 14:36:05.265796+03:00,2026-09-02 23:15:00+03:00,32.8203,,
2026-08-26 14:36:05.265796+03:00,2026-09-02 23:30:00+03:00,32.0863,,
2026-08-26 14:36:05.265796+03:00,2026-09-02 23:45:00+03:00,31.747,,
2026-08-27 23:57:45.256436+03:00,2026-08-28 00:00:00+03:00,56.9767,,
2026-08-27 23:57:45.256436+03:00,2026-08-28 00:15:00+03:00,54.3621,,
2026-08-27 23:57:45.256436+03:00,2026-08-28 00:30:00+03:00,51.3154,,
2026-08-27 23:57:45.256436+03:00,2026-08-28 00:45:00+03:00,48.7562,,
2026-08-27 23:57:45.256436+03:00,2026-08-28 01:00:00+03:00,47.1614,,
2026-08-27 23:57:45.256436+03:00,2026-08-28 01:15:00+03:00,45.4402,,
2026-08-27 23:57:45.256436+03:00,2026-08-28 01:30:00+03:00,44.484,,
2026-08-27 23:57:45.256436+03:00,2026-08-28 01:45:00+03:00,43.4786,,
2026-08-27 23:57:45.256436+03:00,2026-08-28 02:00:00+03:00,41.9131,,
2026-08-27 23:57:45.256436+03:00,2026-08-28 02:15:00+03:00,41.7348,,
2026-08-27 23:57:45.256436+03:00,2026-08-28 02:30:00+03:00,40.6629,,
2026-08-27 23:57:45.256436+03:00,2026-08-28 02:45:00+03:00,40.434,,
2026-08-27 23:57:45.256436+03:00,2026-08-28 03:00:00+03:00,40.0076,,
2026-08-27 23:57:45.256436+03:00,2026-08-28 03:15:00+03:00,39.7892,,
2026-08-27 23:57:45.256436+03:00,2026-08-28 03:30:00+03:00,39.8637,,
2026-08-27 23:57:45.256436+03:00,2026-08-28 03:45:00+03:00,39.8173,,
2026-08-27 23:57:45.256436+03:00,2026-08-28 04:00:00+03:00,39.7306,,
2026-08-27 23:57:45.256436+03:00,2026-08-28 04:15:00+03:00,40.1164,,
2026-08-27 23:57:45.256436+03:00,2026-08-28 04:30:00+03:00,40.4769,,
2026-08-27 23:57:45.256436+03:00,2026-08-28 04:45:00+03:00,40.4141,,
2026-08-27 23:57:45.256436+03:00,2026-08-28 05:00:00+03:00,40.3091,,
2026-08-27 23:57:45.256436+03:00,2026-08-28 05:15:00+03:00,41.3151,,
2026-08-27 23:57:45.256436+03:00,2026-08-28 05:30:00+03:00,41.7934,,
2026-08-27 23:57:45.256436+03:00,2026-08-28 05:45:00+03:00,41.5673,,
2026-08-27 23:57:45.256436+03:00,2026-08-28 06:00:00+03:00,41.4831,,
2026-08-27 23:57:45.256436+03:00,2026-08-28 06:15:00+03:00,42.4493,,
2026-08-27 23:57:45.256436+03:00,2026-08-28 06:30:00+03:00,42.7954,,
2026-08-27 23:57:45.256436+03:00,2026-08-28 06:45:00+03:00,43.1652,,
2026-08-27 23:57:45.256436+03:00,2026-08-28 07:00:00+03:00,43.7556,,
2026-08-27 23:57:45.256436+03:00,2026-08-28 07:15:00+03:00,45.4006,,
2026-08-27 23:57:45.256436+03:00,2026-08-28 07:30:00+03:00,46.1444,,
2026-08-27 23:57:45.256436+03:00,2026-08-28 07:45:00+03:00,47.8831,,
2026-08-27 23:57:45.256436+03:00,2026-08-28 08:00:00+03:00,48.5443,,
2026-08-27 23:57:45.256436+03:00,2026-08-28 08:15:00+03:00,49.1555,,
2026-08-27 23:57:45.256436+03:00,2026-08-28 08:30:00+03:00,50.4712,,
2026-08-27 23:57:45.256436+03:00,2026-08-28 08:45:00+03:00,51.2071,,
2026-08-27 23:57:45.256436+03:00,2026-08-28 09:00:00+03:00,51.8885,,
2026-08-27 23:57:45.256436+03:00,2026-08-28 09:15:00+03:00,52.0783,,
2026-08-27 23:57:45.256436+03:00,2026-08-28 09:30:00+03:00,52.1413,,
2026-08-27 23:57:45.256436+03:00,2026-08-28 09:45:00+03:00,52.0833,,
2026-08-27 23:57:45.256436+03:00,2026-08-28 10:00:00+03:00,51.882,,
2026-08-27 23:57:45.256436+03:00,2026-08-28 10:15:00+03:00,51.7778,,
2026-08-27 23:57:45.256436+03:00,2026-08-28 10:30:00+03:00,51.9886,,
2026-08-27 23:57:45.256436+03:00,2026-08-28 10:45:00+03:00,52.0087,,
2026-08-27 23:57:45.256436+03:00,2026-08-28 11:00:00+03:00,51.8083,,
2026-08-27 23:57:45.256436+03:00,2026-08-28 11:15:00+03:00,51.7001,,
2026-08-27 23:57:45.256436+03:00,2026-08-28 11:30:00+03:00,51.9023,,
2026-08-27 23:57:45.256436+03:00,2026-08-28 11:45:00+03:00,51.9514,,
2026-08-27 23:57:45.256436+03:00,2026-08-28 12:00:00+03:00,51.7882,,
2026-08-27 23:57:45.256436+03:00,2026-08-28 12:15:00+03:00,51.7468,,
2026-08-27 23:57:45.256436+03:00,2026-08-28 12:30:00+03:00,51.9037,,
2026-08-27 23:57:45.256436+03:00,2026-08-28 12:45:00+03:00,51.944,,
2026-08-27 23:57:45.256436+03:00,2026-08-28 13:00:00+03:00,51.7746,,
2026-08-27 23:57:45.256436+03:00,2026-08-28 13:15:00+03:00,51.7063,,
2026-08-27 23:57:45.256436+03:00,2026-08-28 13:30:00+03:00,51.899,,
2026-08-27 23:57:45.256436+03:00,2026-08-28 13:45:00+03:00,51.9161,,
2026-08-27 23:57:45.256436+03:00,2026-08-28 14:00:00+03:00,51.8682,,
2026-08-27 23:57:45.256436+03:00,2026-08-28 14:15:00+03:00,51.969,,
2026-08-27 23:57:45.256436+03:00,2026-08-28 14:30:00+03:00,52.0851,,
2026-08-27 23:57:45.256436+03:00,2026-08-28 14:45:00+03:00,52.0873,,
2026-08-27 23:57:45.256436+03:00,2026-08-28 15:00:00+03:00,51.9687,,
2026-08-27 23:57:45.256436+03:00,2026-08-28 15:15:00+03:00,52.1152,,
2026-08-27 23:57:45.256436+03:00,2026-08-28 15:30:00+03:00,52.2056,,
2026-08-27 23:57:45.256436+03:00,2026-08-28 15:45:00+03:00,52.1723,,
2026-08-27 23:57:45.256436+03:00,2026-08-28 16:00:00+03:00,51.9845,,
2026-08-27 23:57:45.256436+03:00,2026-08-28 16:15:00+03:00,52.2611,,
2026-08-27 23:57:45.256436+03:00,2026-08-28 16:30:00+03:00,52.281,,
2026-08-27 23:57:45.256436+03:00,2026-08-28 16:45:00+03:00,52.1594,,
2026-08-27 23:57:45.256436+03:00,2026-08-28 17:00:00+03:00,52.0341,,
2026-08-27 23:57:45.256436+03:00,2026-08-28 17:15:00+03:00,52.2742,,
2026-08-27 23:57:45.256436+03:00,2026-08-28 17:30:00+03:00,52.2106,,
2026-08-27 23:57:45.256436+03:00,2026-08-28 17:45:00+03:00,52.1354,,
2026-08-27 23:57:45.256436+03:00,2026-08-28 18:00:00+03:00,52.0691,,
2026-08-27 23:57:45.256436+03:00,2026-08-28 18:15:00+03:00,51.9644,,
2026-08-27 23:57:45.256436+03:00,2026-08-28 18:30:00+03:00,52.0859,,
2026-08-27 23:57:45.256436+03:00,2026-08-28 18:45:00+03:00,52.0876,,
2026-08-27 23:57:45.256436+03:00,2026-08-28 19:00:00+03:00,52.0126,,
2026-08-27 23:57:45.256436+03:00,2026-08-28 19:15:00+03:00,51.6376,,
2026-08-27 23:57:45.256436+03:00,2026-08-28 19:30:00+03:00,50.6862,,
2026-08-27 23:57:45.256436+03:00,2026-08-28 19:45:00+03:00,50.1814,,
2026-08-27 23:57:45.256436+03:00,2026-08-28 20:00:00+03:00,49.5506,,
2026-08-27 23:57:45.256436+03:00,2026-08-28 20:15:00+03:00,48.5068,,
2026-08-27 23:57:45.256436+03:00,2026-08-28 20:30:00+03:00,47.3611,,
2026-08-27 23:57:45.256436+03:00,2026-08-28 20:45:00+03:00,46.23,,
2026-08-27 23:57:45.256436+03:00,2026-08-28 21:00:00+03:00,45.5874,,
2026-08-27 23:57:45.256436+03:00,2026-08-28 21:15:00+03:00,44.8304,,
2026-08-27 23:57:45.256436+03:00,2026-08-28 21:30:00+03:00,43.5164,,
2026-08-27 23:57:45.256436+03:00,2026-08-28 21:45:00+03:00,42.131,,
2026-08-27 23:57:45.256436+03:00,2026-08-28 22:00:00+03:00,41.2413,,
2026-08-27 23:57:45.256436+03:00,2026-08-28 22:15:00+03:00,40.1704,,
2026-08-27 23:57:45.256436+03:00,2026-08-28 22:30:00+03:00,39.1363,,
2026-08-27 23:57:45.256436+03:00,2026-08-28 22:45:00+03:00,37.9313,,
2026-08-27 23:57:45.256436+03:00,2026-08-28 23:00:00+03:00,37.2131,,
2026-08-27 23:57:45.256436+03:00,2026-08-28 23:15:00+03:00,36.1338,,
2026-08-27 23:57:45.256436+03:00,2026-08-28 23:30:00+03:00,34.8105,,
2026-08-27 23:57:45.256436+03:00,2026-08-28 23:45:00+03:00,33.7513,,
2026-08-27 23:57:45.256436+03:00,2026-08-29 00:00:00+03:00,32.4576,,
2026-08-27 23:57:45.256436+03:00,2026-08-29 00:15:00+03:00,31.4668,,
2026-08-27 23:57:45.256436+03:00,2026-08-29 00:30:00+03:00,30.6423,,
2026-08-27 23:57:45.256436+03:00,2026-08-29 00:45:00+03:00,29.9456,,
2026-08-27 23:57:45.256436+03:00,2026-08-29 01:00:00+03:00,29.741,,
2026-08-27 23:57:45.256436+03:00,2026-08-29 01:15:00+03:00,29.476,,
2026-08-27 23:57:45.256436+03:00,2026-08-29 01:30:00+03:00,28.8363,,
2026-08-27 23:57:45.256436+03:00,2026-08-29 01:45:00+03:00,28.6194,,
2026-08-27 23:57:45.256436+03:00,2026-08-29 02:00:00+03:00,28.2714,,
2026-08-27 23:57:45.256436+03:00,2026-08-29 02:15:00+03:00,27.9924,,
2026-08-27 23:57:45.256436+03:00,2026-08-29 02:30:00+03:00,27.7082,,
2026-08-27 23:57:45.256436+03:00,2026-08-29 02:45:00+03:00,27.6945,,
2026-08-27 23:57:45.256436+03:00,2026-08-29 03:00:00+03:00,27.7032,,
2026-08-27 23:57:45.256436+03:00,2026-08-29 03:15:00+03:00,27.8509,,
2026-08-27 23:57:45.256436+03:00,2026-08-29 03:30:00+03:00,27.8473,,
2026-08-27 23:57:45.256436+03:00,2026-08-29 03:45:00+03:00,27.8403,,
2026-08-27 23:57:45.256436+03:00,2026-08-29 04:00:00+03:00,27.8852,,
2026-08-27 23:57:45.256436+03:00,2026-08-29 04:15:00+03:00,28.008,,
2026-08-27 23:57:45.256436+03:00,2026-08-29 04:30:00+03:00,27.9934,,
2026-08-27 23:57:45.256436+03:00,2026-08-29 04:45:00+03:00,27.9792,,
2026-08-27 23:57:45.256436+03:00,2026-08-29 05:00:00+03:00,27.9651,,
2026-08-27 23:57:45.256436+03:00,2026-08-29 05:15:00+03:00,28.1239,,
2026-08-27 23:57:45.256436+03:00,2026-08-29 05:30:00+03:00,28.4546,,
2026-08-27 23:57:45.256436+03:00,2026-08-29 05:45:00+03:00,28.8394,,
2026-08-27 23:57:45.256436+03:00,2026-08-29 06:00:00+03:00,29.1647,,
2026-08-27 23:57:45.256436+03:00,2026-08-29 06:15:00+03:00,29.6718,,
2026-08-27 23:57:45.256436+03:00,2026-08-29 06:30:00+03:00,30.3425,,
2026-08-27 23:57:45.256436+03:00,2026-08-29 06:45:00+03:00,31.0019,,
2026-08-27 23:57:45.256436+03:00,2026-08-29 07:00:00+03:00,31.3812,,
2026-08-27 23:57:45.256436+03:00,2026-08-29 07:15:00+03:00,32.1132,,
2026-08-27 23:57:45.256436+03:00,2026-08-29 07:30:00+03:00,32.9208,,
2026-08-27 23:57:45.256436+03:00,2026-08-29 07:45:00+03:00,33.8241,,
2026-08-27 23:57:45.256436+03:00,2026-08-29 08:00:00+03:00,34.729,,
2026-08-27 23:57:45.256436+03:00,2026-08-29 08:15:00+03:00,35.454,,
2026-08-27 23:57:45.256436+03:00,2026-08-29 08:30:00+03:00,36.2593,,
2026-08-27 23:57:45.256436+03:00,2026-08-29 08:45:00+03:00,36.5916,,
2026-08-27 23:57:45.256436+03:00,2026-08-29 09:00:00+03:00,37.2528,,
2026-08-27 23:57:45.256436+03:00,2026-08-29 09:15:00+03:00,37.1592,,
2026-08-27 23:57:45.256436+03:00,2026-08-29 09:30:00+03:00,37.1043,,
2026-08-27 23:57:45.256436+03:00,2026-08-29 09:45:00+03:00,37.1774,,
2026-08-27 23:57:45.256436+03:00,2026-08-29 10:00:00+03:00,37.123,,
2026-08-27 23:57:45.256436+03:00,2026-08-29 10:15:00+03:00,37.0512,,
2026-08-27 23:57:45.256436+03:00,2026-08-29 10:30:00+03:00,37.0822,,
2026-08-27 23:57:45.256436+03:00,2026-08-29 10:45:00+03:00,37.0853,,
2026-08-27 23:57:45.256436+03:00,2026-08-29 11:00:00+03:00,37.0828,,
2026-08-27 23:57:45.256436+03:00,2026-08-29 11:15:00+03:00,36.9804,,
2026-08-27 23:57:45.256436+03:00,2026-08-29 11:30:00+03:00,37.0207,,
2026-08-27 23:57:45.256436+03:00,2026-08-29 11:45:00+03:00,37.0074,,
2026-08-27 23:57:45.256436+03:00,2026-08-29 12:00:00+03:00,37.0681,,
2026-08-27 23:57:45.256436+03:00,2026-08-29 12:15:00+03:00,37.0038,,
2026-08-27 23:57:45.256436+03:00,2026-08-29 12:30:00+03:00,37.0368,,
2026-08-27 23:57:45.256436+03:00,2026-08-29 12:45:00+03:00,37.0433,,
2026-08-27 23:57:45.256436+03:00,2026-08-29 13:00:00+03:00,37.0677,,
2026-08-27 23:57:45.256436+03:00,2026-08-29 13:15:00+03:00,37.0079,,
2026-08-27 23:57:45.256436+03:00,2026-08-29 13:30:00+03:00,37.0225,,
2026-08-27 23:57:45.256436+03:00,2026-08-29 13:45:00+03:00,37.0269,,
2026-08-27 23:57:45.256436+03:00,2026-08-29 14:00:00+03:00,37.0748,,
2026-08-27 23:57:45.256436+03:00,2026-08-29 14:15:00+03:00,37.1309,,
2026-08-27 23:57:45.256436+03:00,2026-08-29 14:30:00+03:00,37.09,,
2026-08-27 23:57:45.256436+03:00,2026-08-29 14:45:00+03:00,37.1085,,
2026-08-27 23:57:45.256436+03:00,2026-08-29 15:00:00+03:00,37.0897,,
2026-08-27 23:57:45.256436+03:00,2026-08-29 15:15:00+03:00,37.1628,,
2026-08-27 23:57:45.256436+03:00,2026-08-29 15:30:00+03:00,37.116,,
2026-08-27 23:57:45.256436+03:00,2026-08-29 15:45:00+03:00,37.0869,,
2026-08-27 23:57:45.256436+03:00,2026-08-29 16:00:00+03:00,37.0863,,
2026-08-27 23:57:45.256436+03:00,2026-08-29 16:15:00+03:00,37.3012,,
2026-08-27 23:57:45.256436+03:00,2026-08-29 16:30:00+03:00,37.7955,,
2026-08-27 23:57:45.256436+03:00,2026-08-29 16:45:00+03:00,37.7278,,
2026-08-27 23:57:45.256436+03:00,2026-08-29 17:00:00+03:00,37.7146,,
2026-08-27 23:57:45.256436+03:00,2026-08-29 17:15:00+03:00,37.7098,,
2026-08-27 23:57:45.256436+03:00,2026-08-29 17:30:00+03:00,37.6351,,
2026-08-27 23:57:45.256436+03:00,2026-08-29 17:45:00+03:00,37.6083,,
2026-08-27 23:57:45.256436+03:00,2026-08-29 18:00:00+03:00,37.6127,,
2026-08-27 23:57:45.256436+03:00,2026-08-29 18:15:00+03:00,37.5945,,
2026-08-27 23:57:45.256436+03:00,2026-08-29 18:30:00+03:00,37.652,,
2026-08-27 23:57:45.256436+03:00,2026-08-29 18:45:00+03:00,37.6592,,
2026-08-27 23:57:45.256436+03:00,2026-08-29 19:00:00+03:00,37.6459,,
2026-08-27 23:57:45.256436+03:00,2026-08-29 19:15:00+03:00,37.4919,,
2026-08-27 23:57:45.256436+03:00,2026-08-29 19:30:00+03:00,37.5677,,
2026-08-27 23:57:45.256436+03:00,2026-08-29 19:45:00+03:00,37.5834,,
2026-08-27 23:57:45.256436+03:00,2026-08-29 20:00:00+03:00,37.5983,,
2026-08-27 23:57:45.256436+03:00,2026-08-29 20:15:00+03:00,37.2406,,
2026-08-27 23:57:45.256436+03:00,2026-08-29 20:30:00+03:00,36.8508,,
2026-08-27 23:57:45.256436+03:00,2026-08-29 20:45:00+03:00,36.961,,
2026-08-27 23:57:45.256436+03:00,2026-08-29 21:00:00+03:00,37.0365,,
2026-08-27 23:57:45.256436+03:00,2026-08-29 21:15:00+03:00,37.0312,,
2026-08-27 23:57:45.256436+03:00,2026-08-29 21:30:00+03:00,37.0592,,
2026-08-27 23:57:45.256436+03:00,2026-08-29 21:45:00+03:00,37.0441,,
2026-08-27 23:57:45.256436+03:00,2026-08-29 22:00:00+03:00,37.0802,,
2026-08-27 23:57:45.256436+03:00,2026-08-29 22:15:00+03:00,36.7286,,
2026-08-27 23:57:45.256436+03:00,2026-08-29 22:30:00+03:00,36.1924,,
2026-08-27 23:57:45.256436+03:00,2026-08-29 22:45:00+03:00,35.466,,
2026-08-27 23:57:45.256436+03:00,2026-08-29 23:00:00+03:00,35.0824,,
2026-08-27 23:57:45.256436+03:00,2026-08-29 23:15:00+03:00,34.3969,,
2026-08-27 23:57:45.256436+03:00,2026-08-29 23:30:00+03:00,33.4174,,
2026-08-27 23:57:45.256436+03:00,2026-08-29 23:45:00+03:00,32.6736,,
2026-08-27 23:57:45.256436+03:00,2026-08-30 00:00:00+03:00,31.9297,,
2026-08-27 23:57:45.256436+03:00,2026-08-30 00:15:00+03:00,31.2655,,
2026-08-27 23:57:45.256436+03:00,2026-08-30 00:30:00+03:00,30.9278,,
2026-08-27 23:57:45.256436+03:00,2026-08-30 00:45:00+03:00,30.6188,,
2026-08-27 23:57:45.256436+03:00,2026-08-30 01:00:00+03:00,30.3145,,
2026-08-27 23:57:45.256436+03:00,2026-08-30 01:15:00+03:00,30.0288,,
2026-08-27 23:57:45.256436+03:00,2026-08-30 01:30:00+03:00,29.6602,,
2026-08-27 23:57:45.256436+03:00,2026-08-30 01:45:00+03:00,29.5004,,
2026-08-27 23:57:45.256436+03:00,2026-08-30 02:00:00+03:00,29.0054,,
2026-08-27 23:57:45.256436+03:00,2026-08-30 02:15:00+03:00,28.6654,,
2026-08-27 23:57:45.256436+03:00,2026-08-30 02:30:00+03:00,28.2729,,
2026-08-27 23:57:45.256436+03:00,2026-08-30 02:45:00+03:00,27.8897,,
2026-08-27 23:57:45.256436+03:00,2026-08-30 03:00:00+03:00,27.5525,,
2026-08-27 23:57:45.256436+03:00,2026-08-30 03:15:00+03:00,27.2688,,
2026-08-27 23:57:45.256436+03:00,2026-08-30 03:30:00+03:00,27.3018,,
2026-08-27 23:57:45.256436+03:00,2026-08-30 03:45:00+03:00,27.3631,,
2026-08-27 23:57:45.256436+03:00,2026-08-30 04:00:00+03:00,27.4462,,
2026-08-27 23:57:45.256436+03:00,2026-08-30 04:15:00+03:00,27.5548,,
2026-08-27 23:57:45.256436+03:00,2026-08-30 04:30:00+03:00,27.5489,,
2026-08-27 23:57:45.256436+03:00,2026-08-30 04:45:00+03:00,27.5371,,
2026-08-27 23:57:45.256436+03:00,2026-08-30 05:00:00+03:00,27.523,,
2026-08-27 23:57:45.256436+03:00,2026-08-30 05:15:00+03:00,27.5905,,
2026-08-27 23:57:45.256436+03:00,2026-08-30 05:30:00+03:00,27.5961,,
2026-08-27 23:57:45.256436+03:00,2026-08-30 05:45:00+03:00,27.5784,,
2026-08-27 23:57:45.256436+03:00,2026-08-30 06:00:00+03:00,27.523,,
2026-08-27 23:57:45.256436+03:00,2026-08-30 06:15:00+03:00,27.6312,,
2026-08-27 23:57:45.256436+03:00,2026-08-30 06:30:00+03:00,28.0584,,
2026-08-27 23:57:45.256436+03:00,2026-08-30 06:45:00+03:00,28.4788,,
2026-08-27 23:57:45.256436+03:00,2026-08-30 07:00:00+03:00,28.852,,
2026-08-27 23:57:45.256436+03:00,2026-08-30 07:15:00+03:00,29.4608,,
2026-08-27 23:57:45.256436+03:00,2026-08-30 07:30:00+03:00,29.5884,,
2026-08-27 23:57:45.256436+03:00,2026-08-30 07:45:00+03:00,30.279,,
2026-08-27 23:57:45.256436+03:00,2026-08-30 08:00:00+03:00,30.743,,
2026-08-27 23:57:45.256436+03:00,2026-08-30 08:15:00+03:00,31.1314,,
2026-08-27 23:57:45.256436+03:00,2026-08-30 08:30:00+03:00,31.7003,,
2026-08-27 23:57:45.256436+03:00,2026-08-30 08:45:00+03:00,32.2528,,
2026-08-27 23:57:45.256436+03:00,2026-08-30 09:00:00+03:00,32.6943,,
2026-08-27 23:57:45.256436+03:00,2026-08-30 09:15:00+03:00,32.9114,,
2026-08-27 23:57:45.256436+03:00,2026-08-30 09:30:00+03:00,33.222,,
2026-08-27 23:57:45.256436+03:00,2026-08-30 09:45:00+03:00,33.1128,,
2026-08-27 23:57:45.256436+03:00,2026-08-30 10:00:00+03:00,33.0085,,
2026-08-27 23:57:45.256436+03:00,2026-08-30 10:15:00+03:00,32.8805,,
2026-08-27 23:57:45.256436+03:00,2026-08-30 10:30:00+03:00,32.9086,,
2026-08-27 23:57:45.256436+03:00,2026-08-30 10:45:00+03:00,32.9489,,
2026-08-27 23:57:45.256436+03:00,2026-08-30 11:00:00+03:00,32.939,,
2026-08-27 23:57:45.256436+03:00,2026-08-30 11:15:00+03:00,32.8654,,
2026-08-27 23:57:45.256436+03:00,2026-08-30 11:30:00+03:00,32.4118,,
2026-08-27 23:57:45.256436+03:00,2026-08-30 11:45:00+03:00,31.9848,,
2026-08-27 23:57:45.256436+03:00,2026-08-30 12:00:00+03:00,31.4493,,
2026-08-27 23:57:45.256436+03:00,2026-08-30 12:15:00+03:00,31.0526,,
2026-08-27 23:57:45.256436+03:00,2026-08-30 12:30:00+03:00,30.5123,,
2026-08-27 23:57:45.256436+03:00,2026-08-30 12:45:00+03:00,30.2411,,
2026-08-27 23:57:45.256436+03:00,2026-08-30 13:00:00+03:00,29.8777,,
2026-08-27 23:57:45.256436+03:00,2026-08-30 13:15:00+03:00,29.5411,,
2026-08-27 23:57:45.256436+03:00,2026-08-30 13:30:00+03:00,29.5283,,
2026-08-27 23:57:45.256436+03:00,2026-08-30 13:45:00+03:00,29.5667,,
2026-08-27 23:57:45.256436+03:00,2026-08-30 14:00:00+03:00,29.6478,,
2026-08-27 23:57:45.256436+03:00,2026-08-30 14:15:00+03:00,29.6926,,
2026-08-27 23:57:45.256436+03:00,2026-08-30 14:30:00+03:00,29.6569,,
2026-08-27 23:57:45.256436+03:00,2026-08-30 14:45:00+03:00,29.6616,,
2026-08-27 23:57:45.256436+03:00,2026-08-30 15:00:00+03:00,29.6829,,
2026-08-27 23:57:45.256436+03:00,2026-08-30 15:15:00+03:00,29.7574,,
2026-08-27 23:57:45.256436+03:00,2026-08-30 15:30:00+03:00,29.7052,,
2026-08-27 23:57:45.256436+03:00,2026-08-30 15:45:00+03:00,29.6974,,
2026-08-27 23:57:45.256436+03:00,2026-08-30 16:00:00+03:00,29.711,,
2026-08-27 23:57:45.256436+03:00,2026-08-30 16:15:00+03:00,29.902,,
2026-08-27 23:57:45.256436+03:00,2026-08-30 16:30:00+03:00,29.8294,,
2026-08-27 23:57:45.256436+03:00,2026-08-30 16:45:00+03:00,29.7539,,
2026-08-27 23:57:45.256436+03:00,2026-08-30 17:00:00+03:00,29.8612,,
2026-08-27 23:57:45.256436+03:00,2026-08-30 17:15:00+03:00,29.9822,,
2026-08-27 23:57:45.256436+03:00,2026-08-30 17:30:00+03:00,30.2442,,
2026-08-27 23:57:45.256436+03:00,2026-08-30 17:45:00+03:00,30.1788,,
2026-08-27 23:57:45.256436+03:00,2026-08-30 18:00:00+03:00,30.1915,,
2026-08-27 23:57:45.256436+03:00,2026-08-30 18:15:00+03:00,30.2027,,
2026-08-27 23:57:45.256436+03:00,2026-08-30 18:30:00+03:00,30.1699,,
2026-08-27 23:57:45.256436+03:00,2026-08-30 18:45:00+03:00,30.1572,,
2026-08-27 23:57:45.256436+03:00,2026-08-30 19:00:00+03:00,30.1615,,
2026-08-27 23:57:45.256436+03:00,2026-08-30 19:15:00+03:00,30.1421,,
2026-08-27 23:57:45.256436+03:00,2026-08-30 19:30:00+03:00,30.1123,,
2026-08-27 23:57:45.256436+03:00,2026-08-30 19:45:00+03:00,30.1478,,
2026-08-27 23:57:45.256436+03:00,2026-08-30 20:00:00+03:00,30.1336,,
2026-08-27 23:57:45.256436+03:00,2026-08-30 20:15:00+03:00,29.8586,,
2026-08-27 23:57:45.256436+03:00,2026-08-30 20:30:00+03:00,29.6889,,
2026-08-27 23:57:45.256436+03:00,2026-08-30 20:45:00+03:00,29.6974,,
2026-08-27 23:57:45.256436+03:00,2026-08-30 21:00:00+03:00,29.727,,
2026-08-27 23:57:45.256436+03:00,2026-08-30 21:15:00+03:00,29.6952,,
2026-08-27 23:57:45.256436+03:00,2026-08-30 21:30:00+03:00,29.6972,,
2026-08-27 23:57:45.256436+03:00,2026-08-30 21:45:00+03:00,29.691,,
2026-08-27 23:57:45.256436+03:00,2026-08-30 22:00:00+03:00,29.6987,,
2026-08-27 23:57:45.256436+03:00,2026-08-30 22:15:00+03:00,29.5962,,
2026-08-27 23:57:45.256436+03:00,2026-08-30 22:30:00+03:00,29.6391,,
2026-08-27 23:57:45.256436+03:00,2026-08-30 22:45:00+03:00,29.7095,,
2026-08-27 23:57:45.256436+03:00,2026-08-30 23:00:00+03:00,29.7589,,
2026-08-27 23:57:45.256436+03:00,2026-08-30 23:15:00+03:00,29.4569,,
2026-08-27 23:57:45.256436+03:00,2026-08-30 23:30:00+03:00,28.7674,,
2026-08-27 23:57:45.256436+03:00,2026-08-30 23:45:00+03:00,28.0143,,
2026-08-27 23:57:45.256436+03:00,2026-08-31 00:00:00+03:00,27.7138,,
2026-08-27 23:57:45.256436+03:00,2026-08-31 00:15:00+03:00,27.4342,,
2026-08-27 23:57:45.256436+03:00,2026-08-31 00:30:00+03:00,27.2477,,
2026-08-27 23:57:45.256436+03:00,2026-08-31 00:45:00+03:00,27.0237,,
2026-08-27 23:57:45.256436+03:00,2026-08-31 01:00:00+03:00,27.0926,,
2026-08-27 23:57:45.256436+03:00,2026-08-31 01:15:00+03:00,26.8414,,
2026-08-27 23:57:45.256436+03:00,2026-08-31 01:30:00+03:00,26.2566,,
2026-08-27 23:57:45.256436+03:00,2026-08-31 01:45:00+03:00,25.9152,,
2026-08-27 23:57:45.256436+03:00,2026-08-31 02:00:00+03:00,25.6752,,
2026-08-27 23:57:45.256436+03:00,2026-08-31 02:15:00+03:00,25.2579,,
2026-08-27 23:57:45.256436+03:00,2026-08-31 02:30:00+03:00,25.0444,,
2026-08-27 23:57:45.256436+03:00,2026-08-31 02:45:00+03:00,24.6277,,
2026-08-27 23:57:45.256436+03:00,2026-08-31 03:00:00+03:00,24.4161,,
2026-08-27 23:57:45.256436+03:00,2026-08-31 03:15:00+03:00,24.52,,
2026-08-27 23:57:45.256436+03:00,2026-08-31 03:30:00+03:00,24.5359,,
2026-08-27 23:57:45.256436+03:00,2026-08-31 03:45:00+03:00,24.6014,,
2026-08-27 23:57:45.256436+03:00,2026-08-31 04:00:00+03:00,24.6333,,
2026-08-27 23:57:45.256436+03:00,2026-08-31 04:15:00+03:00,24.7659,,
2026-08-27 23:57:45.256436+03:00,2026-08-31 04:30:00+03:00,25.0038,,
2026-08-27 23:57:45.256436+03:00,2026-08-31 04:45:00+03:00,24.9373,,
2026-08-27 23:57:45.256436+03:00,2026-08-31 05:00:00+03:00,24.9169,,
2026-08-27 23:57:45.256436+03:00,2026-08-31 05:15:00+03:00,25.1807,,
2026-08-27 23:57:45.256436+03:00,2026-08-31 05:30:00+03:00,25.5729,,
2026-08-27 23:57:45.256436+03:00,2026-08-31 05:45:00+03:00,25.7446,,
2026-08-27 23:57:45.256436+03:00,2026-08-31 06:00:00+03:00,25.691,,
2026-08-27 23:57:45.256436+03:00,2026-08-31 06:15:00+03:00,26.0409,,
2026-08-27 23:57:45.256436+03:00,2026-08-31 06:30:00+03:00,26.2993,,
2026-08-27 23:57:45.256436+03:00,2026-08-31 06:45:00+03:00,26.4506,,
2026-08-27 23:57:45.256436+03:00,2026-08-31 07:00:00+03:00,26.4451,,
2026-08-27 23:57:45.256436+03:00,2026-08-31 07:15:00+03:00,26.6675,,
2026-08-27 23:57:45.256436+03:00,2026-08-31 07:30:00+03:00,27.0886,,
2026-08-27 23:57:45.256436+03:00,2026-08-31 07:45:00+03:00,27.5927,,
2026-08-27 23:57:45.256436+03:00,2026-08-31 08:00:00+03:00,27.7054,,
2026-08-27 23:57:45.256436+03:00,2026-08-31 08:15:00+03:00,28.1144,,
2026-08-27 23:57:45.256436+03:00,2026-08-31 08:30:00+03:00,28.5056,,
2026-08-27 23:57:45.256436+03:00,2026-08-31 08:45:00+03:00,28.8808,,
2026-08-27 23:57:45.256436+03:00,2026-08-31 09:00:00+03:00,29.1482,,
2026-08-27 23:57:45.256436+03:00,2026-08-31 09:15:00+03:00,29.2205,,
2026-08-27 23:57:45.256436+03:00,2026-08-31 09:30:00+03:00,29.1767,,
2026-08-27 23:57:45.256436+03:00,2026-08-31 09:45:00+03:00,29.2291,,
2026-08-27 23:57:45.256436+03:00,2026-08-31 10:00:00+03:00,29.1531,,
2026-08-27 23:57:45.256436+03:00,2026-08-31 10:15:00+03:00,29.077,,
2026-08-27 23:57:45.256436+03:00,2026-08-31 10:30:00+03:00,28.7419,,
2026-08-27 23:57:45.256436+03:00,2026-08-31 10:45:00+03:00,28.3937,,
2026-08-27 23:57:45.256436+03:00,2026-08-31 11:00:00+03:00,28.014,,
2026-08-27 23:57:45.256436+03:00,2026-08-31 11:15:00+03:00,27.9192,,
2026-08-27 23:57:45.256436+03:00,2026-08-31 11:30:00+03:00,27.652,,
2026-08-27 23:57:45.256436+03:00,2026-08-31 11:45:00+03:00,27.6782,,
2026-08-27 23:57:45.256436+03:00,2026-08-31 12:00:00+03:00,27.7112,,
2026-08-27 23:57:45.256436+03:00,2026-08-31 12:15:00+03:00,27.6991,,
2026-08-27 23:57:45.256436+03:00,2026-08-31 12:30:00+03:00,27.7254,,
2026-08-27 23:57:45.256436+03:00,2026-08-31 12:45:00+03:00,27.737,,
2026-08-27 23:57:45.256436+03:00,2026-08-31 13:00:00+03:00,27.7113,,
2026-08-27 23:57:45.256436+03:00,2026-08-31 13:15:00+03:00,27.6666,,
2026-08-27 23:57:45.256436+03:00,2026-08-31 13:30:00+03:00,27.7007,,
2026-08-27 23:57:45.256436+03:00,2026-08-31 13:45:00+03:00,27.7037,,
2026-08-27 23:57:45.256436+03:00,2026-08-31 14:00:00+03:00,27.7221,,
2026-08-27 23:57:45.256436+03:00,2026-08-31 14:15:00+03:00,27.7327,,
2026-08-27 23:57:45.256436+03:00,2026-08-31 14:30:00+03:00,27.7445,,
2026-08-27 23:57:45.256436+03:00,2026-08-31 14:45:00+03:00,27.7587,,
2026-08-27 23:57:45.256436+03:00,2026-08-31 15:00:00+03:00,27.7607,,
2026-08-27 23:57:45.256436+03:00,2026-08-31 15:15:00+03:00,27.8138,,
2026-08-27 23:57:45.256436+03:00,2026-08-31 15:30:00+03:00,27.8209,,
2026-08-27 23:57:45.256436+03:00,2026-08-31 15:45:00+03:00,27.8045,,
2026-08-27 23:57:45.256436+03:00,2026-08-31 16:00:00+03:00,27.7767,,
2026-08-27 23:57:45.256436+03:00,2026-08-31 16:15:00+03:00,27.9167,,
2026-08-27 23:57:45.256436+03:00,2026-08-31 16:30:00+03:00,27.8948,,
2026-08-27 23:57:45.256436+03:00,2026-08-31 16:45:00+03:00,27.8313,,
2026-08-27 23:57:45.256436+03:00,2026-08-31 17:00:00+03:00,27.9214,,
2026-08-27 23:57:45.256436+03:00,2026-08-31 17:15:00+03:00,27.9914,,
2026-08-27 23:57:45.256436+03:00,2026-08-31 17:30:00+03:00,27.949,,
2026-08-27 23:57:45.256436+03:00,2026-08-31 17:45:00+03:00,27.9383,,
2026-08-27 23:57:45.256436+03:00,2026-08-31 18:00:00+03:00,27.9178,,
2026-08-27 23:57:45.256436+03:00,2026-08-31 18:15:00+03:00,27.92,,
2026-08-27 23:57:45.256436+03:00,2026-08-31 18:30:00+03:00,27.9099,,
2026-08-27 23:57:45.256436+03:00,2026-08-31 18:45:00+03:00,27.9194,,
2026-08-27 23:57:45.256436+03:00,2026-08-31 19:00:00+03:00,27.8902,,
2026-08-27 23:57:45.256436+03:00,2026-08-31 19:15:00+03:00,27.8537,,
2026-08-27 23:57:45.256436+03:00,2026-08-31 19:30:00+03:00,27.8651,,
2026-08-27 23:57:45.256436+03:00,2026-08-31 19:45:00+03:00,27.8728,,
2026-08-27 23:57:45.256436+03:00,2026-08-31 20:00:00+03:00,27.841,,
2026-08-27 23:57:45.256436+03:00,2026-08-31 20:15:00+03:00,27.5568,,
2026-08-27 23:57:45.256436+03:00,2026-08-31 20:30:00+03:00,27.3852,,
2026-08-27 23:57:45.256436+03:00,2026-08-31 20:45:00+03:00,27.3765,,
2026-08-27 23:57:45.256436+03:00,2026-08-31 21:00:00+03:00,27.3889,,
2026-08-27 23:57:45.256436+03:00,2026-08-31 21:15:00+03:00,27.3868,,
2026-08-27 23:57:45.256436+03:00,2026-08-31 21:30:00+03:00,27.4225,,
2026-08-27 23:57:45.256436+03:00,2026-08-31 21:45:00+03:00,27.4225,,
2026-08-27 23:57:45.256436+03:00,2026-08-31 22:00:00+03:00,27.4327,,
2026-08-27 23:57:45.256436+03:00,2026-08-31 22:15:00+03:00,27.3349,,
2026-08-27 23:57:45.256436+03:00,2026-08-31 22:30:00+03:00,27.4287,,
2026-08-27 23:57:45.256436+03:00,2026-08-31 22:45:00+03:00,27.4893,,
2026-08-27 23:57:45.256436+03:00,2026-08-31 23:00:00+03:00,27.5013,,
2026-08-27 23:57:45.256436+03:00,2026-08-31 23:15:00+03:00,27.1413,,
2026-08-27 23:57:45.256436+03:00,2026-08-31 23:30:00+03:00,26.9235,,
2026-08-27 23:57:45.256436+03:00,2026-08-31 23:45:00+03:00,27.0613,,
2026-08-27 23:57:45.256436+03:00,2026-09-01 00:00:00+03:00,27.0505,,
2026-08-27 23:57:45.256436+03:00,2026-09-01 00:15:00+03:00,27.109,,
2026-08-27 23:57:45.256436+03:00,2026-09-01 00:30:00+03:00,27.1141,,
2026-08-27 23:57:45.256436+03:00,2026-09-01 00:45:00+03:00,27.1356,,
2026-08-27 23:57:45.256436+03:00,2026-09-01 01:00:00+03:00,27.1198,,
2026-08-27 23:57:45.256436+03:00,2026-09-01 01:15:00+03:00,26.8924,,
2026-08-27 23:57:45.256436+03:00,2026-09-01 01:30:00+03:00,26.9247,,
2026-08-27 23:57:45.256436+03:00,2026-09-01 01:45:00+03:00,27.0334,,
2026-08-27 23:57:45.256436+03:00,2026-09-01 02:00:00+03:00,27.0827,,
2026-08-27 23:57:45.256436+03:00,2026-09-01 02:15:00+03:00,27.0995,,
2026-08-27 23:57:45.256436+03:00,2026-09-01 02:30:00+03:00,27.1022,,
2026-08-27 23:57:45.256436+03:00,2026-09-01 02:45:00+03:00,27.1152,,
2026-08-27 23:57:45.256436+03:00,2026-09-01 03:00:00+03:00,27.1096,,
2026-08-27 23:57:45.256436+03:00,2026-09-01 03:15:00+03:00,27.138,,
2026-08-27 23:57:45.256436+03:00,2026-09-01 03:30:00+03:00,27.1528,,
2026-08-27 23:57:45.256436+03:00,2026-09-01 03:45:00+03:00,27.1692,,
2026-08-27 23:57:45.256436+03:00,2026-09-01 04:00:00+03:00,27.2111,,
2026-08-27 23:57:45.256436+03:00,2026-09-01 04:15:00+03:00,27.3622,,
2026-08-27 23:57:45.256436+03:00,2026-09-01 04:30:00+03:00,27.6652,,
2026-08-27 23:57:45.256436+03:00,2026-09-01 04:45:00+03:00,28.0635,,
2026-08-27 23:57:45.256436+03:00,2026-09-01 05:00:00+03:00,28.4998,,
2026-08-27 23:57:45.256436+03:00,2026-09-01 05:15:00+03:00,29.2837,,
2026-08-27 23:57:45.256436+03:00,2026-09-01 05:30:00+03:00,29.8779,,
2026-08-27 23:57:45.256436+03:00,2026-09-01 05:45:00+03:00,30.3539,,
2026-08-27 23:57:45.256436+03:00,2026-09-01 06:00:00+03:00,30.8927,,
2026-08-27 23:57:45.256436+03:00,2026-09-01 06:15:00+03:00,31.625,,
2026-08-27 23:57:45.256436+03:00,2026-09-01 06:30:00+03:00,32.5757,,
2026-08-27 23:57:45.256436+03:00,2026-09-01 06:45:00+03:00,33.5508,,
2026-08-27 23:57:45.256436+03:00,2026-09-01 07:00:00+03:00,34.1853,,
2026-08-27 23:57:45.256436+03:00,2026-09-01 07:15:00+03:00,35.2272,,
2026-08-27 23:57:45.256436+03:00,2026-09-01 07:30:00+03:00,36.0705,,
2026-08-27 23:57:45.256436+03:00,2026-09-01 07:45:00+03:00,36.6946,,
2026-08-27 23:57:45.256436+03:00,2026-09-01 08:00:00+03:00,37.3016,,
2026-08-27 23:57:45.256436+03:00,2026-09-01 08:15:00+03:00,38.0362,,
2026-08-27 23:57:45.256436+03:00,2026-09-01 08:30:00+03:00,38.5605,,
2026-08-27 23:57:45.256436+03:00,2026-09-01 08:45:00+03:00,39.2321,,
2026-08-27 23:57:45.256436+03:00,2026-09-01 09:00:00+03:00,39.4414,,
2026-08-27 23:57:45.256436+03:00,2026-09-01 09:15:00+03:00,39.0033,,
2026-08-27 23:57:45.256436+03:00,2026-09-01 09:30:00+03:00,38.4445,,
2026-08-27 23:57:45.256436+03:00,2026-09-01 09:45:00+03:00,38.5814,,
2026-08-27 23:57:45.256436+03:00,2026-09-01 10:00:00+03:00,38.5094,,
2026-08-27 23:57:45.256436+03:00,2026-09-01 10:15:00+03:00,38.4755,,
2026-08-27 23:57:45.256436+03:00,2026-09-01 10:30:00+03:00,38.6133,,
2026-08-27 23:57:45.256436+03:00,2026-09-01 10:45:00+03:00,38.6207,,
2026-08-27 23:57:45.256436+03:00,2026-09-01 11:00:00+03:00,38.5883,,
2026-08-27 23:57:45.256436+03:00,2026-09-01 11:15:00+03:00,38.4904,,
2026-08-27 23:57:45.256436+03:00,2026-09-01 11:30:00+03:00,38.5775,,
2026-08-27 23:57:45.256436+03:00,2026-09-01 11:45:00+03:00,38.5872,,
2026-08-27 23:57:45.256436+03:00,2026-09-01 12:00:00+03:00,38.5754,,
2026-08-27 23:57:45.256436+03:00,2026-09-01 12:15:00+03:00,38.4872,,
2026-08-27 23:57:45.256436+03:00,2026-09-01 12:30:00+03:00,38.5657,,
2026-08-27 23:57:45.256436+03:00,2026-09-01 12:45:00+03:00,38.5801,,
2026-08-27 23:57:45.256436+03:00,2026-09-01 13:00:00+03:00,38.5642,,
2026-08-27 23:57:45.256436+03:00,2026-09-01 13:15:00+03:00,38.4683,,
2026-08-27 23:57:45.256436+03:00,2026-09-01 13:30:00+03:00,38.5581,,
2026-08-27 23:57:45.256436+03:00,2026-09-01 13:45:00+03:00,38.5677,,
2026-08-27 23:57:45.256436+03:00,2026-09-01 14:00:00+03:00,38.5723,,
2026-08-27 23:57:45.256436+03:00,2026-09-01 14:15:00+03:00,38.617,,
2026-08-27 23:57:45.256436+03:00,2026-09-01 14:30:00+03:00,38.636,,
2026-08-27 23:57:45.256436+03:00,2026-09-01 14:45:00+03:00,38.6471,,
2026-08-27 23:57:45.256436+03:00,2026-09-01 15:00:00+03:00,38.6194,,
2026-08-27 23:57:45.256436+03:00,2026-09-01 15:15:00+03:00,38.6583,,
2026-08-27 23:57:45.256436+03:00,2026-09-01 15:30:00+03:00,38.6696,,
2026-08-27 23:57:45.256436+03:00,2026-09-01 15:45:00+03:00,38.6619,,
2026-08-27 23:57:45.256436+03:00,2026-09-01 16:00:00+03:00,38.6553,,
2026-08-27 23:57:45.256436+03:00,2026-09-01 16:15:00+03:00,38.8235,,
2026-08-27 23:57:45.256436+03:00,2026-09-01 16:30:00+03:00,38.8109,,
2026-08-27 23:57:45.256436+03:00,2026-09-01 16:45:00+03:00,38.7027,,
2026-08-27 23:57:45.256436+03:00,2026-09-01 17:00:00+03:00,38.7191,,
2026-08-27 23:57:45.256436+03:00,2026-09-01 17:15:00+03:00,38.8694,,
2026-08-27 23:57:45.256436+03:00,2026-09-01 17:30:00+03:00,38.7681,,
2026-08-27 23:57:45.256436+03:00,2026-09-01 17:45:00+03:00,38.7176,,
2026-08-27 23:57:45.256436+03:00,2026-09-01 18:00:00+03:00,38.7383,,
2026-08-27 23:57:45.256436+03:00,2026-09-01 18:15:00+03:00,38.5959,,
2026-08-27 23:57:45.256436+03:00,2026-09-01 18:30:00+03:00,38.6404,,
2026-08-27 23:57:45.256436+03:00,2026-09-01 18:45:00+03:00,38.6529,,
2026-08-27 23:57:45.256436+03:00,2026-09-01 19:00:00+03:00,38.6749,,
2026-08-27 23:57:45.256436+03:00,2026-09-01 19:15:00+03:00,38.3998,,
2026-08-27 23:57:45.256436+03:00,2026-09-01 19:30:00+03:00,37.8513,,
2026-08-27 23:57:45.256436+03:00,2026-09-01 19:45:00+03:00,37.3981,,
2026-08-27 23:57:45.256436+03:00,2026-09-01 20:00:00+03:00,37.4568,,
2026-08-27 23:57:45.256436+03:00,2026-09-01 20:15:00+03:00,37.1061,,
2026-08-27 23:57:45.256436+03:00,2026-09-01 20:30:00+03:00,36.7748,,
2026-08-27 23:57:45.256436+03:00,2026-09-01 20:45:00+03:00,36.3591,,
2026-08-27 23:57:45.256436+03:00,2026-09-01 21:00:00+03:00,36.4516,,
2026-08-27 23:57:45.256436+03:00,2026-09-01 21:15:00+03:00,36.4313,,
2026-08-27 23:57:45.256436+03:00,2026-09-01 21:30:00+03:00,36.5114,,
2026-08-27 23:57:45.256436+03:00,2026-09-01 21:45:00+03:00,36.5153,,
2026-08-27 23:57:45.256436+03:00,2026-09-01 22:00:00+03:00,36.5237,,
2026-08-27 23:57:45.256436+03:00,2026-09-01 22:15:00+03:00,36.1416,,
2026-08-27 23:57:45.256436+03:00,2026-09-01 22:30:00+03:00,35.4169,,
2026-08-27 23:57:45.256436+03:00,2026-09-01 22:45:00+03:00,35.216,,
2026-08-27 23:57:45.256436+03:00,2026-09-01 23:00:00+03:00,34.7329,,
2026-08-27 23:57:45.256436+03:00,2026-09-01 23:15:00+03:00,34.0078,,
2026-08-27 23:57:45.256436+03:00,2026-09-01 23:30:00+03:00,33.2222,,
2026-08-27 23:57:45.256436+03:00,2026-09-01 23:45:00+03:00,32.3548,,
2026-08-27 23:57:45.256436+03:00,2026-09-02 00:00:00+03:00,31.1595,,
2026-08-27 23:57:45.256436+03:00,2026-09-02 00:15:00+03:00,31.0238,,
2026-08-27 23:57:45.256436+03:00,2026-09-02 00:30:00+03:00,30.4721,,
2026-08-27 23:57:45.256436+03:00,2026-09-02 00:45:00+03:00,30.3106,,
2026-08-27 23:57:45.256436+03:00,2026-09-02 01:00:00+03:00,30.3402,,
2026-08-27 23:57:45.256436+03:00,2026-09-02 01:15:00+03:00,30.1194,,
2026-08-27 23:57:45.256436+03:00,2026-09-02 01:30:00+03:00,29.77,,
2026-08-27 23:57:45.256436+03:00,2026-09-02 01:45:00+03:00,29.5904,,
2026-08-27 23:57:45.256436+03:00,2026-09-02 02:00:00+03:00,29.6376,,
2026-08-27 23:57:45.256436+03:00,2026-09-02 02:15:00+03:00,29.6783,,
2026-08-27 23:57:45.256436+03:00,2026-09-02 02:30:00+03:00,29.6535,,
2026-08-27 23:57:45.256436+03:00,2026-09-02 02:45:00+03:00,29.6662,,
2026-08-27 23:57:45.256436+03:00,2026-09-02 03:00:00+03:00,29.7161,,
2026-08-27 23:57:45.256436+03:00,2026-09-02 03:15:00+03:00,29.7761,,
2026-08-27 23:57:45.256436+03:00,2026-09-02 03:30:00+03:00,29.7381,,
2026-08-27 23:57:45.256436+03:00,2026-09-02 03:45:00+03:00,29.754,,
2026-08-27 23:57:45.256436+03:00,2026-09-02 04:00:00+03:00,29.8628,,
2026-08-27 23:57:45.256436+03:00,2026-09-02 04:15:00+03:00,30.0469,,
2026-08-27 23:57:45.256436+03:00,2026-09-02 04:30:00+03:00,30.3235,,
2026-08-27 23:57:45.256436+03:00,2026-09-02 04:45:00+03:00,30.7218,,
2026-08-27 23:57:45.256436+03:00,2026-09-02 05:00:00+03:00,31.0944,,
2026-08-27 23:57:45.256436+03:00,2026-09-02 05:15:00+03:00,32.1677,,
2026-08-27 23:57:45.256436+03:00,2026-09-02 05:30:00+03:00,33.052,,
2026-08-27 23:57:45.256436+03:00,2026-09-02 05:45:00+03:00,33.8036,,
2026-08-27 23:57:45.256436+03:00,2026-09-02 06:00:00+03:00,34.778,,
2026-08-27 23:57:45.256436+03:00,2026-09-02 06:15:00+03:00,36.0137,,
2026-08-27 23:57:45.256436+03:00,2026-09-02 06:30:00+03:00,36.9981,,
2026-08-27 23:57:45.256436+03:00,2026-09-02 06:45:00+03:00,38.0147,,
2026-08-27 23:57:45.256436+03:00,2026-09-02 07:00:00+03:00,38.8496,,
2026-08-27 23:57:45.256436+03:00,2026-09-02 07:15:00+03:00,39.7678,,
2026-08-27 23:57:45.256436+03:00,2026-09-02 07:30:00+03:00,40.8718,,
2026-08-27 23:57:45.256436+03:00,2026-09-02 07:45:00+03:00,41.6555,,
2026-08-27 23:57:45.256436+03:00,2026-09-02 08:00:00+03:00,41.9473,,
2026-08-27 23:57:45.256436+03:00,2026-09-02 08:15:00+03:00,42.8787,,
2026-08-27 23:57:45.256436+03:00,2026-09-02 08:30:00+03:00,43.2574,,
2026-08-27 23:57:45.256436+03:00,2026-09-02 08:45:00+03:00,43.747,,
2026-08-27 23:57:45.256436+03:00,2026-09-02 09:00:00+03:00,44.5115,,
2026-08-27 23:57:45.256436+03:00,2026-09-02 09:15:00+03:00,44.6065,,
2026-08-27 23:57:45.256436+03:00,2026-09-02 09:30:00+03:00,44.6191,,
2026-08-27 23:57:45.256436+03:00,2026-09-02 09:45:00+03:00,44.5163,,
2026-08-27 23:57:45.256436+03:00,2026-09-02 10:00:00+03:00,44.3199,,
2026-08-27 23:57:45.256436+03:00,2026-09-02 10:15:00+03:00,44.3345,,
2026-08-27 23:57:45.256436+03:00,2026-09-02 10:30:00+03:00,44.335,,
2026-08-27 23:57:45.256436+03:00,2026-09-02 10:45:00+03:00,44.3619,,
2026-08-27 23:57:45.256436+03:00,2026-09-02 11:00:00+03:00,44.3324,,
2026-08-27 23:57:45.256436+03:00,2026-09-02 11:15:00+03:00,44.3242,,
2026-08-27 23:57:45.256436+03:00,2026-09-02 11:30:00+03:00,44.3164,,
2026-08-27 23:57:45.256436+03:00,2026-09-02 11:45:00+03:00,44.3335,,
2026-08-27 23:57:45.256436+03:00,2026-09-02 12:00:00+03:00,44.3513,,
2026-08-27 23:57:45.256436+03:00,2026-09-02 12:15:00+03:00,44.3682,,
2026-08-27 23:57:45.256436+03:00,2026-09-02 12:30:00+03:00,44.3289,,
2026-08-27 23:57:45.256436+03:00,2026-09-02 12:45:00+03:00,44.3474,,
2026-08-27 23:57:45.256436+03:00,2026-09-02 13:00:00+03:00,44.3211,,
2026-08-27 23:57:45.256436+03:00,2026-09-02 13:15:00+03:00,44.3399,,
2026-08-27 23:57:45.256436+03:00,2026-09-02 13:30:00+03:00,44.3213,,
2026-08-27 23:57:45.256436+03:00,2026-09-02 13:45:00+03:00,44.3318,,
2026-08-27 23:57:45.256436+03:00,2026-09-02 14:00:00+03:00,44.3601,,
2026-08-27 23:57:45.256436+03:00,2026-09-02 14:15:00+03:00,44.4778,,
2026-08-27 23:57:45.256436+03:00,2026-09-02 14:30:00+03:00,44.416,,
2026-08-27 23:57:45.256436+03:00,2026-09-02 14:45:00+03:00,44.432,,
2026-08-27 23:57:45.256436+03:00,2026-09-02 15:00:00+03:00,44.455,,
2026-08-27 23:57:45.256436+03:00,2026-09-02 15:15:00+03:00,44.635,,
2026-08-27 23:57:45.256436+03:00,2026-09-02 15:30:00+03:00,44.5486,,
2026-08-27 23:57:45.256436+03:00,2026-09-02 15:45:00+03:00,44.521,,
2026-08-27 23:57:45.256436+03:00,2026-09-02 16:00:00+03:00,44.5562,,
2026-08-27 23:57:45.256436+03:00,2026-09-02 16:15:00+03:00,44.8661,,
2026-08-27 23:57:45.256436+03:00,2026-09-02 16:30:00+03:00,45.5449,,
2026-08-27 23:57:45.256436+03:00,2026-09-02 16:45:00+03:00,45.8628,,
2026-08-27 23:57:45.256436+03:00,2026-09-02 17:00:00+03:00,45.7087,,
2026-08-27 23:57:45.256436+03:00,2026-09-02 17:15:00+03:00,45.9789,,
2026-08-27 23:57:45.256436+03:00,2026-09-02 17:30:00+03:00,45.7901,,
2026-08-27 23:57:45.256436+03:00,2026-09-02 17:45:00+03:00,45.7348,,
2026-08-27 23:57:45.256436+03:00,2026-09-02 18:00:00+03:00,45.6564,,
2026-08-27 23:57:45.256436+03:00,2026-09-02 18:15:00+03:00,45.4691,,
2026-08-27 23:57:45.256436+03:00,2026-09-02 18:30:00+03:00,45.6004,,
2026-08-27 23:57:45.256436+03:00,2026-09-02 18:45:00+03:00,45.6203,,
2026-08-27 23:57:45.256436+03:00,2026-09-02 19:00:00+03:00,45.54,,
2026-08-27 23:57:45.256436+03:00,2026-09-02 19:15:00+03:00,45.1783,,
2026-08-27 23:57:45.256436+03:00,2026-09-02 19:30:00+03:00,44.7591,,
2026-08-27 23:57:45.256436+03:00,2026-09-02 19:45:00+03:00,44.2238,,
2026-08-27 23:57:45.256436+03:00,2026-09-02 20:00:00+03:00,44.4072,,
2026-08-27 23:57:45.256436+03:00,2026-09-02 20:15:00+03:00,44.0751,,
2026-08-27 23:57:45.256436+03:00,2026-09-02 20:30:00+03:00,43.5286,,
2026-08-27 23:57:45.256436+03:00,2026-09-02 20:45:00+03:00,42.929,,
2026-08-27 23:57:45.256436+03:00,2026-09-02 21:00:00+03:00,42.4017,,
2026-08-27 23:57:45.256436+03:00,2026-09-02 21:15:00+03:00,41.6816,,
2026-08-27 23:57:45.256436+03:00,2026-09-02 21:30:00+03:00,40.7488,,
2026-08-27 23:57:45.256436+03:00,2026-09-02 21:45:00+03:00,40.3398,,
2026-08-27 23:57:45.256436+03:00,2026-09-02 22:00:00+03:00,39.8551,,
2026-08-27 23:57:45.256436+03:00,2026-09-02 22:15:00+03:00,39.1734,,
2026-08-27 23:57:45.256436+03:00,2026-09-02 22:30:00+03:00,38.3848,,
2026-08-27 23:57:45.256436+03:00,2026-09-02 22:45:00+03:00,37.2432,,
2026-08-27 23:57:45.256436+03:00,2026-09-02 23:00:00+03:00,36.2869,,
2026-08-27 23:57:45.256436+03:00,2026-09-02 23:15:00+03:00,34.6279,,
2026-08-27 23:57:45.256436+03:00,2026-09-02 23:30:00+03:00,32.8393,,
2026-08-27 23:57:45.256436+03:00,2026-09-02 23:45:00+03:00,30.9002,,
2026-08-27 23:57:45.256436+03:00,2026-09-03 00:00:00+03:00,29.0638,,
2026-08-27 23:57:45.256436+03:00,2026-09-03 00:15:00+03:00,28.2017,,
2026-08-27 23:57:45.256436+03:00,2026-09-03 00:30:00+03:00,27.511,,
2026-08-27 23:57:45.256436+03:00,2026-09-03 00:45:00+03:00,26.6942,,
2026-08-27 23:57:45.256436+03:00,2026-09-03 01:00:00+03:00,26.1797,,
2026-08-27 23:57:45.256436+03:00,2026-09-03 01:15:00+03:00,25.6528,,
2026-08-27 23:57:45.256436+03:00,2026-09-03 01:30:00+03:00,24.9902,,
2026-08-27 23:57:45.256436+03:00,2026-09-03 01:45:00+03:00,24.4054,,
2026-08-27 23:57:45.256436+03:00,2026-09-03 02:00:00+03:00,23.8367,,
2026-08-27 23:57:45.256436+03:00,2026-09-03 02:15:00+03:00,23.6051,,
2026-08-27 23:57:45.256436+03:00,2026-09-03 02:30:00+03:00,23.1795,,
2026-08-27 23:57:45.256436+03:00,2026-09-03 02:45:00+03:00,22.9319,,
2026-08-27 23:57:45.256436+03:00,2026-09-03 03:00:00+03:00,22.9449,,
2026-08-27 23:57:45.256436+03:00,2026-09-03 03:15:00+03:00,23.0399,,
2026-08-27 23:57:45.256436+03:00,2026-09-03 03:30:00+03:00,23.085,,
2026-08-27 23:57:45.256436+03:00,2026-09-03 03:45:00+03:00,23.0943,,
2026-08-27 23:57:45.256436+03:00,2026-09-03 04:00:00+03:00,23.1122,,
2026-08-27 23:57:45.256436+03:00,2026-09-03 04:15:00+03:00,23.3127,,
2026-08-27 23:57:45.256436+03:00,2026-09-03 04:30:00+03:00,23.6801,,
2026-08-27 23:57:45.256436+03:00,2026-09-03 04:45:00+03:00,24.115,,
2026-08-27 23:57:45.256436+03:00,2026-09-03 05:00:00+03:00,24.3562,,
2026-08-27 23:57:45.256436+03:00,2026-09-03 05:15:00+03:00,24.7661,,
2026-08-27 23:57:45.256436+03:00,2026-09-03 05:30:00+03:00,25.2717,,
2026-08-27 23:57:45.256436+03:00,2026-09-03 05:45:00+03:00,25.6939,,
2026-08-27 23:57:45.256436+03:00,2026-09-03 06:00:00+03:00,25.8513,,
2026-08-27 23:57:45.256436+03:00,2026-09-03 06:15:00+03:00,26.7997,,
2026-08-27 23:57:45.256436+03:00,2026-09-03 06:30:00+03:00,27.373,,
2026-08-27 23:57:45.256436+03:00,2026-09-03 06:45:00+03:00,28.2629,,
2026-08-27 23:57:45.256436+03:00,2026-09-03 07:00:00+03:00,29.0524,,
2026-08-27 23:57:45.256436+03:00,2026-09-03 07:15:00+03:00,30.2216,,
2026-08-27 23:57:45.256436+03:00,2026-09-03 07:30:00+03:00,31.3014,,
2026-08-27 23:57:45.256436+03:00,2026-09-03 07:45:00+03:00,32.6459,,
2026-08-27 23:57:45.256436+03:00,2026-09-03 08:00:00+03:00,33.9045,,
2026-08-27 23:57:45.256436+03:00,2026-09-03 08:15:00+03:00,34.6617,,
2026-08-27 23:57:45.256436+03:00,2026-09-03 08:30:00+03:00,35.6603,,
2026-08-27 23:57:45.256436+03:00,2026-09-03 08:45:00+03:00,36.4207,,
2026-08-27 23:57:45.256436+03:00,2026-09-03 09:00:00+03:00,37.4365,,
2026-08-27 23:57:45.256436+03:00,2026-09-03 09:15:00+03:00,37.7993,,
2026-08-27 23:57:45.256436+03:00,2026-09-03 09:30:00+03:00,37.7991,,
2026-08-27 23:57:45.256436+03:00,2026-09-03 09:45:00+03:00,37.6794,,
2026-08-27 23:57:45.256436+03:00,2026-09-03 10:00:00+03:00,37.4711,,
2026-08-27 23:57:45.256436+03:00,2026-09-03 10:15:00+03:00,37.3999,,
2026-08-27 23:57:45.256436+03:00,2026-09-03 10:30:00+03:00,37.4547,,
2026-08-27 23:57:45.256436+03:00,2026-09-03 10:45:00+03:00,37.471,,
2026-08-27 23:57:45.256436+03:00,2026-09-03 11:00:00+03:00,37.4414,,
2026-08-27 23:57:45.256436+03:00,2026-09-03 11:15:00+03:00,37.3314,,
2026-08-27 23:57:45.256436+03:00,2026-09-03 11:30:00+03:00,37.4308,,
2026-08-27 23:57:45.256436+03:00,2026-09-03 11:45:00+03:00,37.4551,,
2026-08-27 23:57:45.256436+03:00,2026-09-03 12:00:00+03:00,37.4441,,
2026-08-27 23:57:45.256436+03:00,2026-09-03 12:15:00+03:00,37.3613,,
2026-08-27 23:57:45.256436+03:00,2026-09-03 12:30:00+03:00,37.4554,,
2026-08-27 23:57:45.256436+03:00,2026-09-03 12:45:00+03:00,37.4699,,
2026-08-27 23:57:45.256436+03:00,2026-09-03 13:00:00+03:00,37.4493,,
2026-08-27 23:57:45.256436+03:00,2026-09-03 13:15:00+03:00,37.3662,,
2026-08-27 23:57:45.256436+03:00,2026-09-03 13:30:00+03:00,37.4657,,
2026-08-27 23:57:45.256436+03:00,2026-09-03 13:45:00+03:00,37.4743,,
2026-08-27 23:57:45.256436+03:00,2026-09-03 14:00:00+03:00,37.4608,,
2026-08-27 23:57:45.256436+03:00,2026-09-03 14:15:00+03:00,37.5107,,
2026-08-27 23:57:45.256436+03:00,2026-09-03 14:30:00+03:00,37.5426,,
2026-08-27 23:57:45.256436+03:00,2026-09-03 14:45:00+03:00,37.5585,,
2026-08-27 23:57:45.256436+03:00,2026-09-03 15:00:00+03:00,37.5099,,
2026-08-27 23:57:45.256436+03:00,2026-09-03 15:15:00+03:00,37.5856,,
2026-08-27 23:57:45.256436+03:00,2026-09-03 15:30:00+03:00,37.6158,,
2026-08-27 23:57:45.256436+03:00,2026-09-03 15:45:00+03:00,37.588,,
2026-08-27 23:57:45.256436+03:00,2026-09-03 16:00:00+03:00,37.5324,,
2026-08-27 23:57:45.256436+03:00,2026-09-03 16:15:00+03:00,37.7224,,
2026-08-27 23:57:45.256436+03:00,2026-09-03 16:30:00+03:00,37.7179,,
2026-08-27 23:57:45.256436+03:00,2026-09-03 16:45:00+03:00,37.6036,,
2026-08-27 23:57:45.256436+03:00,2026-09-03 17:00:00+03:00,37.6205,,
2026-08-27 23:57:45.256436+03:00,2026-09-03 17:15:00+03:00,37.8771,,
2026-08-27 23:57:45.256436+03:00,2026-09-03 17:30:00+03:00,38.3492,,
2026-08-27 23:57:45.256436+03:00,2026-09-03 17:45:00+03:00,38.2052,,
2026-08-27 23:57:45.256436+03:00,2026-09-03 18:00:00+03:00,38.2644,,
2026-08-27 23:57:45.256436+03:00,2026-09-03 18:15:00+03:00,38.1597,,
2026-08-27 23:57:45.256436+03:00,2026-09-03 18:30:00+03:00,38.128,,
2026-08-27 23:57:45.256436+03:00,2026-09-03 18:45:00+03:00,38.129,,
2026-08-27 23:57:45.256436+03:00,2026-09-03 19:00:00+03:00,38.1249,,
2026-08-27 23:57:45.256436+03:00,2026-09-03 19:15:00+03:00,37.9174,,
2026-08-27 23:57:45.256436+03:00,2026-09-03 19:30:00+03:00,37.907,,
2026-08-27 23:57:45.256436+03:00,2026-09-03 19:45:00+03:00,37.988,,
2026-08-27 23:57:45.256436+03:00,2026-09-03 20:00:00+03:00,38.024,,
2026-08-27 23:57:45.256436+03:00,2026-09-03 20:15:00+03:00,37.6341,,
2026-08-27 23:57:45.256436+03:00,2026-09-03 20:30:00+03:00,37.2404,,
2026-08-27 23:57:45.256436+03:00,2026-09-03 20:45:00+03:00,36.7827,,
2026-08-27 23:57:45.256436+03:00,2026-09-03 21:00:00+03:00,36.2668,,
2026-08-27 23:57:45.256436+03:00,2026-09-03 21:15:00+03:00,35.3215,,
2026-08-27 23:57:45.256436+03:00,2026-09-03 21:30:00+03:00,34.605,,
2026-08-27 23:57:45.256436+03:00,2026-09-03 21:45:00+03:00,33.6743,,
2026-08-27 23:57:45.256436+03:00,2026-09-03 22:00:00+03:00,32.7134,,
2026-08-27 23:57:45.256436+03:00,2026-09-03 22:15:00+03:00,31.7028,,
2026-08-27 23:57:45.256436+03:00,2026-09-03 22:30:00+03:00,30.7031,,
2026-08-27 23:57:45.256436+03:00,2026-09-03 22:45:00+03:00,29.9171,,
2026-08-27 23:57:45.256436+03:00,2026-09-03 23:00:00+03:00,29.0446,,
2026-08-27 23:57:45.256436+03:00,2026-09-03 23:15:00+03:00,27.9592,,
2026-08-27 23:57:45.256436+03:00,2026-09-03 23:30:00+03:00,26.6017,,
2026-08-27 23:57:45.256436+03:00,2026-09-03 23:45:00+03:00,25.4243,,
