run_date,target_datetime,predicted_price,actual_price,abs_error
2026-08-25 18:24:39.927952+03:00,2026-08-26 00:00:00+03:00,42.558,63.09,20.532000000000004
2026-08-25 18:24:39.927952+03:00,2026-08-26 00:15:00+03:00,42.7843,55.25,12.465699999999998
2026-08-25 18:24:39.927952+03:00,2026-08-26 00:30:00+03:00,41.7828,57.41,15.627199999999997
2026-08-25 18:24:39.927952+03:00,2026-08-26 00:45:00+03:00,38.9569,49.18,10.223100000000002
2026-08-25 18:24:39.927952+03:00,2026-08-26 01:00:00+03:00,37.5146,60.0,22.4854
2026-08-25 18:24:39.927952+03:00,2026-08-26 01:15:00+03:00,36.7371,58.45,21.712900000000005
2026-08-25 18:24:39.927952+03:00,2026-08-26 01:30:00+03:00,35.8758,57.77,21.894200000000005
2026-08-25 18:24:39.927952+03:00,2026-08-26 01:45:00+03:00,35.0831,58.33,23.2469
2026-08-25 18:24:39.927952+03:00,2026-08-26 02:00:00+03:00,35.0364,58.44,23.4036
2026-08-25 18:24:39.927952+03:00,2026-08-26 02:15:00+03:00,34.7446,59.52,24.775400000000005
2026-08-25 18:24:39.927952+03:00,2026-08-26 02:30:00+03:00,34.8031,60.87,26.0669
2026-08-25 18:24:39.927952+03:00,2026-08-26 02:45:00+03:00,34.9635,60.33,25.366499999999995
2026-08-25 18:24:39.927952+03:00,2026-08-26 03:00:00+03:00,34.9728,60.21,25.2372
2026-08-25 18:24:39.927952+03:00,2026-08-26 03:15:00+03:00,35.0225,60.0,24.9775
2026-08-25 18:24:39.927952+03:00,2026-08-26 03:30:00+03:00,34.975,62.05,27.075
2026-08-25 18:24:39.927952+03:00,2026-08-26 03:45:00+03:00,34.9462,64.86,29.9138
2026-08-25 18:24:39.927952+03:00,2026-08-26 04:00:00+03:00,34.9196,57.53,22.6104
2026-08-25 18:24:39.927952+03:00,2026-08-26 04:15:00+03:00,35.1027,64.67,29.567300000000003
2026-08-25 18:24:39.927952+03:00,2026-08-26 04:30:00+03:00,35.5033,57.4,21.8967
2026-08-25 18:24:39.927952+03:00,2026-08-26 04:45:00+03:00,35.9824,61.13,25.147600000000004
2026-08-25 18:24:39.927952+03:00,2026-08-26 05:00:00+03:00,36.2406,55.37,19.1294
2026-08-25 18:24:39.927952+03:00,2026-08-26 05:15:00+03:00,36.6687,60.57,23.9013
2026-08-25 18:24:39.927952+03:00,2026-08-26 05:30:00+03:00,37.1743,72.9,35.7257
2026-08-25 18:24:39.927952+03:00,2026-08-26 05:45:00+03:00,37.3916,95.85,58.4584
2026-08-25 18:24:39.927952+03:00,2026-08-26 06:00:00+03:00,37.8283,60.66,22.8317
2026-08-25 18:24:39.927952+03:00,2026-08-26 06:15:00+03:00,38.3464,80.57,42.22359999999999
2026-08-25 18:24:39.927952+03:00,2026-08-26 06:30:00+03:00,38.5584,100.09,61.531600000000005
2026-08-25 18:24:39.927952+03:00,2026-08-26 06:45:00+03:00,38.7654,153.79,115.0246
2026-08-25 18:24:39.927952+03:00,2026-08-26 07:00:00+03:00,38.818,104.4,65.58200000000001
2026-08-25 18:24:39.927952+03:00,2026-08-26 07:15:00+03:00,39.2265,115.7,76.4735
2026-08-25 18:24:39.927952+03:00,2026-08-26 07:30:00+03:00,39.4957,144.25,104.7543
2026-08-25 18:24:39.927952+03:00,2026-08-26 07:45:00+03:00,39.4128,171.01,131.5972
2026-08-25 18:24:39.927952+03:00,2026-08-26 08:00:00+03:00,39.3779,155.18,115.8021
2026-08-25 18:24:39.927952+03:00,2026-08-26 08:15:00+03:00,39.3207,165.94,126.6193
2026-08-25 18:24:39.927952+03:00,2026-08-26 08:30:00+03:00,39.3272,166.43,127.1028
2026-08-25 18:24:39.927952+03:00,2026-08-26 08:45:00+03:00,39.3151,167.02,127.7049
2026-08-25 18:24:39.927952+03:00,2026-08-26 09:00:00+03:00,39.2362,197.4,158.1638
2026-08-25 18:24:39.927952+03:00,2026-08-26 09:15:00+03:00,38.8888,190.8,151.9112
2026-08-25 18:24:39.927952+03:00,2026-08-26 09:30:00+03:00,38.3616,176.14,137.77839999999998
2026-08-25 18:24:39.927952+03:00,2026-08-26 09:45:00+03:00,37.9878,158.36,120.37220000000002
2026-08-25 18:24:39.927952+03:00,2026-08-26 10:00:00+03:00,37.9574,175.05,137.0926
2026-08-25 18:24:39.927952+03:00,2026-08-26 10:15:00+03:00,37.4581,144.06,106.6019
2026-08-25 18:24:39.927952+03:00,2026-08-26 10:30:00+03:00,37.4294,105.8,68.3706
2026-08-25 18:24:39.927952+03:00,2026-08-26 10:45:00+03:00,37.5421,87.88,50.3379
2026-08-25 18:24:39.927952+03:00,2026-08-26 11:00:00+03:00,37.6049,122.85,85.2451
2026-08-25 18:24:39.927952+03:00,2026-08-26 11:15:00+03:00,37.5351,104.71,67.1749
2026-08-25 18:24:39.927952+03:00,2026-08-26 11:30:00+03:00,37.5233,103.33,65.8067
2026-08-25 18:24:39.927952+03:00,2026-08-26 11:45:00+03:00,37.5284,99.94,62.4116
2026-08-25 18:24:39.927952+03:00,2026-08-26 12:00:00+03:00,37.5653,100.41,62.8447
2026-08-25 18:24:39.927952+03:00,2026-08-26 12:15:00+03:00,37.5144,91.91,54.3956
2026-08-25 18:24:39.927952+03:00,2026-08-26 12:30:00+03:00,37.5111,78.54,41.02890000000001
2026-08-25 18:24:39.927952+03:00,2026-08-26 12:45:00+03:00,37.5156,78.44,40.9244
2026-08-25 18:24:39.927952+03:00,2026-08-26 13:00:00+03:00,37.5215,95.34,57.8185
2026-08-25 18:24:39.927952+03:00,2026-08-26 13:15:00+03:00,37.4835,76.92,39.4365
2026-08-25 18:24:39.927952+03:00,2026-08-26 13:30:00+03:00,37.4913,77.38,39.88869999999999
2026-08-25 18:24:39.927952+03:00,2026-08-26 13:45:00+03:00,37.5054,77.01,39.5046
2026-08-25 18:24:39.927952+03:00,2026-08-26 14:00:00+03:00,37.574,77.72,40.146
2026-08-25 18:24:39.927952+03:00,2026-08-26 14:15:00+03:00,37.5562,73.77,36.2138
2026-08-25 18:24:39.927952+03:00,2026-08-26 14:30:00+03:00,37.5381,74.92,37.3819
2026-08-25 18:24:39.927952+03:00,2026-08-26 14:45:00+03:00,37.5356,74.29,36.7544
2026-08-25 18:24:39.927952+03:00,2026-08-26 15:00:00+03:00,37.5911,72.5,34.9089
2026-08-25 18:24:39.927952+03:00,2026-08-26 15:15:00+03:00,37.6493,73.03,35.380700000000004
2026-08-25 18:24:39.927952+03:00,2026-08-26 15:30:00+03:00,37.6245,75.77,38.1455
2026-08-25 18:24:39.927952+03:00,2026-08-26 15:45:00+03:00,37.6044,79.41,41.8056
2026-08-25 18:24:39.927952+03:00,2026-08-26 16:00:00+03:00,37.6075,76.85,39.24249999999999
2026-08-25 18:24:39.927952+03:00,2026-08-26 16:15:00+03:00,37.6707,87.78,50.109300000000005
2026-08-25 18:24:39.927952+03:00,2026-08-26 16:30:00+03:00,37.6433,91.08,53.4367
2026-08-25 18:24:39.927952+03:00,2026-08-26 16:45:00+03:00,37.6206,99.58,61.9594
2026-08-25 18:24:39.927952+03:00,2026-08-26 17:00:00+03:00,37.6368,91.69,54.0532
2026-08-25 18:24:39.927952+03:00,2026-08-26 17:15:00+03:00,37.6625,98.97,61.3075
2026-08-25 18:24:39.927952+03:00,2026-08-26 17:30:00+03:00,37.6386,111.12,73.48140000000001
2026-08-25 18:24:39.927952+03:00,2026-08-26 17:45:00+03:00,37.6294,136.4,98.7706
2026-08-25 18:24:39.927952+03:00,2026-08-26 18:00:00+03:00,37.6485,115.74,78.0915
2026-08-25 18:24:39.927952+03:00,2026-08-26 18:15:00+03:00,37.6169,146.62,109.0031
2026-08-25 18:24:39.927952+03:00,2026-08-26 18:30:00+03:00,37.5798,165.7,128.12019999999998
2026-08-25 18:24:39.927952+03:00,2026-08-26 18:45:00+03:00,37.5855,171.36,133.77450000000002
2026-08-25 18:24:39.927952+03:00,2026-08-26 19:00:00+03:00,37.6296,157.08,119.4504
2026-08-25 18:24:39.927952+03:00,2026-08-26 19:15:00+03:00,37.475,166.2,128.725
2026-08-25 18:24:39.927952+03:00,2026-08-26 19:30:00+03:00,37.4977,180.81,143.3123
2026-08-25 18:24:39.927952+03:00,2026-08-26 19:45:00+03:00,37.5481,201.31,163.7619
2026-08-25 18:24:39.927952+03:00,2026-08-26 20:00:00+03:00,37.5799,178.57,140.99009999999998
2026-08-25 18:24:39.927952+03:00,2026-08-26 20:15:00+03:00,37.3224,176.88,139.55759999999998
2026-08-25 18:24:39.927952+03:00,2026-08-26 20:30:00+03:00,36.8048,168.84,132.0352
2026-08-25 18:24:39.927952+03:00,2026-08-26 20:45:00+03:00,36.4298,155.1,118.6702
2026-08-25 18:24:39.927952+03:00,2026-08-26 21:00:00+03:00,36.526,183.33,146.804
2026-08-25 18:24:39.927952+03:00,2026-08-26 21:15:00+03:00,36.7004,160.74,124.0396
2026-08-25 18:24:39.927952+03:00,2026-08-26 21:30:00+03:00,36.6347,140.14,103.50529999999998
2026-08-25 18:24:39.927952+03:00,2026-08-26 21:45:00+03:00,36.6495,112.93,76.2805
2026-08-25 18:24:39.927952+03:00,2026-08-26 22:00:00+03:00,36.5643,165.5,128.9357
2026-08-25 18:24:39.927952+03:00,2026-08-26 22:15:00+03:00,36.3325,159.81,123.4775
2026-08-25 18:24:39.927952+03:00,2026-08-26 22:30:00+03:00,35.6276,137.58,101.9524
2026-08-25 18:24:39.927952+03:00,2026-08-26 22:45:00+03:00,35.4613,106.67,71.2087
2026-08-25 18:24:39.927952+03:00,2026-08-26 23:00:00+03:00,35.4804,153.28,117.7996
2026-08-25 18:24:39.927952+03:00,2026-08-26 23:15:00+03:00,35.2614,129.9,94.6386
2026-08-25 18:24:39.927952+03:00,2026-08-26 23:30:00+03:00,34.9663,102.35,67.3837
2026-08-25 18:24:39.927952+03:00,2026-08-26 23:45:00+03:00,34.5591,68.07,33.51089999999999
2026-08-25 18:24:39.927952+03:00,2026-08-27 00:00:00+03:00,34.3013,102.64,68.3387
2026-08-25 18:24:39.927952+03:00,2026-08-27 00:15:00+03:00,34.4859,97.09,62.6041
2026-08-25 18:24:39.927952+03:00,2026-08-27 00:30:00+03:00,34.7236,94.05,59.3264
2026-08-25 18:24:39.927952+03:00,2026-08-27 00:45:00+03:00,35.0077,71.8,36.7923
2026-08-25 18:24:39.927952+03:00,2026-08-27 01:00:00+03:00,34.9599,71.55,36.5901
2026-08-25 18:24:39.927952+03:00,2026-08-27 01:15:00+03:00,34.7928,67.67,32.8772
2026-08-25 18:24:39.927952+03:00,2026-08-27 01:30:00+03:00,34.8156,64.04,29.224400000000003
2026-08-25 18:24:39.927952+03:00,2026-08-27 01:45:00+03:00,34.8314,69.46,34.62859999999999
2026-08-25 18:24:39.927952+03:00,2026-08-27 02:00:00+03:00,34.9167,67.92,33.0033
2026-08-25 18:24:39.927952+03:00,2026-08-27 02:15:00+03:00,34.9195,62.47,27.5505
2026-08-25 18:24:39.927952+03:00,2026-08-27 02:30:00+03:00,34.9287,67.86,32.9313
2026-08-25 18:24:39.927952+03:00,2026-08-27 02:45:00+03:00,34.9434,75.88,40.9366
2026-08-25 18:24:39.927952+03:00,2026-08-27 03:00:00+03:00,34.9938,57.46,22.4662
2026-08-25 18:24:39.927952+03:00,2026-08-27 03:15:00+03:00,34.9924,64.34,29.3476
2026-08-25 18:24:39.927952+03:00,2026-08-27 03:30:00+03:00,34.9884,71.94,36.9516
2026-08-25 18:24:39.927952+03:00,2026-08-27 03:45:00+03:00,34.983,76.56,41.577000000000005
2026-08-25 18:24:39.927952+03:00,2026-08-27 04:00:00+03:00,34.9166,66.5,31.5834
2026-08-25 18:24:39.927952+03:00,2026-08-27 04:15:00+03:00,35.066,79.27,44.20399999999999
2026-08-25 18:24:39.927952+03:00,2026-08-27 04:30:00+03:00,35.4461,80.19,44.7439
2026-08-25 18:24:39.927952+03:00,2026-08-27 04:45:00+03:00,35.9588,81.57,45.6112
2026-08-25 18:24:39.927952+03:00,2026-08-27 05:00:00+03:00,36.2792,70.63,34.35079999999999
2026-08-25 18:24:39.927952+03:00,2026-08-27 05:15:00+03:00,36.535,79.0,42.465
2026-08-25 18:24:39.927952+03:00,2026-08-27 05:30:00+03:00,37.1764,85.87,48.6936
2026-08-25 18:24:39.927952+03:00,2026-08-27 05:45:00+03:00,37.3873,92.19,54.8027
2026-08-25 18:24:39.927952+03:00,2026-08-27 06:00:00+03:00,37.8754,79.23,41.354600000000005
2026-08-25 18:24:39.927952+03:00,2026-08-27 06:15:00+03:00,38.1211,83.92,45.7989
2026-08-25 18:24:39.927952+03:00,2026-08-27 06:30:00+03:00,38.5787,102.24,63.6613
2026-08-25 18:24:39.927952+03:00,2026-08-27 06:45:00+03:00,38.832,140.42,101.588
2026-08-25 18:24:39.927952+03:00,2026-08-27 07:00:00+03:00,38.8621,99.15,60.28790000000001
2026-08-25 18:24:39.927952+03:00,2026-08-27 07:15:00+03:00,39.0792,108.82,69.7408
2026-08-25 18:24:39.927952+03:00,2026-08-27 07:30:00+03:00,39.4841,120.17,80.6859
2026-08-25 18:24:39.927952+03:00,2026-08-27 07:45:00+03:00,39.4082,131.0,91.5918
2026-08-25 18:24:39.927952+03:00,2026-08-27 08:00:00+03:00,39.3658,152.75,113.3842
2026-08-25 18:24:39.927952+03:00,2026-08-27 08:15:00+03:00,39.3408,157.76,118.4192
2026-08-25 18:24:39.927952+03:00,2026-08-27 08:30:00+03:00,39.3384,159.91,120.5716
2026-08-25 18:24:39.927952+03:00,2026-08-27 08:45:00+03:00,39.3188,157.63,118.3112
2026-08-25 18:24:39.927952+03:00,2026-08-27 09:00:00+03:00,39.3193,161.02,121.7007
2026-08-25 18:24:39.927952+03:00,2026-08-27 09:15:00+03:00,38.93,154.89,115.95999999999998
2026-08-25 18:24:39.927952+03:00,2026-08-27 09:30:00+03:00,38.3799,146.8,108.42010000000002
2026-08-25 18:24:39.927952+03:00,2026-08-27 09:45:00+03:00,38.0082,126.07,88.06179999999999
2026-08-25 18:24:39.927952+03:00,2026-08-27 10:00:00+03:00,37.8742,139.02,101.1458
2026-08-25 18:24:39.927952+03:00,2026-08-27 10:15:00+03:00,37.4083,110.83,73.4217
2026-08-25 18:24:39.927952+03:00,2026-08-27 10:30:00+03:00,37.4847,75.76,38.27530000000001
2026-08-25 18:24:39.927952+03:00,2026-08-27 10:45:00+03:00,37.5067,72.52,35.013299999999994
2026-08-25 18:24:39.927952+03:00,2026-08-27 11:00:00+03:00,37.5915,73.42,35.8285
2026-08-25 18:24:39.927952+03:00,2026-08-27 11:15:00+03:00,37.5104,72.3,34.7896
2026-08-25 18:24:39.927952+03:00,2026-08-27 11:30:00+03:00,37.5043,69.18,31.67570000000001
2026-08-25 18:24:39.927952+03:00,2026-08-27 11:45:00+03:00,37.5116,58.91,21.398399999999995
2026-08-25 18:24:39.927952+03:00,2026-08-27 12:00:00+03:00,37.566,71.1,33.53399999999999
2026-08-25 18:24:39.927952+03:00,2026-08-27 12:15:00+03:00,37.5112,65.23,27.7188
2026-08-25 18:24:39.927952+03:00,2026-08-27 12:30:00+03:00,37.514,64.61,27.096
2026-08-25 18:24:39.927952+03:00,2026-08-27 12:45:00+03:00,37.5148,64.54,27.025200000000005
2026-08-25 18:24:39.927952+03:00,2026-08-27 13:00:00+03:00,37.5504,66.8,29.2496
2026-08-25 18:24:39.927952+03:00,2026-08-27 13:15:00+03:00,37.4985,66.3,28.8015
2026-08-25 18:24:39.927952+03:00,2026-08-27 13:30:00+03:00,37.4976,67.23,29.732400000000005
2026-08-25 18:24:39.927952+03:00,2026-08-27 13:45:00+03:00,37.5116,66.92,29.4084
2026-08-25 18:24:39.927952+03:00,2026-08-27 14:00:00+03:00,37.5531,63.33,25.7769
2026-08-25 18:24:39.927952+03:00,2026-08-27 14:15:00+03:00,37.5407,64.25,26.7093
2026-08-25 18:24:39.927952+03:00,2026-08-27 14:30:00+03:00,37.5305,64.07,26.53949999999999
2026-08-25 18:24:39.927952+03:00,2026-08-27 14:45:00+03:00,37.5337,64.44,26.906299999999995
2026-08-25 18:24:39.927952+03:00,2026-08-27 15:00:00+03:00,37.5558,63.48,25.9242
2026-08-25 18:24:39.927952+03:00,2026-08-27 15:15:00+03:00,37.6204,65.02,27.3996
2026-08-25 18:24:39.927952+03:00,2026-08-27 15:30:00+03:00,37.5934,66.0,28.4066
2026-08-25 18:24:39.927952+03:00,2026-08-27 15:45:00+03:00,37.5864,64.89,27.303600000000003
2026-08-25 18:24:39.927952+03:00,2026-08-27 16:00:00+03:00,37.5923,64.39,26.7977
2026-08-25 18:24:39.927952+03:00,2026-08-27 16:15:00+03:00,37.6269,66.15,28.523100000000007
2026-08-25 18:24:39.927952+03:00,2026-08-27 16:30:00+03:00,37.6057,65.83,28.2243
2026-08-25 18:24:39.927952+03:00,2026-08-27 16:45:00+03:00,37.5911,68.29,30.69890000000001
2026-08-25 18:24:39.927952+03:00,2026-08-27 17:00:00+03:00,37.6286,64.75,27.1214
2026-08-25 18:24:39.927952+03:00,2026-08-27 17:15:00+03:00,37.6543,71.19,33.5357
2026-08-25 18:24:39.927952+03:00,2026-08-27 17:30:00+03:00,37.6416,94.06,56.418400000000005
2026-08-25 18:24:39.927952+03:00,2026-08-27 17:45:00+03:00,37.6285,110.33,72.7015
2026-08-25 18:24:39.927952+03:00,2026-08-27 18:00:00+03:00,37.6783,88.58,50.9017
2026-08-25 18:24:39.927952+03:00,2026-08-27 18:15:00+03:00,37.6491,112.05,74.40090000000001
2026-08-25 18:24:39.927952+03:00,2026-08-27 18:30:00+03:00,37.6616,126.41,88.7484
2026-08-25 18:24:39.927952+03:00,2026-08-27 18:45:00+03:00,37.655,143.09,105.435
2026-08-25 18:24:39.927952+03:00,2026-08-27 19:00:00+03:00,37.6908,126.53,88.8392
2026-08-25 18:24:39.927952+03:00,2026-08-27 19:15:00+03:00,37.5832,126.25,88.6668
2026-08-25 18:24:39.927952+03:00,2026-08-27 19:30:00+03:00,37.6027,121.78,84.1773
2026-08-25 18:24:39.927952+03:00,2026-08-27 19:45:00+03:00,37.6361,103.79,66.15390000000001
2026-08-25 18:24:39.927952+03:00,2026-08-27 20:00:00+03:00,37.6374,144.47,106.8326
2026-08-25 18:24:39.927952+03:00,2026-08-27 20:15:00+03:00,37.3363,125.05,87.71369999999999
2026-08-25 18:24:39.927952+03:00,2026-08-27 20:30:00+03:00,36.8534,118.18,81.32660000000001
2026-08-25 18:24:39.927952+03:00,2026-08-27 20:45:00+03:00,36.9015,83.16,46.2585
2026-08-25 18:24:39.927952+03:00,2026-08-27 21:00:00+03:00,36.921,126.31,89.38900000000001
2026-08-25 18:24:39.927952+03:00,2026-08-27 21:15:00+03:00,37.0436,97.66,60.6164
2026-08-25 18:24:39.927952+03:00,2026-08-27 21:30:00+03:00,36.987,83.91,46.923
2026-08-25 18:24:39.927952+03:00,2026-08-27 21:45:00+03:00,37.0021,80.8,43.7979
2026-08-25 18:24:39.927952+03:00,2026-08-27 22:00:00+03:00,36.9449,82.11,45.1651
2026-08-25 18:24:39.927952+03:00,2026-08-27 22:15:00+03:00,36.7799,78.7,41.920100000000005
2026-08-25 18:24:39.927952+03:00,2026-08-27 22:30:00+03:00,36.3507,77.71,41.35929999999999
2026-08-25 18:24:39.927952+03:00,2026-08-27 22:45:00+03:00,35.6525,76.14,40.4875
2026-08-25 18:24:39.927952+03:00,2026-08-27 23:00:00+03:00,35.4017,76.15,40.74830000000001
2026-08-25 18:24:39.927952+03:00,2026-08-27 23:15:00+03:00,34.6665,74.79,40.12350000000001
2026-08-25 18:24:39.927952+03:00,2026-08-27 23:30:00+03:00,33.8149,72.3,38.4851
2026-08-25 18:24:39.927952+03:00,2026-08-27 23:45:00+03:00,32.92,62.11,29.19
2026-08-25 18:24:39.927952+03:00,2026-08-28 00:00:00+03:00,32.1484,73.04,40.8916
2026-08-25 18:24:39.927952+03:00,2026-08-28 00:15:00+03:00,32.0432,69.01,36.966800000000006
2026-08-25 18:24:39.927952+03:00,2026-08-28 00:30:00+03:00,31.4531,58.37,26.9169
2026-08-25 18:24:39.927952+03:00,2026-08-28 00:45:00+03:00,31.1102,50.58,19.4698
2026-08-25 18:24:39.927952+03:00,2026-08-28 01:00:00+03:00,30.6212,47.23,16.608799999999995
2026-08-25 18:24:39.927952+03:00,2026-08-28 01:15:00+03:00,30.3868,46.23,15.843199999999996
2026-08-25 18:24:39.927952+03:00,2026-08-28 01:30:00+03:00,29.9405,40.0,10.0595
2026-08-25 18:24:39.927952+03:00,2026-08-28 01:45:00+03:00,29.6652,38.62,8.954799999999999
2026-08-25 18:24:39.927952+03:00,2026-08-28 02:00:00+03:00,29.7405,45.49,15.7495
2026-08-25 18:24:39.927952+03:00,2026-08-28 02:15:00+03:00,29.8364,44.73,14.893599999999996
2026-08-25 18:24:39.927952+03:00,2026-08-28 02:30:00+03:00,29.8718,40.78,10.9082
2026-08-25 18:24:39.927952+03:00,2026-08-28 02:45:00+03:00,29.8718,39.99,10.118200000000002
2026-08-25 18:24:39.927952+03:00,2026-08-28 03:00:00+03:00,29.8413,40.63,10.788700000000002
2026-08-25 18:24:39.927952+03:00,2026-08-28 03:15:00+03:00,29.8879,41.23,11.3421
2026-08-25 18:24:39.927952+03:00,2026-08-28 03:30:00+03:00,29.9018,42.98,13.078199999999995
2026-08-25 18:24:39.927952+03:00,2026-08-28 03:45:00+03:00,29.8892,45.84,15.950800000000005
2026-08-25 18:24:39.927952+03:00,2026-08-28 04:00:00+03:00,29.8413,42.99,13.148700000000002
2026-08-25 18:24:39.927952+03:00,2026-08-28 04:15:00+03:00,30.017,41.33,11.313
2026-08-25 18:24:39.927952+03:00,2026-08-28 04:30:00+03:00,30.3117,46.44,16.1283
2026-08-25 18:24:39.927952+03:00,2026-08-28 04:45:00+03:00,30.2868,41.42,11.133200000000002
2026-08-25 18:24:39.927952+03:00,2026-08-28 05:00:00+03:00,30.4209,41.11,10.6891
2026-08-25 18:24:39.927952+03:00,2026-08-28 05:15:00+03:00,31.1385,40.0,8.8615
2026-08-25 18:24:39.927952+03:00,2026-08-28 05:30:00+03:00,31.5363,43.28,11.7437
2026-08-25 18:24:39.927952+03:00,2026-08-28 05:45:00+03:00,32.0217,45.67,13.6483
2026-08-25 18:24:39.927952+03:00,2026-08-28 06:00:00+03:00,32.4402,38.78,6.339800000000004
2026-08-25 18:24:39.927952+03:00,2026-08-28 06:15:00+03:00,32.9276,44.18,11.252400000000002
2026-08-25 18:24:39.927952+03:00,2026-08-28 06:30:00+03:00,33.2023,49.84,16.637700000000002
2026-08-25 18:24:39.927952+03:00,2026-08-28 06:45:00+03:00,33.6302,62.08,28.4498
2026-08-25 18:24:39.927952+03:00,2026-08-28 07:00:00+03:00,34.1895,39.99,5.8005
2026-08-25 18:24:39.927952+03:00,2026-08-28 07:15:00+03:00,34.602,50.43,15.828000000000005
2026-08-25 18:24:39.927952+03:00,2026-08-28 07:30:00+03:00,34.9578,73.0,38.0422
2026-08-25 18:24:39.927952+03:00,2026-08-28 07:45:00+03:00,34.9589,74.0,39.0411
2026-08-25 18:24:39.927952+03:00,2026-08-28 08:00:00+03:00,34.9865,54.77,19.783500000000004
2026-08-25 18:24:39.927952+03:00,2026-08-28 08:15:00+03:00,34.9501,73.39,38.4399
2026-08-25 18:24:39.927952+03:00,2026-08-28 08:30:00+03:00,34.9429,87.6,52.65709999999999
2026-08-25 18:24:39.927952+03:00,2026-08-28 08:45:00+03:00,34.9671,87.52,52.5529
2026-08-25 18:24:39.927952+03:00,2026-08-28 09:00:00+03:00,35.0642,88.14,53.0758
2026-08-25 18:24:39.927952+03:00,2026-08-28 09:15:00+03:00,35.1626,94.64,59.4774
2026-08-25 18:24:39.927952+03:00,2026-08-28 09:30:00+03:00,35.289,83.21,47.92099999999999
2026-08-25 18:24:39.927952+03:00,2026-08-28 09:45:00+03:00,35.3741,82.32,46.9459
2026-08-25 18:24:39.927952+03:00,2026-08-28 10:00:00+03:00,35.3554,88.8,53.4446
2026-08-25 18:24:39.927952+03:00,2026-08-28 10:15:00+03:00,35.2809,80.0,44.7191
2026-08-25 18:24:39.927952+03:00,2026-08-28 10:30:00+03:00,35.2809,75.35,40.06909999999999
2026-08-25 18:24:39.927952+03:00,2026-08-28 10:45:00+03:00,35.2824,56.14,20.8576
2026-08-25 18:24:39.927952+03:00,2026-08-28 11:00:00+03:00,35.269,73.29,38.02100000000001
2026-08-25 18:24:39.927952+03:00,2026-08-28 11:15:00+03:00,35.2164,50.41,15.193599999999996
2026-08-25 18:24:39.927952+03:00,2026-08-28 11:30:00+03:00,35.2105,38.71,3.4994999999999976
2026-08-25 18:24:39.927952+03:00,2026-08-28 11:45:00+03:00,35.215,28.55,6.665000000000003
2026-08-25 18:24:39.927952+03:00,2026-08-28 12:00:00+03:00,35.2656,47.6,12.334400000000002
2026-08-25 18:24:39.927952+03:00,2026-08-28 12:15:00+03:00,35.2243,39.01,3.7857
2026-08-25 18:24:39.927952+03:00,2026-08-28 12:30:00+03:00,35.2212,31.42,3.8012000000000015
2026-08-25 18:24:39.927952+03:00,2026-08-28 12:45:00+03:00,35.2283,26.0,9.228299999999996
2026-08-25 18:24:39.927952+03:00,2026-08-28 13:00:00+03:00,35.2532,41.96,6.706800000000001
2026-08-25 18:24:39.927952+03:00,2026-08-28 13:15:00+03:00,35.2083,35.9,0.6916999999999973
2026-08-25 18:24:39.927952+03:00,2026-08-28 13:30:00+03:00,35.2026,26.0,9.202599999999997
2026-08-25 18:24:39.927952+03:00,2026-08-28 13:45:00+03:00,35.2136,23.84,11.3736
2026-08-25 18:24:39.927952+03:00,2026-08-28 14:00:00+03:00,35.2734,31.56,3.713400000000004
2026-08-25 18:24:39.927952+03:00,2026-08-28 14:15:00+03:00,35.2645,30.83,4.4345
2026-08-25 18:24:39.927952+03:00,2026-08-28 14:30:00+03:00,35.2472,28.93,6.3172
2026-08-25 18:24:39.927952+03:00,2026-08-28 14:45:00+03:00,35.2506,26.0,9.2506
2026-08-25 18:24:39.927952+03:00,2026-08-28 15:00:00+03:00,35.2572,24.39,10.867199999999997
2026-08-25 18:24:39.927952+03:00,2026-08-28 15:15:00+03:00,35.3039,27.08,8.2239
2026-08-25 18:24:39.927952+03:00,2026-08-28 15:30:00+03:00,35.2831,30.09,5.193099999999998
2026-08-25 18:24:39.927952+03:00,2026-08-28 15:45:00+03:00,35.2758,32.92,2.355799999999995
2026-08-25 18:24:39.927952+03:00,2026-08-28 16:00:00+03:00,35.2895,24.99,10.299499999999998
2026-08-25 18:24:39.927952+03:00,2026-08-28 16:15:00+03:00,35.3242,28.86,6.464199999999998
2026-08-25 18:24:39.927952+03:00,2026-08-28 16:30:00+03:00,35.3052,33.9,1.405200000000001
2026-08-25 18:24:39.927952+03:00,2026-08-28 16:45:00+03:00,35.2901,39.77,4.479900000000001
2026-08-25 18:24:39.927952+03:00,2026-08-28 17:00:00+03:00,35.3457,22.64,12.7057
2026-08-25 18:24:39.927952+03:00,2026-08-28 17:15:00+03:00,35.3552,27.45,7.905200000000004
2026-08-25 18:24:39.927952+03:00,2026-08-28 17:30:00+03:00,35.329,35.03,0.2989999999999995
2026-08-25 18:24:39.927952+03:00,2026-08-28 17:45:00+03:00,35.3298,40.17,4.840200000000003
2026-08-25 18:24:39.927952+03:00,2026-08-28 18:00:00+03:00,35.3456,26.29,9.055599999999998
2026-08-25 18:24:39.927952+03:00,2026-08-28 18:15:00+03:00,35.285,35.77,0.4850000000000065
2026-08-25 18:24:39.927952+03:00,2026-08-28 18:30:00+03:00,35.2878,41.25,5.962200000000003
2026-08-25 18:24:39.927952+03:00,2026-08-28 18:45:00+03:00,35.2862,44.03,8.7438
2026-08-25 18:24:39.927952+03:00,2026-08-28 19:00:00+03:00,35.3248,45.32,9.995199999999995
2026-08-25 18:24:39.927952+03:00,2026-08-28 19:15:00+03:00,35.2217,40.07,4.848300000000002
2026-08-25 18:24:39.927952+03:00,2026-08-28 19:30:00+03:00,35.2282,38.09,2.8618000000000023
2026-08-25 18:24:39.927952+03:00,2026-08-28 19:45:00+03:00,35.2553,25.23,10.025299999999998
2026-08-25 18:24:39.927952+03:00,2026-08-28 20:00:00+03:00,35.291,46.04,10.749000000000002
2026-08-25 18:24:39.927952+03:00,2026-08-28 20:15:00+03:00,35.1332,38.64,3.5067999999999984
2026-08-25 18:24:39.927952+03:00,2026-08-28 20:30:00+03:00,35.1721,20.19,14.9821
2026-08-25 18:24:39.927952+03:00,2026-08-28 20:45:00+03:00,35.1959,9.27,25.9259
2026-08-25 18:24:39.927952+03:00,2026-08-28 21:00:00+03:00,35.2188,10.86,24.3588
2026-08-25 18:24:39.927952+03:00,2026-08-28 21:15:00+03:00,35.2685,9.49,25.7785
2026-08-25 18:24:39.927952+03:00,2026-08-28 21:30:00+03:00,35.2561,8.26,26.99610000000001
2026-08-25 18:24:39.927952+03:00,2026-08-28 21:45:00+03:00,35.2557,6.76,28.4957
2026-08-25 18:24:39.927952+03:00,2026-08-28 22:00:00+03:00,35.2306,6.6,28.6306
2026-08-25 18:24:39.927952+03:00,2026-08-28 22:15:00+03:00,35.0472,5.29,29.7572
2026-08-25 18:24:39.927952+03:00,2026-08-28 22:30:00+03:00,34.6348,4.81,29.8248
2026-08-25 18:24:39.927952+03:00,2026-08-28 22:45:00+03:00,34.1913,4.28,29.9113
2026-08-25 18:24:39.927952+03:00,2026-08-28 23:00:00+03:00,33.7458,4.08,29.665800000000004
2026-08-25 18:24:39.927952+03:00,2026-08-28 23:15:00+03:00,33.1201,3.53,29.5901
2026-08-25 18:24:39.927952+03:00,2026-08-28 23:30:00+03:00,32.6375,3.32,29.317500000000003
2026-08-25 18:24:39.927952+03:00,2026-08-28 23:45:00+03:00,32.3923,2.82,29.5723
2026-08-25 18:24:39.927952+03:00,2026-08-29 00:00:00+03:00,32.17,2.28,29.89
2026-08-25 18:24:39.927952+03:00,2026-08-29 00:15:00+03:00,32.3629,2.0,30.362900000000003
2026-08-25 18:24:39.927952+03:00,2026-08-29 00:30:00+03:00,32.4448,1.99,30.4548
2026-08-25 18:24:39.927952+03:00,2026-08-29 00:45:00+03:00,32.5021,1.92,30.5821
2026-08-25 18:24:39.927952+03:00,2026-08-29 01:00:00+03:00,32.4484,2.0,30.4484
2026-08-25 18:24:39.927952+03:00,2026-08-29 01:15:00+03:00,32.372,1.99,30.382
2026-08-25 18:24:39.927952+03:00,2026-08-29 01:30:00+03:00,32.3818,1.96,30.4218
2026-08-25 18:24:39.927952+03:00,2026-08-29 01:45:00+03:00,32.3985,1.88,30.5185
2026-08-25 18:24:39.927952+03:00,2026-08-29 02:00:00+03:00,32.4365,1.99,30.446500000000004
2026-08-25 18:24:39.927952+03:00,2026-08-29 02:15:00+03:00,32.4689,1.99,30.4789
2026-08-25 18:24:39.927952+03:00,2026-08-29 02:30:00+03:00,32.4721,1.93,30.5421
2026-08-25 18:24:39.927952+03:00,2026-08-29 02:45:00+03:00,32.4621,1.89,30.5721
2026-08-25 18:24:39.927952+03:00,2026-08-29 03:00:00+03:00,32.4667,2.0,30.466700000000003
2026-08-25 18:24:39.927952+03:00,2026-08-29 03:15:00+03:00,32.4885,1.99,30.498500000000003
2026-08-25 18:24:39.927952+03:00,2026-08-29 03:30:00+03:00,32.499,1.99,30.509000000000004
2026-08-25 18:24:39.927952+03:00,2026-08-29 03:45:00+03:00,32.4883,1.99,30.498300000000004
2026-08-25 18:24:39.927952+03:00,2026-08-29 04:00:00+03:00,32.5462,1.99,30.5562
2026-08-25 18:24:39.927952+03:00,2026-08-29 04:15:00+03:00,32.5899,1.99,30.5999
2026-08-25 18:24:39.927952+03:00,2026-08-29 04:30:00+03:00,32.6003,1.93,30.6703
2026-08-25 18:24:39.927952+03:00,2026-08-29 04:45:00+03:00,32.5844,1.93,30.654400000000003
2026-08-25 18:24:39.927952+03:00,2026-08-29 05:00:00+03:00,32.5268,1.98,30.5468
2026-08-25 18:24:39.927952+03:00,2026-08-29 05:15:00+03:00,32.5625,1.96,30.6025
2026-08-25 18:24:39.927952+03:00,2026-08-29 05:30:00+03:00,32.5578,2.0,30.5578
2026-08-25 18:24:39.927952+03:00,2026-08-29 05:45:00+03:00,32.5265,2.0,30.5265
2026-08-25 18:24:39.927952+03:00,2026-08-29 06:00:00+03:00,32.5059,2.2,30.3059
2026-08-25 18:24:39.927952+03:00,2026-08-29 06:15:00+03:00,32.5452,1.99,30.555200000000003
2026-08-25 18:24:39.927952+03:00,2026-08-29 06:30:00+03:00,32.5339,1.93,30.603900000000003
2026-08-25 18:24:39.927952+03:00,2026-08-29 06:45:00+03:00,32.5159,1.92,30.5959
2026-08-25 18:24:39.927952+03:00,2026-08-29 07:00:00+03:00,32.5494,1.99,30.5594
2026-08-25 18:24:39.927952+03:00,2026-08-29 07:15:00+03:00,32.6664,1.99,30.676400000000005
2026-08-25 18:24:39.927952+03:00,2026-08-29 07:30:00+03:00,33.0648,1.98,31.0848
2026-08-25 18:24:39.927952+03:00,2026-08-29 07:45:00+03:00,33.6353,2.0,31.6353
2026-08-25 18:24:39.927952+03:00,2026-08-29 08:00:00+03:00,34.1601,2.3,31.8601
2026-08-25 18:24:39.927952+03:00,2026-08-29 08:15:00+03:00,34.4906,2.67,31.8206
2026-08-25 18:24:39.927952+03:00,2026-08-29 08:30:00+03:00,34.8907,2.97,31.920700000000004
2026-08-25 18:24:39.927952+03:00,2026-08-29 08:45:00+03:00,34.9624,3.53,31.4324
2026-08-25 18:24:39.927952+03:00,2026-08-29 09:00:00+03:00,35.0237,3.5,31.5237
2026-08-25 18:24:39.927952+03:00,2026-08-29 09:15:00+03:00,34.7591,3.52,31.2391
2026-08-25 18:24:39.927952+03:00,2026-08-29 09:30:00+03:00,34.7877,3.32,31.4677
2026-08-25 18:24:39.927952+03:00,2026-08-29 09:45:00+03:00,34.8369,3.52,31.3169
2026-08-25 18:24:39.927952+03:00,2026-08-29 10:00:00+03:00,34.8534,3.71,31.1434
2026-08-25 18:24:39.927952+03:00,2026-08-29 10:15:00+03:00,34.7803,3.66,31.1203
2026-08-25 18:24:39.927952+03:00,2026-08-29 10:30:00+03:00,34.8061,3.5,31.3061
2026-08-25 18:24:39.927952+03:00,2026-08-29 10:45:00+03:00,34.8209,3.04,31.780900000000003
2026-08-25 18:24:39.927952+03:00,2026-08-29 11:00:00+03:00,34.8183,3.69,31.1283
2026-08-25 18:24:39.927952+03:00,2026-08-29 11:15:00+03:00,34.7515,3.15,31.6015
2026-08-25 18:24:39.927952+03:00,2026-08-29 11:30:00+03:00,34.7683,2.82,31.948300000000003
2026-08-25 18:24:39.927952+03:00,2026-08-29 11:45:00+03:00,34.7511,2.46,32.2911
2026-08-25 18:24:39.927952+03:00,2026-08-29 12:00:00+03:00,34.7939,2.87,31.9239
2026-08-25 18:24:39.927952+03:00,2026-08-29 12:15:00+03:00,34.7434,2.57,32.1734
2026-08-25 18:24:39.927952+03:00,2026-08-29 12:30:00+03:00,34.7494,2.46,32.2894
2026-08-25 18:24:39.927952+03:00,2026-08-29 12:45:00+03:00,34.7576,2.41,32.3476
2026-08-25 18:24:39.927952+03:00,2026-08-29 13:00:00+03:00,34.7889,2.3,32.4889
2026-08-25 18:24:39.927952+03:00,2026-08-29 13:15:00+03:00,34.7279,2.04,32.6879
2026-08-25 18:24:39.927952+03:00,2026-08-29 13:30:00+03:00,34.7534,2.02,32.7334
2026-08-25 18:24:39.927952+03:00,2026-08-29 13:45:00+03:00,34.7501,2.0,32.7501
2026-08-25 18:24:39.927952+03:00,2026-08-29 14:00:00+03:00,34.8539,2.0,32.8539
2026-08-25 18:24:39.927952+03:00,2026-08-29 14:15:00+03:00,34.8364,2.26,32.5764
2026-08-25 18:24:39.927952+03:00,2026-08-29 14:30:00+03:00,34.8686,2.32,32.5486
2026-08-25 18:24:39.927952+03:00,2026-08-29 14:45:00+03:00,34.87,2.3,32.57
2026-08-25 18:24:39.927952+03:00,2026-08-29 15:00:00+03:00,34.8775,2.0,32.8775
2026-08-25 18:24:39.927952+03:00,2026-08-29 15:15:00+03:00,34.9075,2.0,32.9075
2026-08-25 18:24:39.927952+03:00,2026-08-29 15:30:00+03:00,34.9023,2.0,32.9023
2026-08-25 18:24:39.927952+03:00,2026-08-29 15:45:00+03:00,34.8806,2.27,32.6106
2026-08-25 18:24:39.927952+03:00,2026-08-29 16:00:00+03:00,34.8818,2.43,32.4518
2026-08-25 18:24:39.927952+03:00,2026-08-29 16:15:00+03:00,34.9174,2.54,32.3774
2026-08-25 18:24:39.927952+03:00,2026-08-29 16:30:00+03:00,34.9165,3.43,31.4865
2026-08-25 18:24:39.927952+03:00,2026-08-29 16:45:00+03:00,34.8912,4.07,30.8212
2026-08-25 18:24:39.927952+03:00,2026-08-29 17:00:00+03:00,34.9256,3.69,31.2356
2026-08-25 18:24:39.927952+03:00,2026-08-29 17:15:00+03:00,34.8989,3.82,31.0789
2026-08-25 18:24:39.927952+03:00,2026-08-29 17:30:00+03:00,34.8947,4.19,30.7047
2026-08-25 18:24:39.927952+03:00,2026-08-29 17:45:00+03:00,34.8842,4.54,30.3442
2026-08-25 18:24:39.927952+03:00,2026-08-29 18:00:00+03:00,34.9237,2.46,32.4637
2026-08-25 18:24:39.927952+03:00,2026-08-29 18:15:00+03:00,34.827,2.2,32.626999999999995
2026-08-25 18:24:39.927952+03:00,2026-08-29 18:30:00+03:00,34.8484,2.27,32.578399999999995
2026-08-25 18:24:39.927952+03:00,2026-08-29 18:45:00+03:00,34.8535,1.99,32.863499999999995
2026-08-25 18:24:39.927952+03:00,2026-08-29 19:00:00+03:00,34.8839,2.07,32.8139
2026-08-25 18:24:39.927952+03:00,2026-08-29 19:15:00+03:00,34.7373,1.96,32.7773
2026-08-25 18:24:39.927952+03:00,2026-08-29 19:30:00+03:00,34.7641,1.97,32.7941
2026-08-25 18:24:39.927952+03:00,2026-08-29 19:45:00+03:00,34.8011,1.84,32.961099999999995
2026-08-25 18:24:39.927952+03:00,2026-08-29 20:00:00+03:00,34.7934,1.96,32.8334
2026-08-25 18:24:39.927952+03:00,2026-08-29 20:15:00+03:00,34.6146,1.96,32.6546
2026-08-25 18:24:39.927952+03:00,2026-08-29 20:30:00+03:00,34.2956,1.74,32.5556
2026-08-25 18:24:39.927952+03:00,2026-08-29 20:45:00+03:00,34.316,1.51,32.806000000000004
2026-08-25 18:24:39.927952+03:00,2026-08-29 21:00:00+03:00,34.3929,1.22,33.1729
2026-08-25 18:24:39.927952+03:00,2026-08-29 21:15:00+03:00,34.4538,1.22,33.2338
2026-08-25 18:24:39.927952+03:00,2026-08-29 21:30:00+03:00,34.4665,1.16,33.30650000000001
2026-08-25 18:24:39.927952+03:00,2026-08-29 21:45:00+03:00,34.4675,1.23,33.237500000000004
2026-08-25 18:24:39.927952+03:00,2026-08-29 22:00:00+03:00,34.3676,1.0,33.3676
2026-08-25 18:24:39.927952+03:00,2026-08-29 22:15:00+03:00,34.1404,1.06,33.0804
2026-08-25 18:24:39.927952+03:00,2026-08-29 22:30:00+03:00,33.7842,1.5,32.2842
2026-08-25 18:24:39.927952+03:00,2026-08-29 22:45:00+03:00,33.3803,1.67,31.7103
2026-08-25 18:24:39.927952+03:00,2026-08-29 23:00:00+03:00,32.9074,1.11,31.797400000000003
2026-08-25 18:24:39.927952+03:00,2026-08-29 23:15:00+03:00,32.256,1.49,30.766
2026-08-25 18:24:39.927952+03:00,2026-08-29 23:30:00+03:00,31.8304,1.8,30.0304
2026-08-25 18:24:39.927952+03:00,2026-08-29 23:45:00+03:00,31.2966,1.99,29.306600000000003
2026-08-25 18:24:39.927952+03:00,2026-08-30 00:00:00+03:00,30.9467,1.01,29.9367
2026-08-25 18:24:39.927952+03:00,2026-08-30 00:15:00+03:00,30.7039,1.5,29.2039
2026-08-25 18:24:39.927952+03:00,2026-08-30 00:30:00+03:00,30.3898,1.45,28.9398
2026-08-25 18:24:39.927952+03:00,2026-08-30 00:45:00+03:00,30.0702,1.83,28.2402
2026-08-25 18:24:39.927952+03:00,2026-08-30 01:00:00+03:00,30.0438,1.5,28.5438
2026-08-25 18:24:39.927952+03:00,2026-08-30 01:15:00+03:00,29.9742,1.51,28.4642
2026-08-25 18:24:39.927952+03:00,2026-08-30 01:30:00+03:00,29.7445,1.56,28.1845
2026-08-25 18:24:39.927952+03:00,2026-08-30 01:45:00+03:00,29.7544,1.62,28.1344
2026-08-25 18:24:39.927952+03:00,2026-08-30 02:00:00+03:00,29.7851,1.48,28.3051
2026-08-25 18:24:39.927952+03:00,2026-08-30 02:15:00+03:00,29.8376,1.5,28.3376
2026-08-25 18:24:39.927952+03:00,2026-08-30 02:30:00+03:00,29.8384,1.51,28.3284
2026-08-25 18:24:39.927952+03:00,2026-08-30 02:45:00+03:00,29.8415,1.61,28.2315
2026-08-25 18:24:39.927952+03:00,2026-08-30 03:00:00+03:00,29.8308,1.52,28.3108
2026-08-25 18:24:39.927952+03:00,2026-08-30 03:15:00+03:00,29.8604,1.56,28.3004
2026-08-25 18:24:39.927952+03:00,2026-08-30 03:30:00+03:00,29.861,1.67,28.191000000000003
2026-08-25 18:24:39.927952+03:00,2026-08-30 03:45:00+03:00,29.859,1.8,28.059
2026-08-25 18:24:39.927952+03:00,2026-08-30 04:00:00+03:00,29.8118,1.65,28.161800000000003
2026-08-25 18:24:39.927952+03:00,2026-08-30 04:15:00+03:00,29.8971,1.77,28.1271
2026-08-25 18:24:39.927952+03:00,2026-08-30 04:30:00+03:00,29.8807,1.8,28.0807
2026-08-25 18:24:39.927952+03:00,2026-08-30 04:45:00+03:00,29.8788,1.8,28.0788
2026-08-25 18:24:39.927952+03:00,2026-08-30 05:00:00+03:00,30.0229,1.94,28.0829
2026-08-25 18:24:39.927952+03:00,2026-08-30 05:15:00+03:00,30.4739,1.83,28.6439
2026-08-25 18:24:39.927952+03:00,2026-08-30 05:30:00+03:00,31.0015,1.83,29.1715
2026-08-25 18:24:39.927952+03:00,2026-08-30 05:45:00+03:00,31.5195,1.84,29.6795
2026-08-25 18:24:39.927952+03:00,2026-08-30 06:00:00+03:00,31.8868,2.0,29.8868
2026-08-25 18:24:39.927952+03:00,2026-08-30 06:15:00+03:00,32.4109,2.0,30.4109
2026-08-25 18:24:39.927952+03:00,2026-08-30 06:30:00+03:00,32.7176,2.0,30.7176
2026-08-25 18:24:39.927952+03:00,2026-08-30 06:45:00+03:00,33.064,2.16,30.904
2026-08-25 18:24:39.927952+03:00,2026-08-30 07:00:00+03:00,33.6458,3.49,30.1558
2026-08-25 18:24:39.927952+03:00,2026-08-30 07:15:00+03:00,34.0757,3.52,30.5557
2026-08-25 18:24:39.927952+03:00,2026-08-30 07:30:00+03:00,34.6474,4.0,30.6474
2026-08-25 18:24:39.927952+03:00,2026-08-30 07:45:00+03:00,35.0007,4.99,30.0107
2026-08-25 18:24:39.927952+03:00,2026-08-30 08:00:00+03:00,35.3032,8.26,27.0432
2026-08-25 18:24:39.927952+03:00,2026-08-30 08:15:00+03:00,35.3755,10.0,25.3755
2026-08-25 18:24:39.927952+03:00,2026-08-30 08:30:00+03:00,35.4844,13.77,21.7144
2026-08-25 18:24:39.927952+03:00,2026-08-30 08:45:00+03:00,35.9304,20.08,15.8504
2026-08-25 18:24:39.927952+03:00,2026-08-30 09:00:00+03:00,36.4044,20.0,16.404400000000003
2026-08-25 18:24:39.927952+03:00,2026-08-30 09:15:00+03:00,36.7741,25.88,10.894099999999998
2026-08-25 18:24:39.927952+03:00,2026-08-30 09:30:00+03:00,36.8222,17.6,19.2222
2026-08-25 18:24:39.927952+03:00,2026-08-30 09:45:00+03:00,36.7649,10.84,25.9249
2026-08-25 18:24:39.927952+03:00,2026-08-30 10:00:00+03:00,36.7636,11.71,25.0536
2026-08-25 18:24:39.927952+03:00,2026-08-30 10:15:00+03:00,36.6875,12.7,23.9875
2026-08-25 18:24:39.927952+03:00,2026-08-30 10:30:00+03:00,36.7061,11.92,24.7861
2026-08-25 18:24:39.927952+03:00,2026-08-30 10:45:00+03:00,36.7239,13.87,22.853900000000003
2026-08-25 18:24:39.927952+03:00,2026-08-30 11:00:00+03:00,36.6606,15.1,21.5606
2026-08-25 18:24:39.927952+03:00,2026-08-30 11:15:00+03:00,36.5983,14.72,21.878300000000003
2026-08-25 18:24:39.927952+03:00,2026-08-30 11:30:00+03:00,36.6119,13.14,23.4719
2026-08-25 18:24:39.927952+03:00,2026-08-30 11:45:00+03:00,36.6302,11.84,24.7902
2026-08-25 18:24:39.927952+03:00,2026-08-30 12:00:00+03:00,36.6293,18.06,18.5693
2026-08-25 18:24:39.927952+03:00,2026-08-30 12:15:00+03:00,36.5914,17.27,19.3214
2026-08-25 18:24:39.927952+03:00,2026-08-30 12:30:00+03:00,36.6066,14.0,22.6066
2026-08-25 18:24:39.927952+03:00,2026-08-30 12:45:00+03:00,36.6214,14.0,22.6214
2026-08-25 18:24:39.927952+03:00,2026-08-30 13:00:00+03:00,36.6127,17.57,19.0427
2026-08-25 18:24:39.927952+03:00,2026-08-30 13:15:00+03:00,36.5751,15.79,20.7851
2026-08-25 18:24:39.927952+03:00,2026-08-30 13:30:00+03:00,36.5869,14.61,21.9769
2026-08-25 18:24:39.927952+03:00,2026-08-30 13:45:00+03:00,36.6071,13.99,22.6171
2026-08-25 18:24:39.927952+03:00,2026-08-30 14:00:00+03:00,36.6585,14.0,22.6585
2026-08-25 18:24:39.927952+03:00,2026-08-30 14:15:00+03:00,36.6506,14.0,22.6506
2026-08-25 18:24:39.927952+03:00,2026-08-30 14:30:00+03:00,36.6507,13.99,22.6607
2026-08-25 18:24:39.927952+03:00,2026-08-30 14:45:00+03:00,36.6627,13.99,22.6727
2026-08-25 18:24:39.927952+03:00,2026-08-30 15:00:00+03:00,36.6553,13.99,22.665299999999995
2026-08-25 18:24:39.927952+03:00,2026-08-30 15:15:00+03:00,36.6898,14.4,22.2898
2026-08-25 18:24:39.927952+03:00,2026-08-30 15:30:00+03:00,36.6825,14.71,21.9725
2026-08-25 18:24:39.927952+03:00,2026-08-30 15:45:00+03:00,36.6944,17.41,19.2844
2026-08-25 18:24:39.927952+03:00,2026-08-30 16:00:00+03:00,36.6634,13.99,22.6734
2026-08-25 18:24:39.927952+03:00,2026-08-30 16:15:00+03:00,36.7009,16.94,19.7609
2026-08-25 18:24:39.927952+03:00,2026-08-30 16:30:00+03:00,36.686,23.05,13.636
2026-08-25 18:24:39.927952+03:00,2026-08-30 16:45:00+03:00,36.6916,33.29,3.401600000000002
2026-08-25 18:24:39.927952+03:00,2026-08-30 17:00:00+03:00,36.6938,14.37,22.32380000000001
2026-08-25 18:24:39.927952+03:00,2026-08-30 17:15:00+03:00,36.6779,20.34,16.3379
2026-08-25 18:24:39.927952+03:00,2026-08-30 17:30:00+03:00,36.6719,34.66,2.011900000000004
2026-08-25 18:24:39.927952+03:00,2026-08-30 17:45:00+03:00,36.6926,61.87,25.1774
2026-08-25 18:24:39.927952+03:00,2026-08-30 18:00:00+03:00,36.7009,11.14,25.5609
2026-08-25 18:24:39.927952+03:00,2026-08-30 18:15:00+03:00,36.6303,34.22,2.4102999999999994
2026-08-25 18:24:39.927952+03:00,2026-08-30 18:30:00+03:00,36.6286,59.35,22.721400000000003
2026-08-25 18:24:39.927952+03:00,2026-08-30 18:45:00+03:00,36.6422,67.82,31.17779999999999
2026-08-25 18:24:39.927952+03:00,2026-08-30 19:00:00+03:00,36.6737,53.88,17.206300000000006
2026-08-25 18:24:39.927952+03:00,2026-08-30 19:15:00+03:00,36.5591,50.89,14.3309
2026-08-25 18:24:39.927952+03:00,2026-08-30 19:30:00+03:00,36.5672,49.99,13.422800000000002
2026-08-25 18:24:39.927952+03:00,2026-08-30 19:45:00+03:00,36.615,50.0,13.384999999999998
2026-08-25 18:24:39.927952+03:00,2026-08-30 20:00:00+03:00,36.6467,49.33,12.683299999999996
2026-08-25 18:24:39.927952+03:00,2026-08-30 20:15:00+03:00,36.4824,48.8,12.3176
2026-08-25 18:24:39.927952+03:00,2026-08-30 20:30:00+03:00,36.5273,43.36,6.832700000000003
2026-08-25 18:24:39.927952+03:00,2026-08-30 20:45:00+03:00,36.5767,40.4,3.823299999999996
2026-08-25 18:24:39.927952+03:00,2026-08-30 21:00:00+03:00,36.6012,49.08,12.4788
2026-08-25 18:24:39.927952+03:00,2026-08-30 21:15:00+03:00,36.6843,45.67,8.985700000000001
2026-08-25 18:24:39.927952+03:00,2026-08-30 21:30:00+03:00,36.685,40.93,4.244999999999997
2026-08-25 18:24:39.927952+03:00,2026-08-30 21:45:00+03:00,36.7013,31.04,5.661300000000004
2026-08-25 18:24:39.927952+03:00,2026-08-30 22:00:00+03:00,36.5994,41.13,4.5306
2026-08-25 18:24:39.927952+03:00,2026-08-30 22:15:00+03:00,36.362,40.92,4.558
2026-08-25 18:24:39.927952+03:00,2026-08-30 22:30:00+03:00,36.4137,35.32,1.0936999999999983
2026-08-25 18:24:39.927952+03:00,2026-08-30 22:45:00+03:00,36.6105,29.23,7.380500000000001
2026-08-25 18:24:39.927952+03:00,2026-08-30 23:00:00+03:00,36.593,45.56,8.966999999999999
2026-08-25 18:24:39.927952+03:00,2026-08-30 23:15:00+03:00,36.2234,35.93,0.2933999999999983
2026-08-25 18:24:39.927952+03:00,2026-08-30 23:30:00+03:00,35.5389,29.6,5.938899999999997
2026-08-25 18:24:39.927952+03:00,2026-08-30 23:45:00+03:00,35.3864,24.68,10.706400000000002
2026-08-25 18:24:39.927952+03:00,2026-08-31 00:00:00+03:00,35.0793,38.38,3.300699999999999
2026-08-25 18:24:39.927952+03:00,2026-08-31 00:15:00+03:00,35.2087,35.14,0.0686999999999997
2026-08-25 18:24:39.927952+03:00,2026-08-31 00:30:00+03:00,35.2495,29.48,5.769499999999997
2026-08-25 18:24:39.927952+03:00,2026-08-31 00:45:00+03:00,35.2932,26.59,8.703199999999999
2026-08-25 18:24:39.927952+03:00,2026-08-31 01:00:00+03:00,35.3435,27.02,8.3235
2026-08-25 18:24:39.927952+03:00,2026-08-31 01:15:00+03:00,35.1987,26.63,8.568700000000003
2026-08-25 18:24:39.927952+03:00,2026-08-31 01:30:00+03:00,35.186,26.36,8.826
2026-08-25 18:24:39.927952+03:00,2026-08-31 01:45:00+03:00,35.2227,27.75,7.472700000000003
2026-08-25 18:24:39.927952+03:00,2026-08-31 02:00:00+03:00,35.3056,26.16,9.145599999999998
2026-08-25 18:24:39.927952+03:00,2026-08-31 02:15:00+03:00,35.33,26.54,8.79
2026-08-25 18:24:39.927952+03:00,2026-08-31 02:30:00+03:00,35.3196,27.94,7.3796
2026-08-25 18:24:39.927952+03:00,2026-08-31 02:45:00+03:00,35.3212,28.0,7.321199999999997
2026-08-25 18:24:39.927952+03:00,2026-08-31 03:00:00+03:00,35.3406,27.55,7.790600000000001
2026-08-25 18:24:39.927952+03:00,2026-08-31 03:15:00+03:00,35.3556,27.89,7.465600000000002
2026-08-25 18:24:39.927952+03:00,2026-08-31 03:30:00+03:00,35.3402,29.96,5.380200000000002
2026-08-25 18:24:39.927952+03:00,2026-08-31 03:45:00+03:00,35.3276,31.7,3.6275999999999975
2026-08-25 18:24:39.927952+03:00,2026-08-31 04:00:00+03:00,35.3484,27.03,8.318399999999997
2026-08-25 18:24:39.927952+03:00,2026-08-31 04:15:00+03:00,35.5047,27.52,7.9847
2026-08-25 18:24:39.927952+03:00,2026-08-31 04:30:00+03:00,35.9117,28.02,7.891700000000004
2026-08-25 18:24:39.927952+03:00,2026-08-31 04:45:00+03:00,35.8235,30.0,5.823500000000003
2026-08-25 18:24:39.927952+03:00,2026-08-31 05:00:00+03:00,35.7904,24.02,11.7704
2026-08-25 18:24:39.927952+03:00,2026-08-31 05:15:00+03:00,36.0972,26.68,9.4172
2026-08-25 18:24:39.927952+03:00,2026-08-31 05:30:00+03:00,36.4642,34.01,2.4542
2026-08-25 18:24:39.927952+03:00,2026-08-31 05:45:00+03:00,36.971,45.28,8.309000000000005
2026-08-25 18:24:39.927952+03:00,2026-08-31 06:00:00+03:00,37.2783,17.46,19.8183
2026-08-25 18:24:39.927952+03:00,2026-08-31 06:15:00+03:00,37.488,29.49,7.998000000000001
2026-08-25 18:24:39.927952+03:00,2026-08-31 06:30:00+03:00,37.9468,50.14,12.193199999999996
2026-08-25 18:24:39.927952+03:00,2026-08-31 06:45:00+03:00,37.791,77.76,39.96900000000001
2026-08-25 18:24:39.927952+03:00,2026-08-31 07:00:00+03:00,37.7575,34.26,3.4975000000000023
2026-08-25 18:24:39.927952+03:00,2026-08-31 07:15:00+03:00,38.001,70.77,32.769
2026-08-25 18:24:39.927952+03:00,2026-08-31 07:30:00+03:00,38.5047,102.99,64.4853
2026-08-25 18:24:39.927952+03:00,2026-08-31 07:45:00+03:00,38.3663,108.99,70.62369999999999
2026-08-25 18:24:39.927952+03:00,2026-08-31 08:00:00+03:00,38.324,109.42,71.096
2026-08-25 18:24:39.927952+03:00,2026-08-31 08:15:00+03:00,38.2826,110.91,72.6274
2026-08-25 18:24:39.927952+03:00,2026-08-31 08:30:00+03:00,38.28,112.81,74.53
2026-08-25 18:24:39.927952+03:00,2026-08-31 08:45:00+03:00,38.2632,114.0,75.7368
2026-08-25 18:24:39.927952+03:00,2026-08-31 09:00:00+03:00,38.2584,118.47,80.2116
2026-08-25 18:24:39.927952+03:00,2026-08-31 09:15:00+03:00,37.9294,118.74,80.8106
2026-08-25 18:24:39.927952+03:00,2026-08-31 09:30:00+03:00,37.3613,117.21,79.8487
2026-08-25 18:24:39.927952+03:00,2026-08-31 09:45:00+03:00,37.3838,118.03,80.6462
2026-08-25 18:24:39.927952+03:00,2026-08-31 10:00:00+03:00,37.4678,123.14,85.6722
2026-08-25 18:24:39.927952+03:00,2026-08-31 10:15:00+03:00,37.5036,121.27,83.7664
2026-08-25 18:24:39.927952+03:00,2026-08-31 10:30:00+03:00,37.4957,112.85,75.3543
2026-08-25 18:24:39.927952+03:00,2026-08-31 10:45:00+03:00,37.4873,101.58,64.09270000000001
2026-08-25 18:24:39.927952+03:00,2026-08-31 11:00:00+03:00,37.5177,102.05,64.53229999999999
2026-08-25 18:24:39.927952+03:00,2026-08-31 11:15:00+03:00,37.4603,91.24,53.7797
2026-08-25 18:24:39.927952+03:00,2026-08-31 11:30:00+03:00,37.4591,68.36,30.9009
2026-08-25 18:24:39.927952+03:00,2026-08-31 11:45:00+03:00,37.461,52.75,15.289
2026-08-25 18:24:39.927952+03:00,2026-08-31 12:00:00+03:00,37.5091,70.46,32.9509
2026-08-25 18:24:39.927952+03:00,2026-08-31 12:15:00+03:00,37.4635,60.72,23.2565
2026-08-25 18:24:39.927952+03:00,2026-08-31 12:30:00+03:00,37.4668,51.65,14.1832
2026-08-25 18:24:39.927952+03:00,2026-08-31 12:45:00+03:00,37.4634,50.43,12.9666
2026-08-25 18:24:39.927952+03:00,2026-08-31 13:00:00+03:00,37.4913,50.35,12.8587
2026-08-25 18:24:39.927952+03:00,2026-08-31 13:15:00+03:00,37.4412,52.96,15.5188
2026-08-25 18:24:39.927952+03:00,2026-08-31 13:30:00+03:00,37.4441,50.36,12.9159
2026-08-25 18:24:39.927952+03:00,2026-08-31 13:45:00+03:00,37.4466,48.68,11.233400000000003
2026-08-25 18:24:39.927952+03:00,2026-08-31 14:00:00+03:00,37.4986,46.47,8.971399999999996
2026-08-25 18:24:39.927952+03:00,2026-08-31 14:15:00+03:00,37.4785,48.27,10.791500000000006
2026-08-25 18:24:39.927952+03:00,2026-08-31 14:30:00+03:00,37.4726,50.07,12.5974
2026-08-25 18:24:39.927952+03:00,2026-08-31 14:45:00+03:00,37.4709,52.75,15.2791
2026-08-25 18:24:39.927952+03:00,2026-08-31 15:00:00+03:00,37.5019,43.43,5.928100000000001
2026-08-25 18:24:39.927952+03:00,2026-08-31 15:15:00+03:00,37.5221,49.98,12.457899999999997
2026-08-25 18:24:39.927952+03:00,2026-08-31 15:30:00+03:00,37.5052,54.98,17.474799999999995
2026-08-25 18:24:39.927952+03:00,2026-08-31 15:45:00+03:00,37.5061,60.89,23.3839
2026-08-25 18:24:39.927952+03:00,2026-08-31 16:00:00+03:00,37.515,36.14,1.375
2026-08-25 18:24:39.927952+03:00,2026-08-31 16:15:00+03:00,37.5265,43.0,5.473500000000001
2026-08-25 18:24:39.927952+03:00,2026-08-31 16:30:00+03:00,37.5127,72.86,35.3473
2026-08-25 18:24:39.927952+03:00,2026-08-31 16:45:00+03:00,37.4968,93.53,56.0332
2026-08-25 18:24:39.927952+03:00,2026-08-31 17:00:00+03:00,37.528,71.0,33.472
2026-08-25 18:24:39.927952+03:00,2026-08-31 17:15:00+03:00,37.5061,91.8,54.2939
2026-08-25 18:24:39.927952+03:00,2026-08-31 17:30:00+03:00,37.4945,109.04,71.5455
2026-08-25 18:24:39.927952+03:00,2026-08-31 17:45:00+03:00,37.4914,111.19,73.6986
2026-08-25 18:24:39.927952+03:00,2026-08-31 18:00:00+03:00,37.5497,123.04,85.4903
2026-08-25 18:24:39.927952+03:00,2026-08-31 18:15:00+03:00,37.4552,126.1,88.6448
2026-08-25 18:24:39.927952+03:00,2026-08-31 18:30:00+03:00,37.4695,127.52,90.0505
2026-08-25 18:24:39.927952+03:00,2026-08-31 18:45:00+03:00,37.4823,132.94,95.4577
2026-08-25 18:24:39.927952+03:00,2026-08-31 19:00:00+03:00,37.5351,133.59,96.0549
2026-08-25 18:24:39.927952+03:00,2026-08-31 19:15:00+03:00,37.3922,130.89,93.49779999999998
2026-08-25 18:24:39.927952+03:00,2026-08-31 19:30:00+03:00,37.4177,132.89,95.4723
2026-08-25 18:24:39.927952+03:00,2026-08-31 19:45:00+03:00,37.4576,112.47,75.0124
2026-08-25 18:24:39.927952+03:00,2026-08-31 20:00:00+03:00,37.5031,144.25,106.7469
2026-08-25 18:24:39.927952+03:00,2026-08-31 20:15:00+03:00,37.234,130.84,93.606
2026-08-25 18:24:39.927952+03:00,2026-08-31 20:30:00+03:00,36.7343,113.34,76.60570000000001
2026-08-25 18:24:39.927952+03:00,2026-08-31 20:45:00+03:00,36.3201,88.77,52.4499
2026-08-25 18:24:39.927952+03:00,2026-08-31 21:00:00+03:00,35.6585,138.86,103.2015
2026-08-25 18:24:39.927952+03:00,2026-08-31 21:15:00+03:00,35.3738,115.49,80.11619999999999
2026-08-25 18:24:39.927952+03:00,2026-08-31 21:30:00+03:00,34.9189,85.21,50.29109999999999
2026-08-25 18:24:39.927952+03:00,2026-08-31 21:45:00+03:00,34.533,60.47,25.937
2026-08-25 18:24:39.927952+03:00,2026-08-31 22:00:00+03:00,34.1314,120.22,86.0886
2026-08-25 18:24:39.927952+03:00,2026-08-31 22:15:00+03:00,33.5926,119.89,86.29740000000001
2026-08-25 18:24:39.927952+03:00,2026-08-31 22:30:00+03:00,33.211,79.56,46.349
2026-08-25 18:24:39.927952+03:00,2026-08-31 22:45:00+03:00,32.7722,61.66,28.8878
2026-08-25 18:24:39.927952+03:00,2026-08-31 23:00:00+03:00,32.4803,67.48,34.999700000000004
2026-08-25 18:24:39.927952+03:00,2026-08-31 23:15:00+03:00,31.8992,60.04,28.1408
2026-08-25 18:24:39.927952+03:00,2026-08-31 23:30:00+03:00,31.3337,47.41,16.076299999999996
2026-08-25 18:24:39.927952+03:00,2026-08-31 23:45:00+03:00,30.905,34.37,3.4649999999999963
2026-08-25 18:24:39.927952+03:00,2026-09-01 00:00:00+03:00,30.4057,53.76,23.3543
2026-08-25 18:24:39.927952+03:00,2026-09-01 00:15:00+03:00,30.3696,49.71,19.3404
2026-08-25 18:24:39.927952+03:00,2026-09-01 00:30:00+03:00,30.0361,45.09,15.053900000000002
2026-08-25 18:24:39.927952+03:00,2026-09-01 00:45:00+03:00,30.0895,35.36,5.270499999999998
2026-08-25 18:24:39.927952+03:00,2026-09-01 01:00:00+03:00,30.0731,46.56,16.486900000000002
2026-08-25 18:24:39.927952+03:00,2026-09-01 01:15:00+03:00,30.0552,39.86,9.8048
2026-08-25 18:24:39.927952+03:00,2026-09-01 01:30:00+03:00,30.0511,36.76,6.708899999999996
2026-08-25 18:24:39.927952+03:00,2026-09-01 01:45:00+03:00,30.0769,30.03,0.0468999999999972
2026-08-25 18:24:39.927952+03:00,2026-09-01 02:00:00+03:00,30.0866,41.16,11.073399999999996
2026-08-25 18:24:39.927952+03:00,2026-09-01 02:15:00+03:00,30.132,39.13,8.998000000000001
2026-08-25 18:24:39.927952+03:00,2026-09-01 02:30:00+03:00,30.1399,37.89,7.7501
2026-08-25 18:24:39.927952+03:00,2026-09-01 02:45:00+03:00,30.1327,36.85,6.717300000000002
2026-08-25 18:24:39.927952+03:00,2026-09-01 03:00:00+03:00,30.1015,40.3,10.198499999999996
2026-08-25 18:24:39.927952+03:00,2026-09-01 03:15:00+03:00,30.1461,39.91,9.763899999999996
2026-08-25 18:24:39.927952+03:00,2026-09-01 03:30:00+03:00,30.1579,39.28,9.1221
2026-08-25 18:24:39.927952+03:00,2026-09-01 03:45:00+03:00,30.1574,36.87,6.712599999999998
2026-08-25 18:24:39.927952+03:00,2026-09-01 04:00:00+03:00,30.0845,36.87,6.785499999999999
2026-08-25 18:24:39.927952+03:00,2026-09-01 04:15:00+03:00,30.2473,35.79,5.5427
2026-08-25 18:24:39.927952+03:00,2026-09-01 04:30:00+03:00,30.2113,34.69,4.478699999999996
2026-08-25 18:24:39.927952+03:00,2026-09-01 04:45:00+03:00,30.1877,36.18,5.9923
2026-08-25 18:24:39.927952+03:00,2026-09-01 05:00:00+03:00,30.3328,36.85,6.5172000000000025
2026-08-25 18:24:39.927952+03:00,2026-09-01 05:15:00+03:00,30.6344,36.77,6.135600000000004
2026-08-25 18:24:39.927952+03:00,2026-09-01 05:30:00+03:00,31.0548,37.18,6.1252
2026-08-25 18:24:39.927952+03:00,2026-09-01 05:45:00+03:00,31.4665,42.48,11.013499999999995
2026-08-25 18:24:39.927952+03:00,2026-09-01 06:00:00+03:00,31.8746,31.21,0.6646000000000001
2026-08-25 18:24:39.927952+03:00,2026-09-01 06:15:00+03:00,32.554,41.72,9.165999999999997
2026-08-25 18:24:39.927952+03:00,2026-09-01 06:30:00+03:00,32.8158,45.15,12.334199999999996
2026-08-25 18:24:39.927952+03:00,2026-09-01 06:45:00+03:00,33.1273,53.55,20.4227
2026-08-25 18:24:39.927952+03:00,2026-09-01 07:00:00+03:00,33.6596,22.39,11.269599999999995
2026-08-25 18:24:39.927952+03:00,2026-09-01 07:15:00+03:00,34.1257,29.06,5.065700000000003
2026-08-25 18:24:39.927952+03:00,2026-09-01 07:30:00+03:00,34.5488,50.0,15.4512
2026-08-25 18:24:39.927952+03:00,2026-09-01 07:45:00+03:00,34.8863,59.47,24.5837
2026-08-25 18:24:39.927952+03:00,2026-09-01 08:00:00+03:00,34.9543,50.0,15.045699999999997
2026-08-25 18:24:39.927952+03:00,2026-09-01 08:15:00+03:00,34.9243,86.8,51.8757
2026-08-25 18:24:39.927952+03:00,2026-09-01 08:30:00+03:00,34.9195,96.19,61.2705
2026-08-25 18:24:39.927952+03:00,2026-09-01 08:45:00+03:00,34.913,123.6,88.687
2026-08-25 18:24:39.927952+03:00,2026-09-01 09:00:00+03:00,35.0095,127.95,92.9405
2026-08-25 18:24:39.927952+03:00,2026-09-01 09:15:00+03:00,34.7771,128.57,93.7929
2026-08-25 18:24:39.927952+03:00,2026-09-01 09:30:00+03:00,34.801,126.54,91.739
2026-08-25 18:24:39.927952+03:00,2026-09-01 09:45:00+03:00,34.8516,128.57,93.7184
2026-08-25 18:24:39.927952+03:00,2026-09-01 10:00:00+03:00,34.8466,141.32,106.4734
2026-08-25 18:24:39.927952+03:00,2026-09-01 10:15:00+03:00,34.7955,135.25,100.4545
2026-08-25 18:24:39.927952+03:00,2026-09-01 10:30:00+03:00,34.8092,139.65,104.8408
2026-08-25 18:24:39.927952+03:00,2026-09-01 10:45:00+03:00,34.8058,124.61,89.80420000000001
2026-08-25 18:24:39.927952+03:00,2026-09-01 11:00:00+03:00,34.8045,135.46,100.65550000000002
2026-08-25 18:24:39.927952+03:00,2026-09-01 11:15:00+03:00,34.7305,118.02,83.2895
2026-08-25 18:24:39.927952+03:00,2026-09-01 11:30:00+03:00,34.7238,111.14,76.4162
2026-08-25 18:24:39.927952+03:00,2026-09-01 11:45:00+03:00,34.7366,101.21,66.4734
2026-08-25 18:24:39.927952+03:00,2026-09-01 12:00:00+03:00,34.7843,108.75,73.9657
2026-08-25 18:24:39.927952+03:00,2026-09-01 12:15:00+03:00,34.7337,97.23,62.496300000000005
2026-08-25 18:24:39.927952+03:00,2026-09-01 12:30:00+03:00,34.7492,100.97,66.2208
2026-08-25 18:24:39.927952+03:00,2026-09-01 12:45:00+03:00,34.7617,89.92,55.1583
2026-08-25 18:24:39.927952+03:00,2026-09-01 13:00:00+03:00,34.7912,105.48,70.6888
2026-08-25 18:24:39.927952+03:00,2026-09-01 13:15:00+03:00,34.7382,103.41,68.67179999999999
2026-08-25 18:24:39.927952+03:00,2026-09-01 13:30:00+03:00,34.756,99.08,64.324
2026-08-25 18:24:39.927952+03:00,2026-09-01 13:45:00+03:00,34.764,86.38,51.61599999999999
2026-08-25 18:24:39.927952+03:00,2026-09-01 14:00:00+03:00,34.7853,105.76,70.97470000000001
2026-08-25 18:24:39.927952+03:00,2026-09-01 14:15:00+03:00,34.762,104.24,69.478
2026-08-25 18:24:39.927952+03:00,2026-09-01 14:30:00+03:00,34.7707,94.56,59.7893
2026-08-25 18:24:39.927952+03:00,2026-09-01 14:45:00+03:00,34.7695,81.25,46.4805
2026-08-25 18:24:39.927952+03:00,2026-09-01 15:00:00+03:00,34.7813,85.09,50.3087
2026-08-25 18:24:39.927952+03:00,2026-09-01 15:15:00+03:00,34.8276,86.91,52.0824
2026-08-25 18:24:39.927952+03:00,2026-09-01 15:30:00+03:00,34.8348,95.39,60.5552
2026-08-25 18:24:39.927952+03:00,2026-09-01 15:45:00+03:00,34.8689,92.85,57.9811
2026-08-25 18:24:39.927952+03:00,2026-09-01 16:00:00+03:00,34.8559,85.3,50.4441
2026-08-25 18:24:39.927952+03:00,2026-09-01 16:15:00+03:00,34.8976,102.78,67.8824
2026-08-25 18:24:39.927952+03:00,2026-09-01 16:30:00+03:00,34.8893,92.56,57.6707
2026-08-25 18:24:39.927952+03:00,2026-09-01 16:45:00+03:00,34.8836,103.95,69.0664
2026-08-25 18:24:39.927952+03:00,2026-09-01 17:00:00+03:00,34.9372,70.14,35.2028
2026-08-25 18:24:39.927952+03:00,2026-09-01 17:15:00+03:00,34.9792,86.18,51.20080000000001
2026-08-25 18:24:39.927952+03:00,2026-09-01 17:30:00+03:00,34.9707,104.99,70.01929999999999
2026-08-25 18:24:39.927952+03:00,2026-09-01 17:45:00+03:00,34.957,111.29,76.333
2026-08-25 18:24:39.927952+03:00,2026-09-01 18:00:00+03:00,34.9883,107.48,72.49170000000001
2026-08-25 18:24:39.927952+03:00,2026-09-01 18:15:00+03:00,34.8819,114.79,79.9081
2026-08-25 18:24:39.927952+03:00,2026-09-01 18:30:00+03:00,34.9022,108.25,73.3478
2026-08-25 18:24:39.927952+03:00,2026-09-01 18:45:00+03:00,34.9047,119.56,84.65530000000001
2026-08-25 18:24:39.927952+03:00,2026-09-01 19:00:00+03:00,34.9458,116.88,81.9342
2026-08-25 18:24:39.927952+03:00,2026-09-01 19:15:00+03:00,34.7575,125.38,90.6225
2026-08-25 18:24:39.927952+03:00,2026-09-01 19:30:00+03:00,34.7862,115.99,81.2038
2026-08-25 18:24:39.927952+03:00,2026-09-01 19:45:00+03:00,34.8263,101.72,66.8937
2026-08-25 18:24:39.927952+03:00,2026-09-01 20:00:00+03:00,34.859,114.54,79.68100000000001
2026-08-25 18:24:39.927952+03:00,2026-09-01 20:15:00+03:00,34.6006,108.99,74.3894
2026-08-25 18:24:39.927952+03:00,2026-09-01 20:30:00+03:00,34.2988,87.38,53.0812
2026-08-25 18:24:39.927952+03:00,2026-09-01 20:45:00+03:00,34.3566,70.08,35.7234
2026-08-25 18:24:39.927952+03:00,2026-09-01 21:00:00+03:00,34.4075,97.39,62.9825
2026-08-25 18:24:39.927952+03:00,2026-09-01 21:15:00+03:00,34.4412,68.76,34.3188
2026-08-25 18:24:39.927952+03:00,2026-09-01 21:30:00+03:00,34.4731,54.69,20.216899999999995
2026-08-25 18:24:39.927952+03:00,2026-09-01 21:45:00+03:00,34.4464,41.99,7.543600000000005
2026-08-25 18:24:39.927952+03:00,2026-09-01 22:00:00+03:00,34.3935,61.62,27.226499999999994
2026-08-25 18:24:39.927952+03:00,2026-09-01 22:15:00+03:00,34.195,58.58,24.385
2026-08-25 18:24:39.927952+03:00,2026-09-01 22:30:00+03:00,33.808,55.32,21.512
2026-08-25 18:24:39.927952+03:00,2026-09-01 22:45:00+03:00,33.3673,45.0,11.6327
2026-08-25 18:24:39.927952+03:00,2026-09-01 23:00:00+03:00,32.9065,60.19,27.2835
2026-08-25 18:24:39.927952+03:00,2026-09-01 23:15:00+03:00,32.3282,45.36,13.031799999999995
2026-08-25 18:24:39.927952+03:00,2026-09-01 23:30:00+03:00,31.9558,39.36,7.404199999999999
2026-08-25 18:24:39.927952+03:00,2026-09-01 23:45:00+03:00,31.4458,41.83,10.3842
2026-08-26 14:36:05.265796+03:00,2026-08-27 00:00:00+03:00,46.9084,102.64,55.7316
2026-08-26 14:36:05.265796+03:00,2026-08-27 00:15:00+03:00,44.9206,97.09,52.1694
2026-08-26 14:36:05.265796+03:00,2026-08-27 00:30:00+03:00,43.9819,94.05,50.0681
2026-08-26 14:36:05.265796+03:00,2026-08-27 00:45:00+03:00,40.612,71.8,31.187999999999995
2026-08-26 14:36:05.265796+03:00,2026-08-27 01:00:00+03:00,38.4196,71.55,33.130399999999995
2026-08-26 14:36:05.265796+03:00,2026-08-27 01:15:00+03:00,37.0407,67.67,30.6293
2026-08-26 14:36:05.265796+03:00,2026-08-27 01:30:00+03:00,35.8762,64.04,28.16380000000001
2026-08-26 14:36:05.265796+03:00,2026-08-27 01:45:00+03:00,34.7076,69.46,34.752399999999994
2026-08-26 14:36:05.265796+03:00,2026-08-27 02:00:00+03:00,34.2478,67.92,33.672200000000004
2026-08-26 14:36:05.265796+03:00,2026-08-27 02:15:00+03:00,33.7187,62.47,28.7513
2026-08-26 14:36:05.265796+03:00,2026-08-27 02:30:00+03:00,33.3961,67.86,34.4639
2026-08-26 14:36:05.265796+03:00,2026-08-27 02:45:00+03:00,33.107,75.88,42.773
2026-08-26 14:36:05.265796+03:00,2026-08-27 03:00:00+03:00,33.258,57.46,24.202
2026-08-26 14:36:05.265796+03:00,2026-08-27 03:15:00+03:00,33.334,64.34,31.006
2026-08-26 14:36:05.265796+03:00,2026-08-27 03:30:00+03:00,33.3176,71.94,38.6224
2026-08-26 14:36:05.265796+03:00,2026-08-27 03:45:00+03:00,33.3101,76.56,43.2499
2026-08-26 14:36:05.265796+03:00,2026-08-27 04:00:00+03:00,33.2747,66.5,33.2253
2026-08-26 14:36:05.265796+03:00,2026-08-27 04:15:00+03:00,33.4045,79.27,45.8655
2026-08-26 14:36:05.265796+03:00,2026-08-27 04:30:00+03:00,33.3409,80.19,46.8491
2026-08-26 14:36:05.265796+03:00,2026-08-27 04:45:00+03:00,33.2298,81.57,48.3402
2026-08-26 14:36:05.265796+03:00,2026-08-27 05:00:00+03:00,33.2873,70.63,37.3427
2026-08-26 14:36:05.265796+03:00,2026-08-27 05:15:00+03:00,33.6869,79.0,45.3131
2026-08-26 14:36:05.265796+03:00,2026-08-27 05:30:00+03:00,34.2402,85.87,51.6298
2026-08-26 14:36:05.265796+03:00,2026-08-27 05:45:00+03:00,34.4549,92.19,57.7351
2026-08-26 14:36:05.265796+03:00,2026-08-27 06:00:00+03:00,34.6608,79.23,44.5692
2026-08-26 14:36:05.265796+03:00,2026-08-27 06:15:00+03:00,35.0856,83.92,48.8344
2026-08-26 14:36:05.265796+03:00,2026-08-27 06:30:00+03:00,35.4294,102.24,66.8106
2026-08-26 14:36:05.265796+03:00,2026-08-27 06:45:00+03:00,35.378,140.42,105.042
2026-08-26 14:36:05.265796+03:00,2026-08-27 07:00:00+03:00,35.4275,99.15,63.7225
2026-08-26 14:36:05.265796+03:00,2026-08-27 07:15:00+03:00,35.8444,108.82,72.97559999999999
2026-08-26 14:36:05.265796+03:00,2026-08-27 07:30:00+03:00,35.948,120.17,84.22200000000001
2026-08-26 14:36:05.265796+03:00,2026-08-27 07:45:00+03:00,36.308,131.0,94.692
2026-08-26 14:36:05.265796+03:00,2026-08-27 08:00:00+03:00,36.1985,152.75,116.5515
2026-08-26 14:36:05.265796+03:00,2026-08-27 08:15:00+03:00,36.2114,157.76,121.5486
2026-08-26 14:36:05.265796+03:00,2026-08-27 08:30:00+03:00,36.2316,159.91,123.6784
2026-08-26 14:36:05.265796+03:00,2026-08-27 08:45:00+03:00,36.2322,157.63,121.3978
2026-08-26 14:36:05.265796+03:00,2026-08-27 09:00:00+03:00,36.249,161.02,124.77100000000002
2026-08-26 14:36:05.265796+03:00,2026-08-27 09:15:00+03:00,35.9373,154.89,118.9527
2026-08-26 14:36:05.265796+03:00,2026-08-27 09:30:00+03:00,35.985,146.8,110.815
2026-08-26 14:36:05.265796+03:00,2026-08-27 09:45:00+03:00,36.0518,126.07,90.0182
2026-08-26 14:36:05.265796+03:00,2026-08-27 10:00:00+03:00,36.0089,139.02,103.0111
2026-08-26 14:36:05.265796+03:00,2026-08-27 10:15:00+03:00,35.9594,110.83,74.8706
2026-08-26 14:36:05.265796+03:00,2026-08-27 10:30:00+03:00,36.0041,75.76,39.7559
2026-08-26 14:36:05.265796+03:00,2026-08-27 10:45:00+03:00,36.0382,72.52,36.48179999999999
2026-08-26 14:36:05.265796+03:00,2026-08-27 11:00:00+03:00,35.9449,73.42,37.475100000000005
2026-08-26 14:36:05.265796+03:00,2026-08-27 11:15:00+03:00,35.874,72.3,36.426
2026-08-26 14:36:05.265796+03:00,2026-08-27 11:30:00+03:00,35.5252,69.18,33.65480000000001
2026-08-26 14:36:05.265796+03:00,2026-08-27 11:45:00+03:00,35.5705,58.91,23.3395
2026-08-26 14:36:05.265796+03:00,2026-08-27 12:00:00+03:00,35.5787,71.1,35.5213
2026-08-26 14:36:05.265796+03:00,2026-08-27 12:15:00+03:00,35.5575,65.23,29.672500000000007
2026-08-26 14:36:05.265796+03:00,2026-08-27 12:30:00+03:00,35.5545,64.61,29.0555
2026-08-26 14:36:05.265796+03:00,2026-08-27 12:45:00+03:00,35.575,64.54,28.965000000000003
2026-08-26 14:36:05.265796+03:00,2026-08-27 13:00:00+03:00,35.5784,66.8,31.221599999999995
2026-08-26 14:36:05.265796+03:00,2026-08-27 13:15:00+03:00,35.5661,66.3,30.7339
2026-08-26 14:36:05.265796+03:00,2026-08-27 13:30:00+03:00,35.5604,67.23,31.669600000000003
2026-08-26 14:36:05.265796+03:00,2026-08-27 13:45:00+03:00,35.5861,66.92,31.3339
2026-08-26 14:36:05.265796+03:00,2026-08-27 14:00:00+03:00,35.624,63.33,27.706
2026-08-26 14:36:05.265796+03:00,2026-08-27 14:15:00+03:00,35.6386,64.25,28.611400000000003
2026-08-26 14:36:05.265796+03:00,2026-08-27 14:30:00+03:00,35.6184,64.07,28.451599999999992
2026-08-26 14:36:05.265796+03:00,2026-08-27 14:45:00+03:00,35.6394,64.44,28.8006
2026-08-26 14:36:05.265796+03:00,2026-08-27 15:00:00+03:00,35.6235,63.48,27.8565
2026-08-26 14:36:05.265796+03:00,2026-08-27 15:15:00+03:00,35.7149,65.02,29.3051
2026-08-26 14:36:05.265796+03:00,2026-08-27 15:30:00+03:00,35.6962,66.0,30.303800000000003
2026-08-26 14:36:05.265796+03:00,2026-08-27 15:45:00+03:00,35.7012,64.89,29.1888
2026-08-26 14:36:05.265796+03:00,2026-08-27 16:00:00+03:00,35.6698,64.39,28.7202
2026-08-26 14:36:05.265796+03:00,2026-08-27 16:15:00+03:00,35.7544,66.15,30.39560000000001
2026-08-26 14:36:05.265796+03:00,2026-08-27 16:30:00+03:00,35.7232,65.83,30.1068
2026-08-26 14:36:05.265796+03:00,2026-08-27 16:45:00+03:00,35.7089,68.29,32.581100000000006
2026-08-26 14:36:05.265796+03:00,2026-08-27 17:00:00+03:00,35.6796,64.75,29.0704
2026-08-26 14:36:05.265796+03:00,2026-08-27 17:15:00+03:00,35.7554,71.19,35.4346
2026-08-26 14:36:05.265796+03:00,2026-08-27 17:30:00+03:00,35.7342,94.06,58.3258
2026-08-26 14:36:05.265796+03:00,2026-08-27 17:45:00+03:00,35.703,110.33,74.627
2026-08-26 14:36:05.265796+03:00,2026-08-27 18:00:00+03:00,35.6875,88.58,52.8925
2026-08-26 14:36:05.265796+03:00,2026-08-27 18:15:00+03:00,35.6702,112.05,76.37979999999999
2026-08-26 14:36:05.265796+03:00,2026-08-27 18:30:00+03:00,35.677,126.41,90.733
2026-08-26 14:36:05.265796+03:00,2026-08-27 18:45:00+03:00,35.6406,143.09,107.4494
2026-08-26 14:36:05.265796+03:00,2026-08-27 19:00:00+03:00,35.6729,126.53,90.8571
2026-08-26 14:36:05.265796+03:00,2026-08-27 19:15:00+03:00,35.5174,126.25,90.7326
2026-08-26 14:36:05.265796+03:00,2026-08-27 19:30:00+03:00,35.5343,121.78,86.2457
2026-08-26 14:36:05.265796+03:00,2026-08-27 19:45:00+03:00,35.5607,103.79,68.22930000000001
2026-08-26 14:36:05.265796+03:00,2026-08-27 20:00:00+03:00,35.6459,144.47,108.8241
2026-08-26 14:36:05.265796+03:00,2026-08-27 20:15:00+03:00,35.4325,125.05,89.6175
2026-08-26 14:36:05.265796+03:00,2026-08-27 20:30:00+03:00,35.0847,118.18,83.09530000000001
2026-08-26 14:36:05.265796+03:00,2026-08-27 20:45:00+03:00,35.1591,83.16,48.0009
2026-08-26 14:36:05.265796+03:00,2026-08-27 21:00:00+03:00,35.192,126.31,91.118
2026-08-26 14:36:05.265796+03:00,2026-08-27 21:15:00+03:00,35.2972,97.66,62.3628
2026-08-26 14:36:05.265796+03:00,2026-08-27 21:30:00+03:00,35.3412,83.91,48.5688
2026-08-26 14:36:05.265796+03:00,2026-08-27 21:45:00+03:00,35.3165,80.8,45.4835
2026-08-26 14:36:05.265796+03:00,2026-08-27 22:00:00+03:00,35.2001,82.11,46.9099
2026-08-26 14:36:05.265796+03:00,2026-08-27 22:15:00+03:00,34.9783,78.7,43.721700000000006
2026-08-26 14:36:05.265796+03:00,2026-08-27 22:30:00+03:00,34.5936,77.71,43.11639999999999
2026-08-26 14:36:05.265796+03:00,2026-08-27 22:45:00+03:00,34.1875,76.14,41.9525
2026-08-26 14:36:05.265796+03:00,2026-08-27 23:00:00+03:00,33.7508,76.15,42.39920000000001
2026-08-26 14:36:05.265796+03:00,2026-08-27 23:15:00+03:00,33.1109,74.79,41.679100000000005
2026-08-26 14:36:05.265796+03:00,2026-08-27 23:30:00+03:00,32.6417,72.3,39.6583
2026-08-26 14:36:05.265796+03:00,2026-08-27 23:45:00+03:00,32.4256,62.11,29.6844
2026-08-26 14:36:05.265796+03:00,2026-08-28 00:00:00+03:00,32.1554,73.04,40.884600000000006
2026-08-26 14:36:05.265796+03:00,2026-08-28 00:15:00+03:00,32.3234,69.01,36.686600000000006
2026-08-26 14:36:05.265796+03:00,2026-08-28 00:30:00+03:00,32.429,58.37,25.940999999999995
2026-08-26 14:36:05.265796+03:00,2026-08-28 00:45:00+03:00,32.455,50.58,18.125
2026-08-26 14:36:05.265796+03:00,2026-08-28 01:00:00+03:00,32.4259,47.23,14.804099999999998
2026-08-26 14:36:05.265796+03:00,2026-08-28 01:15:00+03:00,32.336,46.23,13.893999999999998
2026-08-26 14:36:05.265796+03:00,2026-08-28 01:30:00+03:00,32.3343,40.0,7.665700000000001
2026-08-26 14:36:05.265796+03:00,2026-08-28 01:45:00+03:00,32.3545,38.62,6.265499999999996
2026-08-26 14:36:05.265796+03:00,2026-08-28 02:00:00+03:00,32.4094,45.49,13.080600000000004
2026-08-26 14:36:05.265796+03:00,2026-08-28 02:15:00+03:00,32.4292,44.73,12.300799999999995
2026-08-26 14:36:05.265796+03:00,2026-08-28 02:30:00+03:00,32.4322,40.78,8.3478
2026-08-26 14:36:05.265796+03:00,2026-08-28 02:45:00+03:00,32.4251,39.99,7.5649000000000015
2026-08-26 14:36:05.265796+03:00,2026-08-28 03:00:00+03:00,32.436,40.63,8.194000000000003
2026-08-26 14:36:05.265796+03:00,2026-08-28 03:15:00+03:00,32.4638,41.23,8.766199999999998
2026-08-26 14:36:05.265796+03:00,2026-08-28 03:30:00+03:00,32.4743,42.98,10.505699999999996
2026-08-26 14:36:05.265796+03:00,2026-08-28 03:45:00+03:00,32.4535,45.84,13.386500000000003
2026-08-26 14:36:05.265796+03:00,2026-08-28 04:00:00+03:00,32.5107,42.99,10.479300000000002
2026-08-26 14:36:05.265796+03:00,2026-08-28 04:15:00+03:00,32.6422,41.33,8.687799999999996
2026-08-26 14:36:05.265796+03:00,2026-08-28 04:30:00+03:00,33.0632,46.44,13.376799999999996
2026-08-26 14:36:05.265796+03:00,2026-08-28 04:45:00+03:00,33.6657,41.42,7.754300000000001
2026-08-26 14:36:05.265796+03:00,2026-08-28 05:00:00+03:00,34.1876,41.11,6.922399999999996
2026-08-26 14:36:05.265796+03:00,2026-08-28 05:15:00+03:00,34.8256,40.0,5.174399999999999
2026-08-26 14:36:05.265796+03:00,2026-08-28 05:30:00+03:00,35.5808,43.28,7.699199999999998
2026-08-26 14:36:05.265796+03:00,2026-08-28 05:45:00+03:00,36.3623,45.67,9.307700000000004
2026-08-26 14:36:05.265796+03:00,2026-08-28 06:00:00+03:00,37.4808,38.78,1.299199999999999
2026-08-26 14:36:05.265796+03:00,2026-08-28 06:15:00+03:00,38.6999,44.18,5.4801
2026-08-26 14:36:05.265796+03:00,2026-08-28 06:30:00+03:00,39.7051,49.84,10.134900000000002
2026-08-26 14:36:05.265796+03:00,2026-08-28 06:45:00+03:00,40.658,62.08,21.422
2026-08-26 14:36:05.265796+03:00,2026-08-28 07:00:00+03:00,41.1325,39.99,1.1424999999999983
2026-08-26 14:36:05.265796+03:00,2026-08-28 07:15:00+03:00,41.6857,50.43,8.744300000000003
2026-08-26 14:36:05.265796+03:00,2026-08-28 07:30:00+03:00,41.8028,73.0,31.1972
2026-08-26 14:36:05.265796+03:00,2026-08-28 07:45:00+03:00,41.3627,74.0,32.6373
2026-08-26 14:36:05.265796+03:00,2026-08-28 08:00:00+03:00,41.335,54.77,13.435000000000002
2026-08-26 14:36:05.265796+03:00,2026-08-28 08:15:00+03:00,41.3077,73.39,32.082300000000004
2026-08-26 14:36:05.265796+03:00,2026-08-28 08:30:00+03:00,41.3017,87.6,46.2983
2026-08-26 14:36:05.265796+03:00,2026-08-28 08:45:00+03:00,41.241,87.52,46.279
2026-08-26 14:36:05.265796+03:00,2026-08-28 09:00:00+03:00,40.8302,88.14,47.3098
2026-08-26 14:36:05.265796+03:00,2026-08-28 09:15:00+03:00,40.5338,94.64,54.1062
2026-08-26 14:36:05.265796+03:00,2026-08-28 09:30:00+03:00,39.8317,83.21,43.3783
2026-08-26 14:36:05.265796+03:00,2026-08-28 09:45:00+03:00,39.4492,82.32,42.8708
2026-08-26 14:36:05.265796+03:00,2026-08-28 10:00:00+03:00,38.9423,88.8,49.8577
2026-08-26 14:36:05.265796+03:00,2026-08-28 10:15:00+03:00,38.1905,80.0,41.8095
2026-08-26 14:36:05.265796+03:00,2026-08-28 10:30:00+03:00,37.6133,75.35,37.73669999999999
2026-08-26 14:36:05.265796+03:00,2026-08-28 10:45:00+03:00,37.042,56.14,19.098
2026-08-26 14:36:05.265796+03:00,2026-08-28 11:00:00+03:00,36.6543,73.29,36.63570000000001
2026-08-26 14:36:05.265796+03:00,2026-08-28 11:15:00+03:00,36.1235,50.41,14.286499999999997
2026-08-26 14:36:05.265796+03:00,2026-08-28 11:30:00+03:00,35.5514,38.71,3.1586
2026-08-26 14:36:05.265796+03:00,2026-08-28 11:45:00+03:00,35.4106,28.55,6.860600000000002
2026-08-26 14:36:05.265796+03:00,2026-08-28 12:00:00+03:00,35.1492,47.6,12.4508
2026-08-26 14:36:05.265796+03:00,2026-08-28 12:15:00+03:00,35.1837,39.01,3.826299999999996
2026-08-26 14:36:05.265796+03:00,2026-08-28 12:30:00+03:00,35.2128,31.42,3.7928
2026-08-26 14:36:05.265796+03:00,2026-08-28 12:45:00+03:00,35.2374,26.0,9.2374
2026-08-26 14:36:05.265796+03:00,2026-08-28 13:00:00+03:00,35.245,41.96,6.715000000000003
2026-08-26 14:36:05.265796+03:00,2026-08-28 13:15:00+03:00,35.1923,35.9,0.7076999999999956
2026-08-26 14:36:05.265796+03:00,2026-08-28 13:30:00+03:00,35.1942,26.0,9.194200000000002
2026-08-26 14:36:05.265796+03:00,2026-08-28 13:45:00+03:00,35.2051,23.84,11.365100000000002
2026-08-26 14:36:05.265796+03:00,2026-08-28 14:00:00+03:00,35.2727,31.56,3.7127000000000017
2026-08-26 14:36:05.265796+03:00,2026-08-28 14:15:00+03:00,35.2698,30.83,4.439799999999998
2026-08-26 14:36:05.265796+03:00,2026-08-28 14:30:00+03:00,35.2527,28.93,6.3226999999999975
2026-08-26 14:36:05.265796+03:00,2026-08-28 14:45:00+03:00,35.2562,26.0,9.2562
2026-08-26 14:36:05.265796+03:00,2026-08-28 15:00:00+03:00,35.2778,24.39,10.8878
2026-08-26 14:36:05.265796+03:00,2026-08-28 15:15:00+03:00,35.3243,27.08,8.244300000000003
2026-08-26 14:36:05.265796+03:00,2026-08-28 15:30:00+03:00,35.3053,30.09,5.215300000000003
2026-08-26 14:36:05.265796+03:00,2026-08-28 15:45:00+03:00,35.2956,32.92,2.3755999999999986
2026-08-26 14:36:05.265796+03:00,2026-08-28 16:00:00+03:00,35.301,24.99,10.311000000000003
2026-08-26 14:36:05.265796+03:00,2026-08-28 16:15:00+03:00,35.3405,28.86,6.480499999999999
2026-08-26 14:36:05.265796+03:00,2026-08-28 16:30:00+03:00,35.323,33.9,1.4230000000000018
2026-08-26 14:36:05.265796+03:00,2026-08-28 16:45:00+03:00,35.2997,39.77,4.470300000000002
2026-08-26 14:36:05.265796+03:00,2026-08-28 17:00:00+03:00,35.361,22.64,12.720999999999997
2026-08-26 14:36:05.265796+03:00,2026-08-28 17:15:00+03:00,35.4052,27.45,7.955200000000001
2026-08-26 14:36:05.265796+03:00,2026-08-28 17:30:00+03:00,35.3795,35.03,0.349499999999999
2026-08-26 14:36:05.265796+03:00,2026-08-28 17:45:00+03:00,35.3527,40.17,4.817300000000003
2026-08-26 14:36:05.265796+03:00,2026-08-28 18:00:00+03:00,35.3825,26.29,9.0925
2026-08-26 14:36:05.265796+03:00,2026-08-28 18:15:00+03:00,35.3243,35.77,0.4457000000000022
2026-08-26 14:36:05.265796+03:00,2026-08-28 18:30:00+03:00,35.3223,41.25,5.9277000000000015
2026-08-26 14:36:05.265796+03:00,2026-08-28 18:45:00+03:00,35.3181,44.03,8.7119
2026-08-26 14:36:05.265796+03:00,2026-08-28 19:00:00+03:00,35.3343,45.32,9.9857
2026-08-26 14:36:05.265796+03:00,2026-08-28 19:15:00+03:00,35.2259,40.07,4.844099999999997
2026-08-26 14:36:05.265796+03:00,2026-08-28 19:30:00+03:00,35.2362,38.09,2.8538000000000068
2026-08-26 14:36:05.265796+03:00,2026-08-28 19:45:00+03:00,35.2691,25.23,10.0391
2026-08-26 14:36:05.265796+03:00,2026-08-28 20:00:00+03:00,35.3086,46.04,10.7314
2026-08-26 14:36:05.265796+03:00,2026-08-28 20:15:00+03:00,35.1489,38.64,3.491100000000003
2026-08-26 14:36:05.265796+03:00,2026-08-28 20:30:00+03:00,35.1863,20.19,14.996300000000002
2026-08-26 14:36:05.265796+03:00,2026-08-28 20:45:00+03:00,35.2163,9.27,25.9463
2026-08-26 14:36:05.265796+03:00,2026-08-28 21:00:00+03:00,35.2438,10.86,24.3838
2026-08-26 14:36:05.265796+03:00,2026-08-28 21:15:00+03:00,35.3028,9.49,25.8128
2026-08-26 14:36:05.265796+03:00,2026-08-28 21:30:00+03:00,35.2872,8.26,27.0272
2026-08-26 14:36:05.265796+03:00,2026-08-28 21:45:00+03:00,35.2893,6.76,28.5293
2026-08-26 14:36:05.265796+03:00,2026-08-28 22:00:00+03:00,35.235,6.6,28.635
2026-08-26 14:36:05.265796+03:00,2026-08-28 22:15:00+03:00,35.0588,5.29,29.7688
2026-08-26 14:36:05.265796+03:00,2026-08-28 22:30:00+03:00,35.0903,4.81,30.2803
2026-08-26 14:36:05.265796+03:00,2026-08-28 22:45:00+03:00,35.1416,4.28,30.8616
2026-08-26 14:36:05.265796+03:00,2026-08-28 23:00:00+03:00,35.1645,4.08,31.0845
2026-08-26 14:36:05.265796+03:00,2026-08-28 23:15:00+03:00,34.9807,3.53,31.4507
2026-08-26 14:36:05.265796+03:00,2026-08-28 23:30:00+03:00,34.598,3.32,31.278
2026-08-26 14:36:05.265796+03:00,2026-08-28 23:45:00+03:00,34.1504,2.82,31.3304
2026-08-26 14:36:05.265796+03:00,2026-08-29 00:00:00+03:00,33.8405,2.28,31.5605
2026-08-26 14:36:05.265796+03:00,2026-08-29 00:15:00+03:00,33.5066,2.0,31.5066
2026-08-26 14:36:05.265796+03:00,2026-08-29 00:30:00+03:00,33.67,1.99,31.680000000000003
2026-08-26 14:36:05.265796+03:00,2026-08-29 00:45:00+03:00,33.8142,1.92,31.8942
2026-08-26 14:36:05.265796+03:00,2026-08-29 01:00:00+03:00,33.8223,2.0,31.8223
2026-08-26 14:36:05.265796+03:00,2026-08-29 01:15:00+03:00,33.7327,1.99,31.742700000000003
2026-08-26 14:36:05.265796+03:00,2026-08-29 01:30:00+03:00,33.7358,1.96,31.7758
2026-08-26 14:36:05.265796+03:00,2026-08-29 01:45:00+03:00,33.7635,1.88,31.8835
2026-08-26 14:36:05.265796+03:00,2026-08-29 02:00:00+03:00,33.8065,1.99,31.8165
2026-08-26 14:36:05.265796+03:00,2026-08-29 02:15:00+03:00,33.8298,1.99,31.8398
2026-08-26 14:36:05.265796+03:00,2026-08-29 02:30:00+03:00,33.8432,1.93,31.913200000000003
2026-08-26 14:36:05.265796+03:00,2026-08-29 02:45:00+03:00,33.8386,1.89,31.9486
2026-08-26 14:36:05.265796+03:00,2026-08-29 03:00:00+03:00,33.8508,2.0,31.8508
2026-08-26 14:36:05.265796+03:00,2026-08-29 03:15:00+03:00,33.858,1.99,31.868
2026-08-26 14:36:05.265796+03:00,2026-08-29 03:30:00+03:00,33.8734,1.99,31.8834
2026-08-26 14:36:05.265796+03:00,2026-08-29 03:45:00+03:00,33.8684,1.99,31.878400000000003
2026-08-26 14:36:05.265796+03:00,2026-08-29 04:00:00+03:00,33.8523,1.99,31.8623
2026-08-26 14:36:05.265796+03:00,2026-08-29 04:15:00+03:00,33.9062,1.99,31.9162
2026-08-26 14:36:05.265796+03:00,2026-08-29 04:30:00+03:00,33.854,1.93,31.924
2026-08-26 14:36:05.265796+03:00,2026-08-29 04:45:00+03:00,33.8391,1.93,31.9091
2026-08-26 14:36:05.265796+03:00,2026-08-29 05:00:00+03:00,33.919,1.98,31.939
2026-08-26 14:36:05.265796+03:00,2026-08-29 05:15:00+03:00,34.2925,1.96,32.3325
2026-08-26 14:36:05.265796+03:00,2026-08-29 05:30:00+03:00,34.7232,2.0,32.7232
2026-08-26 14:36:05.265796+03:00,2026-08-29 05:45:00+03:00,35.0574,2.0,33.0574
2026-08-26 14:36:05.265796+03:00,2026-08-29 06:00:00+03:00,35.3566,2.2,33.1566
2026-08-26 14:36:05.265796+03:00,2026-08-29 06:15:00+03:00,35.5079,1.99,33.5179
2026-08-26 14:36:05.265796+03:00,2026-08-29 06:30:00+03:00,35.9688,1.93,34.0388
2026-08-26 14:36:05.265796+03:00,2026-08-29 06:45:00+03:00,36.2303,1.92,34.3103
2026-08-26 14:36:05.265796+03:00,2026-08-29 07:00:00+03:00,36.231,1.99,34.241
2026-08-26 14:36:05.265796+03:00,2026-08-29 07:15:00+03:00,36.3172,1.99,34.3272
2026-08-26 14:36:05.265796+03:00,2026-08-29 07:30:00+03:00,36.2856,1.98,34.305600000000005
2026-08-26 14:36:05.265796+03:00,2026-08-29 07:45:00+03:00,36.2523,2.0,34.2523
2026-08-26 14:36:05.265796+03:00,2026-08-29 08:00:00+03:00,36.2244,2.3,33.924400000000006
2026-08-26 14:36:05.265796+03:00,2026-08-29 08:15:00+03:00,36.236,2.67,33.565999999999995
2026-08-26 14:36:05.265796+03:00,2026-08-29 08:30:00+03:00,36.2516,2.97,33.281600000000005
2026-08-26 14:36:05.265796+03:00,2026-08-29 08:45:00+03:00,36.2509,3.53,32.7209
2026-08-26 14:36:05.265796+03:00,2026-08-29 09:00:00+03:00,36.3137,3.5,32.8137
2026-08-26 14:36:05.265796+03:00,2026-08-29 09:15:00+03:00,35.9817,3.52,32.46169999999999
2026-08-26 14:36:05.265796+03:00,2026-08-29 09:30:00+03:00,36.034,3.32,32.714
2026-08-26 14:36:05.265796+03:00,2026-08-29 09:45:00+03:00,36.1038,3.52,32.5838
2026-08-26 14:36:05.265796+03:00,2026-08-29 10:00:00+03:00,36.0757,3.71,32.3657
2026-08-26 14:36:05.265796+03:00,2026-08-29 10:15:00+03:00,36.0372,3.66,32.3772
2026-08-26 14:36:05.265796+03:00,2026-08-29 10:30:00+03:00,36.0787,3.5,32.5787
2026-08-26 14:36:05.265796+03:00,2026-08-29 10:45:00+03:00,36.0881,3.04,33.0481
2026-08-26 14:36:05.265796+03:00,2026-08-29 11:00:00+03:00,36.0091,3.69,32.3191
2026-08-26 14:36:05.265796+03:00,2026-08-29 11:15:00+03:00,35.9584,3.15,32.8084
2026-08-26 14:36:05.265796+03:00,2026-08-29 11:30:00+03:00,35.9974,2.82,33.1774
2026-08-26 14:36:05.265796+03:00,2026-08-29 11:45:00+03:00,36.0196,2.46,33.5596
2026-08-26 14:36:05.265796+03:00,2026-08-29 12:00:00+03:00,35.9851,2.87,33.115100000000005
2026-08-26 14:36:05.265796+03:00,2026-08-29 12:15:00+03:00,35.9438,2.57,33.3738
2026-08-26 14:36:05.265796+03:00,2026-08-29 12:30:00+03:00,35.9783,2.46,33.5183
2026-08-26 14:36:05.265796+03:00,2026-08-29 12:45:00+03:00,35.9875,2.41,33.5775
2026-08-26 14:36:05.265796+03:00,2026-08-29 13:00:00+03:00,35.9519,2.3,33.651900000000005
2026-08-26 14:36:05.265796+03:00,2026-08-29 13:15:00+03:00,35.8995,2.04,33.859500000000004
2026-08-26 14:36:05.265796+03:00,2026-08-29 13:30:00+03:00,35.5416,2.02,33.5216
2026-08-26 14:36:05.265796+03:00,2026-08-29 13:45:00+03:00,35.5745,2.0,33.5745
2026-08-26 14:36:05.265796+03:00,2026-08-29 14:00:00+03:00,35.625,2.0,33.625
2026-08-26 14:36:05.265796+03:00,2026-08-29 14:15:00+03:00,35.6331,2.26,33.3731
2026-08-26 14:36:05.265796+03:00,2026-08-29 14:30:00+03:00,35.6169,2.32,33.2969
2026-08-26 14:36:05.265796+03:00,2026-08-29 14:45:00+03:00,35.6195,2.3,33.319500000000005
2026-08-26 14:36:05.265796+03:00,2026-08-29 15:00:00+03:00,35.6129,2.0,33.6129
2026-08-26 14:36:05.265796+03:00,2026-08-29 15:15:00+03:00,35.6646,2.0,33.6646
2026-08-26 14:36:05.265796+03:00,2026-08-29 15:30:00+03:00,35.6487,2.0,33.6487
2026-08-26 14:36:05.265796+03:00,2026-08-29 15:45:00+03:00,35.6473,2.27,33.3773
2026-08-26 14:36:05.265796+03:00,2026-08-29 16:00:00+03:00,35.6476,2.43,33.2176
2026-08-26 14:36:05.265796+03:00,2026-08-29 16:15:00+03:00,35.6861,2.54,33.146100000000004
2026-08-26 14:36:05.265796+03:00,2026-08-29 16:30:00+03:00,35.6645,3.43,32.2345
2026-08-26 14:36:05.265796+03:00,2026-08-29 16:45:00+03:00,35.6521,4.07,31.5821
2026-08-26 14:36:05.265796+03:00,2026-08-29 17:00:00+03:00,35.6819,3.69,31.9919
2026-08-26 14:36:05.265796+03:00,2026-08-29 17:15:00+03:00,35.6813,3.82,31.8613
2026-08-26 14:36:05.265796+03:00,2026-08-29 17:30:00+03:00,35.6549,4.19,31.4649
2026-08-26 14:36:05.265796+03:00,2026-08-29 17:45:00+03:00,35.65,4.54,31.11
2026-08-26 14:36:05.265796+03:00,2026-08-29 18:00:00+03:00,35.6881,2.46,33.2281
2026-08-26 14:36:05.265796+03:00,2026-08-29 18:15:00+03:00,35.6113,2.2,33.4113
2026-08-26 14:36:05.265796+03:00,2026-08-29 18:30:00+03:00,35.618,2.27,33.348
2026-08-26 14:36:05.265796+03:00,2026-08-29 18:45:00+03:00,35.6301,1.99,33.6401
2026-08-26 14:36:05.265796+03:00,2026-08-29 19:00:00+03:00,35.6737,2.07,33.6037
2026-08-26 14:36:05.265796+03:00,2026-08-29 19:15:00+03:00,35.5737,1.96,33.6137
2026-08-26 14:36:05.265796+03:00,2026-08-29 19:30:00+03:00,35.5771,1.97,33.6071
2026-08-26 14:36:05.265796+03:00,2026-08-29 19:45:00+03:00,35.6146,1.84,33.7746
2026-08-26 14:36:05.265796+03:00,2026-08-29 20:00:00+03:00,35.6419,1.96,33.6819
2026-08-26 14:36:05.265796+03:00,2026-08-29 20:15:00+03:00,35.4769,1.96,33.5169
2026-08-26 14:36:05.265796+03:00,2026-08-29 20:30:00+03:00,35.5162,1.74,33.7762
2026-08-26 14:36:05.265796+03:00,2026-08-29 20:45:00+03:00,35.5386,1.51,34.028600000000004
2026-08-26 14:36:05.265796+03:00,2026-08-29 21:00:00+03:00,35.5873,1.22,34.3673
2026-08-26 14:36:05.265796+03:00,2026-08-29 21:15:00+03:00,35.672,1.22,34.452
2026-08-26 14:36:05.265796+03:00,2026-08-29 21:30:00+03:00,35.657,1.16,34.497
2026-08-26 14:36:05.265796+03:00,2026-08-29 21:45:00+03:00,35.6591,1.23,34.429100000000005
2026-08-26 14:36:05.265796+03:00,2026-08-29 22:00:00+03:00,35.6001,1.0,34.6001
2026-08-26 14:36:05.265796+03:00,2026-08-29 22:15:00+03:00,35.3665,1.06,34.3065
2026-08-26 14:36:05.265796+03:00,2026-08-29 22:30:00+03:00,35.0208,1.5,33.5208
2026-08-26 14:36:05.265796+03:00,2026-08-29 22:45:00+03:00,34.5814,1.67,32.9114
2026-08-26 14:36:05.265796+03:00,2026-08-29 23:00:00+03:00,34.1588,1.11,33.0488
2026-08-26 14:36:05.265796+03:00,2026-08-29 23:15:00+03:00,33.5911,1.49,32.101099999999995
2026-08-26 14:36:05.265796+03:00,2026-08-29 23:30:00+03:00,33.2251,1.8,31.4251
2026-08-26 14:36:05.265796+03:00,2026-08-29 23:45:00+03:00,32.7201,1.99,30.730100000000004
2026-08-26 14:36:05.265796+03:00,2026-08-30 00:00:00+03:00,32.4294,1.01,31.4194
2026-08-26 14:36:05.265796+03:00,2026-08-30 00:15:00+03:00,32.1425,1.5,30.6425
2026-08-26 14:36:05.265796+03:00,2026-08-30 00:30:00+03:00,32.2839,1.45,30.833900000000003
2026-08-26 14:36:05.265796+03:00,2026-08-30 00:45:00+03:00,32.3894,1.83,30.559400000000004
2026-08-26 14:36:05.265796+03:00,2026-08-30 01:00:00+03:00,32.3822,1.5,30.8822
2026-08-26 14:36:05.265796+03:00,2026-08-30 01:15:00+03:00,32.2878,1.51,30.7778
2026-08-26 14:36:05.265796+03:00,2026-08-30 01:30:00+03:00,32.2949,1.56,30.7349
2026-08-26 14:36:05.265796+03:00,2026-08-30 01:45:00+03:00,32.3197,1.62,30.6997
2026-08-26 14:36:05.265796+03:00,2026-08-30 02:00:00+03:00,32.3629,1.48,30.882900000000003
2026-08-26 14:36:05.265796+03:00,2026-08-30 02:15:00+03:00,32.3935,1.5,30.893500000000003
2026-08-26 14:36:05.265796+03:00,2026-08-30 02:30:00+03:00,32.3935,1.51,30.8835
2026-08-26 14:36:05.265796+03:00,2026-08-30 02:45:00+03:00,32.3931,1.61,30.7831
2026-08-26 14:36:05.265796+03:00,2026-08-30 03:00:00+03:00,32.3861,1.52,30.8661
2026-08-26 14:36:05.265796+03:00,2026-08-30 03:15:00+03:00,32.4022,1.56,30.8422
2026-08-26 14:36:05.265796+03:00,2026-08-30 03:30:00+03:00,32.4038,1.67,30.733799999999995
2026-08-26 14:36:05.265796+03:00,2026-08-30 03:45:00+03:00,32.4049,1.8,30.6049
2026-08-26 14:36:05.265796+03:00,2026-08-30 04:00:00+03:00,32.465,1.65,30.815000000000005
2026-08-26 14:36:05.265796+03:00,2026-08-30 04:15:00+03:00,32.495,1.77,30.725
2026-08-26 14:36:05.265796+03:00,2026-08-30 04:30:00+03:00,32.509,1.8,30.709
2026-08-26 14:36:05.265796+03:00,2026-08-30 04:45:00+03:00,32.5053,1.8,30.7053
2026-08-26 14:36:05.265796+03:00,2026-08-30 05:00:00+03:00,32.4721,1.94,30.5321
2026-08-26 14:36:05.265796+03:00,2026-08-30 05:15:00+03:00,32.5188,1.83,30.6888
2026-08-26 14:36:05.265796+03:00,2026-08-30 05:30:00+03:00,32.5239,1.83,30.6939
2026-08-26 14:36:05.265796+03:00,2026-08-30 05:45:00+03:00,32.5063,1.84,30.666300000000003
2026-08-26 14:36:05.265796+03:00,2026-08-30 06:00:00+03:00,32.4467,2.0,30.4467
2026-08-26 14:36:05.265796+03:00,2026-08-30 06:15:00+03:00,32.4905,2.0,30.4905
2026-08-26 14:36:05.265796+03:00,2026-08-30 06:30:00+03:00,32.4863,2.0,30.4863
2026-08-26 14:36:05.265796+03:00,2026-08-30 06:45:00+03:00,32.453,2.16,30.293000000000003
2026-08-26 14:36:05.265796+03:00,2026-08-30 07:00:00+03:00,32.4869,3.49,28.9969
2026-08-26 14:36:05.265796+03:00,2026-08-30 07:15:00+03:00,32.5579,3.52,29.0379
2026-08-26 14:36:05.265796+03:00,2026-08-30 07:30:00+03:00,32.5335,4.0,28.5335
2026-08-26 14:36:05.265796+03:00,2026-08-30 07:45:00+03:00,32.5139,4.99,27.5239
2026-08-26 14:36:05.265796+03:00,2026-08-30 08:00:00+03:00,32.5195,8.26,24.259500000000003
2026-08-26 14:36:05.265796+03:00,2026-08-30 08:15:00+03:00,32.4786,10.0,22.4786
2026-08-26 14:36:05.265796+03:00,2026-08-30 08:30:00+03:00,32.5132,13.77,18.7432
2026-08-26 14:36:05.265796+03:00,2026-08-30 08:45:00+03:00,32.5154,20.08,12.4354
2026-08-26 14:36:05.265796+03:00,2026-08-30 09:00:00+03:00,32.5385,20.0,12.5385
2026-08-26 14:36:05.265796+03:00,2026-08-30 09:15:00+03:00,32.3702,25.88,6.490199999999998
2026-08-26 14:36:05.265796+03:00,2026-08-30 09:30:00+03:00,32.3954,17.6,14.7954
2026-08-26 14:36:05.265796+03:00,2026-08-30 09:45:00+03:00,32.4157,10.84,21.5757
2026-08-26 14:36:05.265796+03:00,2026-08-30 10:00:00+03:00,32.4451,11.71,20.7351
2026-08-26 14:36:05.265796+03:00,2026-08-30 10:15:00+03:00,32.3937,12.7,19.693700000000003
2026-08-26 14:36:05.265796+03:00,2026-08-30 10:30:00+03:00,32.4107,11.92,20.4907
2026-08-26 14:36:05.265796+03:00,2026-08-30 10:45:00+03:00,32.408,13.87,18.538000000000004
2026-08-26 14:36:05.265796+03:00,2026-08-30 11:00:00+03:00,32.4347,15.1,17.334699999999998
2026-08-26 14:36:05.265796+03:00,2026-08-30 11:15:00+03:00,32.3816,14.72,17.6616
2026-08-26 14:36:05.265796+03:00,2026-08-30 11:30:00+03:00,32.3932,13.14,19.2532
2026-08-26 14:36:05.265796+03:00,2026-08-30 11:45:00+03:00,32.3913,11.84,20.5513
2026-08-26 14:36:05.265796+03:00,2026-08-30 12:00:00+03:00,32.437,18.06,14.377
2026-08-26 14:36:05.265796+03:00,2026-08-30 12:15:00+03:00,32.3948,17.27,15.124799999999995
2026-08-26 14:36:05.265796+03:00,2026-08-30 12:30:00+03:00,32.4047,14.0,18.4047
2026-08-26 14:36:05.265796+03:00,2026-08-30 12:45:00+03:00,32.4008,14.0,18.4008
2026-08-26 14:36:05.265796+03:00,2026-08-30 13:00:00+03:00,32.4214,17.57,14.851399999999998
2026-08-26 14:36:05.265796+03:00,2026-08-30 13:15:00+03:00,32.3905,15.79,16.600500000000004
2026-08-26 14:36:05.265796+03:00,2026-08-30 13:30:00+03:00,32.4031,14.61,17.793100000000003
2026-08-26 14:36:05.265796+03:00,2026-08-30 13:45:00+03:00,32.3994,13.99,18.4094
2026-08-26 14:36:05.265796+03:00,2026-08-30 14:00:00+03:00,32.4293,14.0,18.4293
2026-08-26 14:36:05.265796+03:00,2026-08-30 14:15:00+03:00,32.4215,14.0,18.4215
2026-08-26 14:36:05.265796+03:00,2026-08-30 14:30:00+03:00,32.435,13.99,18.445
2026-08-26 14:36:05.265796+03:00,2026-08-30 14:45:00+03:00,32.4295,13.99,18.439499999999995
2026-08-26 14:36:05.265796+03:00,2026-08-30 15:00:00+03:00,32.4405,13.99,18.4505
2026-08-26 14:36:05.265796+03:00,2026-08-30 15:15:00+03:00,32.4551,14.4,18.055100000000003
2026-08-26 14:36:05.265796+03:00,2026-08-30 15:30:00+03:00,32.452,14.71,17.741999999999997
2026-08-26 14:36:05.265796+03:00,2026-08-30 15:45:00+03:00,32.4455,17.41,15.035500000000004
2026-08-26 14:36:05.265796+03:00,2026-08-30 16:00:00+03:00,32.454,13.99,18.464
2026-08-26 14:36:05.265796+03:00,2026-08-30 16:15:00+03:00,32.4743,16.94,15.534299999999998
2026-08-26 14:36:05.265796+03:00,2026-08-30 16:30:00+03:00,32.4706,23.05,9.420599999999997
2026-08-26 14:36:05.265796+03:00,2026-08-30 16:45:00+03:00,32.4613,33.29,0.8286999999999978
2026-08-26 14:36:05.265796+03:00,2026-08-30 17:00:00+03:00,32.4692,14.37,18.099200000000003
2026-08-26 14:36:05.265796+03:00,2026-08-30 17:15:00+03:00,32.4604,20.34,12.1204
2026-08-26 14:36:05.265796+03:00,2026-08-30 17:30:00+03:00,32.4584,34.66,2.201599999999999
2026-08-26 14:36:05.265796+03:00,2026-08-30 17:45:00+03:00,32.45,61.87,29.419999999999995
2026-08-26 14:36:05.265796+03:00,2026-08-30 18:00:00+03:00,32.4754,11.14,21.3354
2026-08-26 14:36:05.265796+03:00,2026-08-30 18:15:00+03:00,32.4241,34.22,1.795899999999996
2026-08-26 14:36:05.265796+03:00,2026-08-30 18:30:00+03:00,32.4471,59.35,26.9029
2026-08-26 14:36:05.265796+03:00,2026-08-30 18:45:00+03:00,32.4458,67.82,35.374199999999995
2026-08-26 14:36:05.265796+03:00,2026-08-30 19:00:00+03:00,32.4595,53.88,21.420500000000004
2026-08-26 14:36:05.265796+03:00,2026-08-30 19:15:00+03:00,32.3638,50.89,18.526200000000003
2026-08-26 14:36:05.265796+03:00,2026-08-30 19:30:00+03:00,32.3756,49.99,17.614400000000003
2026-08-26 14:36:05.265796+03:00,2026-08-30 19:45:00+03:00,32.4049,50.0,17.595100000000002
2026-08-26 14:36:05.265796+03:00,2026-08-30 20:00:00+03:00,32.452,49.33,16.878
2026-08-26 14:36:05.265796+03:00,2026-08-30 20:15:00+03:00,32.293,48.8,16.506999999999998
2026-08-26 14:36:05.265796+03:00,2026-08-30 20:30:00+03:00,32.3216,43.36,11.038400000000005
2026-08-26 14:36:05.265796+03:00,2026-08-30 20:45:00+03:00,32.3514,40.4,8.0486
2026-08-26 14:36:05.265796+03:00,2026-08-30 21:00:00+03:00,32.3897,49.08,16.6903
2026-08-26 14:36:05.265796+03:00,2026-08-30 21:15:00+03:00,32.428,45.67,13.242000000000004
2026-08-26 14:36:05.265796+03:00,2026-08-30 21:30:00+03:00,32.4308,40.93,8.499200000000002
2026-08-26 14:36:05.265796+03:00,2026-08-30 21:45:00+03:00,32.4208,31.04,1.3808000000000007
2026-08-26 14:36:05.265796+03:00,2026-08-30 22:00:00+03:00,32.3851,41.13,8.744900000000001
2026-08-26 14:36:05.265796+03:00,2026-08-30 22:15:00+03:00,32.2301,40.92,8.689900000000002
2026-08-26 14:36:05.265796+03:00,2026-08-30 22:30:00+03:00,32.2583,35.32,3.061700000000002
2026-08-26 14:36:05.265796+03:00,2026-08-30 22:45:00+03:00,32.2758,29.23,3.0457999999999963
2026-08-26 14:36:05.265796+03:00,2026-08-30 23:00:00+03:00,32.3569,45.56,13.2031
2026-08-26 14:36:05.265796+03:00,2026-08-30 23:15:00+03:00,32.1099,35.93,3.820099999999997
2026-08-26 14:36:05.265796+03:00,2026-08-30 23:30:00+03:00,32.1624,29.6,2.5623999999999967
2026-08-26 14:36:05.265796+03:00,2026-08-30 23:45:00+03:00,32.2225,24.68,7.542499999999997
2026-08-26 14:36:05.265796+03:00,2026-08-31 00:00:00+03:00,32.3516,38.38,6.028400000000005
2026-08-26 14:36:05.265796+03:00,2026-08-31 00:15:00+03:00,32.3256,35.14,2.814399999999999
2026-08-26 14:36:05.265796+03:00,2026-08-31 00:30:00+03:00,32.3811,29.48,2.901100000000003
2026-08-26 14:36:05.265796+03:00,2026-08-31 00:45:00+03:00,32.3868,26.59,5.796800000000001
2026-08-26 14:36:05.265796+03:00,2026-08-31 01:00:00+03:00,32.3498,27.02,5.329800000000002
2026-08-26 14:36:05.265796+03:00,2026-08-31 01:15:00+03:00,32.2888,26.63,5.658800000000003
2026-08-26 14:36:05.265796+03:00,2026-08-31 01:30:00+03:00,32.2931,26.36,5.933100000000003
2026-08-26 14:36:05.265796+03:00,2026-08-31 01:45:00+03:00,32.3044,27.75,4.554400000000001
2026-08-26 14:36:05.265796+03:00,2026-08-31 02:00:00+03:00,32.3623,26.16,6.2022999999999975
2026-08-26 14:36:05.265796+03:00,2026-08-31 02:15:00+03:00,32.3896,26.54,5.849600000000002
2026-08-26 14:36:05.265796+03:00,2026-08-31 02:30:00+03:00,32.3925,27.94,4.452499999999997
2026-08-26 14:36:05.265796+03:00,2026-08-31 02:45:00+03:00,32.3886,28.0,4.388599999999997
2026-08-26 14:36:05.265796+03:00,2026-08-31 03:00:00+03:00,32.3984,27.55,4.848400000000002
2026-08-26 14:36:05.265796+03:00,2026-08-31 03:15:00+03:00,32.4209,27.89,4.530900000000003
2026-08-26 14:36:05.265796+03:00,2026-08-31 03:30:00+03:00,32.4268,29.96,2.466799999999999
2026-08-26 14:36:05.265796+03:00,2026-08-31 03:45:00+03:00,32.4183,31.7,0.7183000000000028
2026-08-26 14:36:05.265796+03:00,2026-08-31 04:00:00+03:00,32.4776,27.03,5.447600000000001
2026-08-26 14:36:05.265796+03:00,2026-08-31 04:15:00+03:00,32.5748,27.52,5.054800000000004
2026-08-26 14:36:05.265796+03:00,2026-08-31 04:30:00+03:00,32.5429,28.02,4.522900000000004
2026-08-26 14:36:05.265796+03:00,2026-08-31 04:45:00+03:00,32.5244,30.0,2.5244
2026-08-26 14:36:05.265796+03:00,2026-08-31 05:00:00+03:00,32.4816,24.02,8.4616
2026-08-26 14:36:05.265796+03:00,2026-08-31 05:15:00+03:00,32.6796,26.68,5.999600000000001
2026-08-26 14:36:05.265796+03:00,2026-08-31 05:30:00+03:00,33.0808,34.01,0.9291999999999944
2026-08-26 14:36:05.265796+03:00,2026-08-31 05:45:00+03:00,33.587,45.28,11.692999999999998
2026-08-26 14:36:05.265796+03:00,2026-08-31 06:00:00+03:00,34.0734,17.46,16.6134
2026-08-26 14:36:05.265796+03:00,2026-08-31 06:15:00+03:00,34.6367,29.49,5.146699999999999
2026-08-26 14:36:05.265796+03:00,2026-08-31 06:30:00+03:00,34.9485,50.14,15.191499999999998
2026-08-26 14:36:05.265796+03:00,2026-08-31 06:45:00+03:00,35.2256,77.76,42.534400000000005
2026-08-26 14:36:05.265796+03:00,2026-08-31 07:00:00+03:00,35.3652,34.26,1.1052000000000035
2026-08-26 14:36:05.265796+03:00,2026-08-31 07:15:00+03:00,35.6377,70.77,35.132299999999994
2026-08-26 14:36:05.265796+03:00,2026-08-31 07:30:00+03:00,35.994,102.99,66.996
2026-08-26 14:36:05.265796+03:00,2026-08-31 07:45:00+03:00,36.3077,108.99,72.6823
2026-08-26 14:36:05.265796+03:00,2026-08-31 08:00:00+03:00,36.2199,109.42,73.20009999999999
2026-08-26 14:36:05.265796+03:00,2026-08-31 08:15:00+03:00,36.2045,110.91,74.7055
2026-08-26 14:36:05.265796+03:00,2026-08-31 08:30:00+03:00,36.2405,112.81,76.5695
2026-08-26 14:36:05.265796+03:00,2026-08-31 08:45:00+03:00,36.237,114.0,77.763
2026-08-26 14:36:05.265796+03:00,2026-08-31 09:00:00+03:00,36.2679,118.47,82.2021
2026-08-26 14:36:05.265796+03:00,2026-08-31 09:15:00+03:00,35.9739,118.74,82.7661
2026-08-26 14:36:05.265796+03:00,2026-08-31 09:30:00+03:00,36.0071,117.21,81.2029
2026-08-26 14:36:05.265796+03:00,2026-08-31 09:45:00+03:00,36.0707,118.03,81.9593
2026-08-26 14:36:05.265796+03:00,2026-08-31 10:00:00+03:00,36.0159,123.14,87.1241
2026-08-26 14:36:05.265796+03:00,2026-08-31 10:15:00+03:00,35.9827,121.27,85.28729999999999
2026-08-26 14:36:05.265796+03:00,2026-08-31 10:30:00+03:00,36.019,112.85,76.83099999999999
2026-08-26 14:36:05.265796+03:00,2026-08-31 10:45:00+03:00,36.0255,101.58,65.55449999999999
2026-08-26 14:36:05.265796+03:00,2026-08-31 11:00:00+03:00,35.9598,102.05,66.0902
2026-08-26 14:36:05.265796+03:00,2026-08-31 11:15:00+03:00,35.8997,91.24,55.34029999999999
2026-08-26 14:36:05.265796+03:00,2026-08-31 11:30:00+03:00,35.5438,68.36,32.8162
2026-08-26 14:36:05.265796+03:00,2026-08-31 11:45:00+03:00,35.5754,52.75,17.174599999999998
2026-08-26 14:36:05.265796+03:00,2026-08-31 12:00:00+03:00,35.5771,70.46,34.88289999999999
2026-08-26 14:36:05.265796+03:00,2026-08-31 12:15:00+03:00,35.5688,60.72,25.1512
2026-08-26 14:36:05.265796+03:00,2026-08-31 12:30:00+03:00,35.5799,51.65,16.070099999999996
2026-08-26 14:36:05.265796+03:00,2026-08-31 12:45:00+03:00,35.5933,50.43,14.8367
2026-08-26 14:36:05.265796+03:00,2026-08-31 13:00:00+03:00,35.6008,50.35,14.749200000000002
2026-08-26 14:36:05.265796+03:00,2026-08-31 13:15:00+03:00,35.5753,52.96,17.384700000000002
2026-08-26 14:36:05.265796+03:00,2026-08-31 13:30:00+03:00,35.5854,50.36,14.7746
2026-08-26 14:36:05.265796+03:00,2026-08-31 13:45:00+03:00,35.5955,48.68,13.084499999999998
2026-08-26 14:36:05.265796+03:00,2026-08-31 14:00:00+03:00,35.6347,46.47,10.835299999999997
2026-08-26 14:36:05.265796+03:00,2026-08-31 14:15:00+03:00,35.6369,48.27,12.633100000000006
2026-08-26 14:36:05.265796+03:00,2026-08-31 14:30:00+03:00,35.6307,50.07,14.439300000000005
2026-08-26 14:36:05.265796+03:00,2026-08-31 14:45:00+03:00,35.6288,52.75,17.1212
2026-08-26 14:36:05.265796+03:00,2026-08-31 15:00:00+03:00,35.6533,43.43,7.776699999999998
2026-08-26 14:36:05.265796+03:00,2026-08-31 15:15:00+03:00,35.7083,49.98,14.271699999999996
2026-08-26 14:36:05.265796+03:00,2026-08-31 15:30:00+03:00,35.7039,54.98,19.2761
2026-08-26 14:36:05.265796+03:00,2026-08-31 15:45:00+03:00,35.691,60.89,25.199
2026-08-26 14:36:05.265796+03:00,2026-08-31 16:00:00+03:00,35.6668,36.14,0.4731999999999985
2026-08-26 14:36:05.265796+03:00,2026-08-31 16:15:00+03:00,35.7358,43.0,7.264200000000002
2026-08-26 14:36:05.265796+03:00,2026-08-31 16:30:00+03:00,35.7104,72.86,37.1496
2026-08-26 14:36:05.265796+03:00,2026-08-31 16:45:00+03:00,35.6876,93.53,57.8424
2026-08-26 14:36:05.265796+03:00,2026-08-31 17:00:00+03:00,35.7074,71.0,35.2926
2026-08-26 14:36:05.265796+03:00,2026-08-31 17:15:00+03:00,35.8153,91.8,55.9847
2026-08-26 14:36:05.265796+03:00,2026-08-31 17:30:00+03:00,35.7714,109.04,73.2686
2026-08-26 14:36:05.265796+03:00,2026-08-31 17:45:00+03:00,35.7201,111.19,75.4699
2026-08-26 14:36:05.265796+03:00,2026-08-31 18:00:00+03:00,35.6897,123.04,87.3503
2026-08-26 14:36:05.265796+03:00,2026-08-31 18:15:00+03:00,35.6356,126.1,90.4644
2026-08-26 14:36:05.265796+03:00,2026-08-31 18:30:00+03:00,35.6394,127.52,91.8806
2026-08-26 14:36:05.265796+03:00,2026-08-31 18:45:00+03:00,35.6576,132.94,97.2824
2026-08-26 14:36:05.265796+03:00,2026-08-31 19:00:00+03:00,35.6927,133.59,97.8973
2026-08-26 14:36:05.265796+03:00,2026-08-31 19:15:00+03:00,35.5961,130.89,95.29389999999998
2026-08-26 14:36:05.265796+03:00,2026-08-31 19:30:00+03:00,35.6069,132.89,97.2831
2026-08-26 14:36:05.265796+03:00,2026-08-31 19:45:00+03:00,35.6458,112.47,76.82419999999999
2026-08-26 14:36:05.265796+03:00,2026-08-31 20:00:00+03:00,35.6791,144.25,108.5709
2026-08-26 14:36:05.265796+03:00,2026-08-31 20:15:00+03:00,35.511,130.84,95.329
2026-08-26 14:36:05.265796+03:00,2026-08-31 20:30:00+03:00,35.5311,113.34,77.8089
2026-08-26 14:36:05.265796+03:00,2026-08-31 20:45:00+03:00,35.5616,88.77,53.2084
2026-08-26 14:36:05.265796+03:00,2026-08-31 21:00:00+03:00,35.6085,138.86,103.25150000000002
2026-08-26 14:36:05.265796+03:00,2026-08-31 21:15:00+03:00,35.6243,115.49,79.8657
2026-08-26 14:36:05.265796+03:00,2026-08-31 21:30:00+03:00,35.6119,85.21,49.5981
2026-08-26 14:36:05.265796+03:00,2026-08-31 21:45:00+03:00,35.6121,60.47,24.8579
2026-08-26 14:36:05.265796+03:00,2026-08-31 22:00:00+03:00,35.5716,120.22,84.64840000000001
2026-08-26 14:36:05.265796+03:00,2026-08-31 22:15:00+03:00,35.3702,119.89,84.5198
2026-08-26 14:36:05.265796+03:00,2026-08-31 22:30:00+03:00,35.0232,79.56,44.5368
2026-08-26 14:36:05.265796+03:00,2026-08-31 22:45:00+03:00,34.5767,61.66,27.0833
2026-08-26 14:36:05.265796+03:00,2026-08-31 23:00:00+03:00,34.1133,67.48,33.3667
2026-08-26 14:36:05.265796+03:00,2026-08-31 23:15:00+03:00,33.5289,60.04,26.5111
2026-08-26 14:36:05.265796+03:00,2026-08-31 23:30:00+03:00,33.1726,47.41,14.237399999999994
2026-08-26 14:36:05.265796+03:00,2026-08-31 23:45:00+03:00,32.734,34.37,1.6359999999999957
2026-08-26 14:36:05.265796+03:00,2026-09-01 00:00:00+03:00,32.4858,53.76,21.2742
2026-08-26 14:36:05.265796+03:00,2026-09-01 00:15:00+03:00,32.1526,49.71,17.5574
2026-08-26 14:36:05.265796+03:00,2026-09-01 00:30:00+03:00,32.3251,45.09,12.764900000000004
2026-08-26 14:36:05.265796+03:00,2026-09-01 00:45:00+03:00,32.405,35.36,2.9549999999999983
2026-08-26 14:36:05.265796+03:00,2026-09-01 01:00:00+03:00,32.4267,46.56,14.133300000000006
2026-08-26 14:36:05.265796+03:00,2026-09-01 01:15:00+03:00,32.3556,39.86,7.504399999999997
2026-08-26 14:36:05.265796+03:00,2026-09-01 01:30:00+03:00,32.3567,36.76,4.4033000000000015
2026-08-26 14:36:05.265796+03:00,2026-09-01 01:45:00+03:00,32.3772,30.03,2.347200000000001
2026-08-26 14:36:05.265796+03:00,2026-09-01 02:00:00+03:00,32.4089,41.16,8.751099999999994
2026-08-26 14:36:05.265796+03:00,2026-09-01 02:15:00+03:00,32.4384,39.13,6.691600000000001
2026-08-26 14:36:05.265796+03:00,2026-09-01 02:30:00+03:00,32.4385,37.89,5.451500000000003
2026-08-26 14:36:05.265796+03:00,2026-09-01 02:45:00+03:00,32.4362,36.85,4.413800000000002
2026-08-26 14:36:05.265796+03:00,2026-09-01 03:00:00+03:00,32.4456,40.3,7.854399999999998
2026-08-26 14:36:05.265796+03:00,2026-09-01 03:15:00+03:00,32.4704,39.91,7.439599999999999
2026-08-26 14:36:05.265796+03:00,2026-09-01 03:30:00+03:00,32.4748,39.28,6.805199999999999
2026-08-26 14:36:05.265796+03:00,2026-09-01 03:45:00+03:00,32.4645,36.87,4.405499999999996
2026-08-26 14:36:05.265796+03:00,2026-09-01 04:00:00+03:00,32.5163,36.87,4.353699999999996
2026-08-26 14:36:05.265796+03:00,2026-09-01 04:15:00+03:00,32.6513,35.79,3.1387
2026-08-26 14:36:05.265796+03:00,2026-09-01 04:30:00+03:00,33.0492,34.69,1.6407999999999987
2026-08-26 14:36:05.265796+03:00,2026-09-01 04:45:00+03:00,33.6182,36.18,2.561799999999998
2026-08-26 14:36:05.265796+03:00,2026-09-01 05:00:00+03:00,34.1184,36.85,2.7316000000000003
2026-08-26 14:36:05.265796+03:00,2026-09-01 05:15:00+03:00,34.778,36.77,1.9920000000000044
2026-08-26 14:36:05.265796+03:00,2026-09-01 05:30:00+03:00,35.49,37.18,1.6899999999999975
2026-08-26 14:36:05.265796+03:00,2026-09-01 05:45:00+03:00,36.2752,42.48,6.204799999999999
2026-08-26 14:36:05.265796+03:00,2026-09-01 06:00:00+03:00,36.6899,31.21,5.479900000000001
2026-08-26 14:36:05.265796+03:00,2026-09-01 06:15:00+03:00,37.5325,41.72,4.1875
2026-08-26 14:36:05.265796+03:00,2026-09-01 06:30:00+03:00,38.2712,45.15,6.878799999999998
2026-08-26 14:36:05.265796+03:00,2026-09-01 06:45:00+03:00,38.8128,53.55,14.737199999999994
2026-08-26 14:36:05.265796+03:00,2026-09-01 07:00:00+03:00,39.2733,22.39,16.8833
2026-08-26 14:36:05.265796+03:00,2026-09-01 07:15:00+03:00,39.7994,29.06,10.7394
2026-08-26 14:36:05.265796+03:00,2026-09-01 07:30:00+03:00,40.2323,50.0,9.767699999999998
2026-08-26 14:36:05.265796+03:00,2026-09-01 07:45:00+03:00,40.5714,59.47,18.8986
2026-08-26 14:36:05.265796+03:00,2026-09-01 08:00:00+03:00,40.4145,50.0,9.585500000000003
2026-08-26 14:36:05.265796+03:00,2026-09-01 08:15:00+03:00,40.3432,86.8,46.4568
2026-08-26 14:36:05.265796+03:00,2026-09-01 08:30:00+03:00,40.2574,96.19,55.9326
2026-08-26 14:36:05.265796+03:00,2026-09-01 08:45:00+03:00,40.2476,123.6,83.35239999999999
2026-08-26 14:36:05.265796+03:00,2026-09-01 09:00:00+03:00,40.2598,127.95,87.6902
2026-08-26 14:36:05.265796+03:00,2026-09-01 09:15:00+03:00,39.9497,128.57,88.62029999999999
2026-08-26 14:36:05.265796+03:00,2026-09-01 09:30:00+03:00,39.4065,126.54,87.1335
2026-08-26 14:36:05.265796+03:00,2026-09-01 09:45:00+03:00,38.9309,128.57,89.63909999999998
2026-08-26 14:36:05.265796+03:00,2026-09-01 10:00:00+03:00,38.1314,141.32,103.1886
2026-08-26 14:36:05.265796+03:00,2026-09-01 10:15:00+03:00,37.4953,135.25,97.7547
2026-08-26 14:36:05.265796+03:00,2026-09-01 10:30:00+03:00,36.908,139.65,102.742
2026-08-26 14:36:05.265796+03:00,2026-09-01 10:45:00+03:00,36.5668,124.61,88.0432
2026-08-26 14:36:05.265796+03:00,2026-09-01 11:00:00+03:00,36.1057,135.46,99.3543
2026-08-26 14:36:05.265796+03:00,2026-09-01 11:15:00+03:00,35.5209,118.02,82.4991
2026-08-26 14:36:05.265796+03:00,2026-09-01 11:30:00+03:00,35.3918,111.14,75.7482
2026-08-26 14:36:05.265796+03:00,2026-09-01 11:45:00+03:00,35.0714,101.21,66.1386
2026-08-26 14:36:05.265796+03:00,2026-09-01 12:00:00+03:00,35.1988,108.75,73.5512
2026-08-26 14:36:05.265796+03:00,2026-09-01 12:15:00+03:00,35.2132,97.23,62.0168
2026-08-26 14:36:05.265796+03:00,2026-09-01 12:30:00+03:00,35.2374,100.97,65.73259999999999
2026-08-26 14:36:05.265796+03:00,2026-09-01 12:45:00+03:00,35.2845,89.92,54.6355
2026-08-26 14:36:05.265796+03:00,2026-09-01 13:00:00+03:00,35.2345,105.48,70.2455
2026-08-26 14:36:05.265796+03:00,2026-09-01 13:15:00+03:00,35.2022,103.41,68.20779999999999
2026-08-26 14:36:05.265796+03:00,2026-09-01 13:30:00+03:00,35.2051,99.08,63.8749
2026-08-26 14:36:05.265796+03:00,2026-09-01 13:45:00+03:00,35.2134,86.38,51.1666
2026-08-26 14:36:05.265796+03:00,2026-09-01 14:00:00+03:00,35.2667,105.76,70.4933
2026-08-26 14:36:05.265796+03:00,2026-09-01 14:15:00+03:00,35.2648,104.24,68.9752
2026-08-26 14:36:05.265796+03:00,2026-09-01 14:30:00+03:00,35.2526,94.56,59.3074
2026-08-26 14:36:05.265796+03:00,2026-09-01 14:45:00+03:00,35.2542,81.25,45.9958
2026-08-26 14:36:05.265796+03:00,2026-09-01 15:00:00+03:00,35.2579,85.09,49.8321
2026-08-26 14:36:05.265796+03:00,2026-09-01 15:15:00+03:00,35.3077,86.91,51.6023
2026-08-26 14:36:05.265796+03:00,2026-09-01 15:30:00+03:00,35.2931,95.39,60.0969
2026-08-26 14:36:05.265796+03:00,2026-09-01 15:45:00+03:00,35.2925,92.85,57.5575
2026-08-26 14:36:05.265796+03:00,2026-09-01 16:00:00+03:00,35.3003,85.3,49.9997
2026-08-26 14:36:05.265796+03:00,2026-09-01 16:15:00+03:00,35.328,102.78,67.452
2026-08-26 14:36:05.265796+03:00,2026-09-01 16:30:00+03:00,35.3084,92.56,57.2516
2026-08-26 14:36:05.265796+03:00,2026-09-01 16:45:00+03:00,35.2994,103.95,68.6506
2026-08-26 14:36:05.265796+03:00,2026-09-01 17:00:00+03:00,35.3567,70.14,34.783300000000004
2026-08-26 14:36:05.265796+03:00,2026-09-01 17:15:00+03:00,35.3579,86.18,50.822100000000006
2026-08-26 14:36:05.265796+03:00,2026-09-01 17:30:00+03:00,35.3402,104.99,69.6498
2026-08-26 14:36:05.265796+03:00,2026-09-01 17:45:00+03:00,35.3354,111.29,75.9546
2026-08-26 14:36:05.265796+03:00,2026-09-01 18:00:00+03:00,35.367,107.48,72.113
2026-08-26 14:36:05.265796+03:00,2026-09-01 18:15:00+03:00,35.2905,114.79,79.49950000000001
2026-08-26 14:36:05.265796+03:00,2026-09-01 18:30:00+03:00,35.301,108.25,72.949
2026-08-26 14:36:05.265796+03:00,2026-09-01 18:45:00+03:00,35.3018,119.56,84.2582
2026-08-26 14:36:05.265796+03:00,2026-09-01 19:00:00+03:00,35.3684,116.88,81.51159999999999
2026-08-26 14:36:05.265796+03:00,2026-09-01 19:15:00+03:00,35.192,125.38,90.188
2026-08-26 14:36:05.265796+03:00,2026-09-01 19:30:00+03:00,35.2157,115.99,80.7743
2026-08-26 14:36:05.265796+03:00,2026-09-01 19:45:00+03:00,35.2563,101.72,66.46369999999999
2026-08-26 14:36:05.265796+03:00,2026-09-01 20:00:00+03:00,35.2992,114.54,79.24080000000001
2026-08-26 14:36:05.265796+03:00,2026-09-01 20:15:00+03:00,35.069,108.99,73.92099999999999
2026-08-26 14:36:05.265796+03:00,2026-09-01 20:30:00+03:00,35.1314,87.38,52.2486
2026-08-26 14:36:05.265796+03:00,2026-09-01 20:45:00+03:00,35.1847,70.08,34.8953
2026-08-26 14:36:05.265796+03:00,2026-09-01 21:00:00+03:00,35.2037,97.39,62.1863
2026-08-26 14:36:05.265796+03:00,2026-09-01 21:15:00+03:00,35.2958,68.76,33.464200000000005
2026-08-26 14:36:05.265796+03:00,2026-09-01 21:30:00+03:00,35.2422,54.69,19.4478
2026-08-26 14:36:05.265796+03:00,2026-09-01 21:45:00+03:00,35.2431,41.99,6.746900000000004
2026-08-26 14:36:05.265796+03:00,2026-09-01 22:00:00+03:00,35.2071,61.62,26.4129
2026-08-26 14:36:05.265796+03:00,2026-09-01 22:15:00+03:00,35.0316,58.58,23.5484
2026-08-26 14:36:05.265796+03:00,2026-09-01 22:30:00+03:00,34.6234,55.32,20.696600000000004
2026-08-26 14:36:05.265796+03:00,2026-09-01 22:45:00+03:00,34.1847,45.0,10.8153
2026-08-26 14:36:05.265796+03:00,2026-09-01 23:00:00+03:00,33.7079,60.19,26.4821
2026-08-26 14:36:05.265796+03:00,2026-09-01 23:15:00+03:00,33.0717,45.36,12.2883
2026-08-26 14:36:05.265796+03:00,2026-09-01 23:30:00+03:00,32.6081,39.36,6.751899999999999
2026-08-26 14:36:05.265796+03:00,2026-09-01 23:45:00+03:00,32.4161,41.83,9.413899999999998
2026-08-26 14:36:05.265796+03:00,2026-09-02 00:00:00+03:00,32.1403,40.87,8.729699999999994
2026-08-26 14:36:05.265796+03:00,2026-09-02 00:15:00+03:00,32.3267,41.74,9.4133
2026-08-26 14:36:05.265796+03:00,2026-09-02 00:30:00+03:00,32.4174,45.36,12.9426
2026-08-26 14:36:05.265796+03:00,2026-09-02 00:45:00+03:00,32.4474,32.55,0.1025999999999953
2026-08-26 14:36:05.265796+03:00,2026-09-02 01:00:00+03:00,32.434,37.94,5.506
2026-08-26 14:36:05.265796+03:00,2026-09-02 01:15:00+03:00,32.3454,39.79,7.444600000000001
2026-08-26 14:36:05.265796+03:00,2026-09-02 01:30:00+03:00,32.3503,38.57,6.219700000000003
2026-08-26 14:36:05.265796+03:00,2026-09-02 01:45:00+03:00,32.3737,39.09,6.716300000000004
2026-08-26 14:36:05.265796+03:00,2026-09-02 02:00:00+03:00,32.4296,41.0,8.5704
2026-08-26 14:36:05.265796+03:00,2026-09-02 02:15:00+03:00,32.4594,36.97,4.510599999999997
2026-08-26 14:36:05.265796+03:00,2026-09-02 02:30:00+03:00,32.4622,35.1,2.6377999999999986
2026-08-26 14:36:05.265796+03:00,2026-09-02 02:45:00+03:00,32.4557,34.13,1.6743000000000023
2026-08-26 14:36:05.265796+03:00,2026-09-02 03:00:00+03:00,32.4651,34.2,1.7349000000000032
2026-08-26 14:36:05.265796+03:00,2026-09-02 03:15:00+03:00,32.4883,34.07,1.581699999999998
2026-08-26 14:36:05.265796+03:00,2026-09-02 03:30:00+03:00,32.491,35.81,3.3190000000000026
2026-08-26 14:36:05.265796+03:00,2026-09-02 03:45:00+03:00,32.487,36.56,4.073
2026-08-26 14:36:05.265796+03:00,2026-09-02 04:00:00+03:00,32.5392,35.13,2.590800000000001
2026-08-26 14:36:05.265796+03:00,2026-09-02 04:15:00+03:00,32.6846,35.74,3.055399999999999
2026-08-26 14:36:05.265796+03:00,2026-09-02 04:30:00+03:00,33.0832,37.36,4.2768000000000015
2026-08-26 14:36:05.265796+03:00,2026-09-02 04:45:00+03:00,33.6206,37.54,3.919399999999996
2026-08-26 14:36:05.265796+03:00,2026-09-02 05:00:00+03:00,34.1401,34.31,0.1699000000000055
2026-08-26 14:36:05.265796+03:00,2026-09-02 05:15:00+03:00,34.8044,35.34,0.5356000000000023
2026-08-26 14:36:05.265796+03:00,2026-09-02 05:30:00+03:00,35.5211,37.33,1.8089000000000013
2026-08-26 14:36:05.265796+03:00,2026-09-02 05:45:00+03:00,36.3197,42.55,6.2303
2026-08-26 14:36:05.265796+03:00,2026-09-02 06:00:00+03:00,36.7047,35.36,1.3447000000000031
2026-08-26 14:36:05.265796+03:00,2026-09-02 06:15:00+03:00,37.5527,41.72,4.167299999999997
2026-08-26 14:36:05.265796+03:00,2026-09-02 06:30:00+03:00,38.3055,53.33,15.024499999999996
2026-08-26 14:36:05.265796+03:00,2026-09-02 06:45:00+03:00,38.8366,68.78,29.943400000000004
2026-08-26 14:36:05.265796+03:00,2026-09-02 07:00:00+03:00,39.3008,46.77,7.469200000000001
2026-08-26 14:36:05.265796+03:00,2026-09-02 07:15:00+03:00,39.7571,47.42,7.6629
2026-08-26 14:36:05.265796+03:00,2026-09-02 07:30:00+03:00,40.1923,52.42,12.2277
2026-08-26 14:36:05.265796+03:00,2026-09-02 07:45:00+03:00,40.3784,62.3,21.9216
2026-08-26 14:36:05.265796+03:00,2026-09-02 08:00:00+03:00,40.3906,48.28,7.889400000000002
2026-08-26 14:36:05.265796+03:00,2026-09-02 08:15:00+03:00,40.3182,69.46,29.1418
2026-08-26 14:36:05.265796+03:00,2026-09-02 08:30:00+03:00,40.2513,76.24,35.988699999999994
2026-08-26 14:36:05.265796+03:00,2026-09-02 08:45:00+03:00,40.2465,81.89,41.6435
2026-08-26 14:36:05.265796+03:00,2026-09-02 09:00:00+03:00,40.2692,72.82,32.550799999999995
2026-08-26 14:36:05.265796+03:00,2026-09-02 09:15:00+03:00,39.9797,84.17,44.1903
2026-08-26 14:36:05.265796+03:00,2026-09-02 09:30:00+03:00,39.4506,81.15,41.6994
2026-08-26 14:36:05.265796+03:00,2026-09-02 09:45:00+03:00,38.9894,97.87,58.8806
2026-08-26 14:36:05.265796+03:00,2026-09-02 10:00:00+03:00,38.2861,100.0,61.7139
2026-08-26 14:36:05.265796+03:00,2026-09-02 10:15:00+03:00,37.5606,99.99,62.4294
2026-08-26 14:36:05.265796+03:00,2026-09-02 10:30:00+03:00,36.9962,100.0,63.0038
2026-08-26 14:36:05.265796+03:00,2026-09-02 10:45:00+03:00,36.5878,93.61,57.0222
2026-08-26 14:36:05.265796+03:00,2026-09-02 11:00:00+03:00,36.1029,92.89,56.7871
2026-08-26 14:36:05.265796+03:00,2026-09-02 11:15:00+03:00,35.521,77.24,41.719
2026-08-26 14:36:05.265796+03:00,2026-09-02 11:30:00+03:00,35.3985,61.97,26.5715
2026-08-26 14:36:05.265796+03:00,2026-09-02 11:45:00+03:00,35.0675,49.13,14.0625
2026-08-26 14:36:05.265796+03:00,2026-09-02 12:00:00+03:00,35.1932,77.08,41.8868
2026-08-26 14:36:05.265796+03:00,2026-09-02 12:15:00+03:00,35.2069,50.62,15.4131
2026-08-26 14:36:05.265796+03:00,2026-09-02 12:30:00+03:00,35.2187,47.9,12.6813
2026-08-26 14:36:05.265796+03:00,2026-09-02 12:45:00+03:00,35.2768,39.65,4.373199999999997
2026-08-26 14:36:05.265796+03:00,2026-09-02 13:00:00+03:00,35.238,54.76,19.522
2026-08-26 14:36:05.265796+03:00,2026-09-02 13:15:00+03:00,35.2095,46.58,11.3705
2026-08-26 14:36:05.265796+03:00,2026-09-02 13:30:00+03:00,35.2141,39.36,4.1458999999999975
2026-08-26 14:36:05.265796+03:00,2026-09-02 13:45:00+03:00,35.221,28.84,6.380999999999997
2026-08-26 14:36:05.265796+03:00,2026-09-02 14:00:00+03:00,35.2898,41.97,6.680199999999999
2026-08-26 14:36:05.265796+03:00,2026-09-02 14:15:00+03:00,35.296,41.44,6.143999999999998
2026-08-26 14:36:05.265796+03:00,2026-09-02 14:30:00+03:00,35.289,39.43,4.140999999999998
2026-08-26 14:36:05.265796+03:00,2026-09-02 14:45:00+03:00,35.2903,34.51,0.780300000000004
2026-08-26 14:36:05.265796+03:00,2026-09-02 15:00:00+03:00,35.2775,39.89,4.612499999999997
2026-08-26 14:36:05.265796+03:00,2026-09-02 15:15:00+03:00,35.374,42.83,7.455999999999996
2026-08-26 14:36:05.265796+03:00,2026-09-02 15:30:00+03:00,35.3665,43.9,8.533499999999997
2026-08-26 14:36:05.265796+03:00,2026-09-02 15:45:00+03:00,35.3519,43.64,8.2881
2026-08-26 14:36:05.265796+03:00,2026-09-02 16:00:00+03:00,35.3261,35.84,0.5139000000000067
2026-08-26 14:36:05.265796+03:00,2026-09-02 16:15:00+03:00,35.3912,37.61,2.2188000000000017
2026-08-26 14:36:05.265796+03:00,2026-09-02 16:30:00+03:00,35.3798,44.86,9.480199999999996
2026-08-26 14:36:05.265796+03:00,2026-09-02 16:45:00+03:00,35.3669,50.92,15.5531
2026-08-26 14:36:05.265796+03:00,2026-09-02 17:00:00+03:00,35.4018,27.99,7.411800000000003
2026-08-26 14:36:05.265796+03:00,2026-09-02 17:15:00+03:00,35.4503,39.8,4.349699999999999
2026-08-26 14:36:05.265796+03:00,2026-09-02 17:30:00+03:00,35.8341,41.7,5.8659000000000034
2026-08-26 14:36:05.265796+03:00,2026-09-02 17:45:00+03:00,35.7918,67.28,31.4882
2026-08-26 14:36:05.265796+03:00,2026-09-02 18:00:00+03:00,35.7667,38.18,2.4133
2026-08-26 14:36:05.265796+03:00,2026-09-02 18:15:00+03:00,35.6841,64.4,28.715900000000005
2026-08-26 14:36:05.265796+03:00,2026-09-02 18:30:00+03:00,35.7016,79.99,44.2884
2026-08-26 14:36:05.265796+03:00,2026-09-02 18:45:00+03:00,35.7077,98.36,62.6523
2026-08-26 14:36:05.265796+03:00,2026-09-02 19:00:00+03:00,35.72,89.74,54.02
2026-08-26 14:36:05.265796+03:00,2026-09-02 19:15:00+03:00,35.5554,68.03,32.4746
2026-08-26 14:36:05.265796+03:00,2026-09-02 19:30:00+03:00,35.5868,74.66,39.0732
2026-08-26 14:36:05.265796+03:00,2026-09-02 19:45:00+03:00,35.6295,73.44,37.8105
2026-08-26 14:36:05.265796+03:00,2026-09-02 20:00:00+03:00,35.6517,80.41,44.7583
2026-08-26 14:36:05.265796+03:00,2026-09-02 20:15:00+03:00,35.3946,61.19,25.7954
2026-08-26 14:36:05.265796+03:00,2026-09-02 20:30:00+03:00,35.0502,59.01,23.9598
2026-08-26 14:36:05.265796+03:00,2026-09-02 20:45:00+03:00,34.6352,51.84,17.204800000000006
2026-08-26 14:36:05.265796+03:00,2026-09-02 21:00:00+03:00,34.0948,69.34,35.245200000000004
2026-08-26 14:36:05.265796+03:00,2026-09-02 21:15:00+03:00,33.761,55.28,21.519
2026-08-26 14:36:05.265796+03:00,2026-09-02 21:30:00+03:00,33.379,47.66,14.281
2026-08-26 14:36:05.265796+03:00,2026-09-02 21:45:00+03:00,32.9537,39.27,6.316300000000005
2026-08-26 14:36:05.265796+03:00,2026-09-02 22:00:00+03:00,32.4954,54.22,21.7246
2026-08-26 14:36:05.265796+03:00,2026-09-02 22:15:00+03:00,31.9995,51.46,19.4605
2026-08-26 14:36:05.265796+03:00,2026-09-02 22:30:00+03:00,31.4074,42.38,10.972600000000003
2026-08-26 14:36:05.265796+03:00,2026-09-02 22:45:00+03:00,30.925,36.44,5.514999999999997
2026-08-26 14:36:05.265796+03:00,2026-09-02 23:00:00+03:00,30.4951,43.88,13.384900000000002
2026-08-26 14:36:05.265796+03:00,2026-09-02 23:15:00+03:00,30.0737,41.77,11.696300000000004
2026-08-26 14:36:05.265796+03:00,2026-09-02 23:30:00+03:00,29.6861,37.77,8.083900000000003
2026-08-26 14:36:05.265796+03:00,2026-09-02 23:45:00+03:00,29.4989,32.41,2.9110999999999976
2026-08-27 23:57:45.256436+03:00,2026-08-28 00:00:00+03:00,57.5989,73.04,15.441100000000006
2026-08-27 23:57:45.256436+03:00,2026-08-28 00:15:00+03:00,55.507,69.01,13.503000000000007
2026-08-27 23:57:45.256436+03:00,2026-08-28 00:30:00+03:00,52.8168,58.37,5.553199999999997
2026-08-27 23:57:45.256436+03:00,2026-08-28 00:45:00+03:00,49.5777,50.58,1.0022999999999982
2026-08-27 23:57:45.256436+03:00,2026-08-28 01:00:00+03:00,47.0096,47.23,0.2203999999999979
2026-08-27 23:57:45.256436+03:00,2026-08-28 01:15:00+03:00,45.2764,46.23,0.9535999999999945
2026-08-27 23:57:45.256436+03:00,2026-08-28 01:30:00+03:00,43.1212,40.0,3.1212000000000018
2026-08-27 23:57:45.256436+03:00,2026-08-28 01:45:00+03:00,41.4411,38.62,2.8211000000000013
2026-08-27 23:57:45.256436+03:00,2026-08-28 02:00:00+03:00,39.2012,45.49,6.288800000000002
2026-08-27 23:57:45.256436+03:00,2026-08-28 02:15:00+03:00,37.9493,44.73,6.780699999999996
2026-08-27 23:57:45.256436+03:00,2026-08-28 02:30:00+03:00,36.1469,40.78,4.633099999999999
2026-08-27 23:57:45.256436+03:00,2026-08-28 02:45:00+03:00,34.1765,39.99,5.813500000000005
2026-08-27 23:57:45.256436+03:00,2026-08-28 03:00:00+03:00,32.6968,40.63,7.933199999999999
2026-08-27 23:57:45.256436+03:00,2026-08-28 03:15:00+03:00,31.8508,41.23,9.379199999999996
2026-08-27 23:57:45.256436+03:00,2026-08-28 03:30:00+03:00,30.8847,42.98,12.095299999999998
2026-08-27 23:57:45.256436+03:00,2026-08-28 03:45:00+03:00,30.0843,45.84,15.755700000000004
2026-08-27 23:57:45.256436+03:00,2026-08-28 04:00:00+03:00,29.6068,42.99,13.383200000000002
2026-08-27 23:57:45.256436+03:00,2026-08-28 04:15:00+03:00,29.4834,41.33,11.8466
2026-08-27 23:57:45.256436+03:00,2026-08-28 04:30:00+03:00,29.6035,46.44,16.836499999999997
2026-08-27 23:57:45.256436+03:00,2026-08-28 04:45:00+03:00,29.4828,41.42,11.9372
2026-08-27 23:57:45.256436+03:00,2026-08-28 05:00:00+03:00,29.5471,41.11,11.5629
2026-08-27 23:57:45.256436+03:00,2026-08-28 05:15:00+03:00,30.0985,40.0,9.9015
2026-08-27 23:57:45.256436+03:00,2026-08-28 05:30:00+03:00,30.7143,43.28,12.5657
2026-08-27 23:57:45.256436+03:00,2026-08-28 05:45:00+03:00,31.092,45.67,14.578000000000005
2026-08-27 23:57:45.256436+03:00,2026-08-28 06:00:00+03:00,31.5849,38.78,7.1951
2026-08-27 23:57:45.256436+03:00,2026-08-28 06:15:00+03:00,32.2874,44.18,11.892600000000002
2026-08-27 23:57:45.256436+03:00,2026-08-28 06:30:00+03:00,32.9733,49.84,16.8667
2026-08-27 23:57:45.256436+03:00,2026-08-28 06:45:00+03:00,33.2465,62.08,28.8335
2026-08-27 23:57:45.256436+03:00,2026-08-28 07:00:00+03:00,33.7391,39.99,6.2509000000000015
2026-08-27 23:57:45.256436+03:00,2026-08-28 07:15:00+03:00,34.44,50.43,15.990000000000002
2026-08-27 23:57:45.256436+03:00,2026-08-28 07:30:00+03:00,35.0677,73.0,37.9323
2026-08-27 23:57:45.256436+03:00,2026-08-28 07:45:00+03:00,35.8284,74.0,38.1716
2026-08-27 23:57:45.256436+03:00,2026-08-28 08:00:00+03:00,36.2726,54.77,18.49740000000001
2026-08-27 23:57:45.256436+03:00,2026-08-28 08:15:00+03:00,36.6205,73.39,36.7695
2026-08-27 23:57:45.256436+03:00,2026-08-28 08:30:00+03:00,37.3427,87.6,50.2573
2026-08-27 23:57:45.256436+03:00,2026-08-28 08:45:00+03:00,38.2398,87.52,49.2802
2026-08-27 23:57:45.256436+03:00,2026-08-28 09:00:00+03:00,38.7816,88.14,49.3584
2026-08-27 23:57:45.256436+03:00,2026-08-28 09:15:00+03:00,38.628,94.64,56.012
2026-08-27 23:57:45.256436+03:00,2026-08-28 09:30:00+03:00,38.3067,83.21,44.9033
2026-08-27 23:57:45.256436+03:00,2026-08-28 09:45:00+03:00,38.0158,82.32,44.3042
2026-08-27 23:57:45.256436+03:00,2026-08-28 10:00:00+03:00,38.0484,88.8,50.7516
2026-08-27 23:57:45.256436+03:00,2026-08-28 10:15:00+03:00,38.0077,80.0,41.9923
2026-08-27 23:57:45.256436+03:00,2026-08-28 10:30:00+03:00,38.0003,75.35,37.34969999999999
2026-08-27 23:57:45.256436+03:00,2026-08-28 10:45:00+03:00,38.0051,56.14,18.1349
2026-08-27 23:57:45.256436+03:00,2026-08-28 11:00:00+03:00,38.0123,73.29,35.2777
2026-08-27 23:57:45.256436+03:00,2026-08-28 11:15:00+03:00,37.9423,50.41,12.467699999999994
2026-08-27 23:57:45.256436+03:00,2026-08-28 11:30:00+03:00,37.3675,38.71,1.3425000000000011
2026-08-27 23:57:45.256436+03:00,2026-08-28 11:45:00+03:00,37.3498,28.55,8.799800000000001
2026-08-27 23:57:45.256436+03:00,2026-08-28 12:00:00+03:00,37.5147,47.6,10.085300000000004
2026-08-27 23:57:45.256436+03:00,2026-08-28 12:15:00+03:00,37.5401,39.01,1.4698999999999955
2026-08-27 23:57:45.256436+03:00,2026-08-28 12:30:00+03:00,37.5148,31.42,6.094799999999999
2026-08-27 23:57:45.256436+03:00,2026-08-28 12:45:00+03:00,37.5226,26.0,11.522599999999995
2026-08-27 23:57:45.256436+03:00,2026-08-28 13:00:00+03:00,37.5421,41.96,4.417900000000003
2026-08-27 23:57:45.256436+03:00,2026-08-28 13:15:00+03:00,37.4971,35.9,1.5971000000000046
2026-08-27 23:57:45.256436+03:00,2026-08-28 13:30:00+03:00,37.4848,26.0,11.4848
2026-08-27 23:57:45.256436+03:00,2026-08-28 13:45:00+03:00,37.496,23.84,13.656000000000002
2026-08-27 23:57:45.256436+03:00,2026-08-28 14:00:00+03:00,37.55,31.56,5.989999999999998
2026-08-27 23:57:45.256436+03:00,2026-08-28 14:15:00+03:00,37.5247,30.83,6.6947000000000045
2026-08-27 23:57:45.256436+03:00,2026-08-28 14:30:00+03:00,37.5107,28.93,8.5807
2026-08-27 23:57:45.256436+03:00,2026-08-28 14:45:00+03:00,37.5148,26.0,11.5148
2026-08-27 23:57:45.256436+03:00,2026-08-28 15:00:00+03:00,37.5311,24.39,13.141100000000002
2026-08-27 23:57:45.256436+03:00,2026-08-28 15:15:00+03:00,37.5715,27.08,10.491500000000002
2026-08-27 23:57:45.256436+03:00,2026-08-28 15:30:00+03:00,37.5525,30.09,7.462500000000002
2026-08-27 23:57:45.256436+03:00,2026-08-28 15:45:00+03:00,37.5574,32.92,4.6374
2026-08-27 23:57:45.256436+03:00,2026-08-28 16:00:00+03:00,37.5576,24.99,12.567600000000002
2026-08-27 23:57:45.256436+03:00,2026-08-28 16:15:00+03:00,37.5851,28.86,8.725099999999998
2026-08-27 23:57:45.256436+03:00,2026-08-28 16:30:00+03:00,37.5702,33.9,3.670200000000001
2026-08-27 23:57:45.256436+03:00,2026-08-28 16:45:00+03:00,37.5601,39.77,2.2099000000000046
2026-08-27 23:57:45.256436+03:00,2026-08-28 17:00:00+03:00,37.5769,22.64,14.9369
2026-08-27 23:57:45.256436+03:00,2026-08-28 17:15:00+03:00,37.5784,27.45,10.128400000000005
2026-08-27 23:57:45.256436+03:00,2026-08-28 17:30:00+03:00,37.5531,35.03,2.5230999999999995
2026-08-27 23:57:45.256436+03:00,2026-08-28 17:45:00+03:00,37.557,40.17,2.6129999999999995
2026-08-27 23:57:45.256436+03:00,2026-08-28 18:00:00+03:00,37.5923,26.29,11.302300000000002
2026-08-27 23:57:45.256436+03:00,2026-08-28 18:15:00+03:00,37.4685,35.77,1.6984999999999957
2026-08-27 23:57:45.256436+03:00,2026-08-28 18:30:00+03:00,37.4701,41.25,3.779899999999998
2026-08-27 23:57:45.256436+03:00,2026-08-28 18:45:00+03:00,37.4716,44.03,6.558399999999999
2026-08-27 23:57:45.256436+03:00,2026-08-28 19:00:00+03:00,37.5309,45.32,7.789099999999998
2026-08-27 23:57:45.256436+03:00,2026-08-28 19:15:00+03:00,37.357,40.07,2.713000000000001
2026-08-27 23:57:45.256436+03:00,2026-08-28 19:30:00+03:00,37.3853,38.09,0.7047000000000025
2026-08-27 23:57:45.256436+03:00,2026-08-28 19:45:00+03:00,37.4528,25.23,12.222800000000005
2026-08-27 23:57:45.256436+03:00,2026-08-28 20:00:00+03:00,37.4572,46.04,8.582799999999999
2026-08-27 23:57:45.256436+03:00,2026-08-28 20:15:00+03:00,37.2002,38.64,1.4397999999999982
2026-08-27 23:57:45.256436+03:00,2026-08-28 20:30:00+03:00,36.7243,20.19,16.534299999999998
2026-08-27 23:57:45.256436+03:00,2026-08-28 20:45:00+03:00,36.3427,9.27,27.0727
2026-08-27 23:57:45.256436+03:00,2026-08-28 21:00:00+03:00,35.672,10.86,24.812
2026-08-27 23:57:45.256436+03:00,2026-08-28 21:15:00+03:00,35.3822,9.49,25.892199999999995
2026-08-27 23:57:45.256436+03:00,2026-08-28 21:30:00+03:00,34.9092,8.26,26.6492
2026-08-27 23:57:45.256436+03:00,2026-08-28 21:45:00+03:00,34.5203,6.76,27.7603
2026-08-27 23:57:45.256436+03:00,2026-08-28 22:00:00+03:00,34.157,6.6,27.556999999999995
2026-08-27 23:57:45.256436+03:00,2026-08-28 22:15:00+03:00,33.5883,5.29,28.2983
2026-08-27 23:57:45.256436+03:00,2026-08-28 22:30:00+03:00,33.1874,4.81,28.3774
2026-08-27 23:57:45.256436+03:00,2026-08-28 22:45:00+03:00,32.7385,4.28,28.4585
2026-08-27 23:57:45.256436+03:00,2026-08-28 23:00:00+03:00,32.4699,4.08,28.389900000000004
2026-08-27 23:57:45.256436+03:00,2026-08-28 23:15:00+03:00,31.8619,3.53,28.3319
2026-08-27 23:57:45.256436+03:00,2026-08-28 23:30:00+03:00,31.3335,3.32,28.0135
2026-08-27 23:57:45.256436+03:00,2026-08-28 23:45:00+03:00,30.9442,2.82,28.1242
2026-08-27 23:57:45.256436+03:00,2026-08-29 00:00:00+03:00,30.4302,2.28,28.1502
2026-08-27 23:57:45.256436+03:00,2026-08-29 00:15:00+03:00,30.3578,2.0,28.3578
2026-08-27 23:57:45.256436+03:00,2026-08-29 00:30:00+03:00,30.0471,1.99,28.0571
2026-08-27 23:57:45.256436+03:00,2026-08-29 00:45:00+03:00,30.0963,1.92,28.1763
2026-08-27 23:57:45.256436+03:00,2026-08-29 01:00:00+03:00,30.061,2.0,28.061
2026-08-27 23:57:45.256436+03:00,2026-08-29 01:15:00+03:00,30.0662,1.99,28.0762
2026-08-27 23:57:45.256436+03:00,2026-08-29 01:30:00+03:00,30.0643,1.96,28.1043
2026-08-27 23:57:45.256436+03:00,2026-08-29 01:45:00+03:00,30.089,1.88,28.209
2026-08-27 23:57:45.256436+03:00,2026-08-29 02:00:00+03:00,30.108,1.99,28.118
2026-08-27 23:57:45.256436+03:00,2026-08-29 02:15:00+03:00,30.1562,1.99,28.1662
2026-08-27 23:57:45.256436+03:00,2026-08-29 02:30:00+03:00,30.1624,1.93,28.2324
2026-08-27 23:57:45.256436+03:00,2026-08-29 02:45:00+03:00,30.1573,1.89,28.2673
2026-08-27 23:57:45.256436+03:00,2026-08-29 03:00:00+03:00,30.1338,2.0,28.1338
2026-08-27 23:57:45.256436+03:00,2026-08-29 03:15:00+03:00,30.1778,1.99,28.187800000000003
2026-08-27 23:57:45.256436+03:00,2026-08-29 03:30:00+03:00,30.1936,1.99,28.2036
2026-08-27 23:57:45.256436+03:00,2026-08-29 03:45:00+03:00,30.1852,1.99,28.1952
2026-08-27 23:57:45.256436+03:00,2026-08-29 04:00:00+03:00,30.1312,1.99,28.1412
2026-08-27 23:57:45.256436+03:00,2026-08-29 04:15:00+03:00,30.2106,1.99,28.2206
2026-08-27 23:57:45.256436+03:00,2026-08-29 04:30:00+03:00,30.2161,1.93,28.2861
2026-08-27 23:57:45.256436+03:00,2026-08-29 04:45:00+03:00,30.202,1.93,28.272
2026-08-27 23:57:45.256436+03:00,2026-08-29 05:00:00+03:00,30.3733,1.98,28.3933
2026-08-27 23:57:45.256436+03:00,2026-08-29 05:15:00+03:00,30.5068,1.96,28.5468
2026-08-27 23:57:45.256436+03:00,2026-08-29 05:30:00+03:00,30.985,2.0,28.985
2026-08-27 23:57:45.256436+03:00,2026-08-29 05:45:00+03:00,31.4686,2.0,29.4686
2026-08-27 23:57:45.256436+03:00,2026-08-29 06:00:00+03:00,31.9021,2.2,29.7021
2026-08-27 23:57:45.256436+03:00,2026-08-29 06:15:00+03:00,32.4374,1.99,30.4474
2026-08-27 23:57:45.256436+03:00,2026-08-29 06:30:00+03:00,32.7774,1.93,30.8474
2026-08-27 23:57:45.256436+03:00,2026-08-29 06:45:00+03:00,33.1202,1.92,31.200199999999995
2026-08-27 23:57:45.256436+03:00,2026-08-29 07:00:00+03:00,33.6815,1.99,31.6915
2026-08-27 23:57:45.256436+03:00,2026-08-29 07:15:00+03:00,34.1308,1.99,32.1408
2026-08-27 23:57:45.256436+03:00,2026-08-29 07:30:00+03:00,34.6158,1.98,32.6358
2026-08-27 23:57:45.256436+03:00,2026-08-29 07:45:00+03:00,34.9777,2.0,32.9777
2026-08-27 23:57:45.256436+03:00,2026-08-29 08:00:00+03:00,35.02,2.3,32.720000000000006
2026-08-27 23:57:45.256436+03:00,2026-08-29 08:15:00+03:00,34.9462,2.67,32.2762
2026-08-27 23:57:45.256436+03:00,2026-08-29 08:30:00+03:00,34.9507,2.97,31.9807
2026-08-27 23:57:45.256436+03:00,2026-08-29 08:45:00+03:00,34.9375,3.53,31.4075
2026-08-27 23:57:45.256436+03:00,2026-08-29 09:00:00+03:00,35.0472,3.5,31.5472
2026-08-27 23:57:45.256436+03:00,2026-08-29 09:15:00+03:00,34.7781,3.52,31.2581
2026-08-27 23:57:45.256436+03:00,2026-08-29 09:30:00+03:00,34.8126,3.32,31.492600000000003
2026-08-27 23:57:45.256436+03:00,2026-08-29 09:45:00+03:00,34.8625,3.52,31.3425
2026-08-27 23:57:45.256436+03:00,2026-08-29 10:00:00+03:00,34.8535,3.71,31.1435
2026-08-27 23:57:45.256436+03:00,2026-08-29 10:15:00+03:00,34.7951,3.66,31.1351
2026-08-27 23:57:45.256436+03:00,2026-08-29 10:30:00+03:00,34.8174,3.5,31.3174
2026-08-27 23:57:45.256436+03:00,2026-08-29 10:45:00+03:00,34.8319,3.04,31.7919
2026-08-27 23:57:45.256436+03:00,2026-08-29 11:00:00+03:00,34.817,3.69,31.127
2026-08-27 23:57:45.256436+03:00,2026-08-29 11:15:00+03:00,34.7515,3.15,31.6015
2026-08-27 23:57:45.256436+03:00,2026-08-29 11:30:00+03:00,34.7682,2.82,31.9482
2026-08-27 23:57:45.256436+03:00,2026-08-29 11:45:00+03:00,34.7521,2.46,32.2921
2026-08-27 23:57:45.256436+03:00,2026-08-29 12:00:00+03:00,34.7846,2.87,31.9146
2026-08-27 23:57:45.256436+03:00,2026-08-29 12:15:00+03:00,34.74,2.57,32.17
2026-08-27 23:57:45.256436+03:00,2026-08-29 12:30:00+03:00,34.7461,2.46,32.2861
2026-08-27 23:57:45.256436+03:00,2026-08-29 12:45:00+03:00,34.7532,2.41,32.3432
2026-08-27 23:57:45.256436+03:00,2026-08-29 13:00:00+03:00,34.7682,2.3,32.4682
2026-08-27 23:57:45.256436+03:00,2026-08-29 13:15:00+03:00,34.7055,2.04,32.6655
2026-08-27 23:57:45.256436+03:00,2026-08-29 13:30:00+03:00,34.724,2.02,32.70399999999999
2026-08-27 23:57:45.256436+03:00,2026-08-29 13:45:00+03:00,34.7306,2.0,32.7306
2026-08-27 23:57:45.256436+03:00,2026-08-29 14:00:00+03:00,34.7924,2.0,32.7924
2026-08-27 23:57:45.256436+03:00,2026-08-29 14:15:00+03:00,34.767,2.26,32.507000000000005
2026-08-27 23:57:45.256436+03:00,2026-08-29 14:30:00+03:00,34.7733,2.32,32.4533
2026-08-27 23:57:45.256436+03:00,2026-08-29 14:45:00+03:00,34.7759,2.3,32.4759
2026-08-27 23:57:45.256436+03:00,2026-08-29 15:00:00+03:00,34.7829,2.0,32.7829
2026-08-27 23:57:45.256436+03:00,2026-08-29 15:15:00+03:00,34.7795,2.0,32.7795
2026-08-27 23:57:45.256436+03:00,2026-08-29 15:30:00+03:00,34.7777,2.0,32.7777
2026-08-27 23:57:45.256436+03:00,2026-08-29 15:45:00+03:00,34.769,2.27,32.498999999999995
2026-08-27 23:57:45.256436+03:00,2026-08-29 16:00:00+03:00,34.8029,2.43,32.3729
2026-08-27 23:57:45.256436+03:00,2026-08-29 16:15:00+03:00,34.8218,2.54,32.281800000000004
2026-08-27 23:57:45.256436+03:00,2026-08-29 16:30:00+03:00,34.818,3.43,31.388
2026-08-27 23:57:45.256436+03:00,2026-08-29 16:45:00+03:00,34.8356,4.07,30.7656
2026-08-27 23:57:45.256436+03:00,2026-08-29 17:00:00+03:00,34.8786,3.69,31.1886
2026-08-27 23:57:45.256436+03:00,2026-08-29 17:15:00+03:00,34.8624,3.82,31.0424
2026-08-27 23:57:45.256436+03:00,2026-08-29 17:30:00+03:00,34.8551,4.19,30.6651
2026-08-27 23:57:45.256436+03:00,2026-08-29 17:45:00+03:00,34.8492,4.54,30.309200000000004
2026-08-27 23:57:45.256436+03:00,2026-08-29 18:00:00+03:00,34.8845,2.46,32.4245
2026-08-27 23:57:45.256436+03:00,2026-08-29 18:15:00+03:00,34.7945,2.2,32.5945
2026-08-27 23:57:45.256436+03:00,2026-08-29 18:30:00+03:00,34.8162,2.27,32.5462
2026-08-27 23:57:45.256436+03:00,2026-08-29 18:45:00+03:00,34.8199,1.99,32.829899999999995
2026-08-27 23:57:45.256436+03:00,2026-08-29 19:00:00+03:00,34.8521,2.07,32.7821
2026-08-27 23:57:45.256436+03:00,2026-08-29 19:15:00+03:00,34.7215,1.96,32.7615
2026-08-27 23:57:45.256436+03:00,2026-08-29 19:30:00+03:00,34.7456,1.97,32.775600000000004
2026-08-27 23:57:45.256436+03:00,2026-08-29 19:45:00+03:00,34.7537,1.84,32.9137
2026-08-27 23:57:45.256436+03:00,2026-08-29 20:00:00+03:00,34.7749,1.96,32.8149
2026-08-27 23:57:45.256436+03:00,2026-08-29 20:15:00+03:00,34.603,1.96,32.643
2026-08-27 23:57:45.256436+03:00,2026-08-29 20:30:00+03:00,34.2854,1.74,32.5454
2026-08-27 23:57:45.256436+03:00,2026-08-29 20:45:00+03:00,34.3159,1.51,32.8059
2026-08-27 23:57:45.256436+03:00,2026-08-29 21:00:00+03:00,34.3915,1.22,33.1715
2026-08-27 23:57:45.256436+03:00,2026-08-29 21:15:00+03:00,34.4542,1.22,33.2342
2026-08-27 23:57:45.256436+03:00,2026-08-29 21:30:00+03:00,34.4525,1.16,33.292500000000004
2026-08-27 23:57:45.256436+03:00,2026-08-29 21:45:00+03:00,34.4562,1.23,33.226200000000006
2026-08-27 23:57:45.256436+03:00,2026-08-29 22:00:00+03:00,34.3695,1.0,33.3695
2026-08-27 23:57:45.256436+03:00,2026-08-29 22:15:00+03:00,34.1519,1.06,33.091899999999995
2026-08-27 23:57:45.256436+03:00,2026-08-29 22:30:00+03:00,33.8003,1.5,32.3003
2026-08-27 23:57:45.256436+03:00,2026-08-29 22:45:00+03:00,33.3857,1.67,31.7157
2026-08-27 23:57:45.256436+03:00,2026-08-29 23:00:00+03:00,32.9064,1.11,31.7964
2026-08-27 23:57:45.256436+03:00,2026-08-29 23:15:00+03:00,32.2505,1.49,30.760500000000004
2026-08-27 23:57:45.256436+03:00,2026-08-29 23:30:00+03:00,31.8196,1.8,30.0196
2026-08-27 23:57:45.256436+03:00,2026-08-29 23:45:00+03:00,31.2769,1.99,29.286900000000003
2026-08-27 23:57:45.256436+03:00,2026-08-30 00:00:00+03:00,30.9309,1.01,29.9209
2026-08-27 23:57:45.256436+03:00,2026-08-30 00:15:00+03:00,30.6687,1.5,29.1687
2026-08-27 23:57:45.256436+03:00,2026-08-30 00:30:00+03:00,30.3926,1.45,28.9426
2026-08-27 23:57:45.256436+03:00,2026-08-30 00:45:00+03:00,30.0749,1.83,28.2449
2026-08-27 23:57:45.256436+03:00,2026-08-30 01:00:00+03:00,30.0496,1.5,28.5496
2026-08-27 23:57:45.256436+03:00,2026-08-30 01:15:00+03:00,29.9761,1.51,28.4661
2026-08-27 23:57:45.256436+03:00,2026-08-30 01:30:00+03:00,29.7331,1.56,28.1731
2026-08-27 23:57:45.256436+03:00,2026-08-30 01:45:00+03:00,29.7386,1.62,28.1186
2026-08-27 23:57:45.256436+03:00,2026-08-30 02:00:00+03:00,29.7648,1.48,28.2848
2026-08-27 23:57:45.256436+03:00,2026-08-30 02:15:00+03:00,29.8055,1.5,28.3055
2026-08-27 23:57:45.256436+03:00,2026-08-30 02:30:00+03:00,29.8103,1.51,28.3003
2026-08-27 23:57:45.256436+03:00,2026-08-30 02:45:00+03:00,29.8101,1.61,28.2001
2026-08-27 23:57:45.256436+03:00,2026-08-30 03:00:00+03:00,29.8052,1.52,28.2852
2026-08-27 23:57:45.256436+03:00,2026-08-30 03:15:00+03:00,29.8178,1.56,28.2578
2026-08-27 23:57:45.256436+03:00,2026-08-30 03:30:00+03:00,29.832,1.67,28.162
2026-08-27 23:57:45.256436+03:00,2026-08-30 03:45:00+03:00,29.8333,1.8,28.0333
2026-08-27 23:57:45.256436+03:00,2026-08-30 04:00:00+03:00,29.7923,1.65,28.1423
2026-08-27 23:57:45.256436+03:00,2026-08-30 04:15:00+03:00,29.871,1.77,28.101
2026-08-27 23:57:45.256436+03:00,2026-08-30 04:30:00+03:00,29.8562,1.8,28.0562
2026-08-27 23:57:45.256436+03:00,2026-08-30 04:45:00+03:00,29.8531,1.8,28.0531
2026-08-27 23:57:45.256436+03:00,2026-08-30 05:00:00+03:00,29.9982,1.94,28.0582
2026-08-27 23:57:45.256436+03:00,2026-08-30 05:15:00+03:00,30.1251,1.83,28.2951
2026-08-27 23:57:45.256436+03:00,2026-08-30 05:30:00+03:00,30.5036,1.83,28.6736
2026-08-27 23:57:45.256436+03:00,2026-08-30 05:45:00+03:00,30.9795,1.84,29.1395
2026-08-27 23:57:45.256436+03:00,2026-08-30 06:00:00+03:00,31.4389,2.0,29.4389
2026-08-27 23:57:45.256436+03:00,2026-08-30 06:15:00+03:00,31.9293,2.0,29.9293
2026-08-27 23:57:45.256436+03:00,2026-08-30 06:30:00+03:00,32.4055,2.0,30.405500000000004
2026-08-27 23:57:45.256436+03:00,2026-08-30 06:45:00+03:00,32.6881,2.16,30.5281
2026-08-27 23:57:45.256436+03:00,2026-08-30 07:00:00+03:00,33.1293,3.49,29.6393
2026-08-27 23:57:45.256436+03:00,2026-08-30 07:15:00+03:00,33.6362,3.52,30.116200000000003
2026-08-27 23:57:45.256436+03:00,2026-08-30 07:30:00+03:00,34.2401,4.0,30.2401
2026-08-27 23:57:45.256436+03:00,2026-08-30 07:45:00+03:00,34.6492,4.99,29.6592
2026-08-27 23:57:45.256436+03:00,2026-08-30 08:00:00+03:00,35.0166,8.26,26.7566
2026-08-27 23:57:45.256436+03:00,2026-08-30 08:15:00+03:00,35.1506,10.0,25.1506
2026-08-27 23:57:45.256436+03:00,2026-08-30 08:30:00+03:00,35.4076,13.77,21.637600000000003
2026-08-27 23:57:45.256436+03:00,2026-08-30 08:45:00+03:00,35.4671,20.08,15.387100000000004
2026-08-27 23:57:45.256436+03:00,2026-08-30 09:00:00+03:00,35.9568,20.0,15.9568
2026-08-27 23:57:45.256436+03:00,2026-08-30 09:15:00+03:00,36.0879,25.88,10.2079
2026-08-27 23:57:45.256436+03:00,2026-08-30 09:30:00+03:00,36.0838,17.6,18.483799999999995
2026-08-27 23:57:45.256436+03:00,2026-08-30 09:45:00+03:00,36.1299,10.84,25.2899
2026-08-27 23:57:45.256436+03:00,2026-08-30 10:00:00+03:00,36.0991,11.71,24.3891
2026-08-27 23:57:45.256436+03:00,2026-08-30 10:15:00+03:00,36.0289,12.7,23.3289
2026-08-27 23:57:45.256436+03:00,2026-08-30 10:30:00+03:00,36.0653,11.92,24.1453
2026-08-27 23:57:45.256436+03:00,2026-08-30 10:45:00+03:00,36.0826,13.87,22.2126
2026-08-27 23:57:45.256436+03:00,2026-08-30 11:00:00+03:00,36.0113,15.1,20.9113
2026-08-27 23:57:45.256436+03:00,2026-08-30 11:15:00+03:00,35.9633,14.72,21.2433
2026-08-27 23:57:45.256436+03:00,2026-08-30 11:30:00+03:00,36.0023,13.14,22.8623
2026-08-27 23:57:45.256436+03:00,2026-08-30 11:45:00+03:00,36.0214,11.84,24.1814
2026-08-27 23:57:45.256436+03:00,2026-08-30 12:00:00+03:00,36.002,18.06,17.942000000000004
2026-08-27 23:57:45.256436+03:00,2026-08-30 12:15:00+03:00,35.9581,17.27,18.6881
2026-08-27 23:57:45.256436+03:00,2026-08-30 12:30:00+03:00,35.9921,14.0,21.9921
2026-08-27 23:57:45.256436+03:00,2026-08-30 12:45:00+03:00,36.0088,14.0,22.0088
2026-08-27 23:57:45.256436+03:00,2026-08-30 13:00:00+03:00,35.965,17.57,18.395000000000003
2026-08-27 23:57:45.256436+03:00,2026-08-30 13:15:00+03:00,35.9172,15.79,20.1272
2026-08-27 23:57:45.256436+03:00,2026-08-30 13:30:00+03:00,35.9541,14.61,21.3441
2026-08-27 23:57:45.256436+03:00,2026-08-30 13:45:00+03:00,35.9686,13.99,21.9786
2026-08-27 23:57:45.256436+03:00,2026-08-30 14:00:00+03:00,36.0028,14.0,22.0028
2026-08-27 23:57:45.256436+03:00,2026-08-30 14:15:00+03:00,36.0005,14.0,22.0005
2026-08-27 23:57:45.256436+03:00,2026-08-30 14:30:00+03:00,36.0202,13.99,22.0302
2026-08-27 23:57:45.256436+03:00,2026-08-30 14:45:00+03:00,36.0359,13.99,22.0459
2026-08-27 23:57:45.256436+03:00,2026-08-30 15:00:00+03:00,35.9933,13.99,22.0033
2026-08-27 23:57:45.256436+03:00,2026-08-30 15:15:00+03:00,36.039,14.4,21.639000000000003
2026-08-27 23:57:45.256436+03:00,2026-08-30 15:30:00+03:00,36.055,14.71,21.345
2026-08-27 23:57:45.256436+03:00,2026-08-30 15:45:00+03:00,36.0638,17.41,18.6538
2026-08-27 23:57:45.256436+03:00,2026-08-30 16:00:00+03:00,35.9984,13.99,22.008399999999995
2026-08-27 23:57:45.256436+03:00,2026-08-30 16:15:00+03:00,36.0347,16.94,19.0947
2026-08-27 23:57:45.256436+03:00,2026-08-30 16:30:00+03:00,36.051,23.05,13.001
2026-08-27 23:57:45.256436+03:00,2026-08-30 16:45:00+03:00,36.054,33.29,2.764000000000003
2026-08-27 23:57:45.256436+03:00,2026-08-30 17:00:00+03:00,36.0342,14.37,21.6642
2026-08-27 23:57:45.256436+03:00,2026-08-30 17:15:00+03:00,36.0489,20.34,15.708900000000003
2026-08-27 23:57:45.256436+03:00,2026-08-30 17:30:00+03:00,36.0689,34.66,1.4089000000000027
2026-08-27 23:57:45.256436+03:00,2026-08-30 17:45:00+03:00,36.0886,61.87,25.7814
2026-08-27 23:57:45.256436+03:00,2026-08-30 18:00:00+03:00,36.0658,11.14,24.9258
2026-08-27 23:57:45.256436+03:00,2026-08-30 18:15:00+03:00,35.9899,34.22,1.7698999999999998
2026-08-27 23:57:45.256436+03:00,2026-08-30 18:30:00+03:00,36.019,59.35,23.331000000000003
2026-08-27 23:57:45.256436+03:00,2026-08-30 18:45:00+03:00,36.0289,67.82,31.7911
2026-08-27 23:57:45.256436+03:00,2026-08-30 19:00:00+03:00,36.0255,53.88,17.8545
2026-08-27 23:57:45.256436+03:00,2026-08-30 19:15:00+03:00,35.9181,50.89,14.971899999999998
2026-08-27 23:57:45.256436+03:00,2026-08-30 19:30:00+03:00,35.9509,49.99,14.039100000000005
2026-08-27 23:57:45.256436+03:00,2026-08-30 19:45:00+03:00,36.0025,50.0,13.997500000000002
2026-08-27 23:57:45.256436+03:00,2026-08-30 20:00:00+03:00,36.0073,49.33,13.322699999999998
2026-08-27 23:57:45.256436+03:00,2026-08-30 20:15:00+03:00,35.8511,48.8,12.948899999999997
2026-08-27 23:57:45.256436+03:00,2026-08-30 20:30:00+03:00,35.5041,43.36,7.855899999999998
2026-08-27 23:57:45.256436+03:00,2026-08-30 20:45:00+03:00,35.5471,40.4,4.852899999999998
2026-08-27 23:57:45.256436+03:00,2026-08-30 21:00:00+03:00,35.5915,49.08,13.488499999999997
2026-08-27 23:57:45.256436+03:00,2026-08-30 21:15:00+03:00,35.6642,45.67,10.0058
2026-08-27 23:57:45.256436+03:00,2026-08-30 21:30:00+03:00,35.6559,40.93,5.274099999999997
2026-08-27 23:57:45.256436+03:00,2026-08-30 21:45:00+03:00,35.661,31.04,4.621000000000002
2026-08-27 23:57:45.256436+03:00,2026-08-30 22:00:00+03:00,35.5824,41.13,5.547600000000003
2026-08-27 23:57:45.256436+03:00,2026-08-30 22:15:00+03:00,35.3701,40.92,5.549900000000001
2026-08-27 23:57:45.256436+03:00,2026-08-30 22:30:00+03:00,35.0234,35.32,0.296599999999998
2026-08-27 23:57:45.256436+03:00,2026-08-30 22:45:00+03:00,34.5924,29.23,5.362399999999997
2026-08-27 23:57:45.256436+03:00,2026-08-30 23:00:00+03:00,34.1635,45.56,11.396500000000003
2026-08-27 23:57:45.256436+03:00,2026-08-30 23:15:00+03:00,33.6012,35.93,2.328800000000001
2026-08-27 23:57:45.256436+03:00,2026-08-30 23:30:00+03:00,33.217,29.6,3.616999999999997
2026-08-27 23:57:45.256436+03:00,2026-08-30 23:45:00+03:00,32.7161,24.68,8.036099999999998
2026-08-27 23:57:45.256436+03:00,2026-08-31 00:00:00+03:00,32.3839,38.38,5.9961000000000055
2026-08-27 23:57:45.256436+03:00,2026-08-31 00:15:00+03:00,32.061,35.14,3.0790000000000006
2026-08-27 23:57:45.256436+03:00,2026-08-31 00:30:00+03:00,31.5644,29.48,2.0843999999999987
2026-08-27 23:57:45.256436+03:00,2026-08-31 00:45:00+03:00,31.1198,26.59,4.529800000000002
2026-08-27 23:57:45.256436+03:00,2026-08-31 01:00:00+03:00,30.4821,27.02,3.4620999999999995
2026-08-27 23:57:45.256436+03:00,2026-08-31 01:15:00+03:00,30.2924,26.63,3.6624000000000017
2026-08-27 23:57:45.256436+03:00,2026-08-31 01:30:00+03:00,29.8431,26.36,3.4831000000000003
2026-08-27 23:57:45.256436+03:00,2026-08-31 01:45:00+03:00,29.5152,27.75,1.7652
2026-08-27 23:57:45.256436+03:00,2026-08-31 02:00:00+03:00,29.1519,26.16,2.991900000000001
2026-08-27 23:57:45.256436+03:00,2026-08-31 02:15:00+03:00,28.9053,26.54,2.3653000000000013
2026-08-27 23:57:45.256436+03:00,2026-08-31 02:30:00+03:00,28.9493,27.94,1.0092999999999996
2026-08-27 23:57:45.256436+03:00,2026-08-31 02:45:00+03:00,28.9797,28.0,0.9797000000000012
2026-08-27 23:57:45.256436+03:00,2026-08-31 03:00:00+03:00,28.991,27.55,1.440999999999999
2026-08-27 23:57:45.256436+03:00,2026-08-31 03:15:00+03:00,29.0439,27.89,1.1539
2026-08-27 23:57:45.256436+03:00,2026-08-31 03:30:00+03:00,29.0514,29.96,0.9086
2026-08-27 23:57:45.256436+03:00,2026-08-31 03:45:00+03:00,29.0336,31.7,2.6663999999999994
2026-08-27 23:57:45.256436+03:00,2026-08-31 04:00:00+03:00,29.0052,27.03,1.9751999999999967
2026-08-27 23:57:45.256436+03:00,2026-08-31 04:15:00+03:00,29.1704,27.52,1.6504000000000012
2026-08-27 23:57:45.256436+03:00,2026-08-31 04:30:00+03:00,29.0917,28.02,1.0717
2026-08-27 23:57:45.256436+03:00,2026-08-31 04:45:00+03:00,29.0713,30.0,0.9286999999999992
2026-08-27 23:57:45.256436+03:00,2026-08-31 05:00:00+03:00,29.2175,24.02,5.197500000000002
2026-08-27 23:57:45.256436+03:00,2026-08-31 05:15:00+03:00,29.5295,26.68,2.849499999999999
2026-08-27 23:57:45.256436+03:00,2026-08-31 05:30:00+03:00,29.6879,34.01,4.322099999999999
2026-08-27 23:57:45.256436+03:00,2026-08-31 05:45:00+03:00,30.1619,45.28,15.118100000000002
2026-08-27 23:57:45.256436+03:00,2026-08-31 06:00:00+03:00,30.4007,17.46,12.9407
2026-08-27 23:57:45.256436+03:00,2026-08-31 06:15:00+03:00,31.1034,29.49,1.6134000000000022
2026-08-27 23:57:45.256436+03:00,2026-08-31 06:30:00+03:00,31.4891,50.14,18.6509
2026-08-27 23:57:45.256436+03:00,2026-08-31 06:45:00+03:00,31.8987,77.76,45.8613
2026-08-27 23:57:45.256436+03:00,2026-08-31 07:00:00+03:00,32.41,34.26,1.8500000000000008
2026-08-27 23:57:45.256436+03:00,2026-08-31 07:15:00+03:00,32.9299,70.77,37.84009999999999
2026-08-27 23:57:45.256436+03:00,2026-08-31 07:30:00+03:00,33.2315,102.99,69.7585
2026-08-27 23:57:45.256436+03:00,2026-08-31 07:45:00+03:00,33.6893,108.99,75.30069999999999
2026-08-27 23:57:45.256436+03:00,2026-08-31 08:00:00+03:00,34.1222,109.42,75.2978
2026-08-27 23:57:45.256436+03:00,2026-08-31 08:15:00+03:00,34.3504,110.91,76.55959999999999
2026-08-27 23:57:45.256436+03:00,2026-08-31 08:30:00+03:00,34.6436,112.81,78.16640000000001
2026-08-27 23:57:45.256436+03:00,2026-08-31 08:45:00+03:00,34.616,114.0,79.384
2026-08-27 23:57:45.256436+03:00,2026-08-31 09:00:00+03:00,34.6227,118.47,83.84729999999999
2026-08-27 23:57:45.256436+03:00,2026-08-31 09:15:00+03:00,34.359,118.74,84.381
2026-08-27 23:57:45.256436+03:00,2026-08-31 09:30:00+03:00,34.373,117.21,82.83699999999999
2026-08-27 23:57:45.256436+03:00,2026-08-31 09:45:00+03:00,34.4327,118.03,83.5973
2026-08-27 23:57:45.256436+03:00,2026-08-31 10:00:00+03:00,34.4396,123.14,88.7004
2026-08-27 23:57:45.256436+03:00,2026-08-31 10:15:00+03:00,34.3815,121.27,86.8885
2026-08-27 23:57:45.256436+03:00,2026-08-31 10:30:00+03:00,34.3801,112.85,78.4699
2026-08-27 23:57:45.256436+03:00,2026-08-31 10:45:00+03:00,34.3865,101.58,67.1935
2026-08-27 23:57:45.256436+03:00,2026-08-31 11:00:00+03:00,34.38,102.05,67.66999999999999
2026-08-27 23:57:45.256436+03:00,2026-08-31 11:15:00+03:00,34.2993,91.24,56.94069999999999
2026-08-27 23:57:45.256436+03:00,2026-08-31 11:30:00+03:00,34.3253,68.36,34.0347
2026-08-27 23:57:45.256436+03:00,2026-08-31 11:45:00+03:00,34.4093,52.75,18.3407
2026-08-27 23:57:45.256436+03:00,2026-08-31 12:00:00+03:00,34.3632,70.46,36.0968
2026-08-27 23:57:45.256436+03:00,2026-08-31 12:15:00+03:00,34.3397,60.72,26.3803
2026-08-27 23:57:45.256436+03:00,2026-08-31 12:30:00+03:00,34.3526,51.65,17.297399999999996
2026-08-27 23:57:45.256436+03:00,2026-08-31 12:45:00+03:00,34.3312,50.43,16.098799999999997
2026-08-27 23:57:45.256436+03:00,2026-08-31 13:00:00+03:00,34.3664,50.35,15.983600000000004
2026-08-27 23:57:45.256436+03:00,2026-08-31 13:15:00+03:00,34.3121,52.96,18.6479
2026-08-27 23:57:45.256436+03:00,2026-08-31 13:30:00+03:00,34.3291,50.36,16.030900000000003
2026-08-27 23:57:45.256436+03:00,2026-08-31 13:45:00+03:00,34.4517,48.68,14.228299999999996
2026-08-27 23:57:45.256436+03:00,2026-08-31 14:00:00+03:00,34.4007,46.47,12.069299999999998
2026-08-27 23:57:45.256436+03:00,2026-08-31 14:15:00+03:00,34.4186,48.27,13.851400000000003
2026-08-27 23:57:45.256436+03:00,2026-08-31 14:30:00+03:00,34.4235,50.07,15.646500000000003
2026-08-27 23:57:45.256436+03:00,2026-08-31 14:45:00+03:00,34.3988,52.75,18.3512
2026-08-27 23:57:45.256436+03:00,2026-08-31 15:00:00+03:00,34.4052,43.43,9.0248
2026-08-27 23:57:45.256436+03:00,2026-08-31 15:15:00+03:00,34.4071,49.98,15.572899999999995
2026-08-27 23:57:45.256436+03:00,2026-08-31 15:30:00+03:00,34.3973,54.98,20.5827
2026-08-27 23:57:45.256436+03:00,2026-08-31 15:45:00+03:00,34.3979,60.89,26.4921
2026-08-27 23:57:45.256436+03:00,2026-08-31 16:00:00+03:00,34.4345,36.14,1.705500000000001
2026-08-27 23:57:45.256436+03:00,2026-08-31 16:15:00+03:00,34.4422,43.0,8.5578
2026-08-27 23:57:45.256436+03:00,2026-08-31 16:30:00+03:00,34.4313,72.86,38.4287
2026-08-27 23:57:45.256436+03:00,2026-08-31 16:45:00+03:00,34.4189,93.53,59.1111
2026-08-27 23:57:45.256436+03:00,2026-08-31 17:00:00+03:00,34.483,71.0,36.517
2026-08-27 23:57:45.256436+03:00,2026-08-31 17:15:00+03:00,34.4439,91.8,57.3561
2026-08-27 23:57:45.256436+03:00,2026-08-31 17:30:00+03:00,34.4397,109.04,74.6003
2026-08-27 23:57:45.256436+03:00,2026-08-31 17:45:00+03:00,34.4382,111.19,76.7518
2026-08-27 23:57:45.256436+03:00,2026-08-31 18:00:00+03:00,34.4867,123.04,88.55330000000001
2026-08-27 23:57:45.256436+03:00,2026-08-31 18:15:00+03:00,34.4185,126.1,91.6815
2026-08-27 23:57:45.256436+03:00,2026-08-31 18:30:00+03:00,34.416,127.52,93.104
2026-08-27 23:57:45.256436+03:00,2026-08-31 18:45:00+03:00,34.4322,132.94,98.5078
2026-08-27 23:57:45.256436+03:00,2026-08-31 19:00:00+03:00,34.4708,133.59,99.1192
2026-08-27 23:57:45.256436+03:00,2026-08-31 19:15:00+03:00,34.3292,130.89,96.5608
2026-08-27 23:57:45.256436+03:00,2026-08-31 19:30:00+03:00,34.3509,132.89,98.5391
2026-08-27 23:57:45.256436+03:00,2026-08-31 19:45:00+03:00,34.3824,112.47,78.08760000000001
2026-08-27 23:57:45.256436+03:00,2026-08-31 20:00:00+03:00,34.4247,144.25,109.8253
2026-08-27 23:57:45.256436+03:00,2026-08-31 20:15:00+03:00,34.2787,130.84,96.5613
2026-08-27 23:57:45.256436+03:00,2026-08-31 20:30:00+03:00,34.2883,113.34,79.05170000000001
2026-08-27 23:57:45.256436+03:00,2026-08-31 20:45:00+03:00,34.3777,88.77,54.3923
2026-08-27 23:57:45.256436+03:00,2026-08-31 21:00:00+03:00,34.4194,138.86,104.44060000000002
2026-08-27 23:57:45.256436+03:00,2026-08-31 21:15:00+03:00,34.4103,115.49,81.0797
2026-08-27 23:57:45.256436+03:00,2026-08-31 21:30:00+03:00,34.4131,85.21,50.7969
2026-08-27 23:57:45.256436+03:00,2026-08-31 21:45:00+03:00,34.3861,60.47,26.0839
2026-08-27 23:57:45.256436+03:00,2026-08-31 22:00:00+03:00,34.3534,120.22,85.8666
2026-08-27 23:57:45.256436+03:00,2026-08-31 22:15:00+03:00,34.1357,119.89,85.7543
2026-08-27 23:57:45.256436+03:00,2026-08-31 22:30:00+03:00,33.7693,79.56,45.7907
2026-08-27 23:57:45.256436+03:00,2026-08-31 22:45:00+03:00,33.3196,61.66,28.340399999999995
2026-08-27 23:57:45.256436+03:00,2026-08-31 23:00:00+03:00,32.8619,67.48,34.618100000000005
2026-08-27 23:57:45.256436+03:00,2026-08-31 23:15:00+03:00,32.2742,60.04,27.7658
2026-08-27 23:57:45.256436+03:00,2026-08-31 23:30:00+03:00,31.832,47.41,15.577999999999996
2026-08-27 23:57:45.256436+03:00,2026-08-31 23:45:00+03:00,31.3192,34.37,3.050799999999999
2026-08-27 23:57:45.256436+03:00,2026-09-01 00:00:00+03:00,30.9397,53.76,22.8203
2026-08-27 23:57:45.256436+03:00,2026-09-01 00:15:00+03:00,30.6469,49.71,19.0631
2026-08-27 23:57:45.256436+03:00,2026-09-01 00:30:00+03:00,30.3766,45.09,14.713400000000004
2026-08-27 23:57:45.256436+03:00,2026-09-01 00:45:00+03:00,30.0271,35.36,5.332899999999999
2026-08-27 23:57:45.256436+03:00,2026-09-01 01:00:00+03:00,30.0122,46.56,16.547800000000002
2026-08-27 23:57:45.256436+03:00,2026-09-01 01:15:00+03:00,29.9749,39.86,9.885099999999998
2026-08-27 23:57:45.256436+03:00,2026-09-01 01:30:00+03:00,29.7413,36.76,7.018699999999999
2026-08-27 23:57:45.256436+03:00,2026-09-01 01:45:00+03:00,29.7512,30.03,0.2788000000000004
2026-08-27 23:57:45.256436+03:00,2026-09-01 02:00:00+03:00,29.7711,41.16,11.388899999999996
2026-08-27 23:57:45.256436+03:00,2026-09-01 02:15:00+03:00,29.8264,39.13,9.303600000000005
2026-08-27 23:57:45.256436+03:00,2026-09-01 02:30:00+03:00,29.8327,37.89,8.057300000000001
2026-08-27 23:57:45.256436+03:00,2026-09-01 02:45:00+03:00,29.8244,36.85,7.025600000000001
2026-08-27 23:57:45.256436+03:00,2026-09-01 03:00:00+03:00,29.8012,40.3,10.498799999999996
2026-08-27 23:57:45.256436+03:00,2026-09-01 03:15:00+03:00,29.839,39.91,10.070999999999998
2026-08-27 23:57:45.256436+03:00,2026-09-01 03:30:00+03:00,29.8474,39.28,9.4326
2026-08-27 23:57:45.256436+03:00,2026-09-01 03:45:00+03:00,29.8456,36.87,7.024399999999996
2026-08-27 23:57:45.256436+03:00,2026-09-01 04:00:00+03:00,29.8026,36.87,7.067399999999996
2026-08-27 23:57:45.256436+03:00,2026-09-01 04:15:00+03:00,29.9668,35.79,5.8232
2026-08-27 23:57:45.256436+03:00,2026-09-01 04:30:00+03:00,29.9061,34.69,4.783899999999999
2026-08-27 23:57:45.256436+03:00,2026-09-01 04:45:00+03:00,29.8903,36.18,6.2897
2026-08-27 23:57:45.256436+03:00,2026-09-01 05:00:00+03:00,30.0197,36.85,6.830300000000001
2026-08-27 23:57:45.256436+03:00,2026-09-01 05:15:00+03:00,30.6392,36.77,6.130800000000004
2026-08-27 23:57:45.256436+03:00,2026-09-01 05:30:00+03:00,31.0965,37.18,6.083500000000001
2026-08-27 23:57:45.256436+03:00,2026-09-01 05:45:00+03:00,31.5102,42.48,10.969799999999996
2026-08-27 23:57:45.256436+03:00,2026-09-01 06:00:00+03:00,31.8588,31.21,0.6487999999999978
2026-08-27 23:57:45.256436+03:00,2026-09-01 06:15:00+03:00,32.5647,41.72,9.155299999999997
2026-08-27 23:57:45.256436+03:00,2026-09-01 06:30:00+03:00,32.807,45.15,12.342999999999996
2026-08-27 23:57:45.256436+03:00,2026-09-01 06:45:00+03:00,33.1399,53.55,20.4101
2026-08-27 23:57:45.256436+03:00,2026-09-01 07:00:00+03:00,33.6786,22.39,11.288600000000002
2026-08-27 23:57:45.256436+03:00,2026-09-01 07:15:00+03:00,34.1775,29.06,5.117500000000003
2026-08-27 23:57:45.256436+03:00,2026-09-01 07:30:00+03:00,34.6249,50.0,15.375100000000003
2026-08-27 23:57:45.256436+03:00,2026-09-01 07:45:00+03:00,34.9525,59.47,24.5175
2026-08-27 23:57:45.256436+03:00,2026-09-01 08:00:00+03:00,34.9938,50.0,15.0062
2026-08-27 23:57:45.256436+03:00,2026-09-01 08:15:00+03:00,34.9235,86.8,51.8765
2026-08-27 23:57:45.256436+03:00,2026-09-01 08:30:00+03:00,34.9305,96.19,61.2595
2026-08-27 23:57:45.256436+03:00,2026-09-01 08:45:00+03:00,34.9286,123.6,88.67139999999999
2026-08-27 23:57:45.256436+03:00,2026-09-01 09:00:00+03:00,35.0056,127.95,92.9444
2026-08-27 23:57:45.256436+03:00,2026-09-01 09:15:00+03:00,34.7907,128.57,93.7793
2026-08-27 23:57:45.256436+03:00,2026-09-01 09:30:00+03:00,34.809,126.54,91.731
2026-08-27 23:57:45.256436+03:00,2026-09-01 09:45:00+03:00,34.8619,128.57,93.7081
2026-08-27 23:57:45.256436+03:00,2026-09-01 10:00:00+03:00,34.8454,141.32,106.4746
2026-08-27 23:57:45.256436+03:00,2026-09-01 10:15:00+03:00,34.8088,135.25,100.4412
2026-08-27 23:57:45.256436+03:00,2026-09-01 10:30:00+03:00,34.8126,139.65,104.8374
2026-08-27 23:57:45.256436+03:00,2026-09-01 10:45:00+03:00,34.8104,124.61,89.7996
2026-08-27 23:57:45.256436+03:00,2026-09-01 11:00:00+03:00,34.797,135.46,100.663
2026-08-27 23:57:45.256436+03:00,2026-09-01 11:15:00+03:00,34.7381,118.02,83.2819
2026-08-27 23:57:45.256436+03:00,2026-09-01 11:30:00+03:00,34.7273,111.14,76.4127
2026-08-27 23:57:45.256436+03:00,2026-09-01 11:45:00+03:00,34.7361,101.21,66.47389999999999
2026-08-27 23:57:45.256436+03:00,2026-09-01 12:00:00+03:00,34.7581,108.75,73.9919
2026-08-27 23:57:45.256436+03:00,2026-09-01 12:15:00+03:00,34.7224,97.23,62.5076
2026-08-27 23:57:45.256436+03:00,2026-09-01 12:30:00+03:00,34.7367,100.97,66.2333
2026-08-27 23:57:45.256436+03:00,2026-09-01 12:45:00+03:00,34.7457,89.92,55.1743
2026-08-27 23:57:45.256436+03:00,2026-09-01 13:00:00+03:00,34.7582,105.48,70.7218
2026-08-27 23:57:45.256436+03:00,2026-09-01 13:15:00+03:00,34.7119,103.41,68.6981
2026-08-27 23:57:45.256436+03:00,2026-09-01 13:30:00+03:00,34.7279,99.08,64.35210000000001
2026-08-27 23:57:45.256436+03:00,2026-09-01 13:45:00+03:00,34.7388,86.38,51.6412
2026-08-27 23:57:45.256436+03:00,2026-09-01 14:00:00+03:00,34.7916,105.76,70.9684
2026-08-27 23:57:45.256436+03:00,2026-09-01 14:15:00+03:00,34.7652,104.24,69.47479999999999
2026-08-27 23:57:45.256436+03:00,2026-09-01 14:30:00+03:00,34.77,94.56,59.79
2026-08-27 23:57:45.256436+03:00,2026-09-01 14:45:00+03:00,34.7752,81.25,46.4748
2026-08-27 23:57:45.256436+03:00,2026-09-01 15:00:00+03:00,34.7794,85.09,50.3106
2026-08-27 23:57:45.256436+03:00,2026-09-01 15:15:00+03:00,34.813,86.91,52.097
2026-08-27 23:57:45.256436+03:00,2026-09-01 15:30:00+03:00,34.8097,95.39,60.5803
2026-08-27 23:57:45.256436+03:00,2026-09-01 15:45:00+03:00,34.8102,92.85,58.03979999999999
2026-08-27 23:57:45.256436+03:00,2026-09-01 16:00:00+03:00,34.8432,85.3,50.4568
2026-08-27 23:57:45.256436+03:00,2026-09-01 16:15:00+03:00,34.8744,102.78,67.90559999999999
2026-08-27 23:57:45.256436+03:00,2026-09-01 16:30:00+03:00,34.8651,92.56,57.6949
2026-08-27 23:57:45.256436+03:00,2026-09-01 16:45:00+03:00,34.8608,103.95,69.0892
2026-08-27 23:57:45.256436+03:00,2026-09-01 17:00:00+03:00,34.9142,70.14,35.2258
2026-08-27 23:57:45.256436+03:00,2026-09-01 17:15:00+03:00,34.9482,86.18,51.23180000000001
2026-08-27 23:57:45.256436+03:00,2026-09-01 17:30:00+03:00,34.9493,104.99,70.04069999999999
2026-08-27 23:57:45.256436+03:00,2026-09-01 17:45:00+03:00,34.9174,111.29,76.3726
2026-08-27 23:57:45.256436+03:00,2026-09-01 18:00:00+03:00,34.9383,107.48,72.5417
2026-08-27 23:57:45.256436+03:00,2026-09-01 18:15:00+03:00,34.8424,114.79,79.94760000000001
2026-08-27 23:57:45.256436+03:00,2026-09-01 18:30:00+03:00,34.8732,108.25,73.3768
2026-08-27 23:57:45.256436+03:00,2026-09-01 18:45:00+03:00,34.8754,119.56,84.6846
2026-08-27 23:57:45.256436+03:00,2026-09-01 19:00:00+03:00,34.922,116.88,81.958
2026-08-27 23:57:45.256436+03:00,2026-09-01 19:15:00+03:00,34.7271,125.38,90.6529
2026-08-27 23:57:45.256436+03:00,2026-09-01 19:30:00+03:00,34.7728,115.99,81.21719999999999
2026-08-27 23:57:45.256436+03:00,2026-09-01 19:45:00+03:00,34.8112,101.72,66.9088
2026-08-27 23:57:45.256436+03:00,2026-09-01 20:00:00+03:00,34.8266,114.54,79.71340000000001
2026-08-27 23:57:45.256436+03:00,2026-09-01 20:15:00+03:00,34.5678,108.99,74.4222
2026-08-27 23:57:45.256436+03:00,2026-09-01 20:30:00+03:00,34.292,87.38,53.088
2026-08-27 23:57:45.256436+03:00,2026-09-01 20:45:00+03:00,34.3464,70.08,35.7336
2026-08-27 23:57:45.256436+03:00,2026-09-01 21:00:00+03:00,34.3855,97.39,63.0045
2026-08-27 23:57:45.256436+03:00,2026-09-01 21:15:00+03:00,34.4041,68.76,34.355900000000005
2026-08-27 23:57:45.256436+03:00,2026-09-01 21:30:00+03:00,34.4375,54.69,20.2525
2026-08-27 23:57:45.256436+03:00,2026-09-01 21:45:00+03:00,34.4117,41.99,7.578299999999999
2026-08-27 23:57:45.256436+03:00,2026-09-01 22:00:00+03:00,34.3715,61.62,27.2485
2026-08-27 23:57:45.256436+03:00,2026-09-01 22:15:00+03:00,34.1696,58.58,24.4104
2026-08-27 23:57:45.256436+03:00,2026-09-01 22:30:00+03:00,33.7822,55.32,21.5378
2026-08-27 23:57:45.256436+03:00,2026-09-01 22:45:00+03:00,33.3374,45.0,11.662599999999998
2026-08-27 23:57:45.256436+03:00,2026-09-01 23:00:00+03:00,32.8777,60.19,27.3123
2026-08-27 23:57:45.256436+03:00,2026-09-01 23:15:00+03:00,32.3172,45.36,13.0428
2026-08-27 23:57:45.256436+03:00,2026-09-01 23:30:00+03:00,31.9082,39.36,7.451799999999999
2026-08-27 23:57:45.256436+03:00,2026-09-01 23:45:00+03:00,31.3968,41.83,10.4332
2026-08-27 23:57:45.256436+03:00,2026-09-02 00:00:00+03:00,31.0247,40.87,9.845299999999998
2026-08-27 23:57:45.256436+03:00,2026-09-02 00:15:00+03:00,30.6606,41.74,11.079400000000003
2026-08-27 23:57:45.256436+03:00,2026-09-02 00:30:00+03:00,30.2843,45.36,15.075699999999998
2026-08-27 23:57:45.256436+03:00,2026-09-02 00:45:00+03:00,29.9955,32.55,2.5544999999999973
2026-08-27 23:57:45.256436+03:00,2026-09-02 01:00:00+03:00,29.7392,37.94,8.200799999999997
2026-08-27 23:57:45.256436+03:00,2026-09-02 01:15:00+03:00,29.71,39.79,10.079999999999998
2026-08-27 23:57:45.256436+03:00,2026-09-02 01:30:00+03:00,29.745,38.57,8.825
2026-08-27 23:57:45.256436+03:00,2026-09-02 01:45:00+03:00,29.7793,39.09,9.310700000000004
2026-08-27 23:57:45.256436+03:00,2026-09-02 02:00:00+03:00,29.8139,41.0,11.1861
2026-08-27 23:57:45.256436+03:00,2026-09-02 02:15:00+03:00,29.8524,36.97,7.1176
2026-08-27 23:57:45.256436+03:00,2026-09-02 02:30:00+03:00,29.8623,35.1,5.2377
2026-08-27 23:57:45.256436+03:00,2026-09-02 02:45:00+03:00,29.8653,34.13,4.264700000000001
2026-08-27 23:57:45.256436+03:00,2026-09-02 03:00:00+03:00,29.8387,34.2,4.361300000000004
2026-08-27 23:57:45.256436+03:00,2026-09-02 03:15:00+03:00,29.878,34.07,4.192
2026-08-27 23:57:45.256436+03:00,2026-09-02 03:30:00+03:00,29.8821,35.81,5.927900000000001
2026-08-27 23:57:45.256436+03:00,2026-09-02 03:45:00+03:00,29.8818,36.56,6.678200000000004
2026-08-27 23:57:45.256436+03:00,2026-09-02 04:00:00+03:00,29.8267,35.13,5.303300000000004
2026-08-27 23:57:45.256436+03:00,2026-09-02 04:15:00+03:00,30.0005,35.74,5.739500000000003
2026-08-27 23:57:45.256436+03:00,2026-09-02 04:30:00+03:00,30.2952,37.36,7.064799999999998
2026-08-27 23:57:45.256436+03:00,2026-09-02 04:45:00+03:00,30.2788,37.54,7.261199999999999
2026-08-27 23:57:45.256436+03:00,2026-09-02 05:00:00+03:00,30.4294,34.31,3.880600000000001
2026-08-27 23:57:45.256436+03:00,2026-09-02 05:15:00+03:00,31.1922,35.34,4.147800000000004
2026-08-27 23:57:45.256436+03:00,2026-09-02 05:30:00+03:00,31.6224,37.33,5.707599999999999
2026-08-27 23:57:45.256436+03:00,2026-09-02 05:45:00+03:00,32.0063,42.55,10.543699999999994
2026-08-27 23:57:45.256436+03:00,2026-09-02 06:00:00+03:00,32.4431,35.36,2.9168999999999983
2026-08-27 23:57:45.256436+03:00,2026-09-02 06:15:00+03:00,32.9575,41.72,8.762499999999996
2026-08-27 23:57:45.256436+03:00,2026-09-02 06:30:00+03:00,33.1396,53.33,20.1904
2026-08-27 23:57:45.256436+03:00,2026-09-02 06:45:00+03:00,33.6266,68.78,35.1534
2026-08-27 23:57:45.256436+03:00,2026-09-02 07:00:00+03:00,34.1846,46.77,12.5854
2026-08-27 23:57:45.256436+03:00,2026-09-02 07:15:00+03:00,34.5816,47.42,12.8384
2026-08-27 23:57:45.256436+03:00,2026-09-02 07:30:00+03:00,35.0196,52.42,17.400400000000005
2026-08-27 23:57:45.256436+03:00,2026-09-02 07:45:00+03:00,35.2625,62.3,27.037499999999994
2026-08-27 23:57:45.256436+03:00,2026-09-02 08:00:00+03:00,35.4232,48.28,12.8568
2026-08-27 23:57:45.256436+03:00,2026-09-02 08:15:00+03:00,35.4787,69.46,33.98129999999999
2026-08-27 23:57:45.256436+03:00,2026-09-02 08:30:00+03:00,35.8782,76.24,40.3618
2026-08-27 23:57:45.256436+03:00,2026-09-02 08:45:00+03:00,35.8329,81.89,46.0571
2026-08-27 23:57:45.256436+03:00,2026-09-02 09:00:00+03:00,35.8518,72.82,36.9682
2026-08-27 23:57:45.256436+03:00,2026-09-02 09:15:00+03:00,35.6176,84.17,48.5524
2026-08-27 23:57:45.256436+03:00,2026-09-02 09:30:00+03:00,35.6425,81.15,45.50750000000001
2026-08-27 23:57:45.256436+03:00,2026-09-02 09:45:00+03:00,35.6861,97.87,62.1839
2026-08-27 23:57:45.256436+03:00,2026-09-02 10:00:00+03:00,35.6753,100.0,64.3247
2026-08-27 23:57:45.256436+03:00,2026-09-02 10:15:00+03:00,35.6511,99.99,64.3389
2026-08-27 23:57:45.256436+03:00,2026-09-02 10:30:00+03:00,35.6476,100.0,64.3524
2026-08-27 23:57:45.256436+03:00,2026-09-02 10:45:00+03:00,35.6502,93.61,57.9598
2026-08-27 23:57:45.256436+03:00,2026-09-02 11:00:00+03:00,35.6296,92.89,57.2604
2026-08-27 23:57:45.256436+03:00,2026-09-02 11:15:00+03:00,35.5934,77.24,41.64659999999999
2026-08-27 23:57:45.256436+03:00,2026-09-02 11:30:00+03:00,35.5932,61.97,26.3768
2026-08-27 23:57:45.256436+03:00,2026-09-02 11:45:00+03:00,35.5958,49.13,13.534200000000006
2026-08-27 23:57:45.256436+03:00,2026-09-02 12:00:00+03:00,35.6241,77.08,41.4559
2026-08-27 23:57:45.256436+03:00,2026-09-02 12:15:00+03:00,35.5951,50.62,15.024899999999995
2026-08-27 23:57:45.256436+03:00,2026-09-02 12:30:00+03:00,35.5956,47.9,12.3044
2026-08-27 23:57:45.256436+03:00,2026-09-02 12:45:00+03:00,35.6028,39.65,4.047199999999997
2026-08-27 23:57:45.256436+03:00,2026-09-02 13:00:00+03:00,35.6106,54.76,19.1494
2026-08-27 23:57:45.256436+03:00,2026-09-02 13:15:00+03:00,35.5962,46.58,10.983799999999995
2026-08-27 23:57:45.256436+03:00,2026-09-02 13:30:00+03:00,35.6013,39.36,3.7586999999999975
2026-08-27 23:57:45.256436+03:00,2026-09-02 13:45:00+03:00,35.6106,28.84,6.770599999999998
2026-08-27 23:57:45.256436+03:00,2026-09-02 14:00:00+03:00,35.6464,41.97,6.323599999999999
2026-08-27 23:57:45.256436+03:00,2026-09-02 14:15:00+03:00,35.6477,41.44,5.792299999999997
2026-08-27 23:57:45.256436+03:00,2026-09-02 14:30:00+03:00,35.6405,39.43,3.7894999999999968
2026-08-27 23:57:45.256436+03:00,2026-09-02 14:45:00+03:00,35.6474,34.51,1.1373999999999995
2026-08-27 23:57:45.256436+03:00,2026-09-02 15:00:00+03:00,35.6478,39.89,4.242200000000004
2026-08-27 23:57:45.256436+03:00,2026-09-02 15:15:00+03:00,35.7243,42.83,7.105699999999999
2026-08-27 23:57:45.256436+03:00,2026-09-02 15:30:00+03:00,35.728,43.9,8.171999999999997
2026-08-27 23:57:45.256436+03:00,2026-09-02 15:45:00+03:00,35.7237,43.64,7.9163
2026-08-27 23:57:45.256436+03:00,2026-09-02 16:00:00+03:00,35.6916,35.84,0.1484000000000023
2026-08-27 23:57:45.256436+03:00,2026-09-02 16:15:00+03:00,35.7488,37.61,1.8611999999999969
2026-08-27 23:57:45.256436+03:00,2026-09-02 16:30:00+03:00,35.7432,44.86,9.116799999999998
2026-08-27 23:57:45.256436+03:00,2026-09-02 16:45:00+03:00,35.7323,50.92,15.1877
2026-08-27 23:57:45.256436+03:00,2026-09-02 17:00:00+03:00,35.7617,27.99,7.771699999999999
2026-08-27 23:57:45.256436+03:00,2026-09-02 17:15:00+03:00,35.8085,39.8,3.991499999999995
2026-08-27 23:57:45.256436+03:00,2026-09-02 17:30:00+03:00,35.8143,41.7,5.8857
2026-08-27 23:57:45.256436+03:00,2026-09-02 17:45:00+03:00,35.8051,67.28,31.4749
2026-08-27 23:57:45.256436+03:00,2026-09-02 18:00:00+03:00,35.7719,38.18,2.408099999999997
2026-08-27 23:57:45.256436+03:00,2026-09-02 18:15:00+03:00,35.7021,64.4,28.697900000000004
2026-08-27 23:57:45.256436+03:00,2026-09-02 18:30:00+03:00,35.7467,79.99,44.2433
2026-08-27 23:57:45.256436+03:00,2026-09-02 18:45:00+03:00,35.7543,98.36,62.6057
2026-08-27 23:57:45.256436+03:00,2026-09-02 19:00:00+03:00,35.7726,89.74,53.9674
2026-08-27 23:57:45.256436+03:00,2026-09-02 19:15:00+03:00,35.6435,68.03,32.3865
2026-08-27 23:57:45.256436+03:00,2026-09-02 19:30:00+03:00,35.6679,74.66,38.99209999999999
2026-08-27 23:57:45.256436+03:00,2026-09-02 19:45:00+03:00,35.7051,73.44,37.7349
2026-08-27 23:57:45.256436+03:00,2026-09-02 20:00:00+03:00,35.692,80.41,44.718
2026-08-27 23:57:45.256436+03:00,2026-09-02 20:15:00+03:00,35.4114,61.19,25.7786
2026-08-27 23:57:45.256436+03:00,2026-09-02 20:30:00+03:00,35.0516,59.01,23.9584
2026-08-27 23:57:45.256436+03:00,2026-09-02 20:45:00+03:00,34.6563,51.84,17.1837
2026-08-27 23:57:45.256436+03:00,2026-09-02 21:00:00+03:00,34.0949,69.34,35.2451
2026-08-27 23:57:45.256436+03:00,2026-09-02 21:15:00+03:00,33.7986,55.28,21.4814
2026-08-27 23:57:45.256436+03:00,2026-09-02 21:30:00+03:00,33.3986,47.66,14.261399999999997
2026-08-27 23:57:45.256436+03:00,2026-09-02 21:45:00+03:00,32.9952,39.27,6.274800000000006
2026-08-27 23:57:45.256436+03:00,2026-09-02 22:00:00+03:00,32.9691,54.22,21.2509
2026-08-27 23:57:45.256436+03:00,2026-09-02 22:15:00+03:00,32.423,51.46,19.037
2026-08-27 23:57:45.256436+03:00,2026-09-02 22:30:00+03:00,32.0496,42.38,10.330400000000004
2026-08-27 23:57:45.256436+03:00,2026-09-02 22:45:00+03:00,31.5104,36.44,4.929599999999997
2026-08-27 23:57:45.256436+03:00,2026-09-02 23:00:00+03:00,31.0385,43.88,12.841500000000003
2026-08-27 23:57:45.256436+03:00,2026-09-02 23:15:00+03:00,30.4213,41.77,11.348700000000004
2026-08-27 23:57:45.256436+03:00,2026-09-02 23:30:00+03:00,30.0044,37.77,7.765600000000003
2026-08-27 23:57:45.256436+03:00,2026-09-02 23:45:00+03:00,29.6378,32.41,2.772199999999998
2026-08-27 23:57:45.256436+03:00,2026-09-03 00:00:00+03:00,29.5593,38.26,8.700699999999998
2026-08-27 23:57:45.256436+03:00,2026-09-03 00:15:00+03:00,29.2114,34.36,5.148599999999998
2026-08-27 23:57:45.256436+03:00,2026-09-03 00:30:00+03:00,28.9905,29.63,0.6394999999999982
2026-08-27 23:57:45.256436+03:00,2026-09-03 00:45:00+03:00,29.0227,26.08,2.942700000000002
2026-08-27 23:57:45.256436+03:00,2026-09-03 01:00:00+03:00,28.9821,26.15,2.8321000000000005
2026-08-27 23:57:45.256436+03:00,2026-09-03 01:15:00+03:00,28.9576,24.6,4.357599999999998
2026-08-27 23:57:45.256436+03:00,2026-09-03 01:30:00+03:00,28.9804,22.47,6.510400000000001
2026-08-27 23:57:45.256436+03:00,2026-09-03 01:45:00+03:00,29.0097,20.56,8.4497
2026-08-27 23:57:45.256436+03:00,2026-09-03 02:00:00+03:00,29.048,24.99,4.058
2026-08-27 23:57:45.256436+03:00,2026-09-03 02:15:00+03:00,29.0652,23.67,5.395199999999999
2026-08-27 23:57:45.256436+03:00,2026-09-03 02:30:00+03:00,29.0776,22.04,7.037600000000001
2026-08-27 23:57:45.256436+03:00,2026-09-03 02:45:00+03:00,29.0775,22.42,6.657499999999999
2026-08-27 23:57:45.256436+03:00,2026-09-03 03:00:00+03:00,29.0471,24.08,4.967100000000002
2026-08-27 23:57:45.256436+03:00,2026-09-03 03:15:00+03:00,29.083,24.06,5.023
2026-08-27 23:57:45.256436+03:00,2026-09-03 03:30:00+03:00,29.0961,23.09,6.0061
2026-08-27 23:57:45.256436+03:00,2026-09-03 03:45:00+03:00,29.0857,21.71,7.375699999999998
2026-08-27 23:57:45.256436+03:00,2026-09-03 04:00:00+03:00,29.0458,24.33,4.7158000000000015
2026-08-27 23:57:45.256436+03:00,2026-09-03 04:15:00+03:00,29.2025,23.1,6.102499999999999
2026-08-27 23:57:45.256436+03:00,2026-09-03 04:30:00+03:00,29.1343,22.76,6.374299999999998
2026-08-27 23:57:45.256436+03:00,2026-09-03 04:45:00+03:00,29.112,22.75,6.361999999999998
2026-08-27 23:57:45.256436+03:00,2026-09-03 05:00:00+03:00,29.2654,20.81,8.455400000000001
2026-08-27 23:57:45.256436+03:00,2026-09-03 05:15:00+03:00,29.5872,22.73,6.857199999999999
2026-08-27 23:57:45.256436+03:00,2026-09-03 05:30:00+03:00,29.6994,24.48,5.2194
2026-08-27 23:57:45.256436+03:00,2026-09-03 05:45:00+03:00,30.185,25.44,4.744999999999997
2026-08-27 23:57:45.256436+03:00,2026-09-03 06:00:00+03:00,30.3893,16.0,14.3893
2026-08-27 23:57:45.256436+03:00,2026-09-03 06:15:00+03:00,30.649,23.42,7.228999999999999
2026-08-27 23:57:45.256436+03:00,2026-09-03 06:30:00+03:00,31.0107,28.56,2.450700000000001
2026-08-27 23:57:45.256436+03:00,2026-09-03 06:45:00+03:00,31.3865,34.58,3.1934999999999967
2026-08-27 23:57:45.256436+03:00,2026-09-03 07:00:00+03:00,31.8813,22.19,9.691299999999998
2026-08-27 23:57:45.256436+03:00,2026-09-03 07:15:00+03:00,32.5217,28.27,4.251700000000003
2026-08-27 23:57:45.256436+03:00,2026-09-03 07:30:00+03:00,32.9244,34.61,1.6856000000000009
2026-08-27 23:57:45.256436+03:00,2026-09-03 07:45:00+03:00,33.2475,44.64,11.392499999999998
2026-08-27 23:57:45.256436+03:00,2026-09-03 08:00:00+03:00,33.7045,20.57,13.134500000000005
2026-08-27 23:57:45.256436+03:00,2026-09-03 08:15:00+03:00,33.8719,31.23,2.641899999999996
2026-08-27 23:57:45.256436+03:00,2026-09-03 08:30:00+03:00,33.9561,37.07,3.113900000000001
2026-08-27 23:57:45.256436+03:00,2026-09-03 08:45:00+03:00,34.2936,47.97,13.6764
2026-08-27 23:57:45.256436+03:00,2026-09-03 09:00:00+03:00,34.6532,27.99,6.6632
2026-08-27 23:57:45.256436+03:00,2026-09-03 09:15:00+03:00,34.4071,31.75,2.6571
2026-08-27 23:57:45.256436+03:00,2026-09-03 09:30:00+03:00,34.4311,53.09,18.658900000000003
2026-08-27 23:57:45.256436+03:00,2026-09-03 09:45:00+03:00,34.459,51.67,17.211
2026-08-27 23:57:45.256436+03:00,2026-09-03 10:00:00+03:00,34.4493,49.32,14.8707
2026-08-27 23:57:45.256436+03:00,2026-09-03 10:15:00+03:00,34.382,48.8,14.418
2026-08-27 23:57:45.256436+03:00,2026-09-03 10:30:00+03:00,34.3926,42.25,7.857399999999998
2026-08-27 23:57:45.256436+03:00,2026-09-03 10:45:00+03:00,34.402,49.99,15.588
2026-08-27 23:57:45.256436+03:00,2026-09-03 11:00:00+03:00,34.3976,52.82,18.422400000000003
2026-08-27 23:57:45.256436+03:00,2026-09-03 11:15:00+03:00,34.33,48.26,13.93
2026-08-27 23:57:45.256436+03:00,2026-09-03 11:30:00+03:00,34.3406,50.0,15.659399999999998
2026-08-27 23:57:45.256436+03:00,2026-09-03 11:45:00+03:00,34.3466,42.29,7.943399999999997
2026-08-27 23:57:45.256436+03:00,2026-09-03 12:00:00+03:00,34.3961,50.8,16.4039
2026-08-27 23:57:45.256436+03:00,2026-09-03 12:15:00+03:00,34.3674,46.37,12.002599999999994
2026-08-27 23:57:45.256436+03:00,2026-09-03 12:30:00+03:00,34.3507,39.41,5.059299999999993
2026-08-27 23:57:45.256436+03:00,2026-09-03 12:45:00+03:00,34.3583,36.5,2.1417
2026-08-27 23:57:45.256436+03:00,2026-09-03 13:00:00+03:00,34.4017,48.21,13.808300000000004
2026-08-27 23:57:45.256436+03:00,2026-09-03 13:15:00+03:00,34.3454,47.6,13.254600000000003
2026-08-27 23:57:45.256436+03:00,2026-09-03 13:30:00+03:00,34.3574,36.88,2.522600000000004
2026-08-27 23:57:45.256436+03:00,2026-09-03 13:45:00+03:00,34.3699,32.88,1.489899999999999
2026-08-27 23:57:45.256436+03:00,2026-09-03 14:00:00+03:00,34.4428,41.18,6.737200000000001
2026-08-27 23:57:45.256436+03:00,2026-09-03 14:15:00+03:00,34.4525,36.54,2.0874999999999986
2026-08-27 23:57:45.256436+03:00,2026-09-03 14:30:00+03:00,34.4373,30.49,3.947300000000002
2026-08-27 23:57:45.256436+03:00,2026-09-03 14:45:00+03:00,34.4493,32.42,2.029299999999999
2026-08-27 23:57:45.256436+03:00,2026-09-03 15:00:00+03:00,34.4555,31.45,3.0055000000000014
2026-08-27 23:57:45.256436+03:00,2026-09-03 15:15:00+03:00,34.5033,30.0,4.503300000000003
2026-08-27 23:57:45.256436+03:00,2026-09-03 15:30:00+03:00,34.5031,37.4,2.896899999999995
2026-08-27 23:57:45.256436+03:00,2026-09-03 15:45:00+03:00,34.5002,42.99,8.489800000000002
2026-08-27 23:57:45.256436+03:00,2026-09-03 16:00:00+03:00,34.5115,27.06,7.451499999999999
2026-08-27 23:57:45.256436+03:00,2026-09-03 16:15:00+03:00,34.531,29.99,4.541
2026-08-27 23:57:45.256436+03:00,2026-09-03 16:30:00+03:00,34.5348,39.05,4.5152
2026-08-27 23:57:45.256436+03:00,2026-09-03 16:45:00+03:00,34.5252,49.16,14.634799999999998
2026-08-27 23:57:45.256436+03:00,2026-09-03 17:00:00+03:00,34.5732,28.0,6.5732
2026-08-27 23:57:45.256436+03:00,2026-09-03 17:15:00+03:00,34.6424,36.6,1.9576
2026-08-27 23:57:45.256436+03:00,2026-09-03 17:30:00+03:00,34.6337,44.69,10.0563
2026-08-27 23:57:45.256436+03:00,2026-09-03 17:45:00+03:00,34.5845,50.0,15.415500000000002
2026-08-27 23:57:45.256436+03:00,2026-09-03 18:00:00+03:00,34.5889,32.85,1.738900000000001
2026-08-27 23:57:45.256436+03:00,2026-09-03 18:15:00+03:00,34.4961,39.71,5.213900000000002
2026-08-27 23:57:45.256436+03:00,2026-09-03 18:30:00+03:00,34.5301,49.13,14.599900000000003
2026-08-27 23:57:45.256436+03:00,2026-09-03 18:45:00+03:00,34.5305,59.82,25.2895
2026-08-27 23:57:45.256436+03:00,2026-09-03 19:00:00+03:00,34.5467,47.79,13.243299999999998
2026-08-27 23:57:45.256436+03:00,2026-09-03 19:15:00+03:00,34.3635,58.98,24.616499999999995
2026-08-27 23:57:45.256436+03:00,2026-09-03 19:30:00+03:00,34.3997,60.29,25.8903
2026-08-27 23:57:45.256436+03:00,2026-09-03 19:45:00+03:00,34.4378,71.33,36.8922
2026-08-27 23:57:45.256436+03:00,2026-09-03 20:00:00+03:00,34.4998,70.14,35.6402
2026-08-27 23:57:45.256436+03:00,2026-09-03 20:15:00+03:00,34.2621,67.6,33.3379
2026-08-27 23:57:45.256436+03:00,2026-09-03 20:30:00+03:00,33.8784,59.9,26.0216
2026-08-27 23:57:45.256436+03:00,2026-09-03 20:45:00+03:00,33.499,51.93,18.431
2026-08-27 23:57:45.256436+03:00,2026-09-03 21:00:00+03:00,33.4759,67.33,33.854099999999995
2026-08-27 23:57:45.256436+03:00,2026-09-03 21:15:00+03:00,33.595,63.09,29.495000000000005
2026-08-27 23:57:45.256436+03:00,2026-09-03 21:30:00+03:00,33.5954,61.61,28.0146
2026-08-27 23:57:45.256436+03:00,2026-09-03 21:45:00+03:00,33.6396,48.03,14.3904
2026-08-27 23:57:45.256436+03:00,2026-09-03 22:00:00+03:00,33.5811,60.83,27.2489
2026-08-27 23:57:45.256436+03:00,2026-09-03 22:15:00+03:00,33.3331,60.56,27.2269
2026-08-27 23:57:45.256436+03:00,2026-09-03 22:30:00+03:00,32.836,48.24,15.404000000000003
2026-08-27 23:57:45.256436+03:00,2026-09-03 22:45:00+03:00,32.5256,35.84,3.3144000000000062
2026-08-27 23:57:45.256436+03:00,2026-09-03 23:00:00+03:00,32.1073,48.09,15.9827
2026-08-27 23:57:45.256436+03:00,2026-09-03 23:15:00+03:00,32.0184,42.01,9.991599999999998
2026-08-27 23:57:45.256436+03:00,2026-09-03 23:30:00+03:00,31.4778,29.03,2.4477999999999973
2026-08-27 23:57:45.256436+03:00,2026-09-03 23:45:00+03:00,31.1792,21.12,10.0592
2026-08-29 18:34:21.864040+03:00,2026-08-30 00:00:00+03:00,2.0758,1.01,1.0658
2026-08-29 18:34:21.864040+03:00,2026-08-30 00:15:00+03:00,2.0652,1.5,0.5651999999999999
2026-08-29 18:34:21.864040+03:00,2026-08-30 00:30:00+03:00,2.0418,1.45,0.5917999999999999
2026-08-29 18:34:21.864040+03:00,2026-08-30 00:45:00+03:00,2.0256,1.83,0.1955999999999997
2026-08-29 18:34:21.864040+03:00,2026-08-30 01:00:00+03:00,2.0487,1.5,0.5487000000000002
2026-08-29 18:34:21.864040+03:00,2026-08-30 01:15:00+03:00,1.9783,1.51,0.4682999999999999
2026-08-29 18:34:21.864040+03:00,2026-08-30 01:30:00+03:00,1.8634,1.56,0.3033999999999999
2026-08-29 18:34:21.864040+03:00,2026-08-30 01:45:00+03:00,1.7248,1.62,0.1048
2026-08-29 18:34:21.864040+03:00,2026-08-30 02:00:00+03:00,1.5686,1.48,0.0886
2026-08-29 18:34:21.864040+03:00,2026-08-30 02:15:00+03:00,1.483,1.5,0.0169999999999999
2026-08-29 18:34:21.864040+03:00,2026-08-30 02:30:00+03:00,1.5045,1.51,0.0055
2026-08-29 18:34:21.864040+03:00,2026-08-30 02:45:00+03:00,1.5383,1.61,0.0717000000000001
2026-08-29 18:34:21.864040+03:00,2026-08-30 03:00:00+03:00,1.5283,1.52,0.0082999999999999
2026-08-29 18:34:21.864040+03:00,2026-08-30 03:15:00+03:00,1.5552,1.56,0.0048000000000001
2026-08-29 18:34:21.864040+03:00,2026-08-30 03:30:00+03:00,1.574,1.67,0.0959999999999998
2026-08-29 18:34:21.864040+03:00,2026-08-30 03:45:00+03:00,1.5695,1.8,0.2305000000000001
2026-08-29 18:34:21.864040+03:00,2026-08-30 04:00:00+03:00,1.5852,1.65,0.0647999999999999
2026-08-29 18:34:21.864040+03:00,2026-08-30 04:15:00+03:00,1.6145,1.77,0.1554999999999999
2026-08-29 18:34:21.864040+03:00,2026-08-30 04:30:00+03:00,1.7431,1.8,0.0568999999999999
2026-08-29 18:34:21.864040+03:00,2026-08-30 04:45:00+03:00,1.7307,1.8,0.0693000000000001
2026-08-29 18:34:21.864040+03:00,2026-08-30 05:00:00+03:00,1.657,1.94,0.2829999999999999
2026-08-29 18:34:21.864040+03:00,2026-08-30 05:15:00+03:00,1.6603,1.83,0.1696999999999999
2026-08-29 18:34:21.864040+03:00,2026-08-30 05:30:00+03:00,1.6753,1.83,0.1547
2026-08-29 18:34:21.864040+03:00,2026-08-30 05:45:00+03:00,1.6614,1.84,0.1786000000000001
2026-08-29 18:34:21.864040+03:00,2026-08-30 06:00:00+03:00,1.6315,2.0,0.3685
2026-08-29 18:34:21.864040+03:00,2026-08-30 06:15:00+03:00,1.6414,2.0,0.3586
2026-08-29 18:34:21.864040+03:00,2026-08-30 06:30:00+03:00,1.6455,2.0,0.3545
2026-08-29 18:34:21.864040+03:00,2026-08-30 06:45:00+03:00,1.6372,2.16,0.5228000000000002
2026-08-29 18:34:21.864040+03:00,2026-08-30 07:00:00+03:00,1.6378,3.49,1.8522000000000003
2026-08-29 18:34:21.864040+03:00,2026-08-30 07:15:00+03:00,1.6647,3.52,1.8553
2026-08-29 18:34:21.864040+03:00,2026-08-30 07:30:00+03:00,1.664,4.0,2.3360000000000003
2026-08-29 18:34:21.864040+03:00,2026-08-30 07:45:00+03:00,1.6513,4.99,3.3387
2026-08-29 18:34:21.864040+03:00,2026-08-30 08:00:00+03:00,1.6952,8.26,6.5648
2026-08-29 18:34:21.864040+03:00,2026-08-30 08:15:00+03:00,1.7223,10.0,8.2777
2026-08-29 18:34:21.864040+03:00,2026-08-30 08:30:00+03:00,1.7188,13.77,12.0512
2026-08-29 18:34:21.864040+03:00,2026-08-30 08:45:00+03:00,1.7182,20.08,18.3618
2026-08-29 18:34:21.864040+03:00,2026-08-30 09:00:00+03:00,1.6816,20.0,18.3184
2026-08-29 18:34:21.864040+03:00,2026-08-30 09:15:00+03:00,1.6808,25.88,24.1992
2026-08-29 18:34:21.864040+03:00,2026-08-30 09:30:00+03:00,1.6704,17.6,15.9296
2026-08-29 18:34:21.864040+03:00,2026-08-30 09:45:00+03:00,1.6688,10.84,9.1712
2026-08-29 18:34:21.864040+03:00,2026-08-30 10:00:00+03:00,1.6636,11.71,10.0464
2026-08-29 18:34:21.864040+03:00,2026-08-30 10:15:00+03:00,1.6804,12.7,11.0196
2026-08-29 18:34:21.864040+03:00,2026-08-30 10:30:00+03:00,1.6832,11.92,10.2368
2026-08-29 18:34:21.864040+03:00,2026-08-30 10:45:00+03:00,1.6749,13.87,12.1951
2026-08-29 18:34:21.864040+03:00,2026-08-30 11:00:00+03:00,1.6581,15.1,13.4419
2026-08-29 18:34:21.864040+03:00,2026-08-30 11:15:00+03:00,1.6595,14.72,13.0605
2026-08-29 18:34:21.864040+03:00,2026-08-30 11:30:00+03:00,1.6657,13.14,11.4743
2026-08-29 18:34:21.864040+03:00,2026-08-30 11:45:00+03:00,1.6608,11.84,10.1792
2026-08-29 18:34:21.864040+03:00,2026-08-30 12:00:00+03:00,1.6583,18.06,16.401699999999998
2026-08-29 18:34:21.864040+03:00,2026-08-30 12:15:00+03:00,1.6598,17.27,15.6102
2026-08-29 18:34:21.864040+03:00,2026-08-30 12:30:00+03:00,1.6731,14.0,12.3269
2026-08-29 18:34:21.864040+03:00,2026-08-30 12:45:00+03:00,1.6668,14.0,12.3332
2026-08-29 18:34:21.864040+03:00,2026-08-30 13:00:00+03:00,1.6543,17.57,15.9157
2026-08-29 18:34:21.864040+03:00,2026-08-30 13:15:00+03:00,1.6581,15.79,14.1319
2026-08-29 18:34:21.864040+03:00,2026-08-30 13:30:00+03:00,1.6713,14.61,12.9387
2026-08-29 18:34:21.864040+03:00,2026-08-30 13:45:00+03:00,1.6639,13.99,12.3261
2026-08-29 18:34:21.864040+03:00,2026-08-30 14:00:00+03:00,1.645,14.0,12.355
2026-08-29 18:34:21.864040+03:00,2026-08-30 14:15:00+03:00,1.6809,14.0,12.3191
2026-08-29 18:34:21.864040+03:00,2026-08-30 14:30:00+03:00,1.6823,13.99,12.3077
2026-08-29 18:34:21.864040+03:00,2026-08-30 14:45:00+03:00,1.6731,13.99,12.3169
2026-08-29 18:34:21.864040+03:00,2026-08-30 15:00:00+03:00,1.6511,13.99,12.3389
2026-08-29 18:34:21.864040+03:00,2026-08-30 15:15:00+03:00,1.7041,14.4,12.6959
2026-08-29 18:34:21.864040+03:00,2026-08-30 15:30:00+03:00,1.6937,14.71,13.0163
2026-08-29 18:34:21.864040+03:00,2026-08-30 15:45:00+03:00,1.6801,17.41,15.7299
2026-08-29 18:34:21.864040+03:00,2026-08-30 16:00:00+03:00,1.6455,13.99,12.3445
2026-08-29 18:34:21.864040+03:00,2026-08-30 16:15:00+03:00,1.692,16.94,15.248
2026-08-29 18:34:21.864040+03:00,2026-08-30 16:30:00+03:00,1.6852,23.05,21.3648
2026-08-29 18:34:21.864040+03:00,2026-08-30 16:45:00+03:00,1.6672,33.29,31.6228
2026-08-29 18:34:21.864040+03:00,2026-08-30 17:00:00+03:00,1.6617,14.37,12.7083
2026-08-29 18:34:21.864040+03:00,2026-08-30 17:15:00+03:00,1.7174,20.34,18.6226
2026-08-29 18:34:21.864040+03:00,2026-08-30 17:30:00+03:00,1.6948,34.66,32.9652
2026-08-29 18:34:21.864040+03:00,2026-08-30 17:45:00+03:00,1.6752,61.87,60.1948
2026-08-29 18:34:21.864040+03:00,2026-08-30 18:00:00+03:00,1.6578,11.14,9.4822
2026-08-29 18:34:21.864040+03:00,2026-08-30 18:15:00+03:00,1.6655,34.22,32.5545
2026-08-29 18:34:21.864040+03:00,2026-08-30 18:30:00+03:00,1.6641,59.35,57.6859
2026-08-29 18:34:21.864040+03:00,2026-08-30 18:45:00+03:00,1.6549,67.82,66.1651
2026-08-29 18:34:21.864040+03:00,2026-08-30 19:00:00+03:00,1.652,53.88,52.228
2026-08-29 18:34:21.864040+03:00,2026-08-30 19:15:00+03:00,1.6054,50.89,49.2846
2026-08-29 18:34:21.864040+03:00,2026-08-30 19:30:00+03:00,1.6414,49.99,48.348600000000005
2026-08-29 18:34:21.864040+03:00,2026-08-30 19:45:00+03:00,1.6545,50.0,48.3455
2026-08-29 18:34:21.864040+03:00,2026-08-30 20:00:00+03:00,1.6391,49.33,47.6909
2026-08-29 18:34:21.864040+03:00,2026-08-30 20:15:00+03:00,1.5551,48.8,47.2449
2026-08-29 18:34:21.864040+03:00,2026-08-30 20:30:00+03:00,1.4713,43.36,41.8887
2026-08-29 18:34:21.864040+03:00,2026-08-30 20:45:00+03:00,1.2668,40.4,39.1332
2026-08-29 18:34:21.864040+03:00,2026-08-30 21:00:00+03:00,1.1099,49.08,47.9701
2026-08-29 18:34:21.864040+03:00,2026-08-30 21:15:00+03:00,1.0408,45.67,44.6292
2026-08-29 18:34:21.864040+03:00,2026-08-30 21:30:00+03:00,1.0361,40.93,39.8939
2026-08-29 18:34:21.864040+03:00,2026-08-30 21:45:00+03:00,1.076,31.04,29.964
2026-08-29 18:34:21.864040+03:00,2026-08-30 22:00:00+03:00,1.0863,41.13,40.0437
2026-08-29 18:34:21.864040+03:00,2026-08-30 22:15:00+03:00,1.0048,40.92,39.9152
2026-08-29 18:34:21.864040+03:00,2026-08-30 22:30:00+03:00,0.8823,35.32,34.4377
2026-08-29 18:34:21.864040+03:00,2026-08-30 22:45:00+03:00,0.8801,29.23,28.3499
2026-08-29 18:34:21.864040+03:00,2026-08-30 23:00:00+03:00,0.8892,45.56,44.6708
2026-08-29 18:34:21.864040+03:00,2026-08-30 23:15:00+03:00,0.7951,35.93,35.1349
2026-08-29 18:34:21.864040+03:00,2026-08-30 23:30:00+03:00,0.6847,29.6,28.9153
2026-08-29 18:34:21.864040+03:00,2026-08-30 23:45:00+03:00,0.6844,24.68,23.9956
2026-08-29 18:34:21.864040+03:00,2026-08-31 00:00:00+03:00,0.6971,38.38,37.6829
2026-08-29 18:34:21.864040+03:00,2026-08-31 00:15:00+03:00,0.8044,35.14,34.3356
2026-08-29 18:34:21.864040+03:00,2026-08-31 00:30:00+03:00,0.8106,29.48,28.6694
2026-08-29 18:34:21.864040+03:00,2026-08-31 00:45:00+03:00,0.7785,26.59,25.8115
2026-08-29 18:34:21.864040+03:00,2026-08-31 01:00:00+03:00,0.7307,27.02,26.2893
2026-08-29 18:34:21.864040+03:00,2026-08-31 01:15:00+03:00,0.7558,26.63,25.8742
2026-08-29 18:34:21.864040+03:00,2026-08-31 01:30:00+03:00,0.7809,26.36,25.5791
2026-08-29 18:34:21.864040+03:00,2026-08-31 01:45:00+03:00,0.7664,27.75,26.9836
2026-08-29 18:34:21.864040+03:00,2026-08-31 02:00:00+03:00,0.7442,26.16,25.4158
2026-08-29 18:34:21.864040+03:00,2026-08-31 02:15:00+03:00,0.7826,26.54,25.7574
2026-08-29 18:34:21.864040+03:00,2026-08-31 02:30:00+03:00,0.8041,27.94,27.1359
2026-08-29 18:34:21.864040+03:00,2026-08-31 02:45:00+03:00,0.7804,28.0,27.2196
2026-08-29 18:34:21.864040+03:00,2026-08-31 03:00:00+03:00,0.7576,27.55,26.7924
2026-08-29 18:34:21.864040+03:00,2026-08-31 03:15:00+03:00,0.8305,27.89,27.0595
2026-08-29 18:34:21.864040+03:00,2026-08-31 03:30:00+03:00,0.8262,29.96,29.1338
2026-08-29 18:34:21.864040+03:00,2026-08-31 03:45:00+03:00,0.798,31.7,30.902
2026-08-29 18:34:21.864040+03:00,2026-08-31 04:00:00+03:00,0.8043,27.03,26.2257
2026-08-29 18:34:21.864040+03:00,2026-08-31 04:15:00+03:00,0.8862,27.52,26.6338
2026-08-29 18:34:21.864040+03:00,2026-08-31 04:30:00+03:00,1.0367,28.02,26.9833
2026-08-29 18:34:21.864040+03:00,2026-08-31 04:45:00+03:00,1.2162,30.0,28.7838
2026-08-29 18:34:21.864040+03:00,2026-08-31 05:00:00+03:00,1.3499,24.02,22.6701
2026-08-29 18:34:21.864040+03:00,2026-08-31 05:15:00+03:00,1.4822,26.68,25.1978
2026-08-29 18:34:21.864040+03:00,2026-08-31 05:30:00+03:00,1.7398,34.01,32.2702
2026-08-29 18:34:21.864040+03:00,2026-08-31 05:45:00+03:00,1.7812,45.28,43.4988
2026-08-29 18:34:21.864040+03:00,2026-08-31 06:00:00+03:00,1.8588,17.46,15.6012
2026-08-29 18:34:21.864040+03:00,2026-08-31 06:15:00+03:00,1.9175,29.49,27.5725
2026-08-29 18:34:21.864040+03:00,2026-08-31 06:30:00+03:00,1.9202,50.14,48.2198
2026-08-29 18:34:21.864040+03:00,2026-08-31 06:45:00+03:00,1.8845,77.76,75.8755
2026-08-29 18:34:21.864040+03:00,2026-08-31 07:00:00+03:00,1.746,34.26,32.514
2026-08-29 18:34:21.864040+03:00,2026-08-31 07:15:00+03:00,1.7163,70.77,69.05369999999999
2026-08-29 18:34:21.864040+03:00,2026-08-31 07:30:00+03:00,1.658,102.99,101.332
2026-08-29 18:34:21.864040+03:00,2026-08-31 07:45:00+03:00,1.6499,108.99,107.3401
2026-08-29 18:34:21.864040+03:00,2026-08-31 08:00:00+03:00,1.6802,109.42,107.7398
2026-08-29 18:34:21.864040+03:00,2026-08-31 08:15:00+03:00,1.7268,110.91,109.1832
2026-08-29 18:34:21.864040+03:00,2026-08-31 08:30:00+03:00,1.7071,112.81,111.1029
2026-08-29 18:34:21.864040+03:00,2026-08-31 08:45:00+03:00,1.7089,114.0,112.2911
2026-08-29 18:34:21.864040+03:00,2026-08-31 09:00:00+03:00,1.6672,118.47,116.8028
2026-08-29 18:34:21.864040+03:00,2026-08-31 09:15:00+03:00,1.6361,118.74,117.1039
2026-08-29 18:34:21.864040+03:00,2026-08-31 09:30:00+03:00,1.6443,117.21,115.5657
2026-08-29 18:34:21.864040+03:00,2026-08-31 09:45:00+03:00,1.6472,118.03,116.3828
2026-08-29 18:34:21.864040+03:00,2026-08-31 10:00:00+03:00,1.6396,123.14,121.5004
2026-08-29 18:34:21.864040+03:00,2026-08-31 10:15:00+03:00,1.6456,121.27,119.6244
2026-08-29 18:34:21.864040+03:00,2026-08-31 10:30:00+03:00,1.6591,112.85,111.1909
2026-08-29 18:34:21.864040+03:00,2026-08-31 10:45:00+03:00,1.6475,101.58,99.9325
2026-08-29 18:34:21.864040+03:00,2026-08-31 11:00:00+03:00,1.6384,102.05,100.4116
2026-08-29 18:34:21.864040+03:00,2026-08-31 11:15:00+03:00,1.6358,91.24,89.60419999999999
2026-08-29 18:34:21.864040+03:00,2026-08-31 11:30:00+03:00,1.6477,68.36,66.7123
2026-08-29 18:34:21.864040+03:00,2026-08-31 11:45:00+03:00,1.6436,52.75,51.1064
2026-08-29 18:34:21.864040+03:00,2026-08-31 12:00:00+03:00,1.653,70.46,68.80699999999999
2026-08-29 18:34:21.864040+03:00,2026-08-31 12:15:00+03:00,1.6554,60.72,59.0646
2026-08-29 18:34:21.864040+03:00,2026-08-31 12:30:00+03:00,1.6669,51.65,49.9831
2026-08-29 18:34:21.864040+03:00,2026-08-31 12:45:00+03:00,1.6554,50.43,48.7746
2026-08-29 18:34:21.864040+03:00,2026-08-31 13:00:00+03:00,1.6514,50.35,48.6986
2026-08-29 18:34:21.864040+03:00,2026-08-31 13:15:00+03:00,1.656,52.96,51.304
2026-08-29 18:34:21.864040+03:00,2026-08-31 13:30:00+03:00,1.6695,50.36,48.6905
2026-08-29 18:34:21.864040+03:00,2026-08-31 13:45:00+03:00,1.6598,48.68,47.0202
2026-08-29 18:34:21.864040+03:00,2026-08-31 14:00:00+03:00,1.644,46.47,44.826
2026-08-29 18:34:21.864040+03:00,2026-08-31 14:15:00+03:00,1.6774,48.27,46.5926
2026-08-29 18:34:21.864040+03:00,2026-08-31 14:30:00+03:00,1.6741,50.07,48.3959
2026-08-29 18:34:21.864040+03:00,2026-08-31 14:45:00+03:00,1.6651,52.75,51.0849
2026-08-29 18:34:21.864040+03:00,2026-08-31 15:00:00+03:00,1.6491,43.43,41.7809
2026-08-29 18:34:21.864040+03:00,2026-08-31 15:15:00+03:00,1.7121,49.98,48.2679
2026-08-29 18:34:21.864040+03:00,2026-08-31 15:30:00+03:00,1.696,54.98,53.284
2026-08-29 18:34:21.864040+03:00,2026-08-31 15:45:00+03:00,1.684,60.89,59.206
2026-08-29 18:34:21.864040+03:00,2026-08-31 16:00:00+03:00,1.6627,36.14,34.4773
2026-08-29 18:34:21.864040+03:00,2026-08-31 16:15:00+03:00,1.708,43.0,41.292
2026-08-29 18:34:21.864040+03:00,2026-08-31 16:30:00+03:00,1.6875,72.86,71.1725
2026-08-29 18:34:21.864040+03:00,2026-08-31 16:45:00+03:00,1.668,93.53,91.862
2026-08-29 18:34:21.864040+03:00,2026-08-31 17:00:00+03:00,1.6587,71.0,69.3413
2026-08-29 18:34:21.864040+03:00,2026-08-31 17:15:00+03:00,1.7127,91.8,90.0873
2026-08-29 18:34:21.864040+03:00,2026-08-31 17:30:00+03:00,1.6906,109.04,107.3494
2026-08-29 18:34:21.864040+03:00,2026-08-31 17:45:00+03:00,1.6731,111.19,109.5169
2026-08-29 18:34:21.864040+03:00,2026-08-31 18:00:00+03:00,1.653,123.04,121.387
2026-08-29 18:34:21.864040+03:00,2026-08-31 18:15:00+03:00,1.6716,126.1,124.4284
2026-08-29 18:34:21.864040+03:00,2026-08-31 18:30:00+03:00,1.6633,127.52,125.8567
2026-08-29 18:34:21.864040+03:00,2026-08-31 18:45:00+03:00,1.6539,132.94,131.2861
2026-08-29 18:34:21.864040+03:00,2026-08-31 19:00:00+03:00,1.6476,133.59,131.9424
2026-08-29 18:34:21.864040+03:00,2026-08-31 19:15:00+03:00,1.6112,130.89,129.2788
2026-08-29 18:34:21.864040+03:00,2026-08-31 19:30:00+03:00,1.6393,132.89,131.2507
2026-08-29 18:34:21.864040+03:00,2026-08-31 19:45:00+03:00,1.6519,112.47,110.8181
2026-08-29 18:34:21.864040+03:00,2026-08-31 20:00:00+03:00,1.6308,144.25,142.6192
2026-08-29 18:34:21.864040+03:00,2026-08-31 20:15:00+03:00,1.5563,130.84,129.2837
2026-08-29 18:34:21.864040+03:00,2026-08-31 20:30:00+03:00,1.4624,113.34,111.8776
2026-08-29 18:34:21.864040+03:00,2026-08-31 20:45:00+03:00,1.257,88.77,87.51299999999999
2026-08-29 18:34:21.864040+03:00,2026-08-31 21:00:00+03:00,1.1351,138.86,137.72490000000002
2026-08-29 18:34:21.864040+03:00,2026-08-31 21:15:00+03:00,1.0821,115.49,114.4079
2026-08-29 18:34:21.864040+03:00,2026-08-31 21:30:00+03:00,1.0582,85.21,84.1518
2026-08-29 18:34:21.864040+03:00,2026-08-31 21:45:00+03:00,1.1026,60.47,59.3674
2026-08-29 18:34:21.864040+03:00,2026-08-31 22:00:00+03:00,1.1146,120.22,119.1054
2026-08-29 18:34:21.864040+03:00,2026-08-31 22:15:00+03:00,1.0215,119.89,118.8685
2026-08-29 18:34:21.864040+03:00,2026-08-31 22:30:00+03:00,1.0673,79.56,78.4927
2026-08-29 18:34:21.864040+03:00,2026-08-31 22:45:00+03:00,1.077,61.66,60.583
2026-08-29 18:34:21.864040+03:00,2026-08-31 23:00:00+03:00,1.0918,67.48,66.3882
2026-08-29 18:34:21.864040+03:00,2026-08-31 23:15:00+03:00,0.969,60.04,59.071
2026-08-29 18:34:21.864040+03:00,2026-08-31 23:30:00+03:00,0.8529,47.41,46.5571
2026-08-29 18:34:21.864040+03:00,2026-08-31 23:45:00+03:00,0.6742,34.37,33.6958
2026-08-29 18:34:21.864040+03:00,2026-09-01 00:00:00+03:00,0.449,53.76,53.311
2026-08-29 18:34:21.864040+03:00,2026-09-01 00:15:00+03:00,0.3409,49.71,49.3691
2026-08-29 18:34:21.864040+03:00,2026-09-01 00:30:00+03:00,0.3356,45.09,44.7544
2026-08-29 18:34:21.864040+03:00,2026-09-01 00:45:00+03:00,0.1745,35.36,35.1855
2026-08-29 18:34:21.864040+03:00,2026-09-01 01:00:00+03:00,0.048,46.56,46.512
2026-08-29 18:34:21.864040+03:00,2026-09-01 01:15:00+03:00,-0.0002,39.86,39.8602
2026-08-29 18:34:21.864040+03:00,2026-09-01 01:30:00+03:00,-0.0384,36.76,36.7984
2026-08-29 18:34:21.864040+03:00,2026-09-01 01:45:00+03:00,-0.0733,30.03,30.1033
2026-08-29 18:34:21.864040+03:00,2026-09-01 02:00:00+03:00,-0.094,41.16,41.254
2026-08-29 18:34:21.864040+03:00,2026-09-01 02:15:00+03:00,-0.1206,39.13,39.250600000000006
2026-08-29 18:34:21.864040+03:00,2026-09-01 02:30:00+03:00,-0.149,37.89,38.039
2026-08-29 18:34:21.864040+03:00,2026-09-01 02:45:00+03:00,-0.1453,36.85,36.9953
2026-08-29 18:34:21.864040+03:00,2026-09-01 03:00:00+03:00,-0.1501,40.3,40.4501
2026-08-29 18:34:21.864040+03:00,2026-09-01 03:15:00+03:00,-0.1684,39.91,40.0784
2026-08-29 18:34:21.864040+03:00,2026-09-01 03:30:00+03:00,-0.1431,39.28,39.4231
2026-08-29 18:34:21.864040+03:00,2026-09-01 03:45:00+03:00,-0.1425,36.87,37.0125
2026-08-29 18:34:21.864040+03:00,2026-09-01 04:00:00+03:00,-0.1538,36.87,37.0238
2026-08-29 18:34:21.864040+03:00,2026-09-01 04:15:00+03:00,-0.1648,35.79,35.9548
2026-08-29 18:34:21.864040+03:00,2026-09-01 04:30:00+03:00,-0.1503,34.69,34.8403
2026-08-29 18:34:21.864040+03:00,2026-09-01 04:45:00+03:00,-0.148,36.18,36.328
2026-08-29 18:34:21.864040+03:00,2026-09-01 05:00:00+03:00,0.0114,36.85,36.8386
2026-08-29 18:34:21.864040+03:00,2026-09-01 05:15:00+03:00,0.7178,36.77,36.052200000000006
2026-08-29 18:34:21.864040+03:00,2026-09-01 05:30:00+03:00,1.5071,37.18,35.6729
2026-08-29 18:34:21.864040+03:00,2026-09-01 05:45:00+03:00,2.4418,42.48,40.0382
2026-08-29 18:34:21.864040+03:00,2026-09-01 06:00:00+03:00,2.9849,31.21,28.2251
2026-08-29 18:34:21.864040+03:00,2026-09-01 06:15:00+03:00,3.9989,41.72,37.7211
2026-08-29 18:34:21.864040+03:00,2026-09-01 06:30:00+03:00,4.7585,45.15,40.3915
2026-08-29 18:34:21.864040+03:00,2026-09-01 06:45:00+03:00,5.4166,53.55,48.1334
2026-08-29 18:34:21.864040+03:00,2026-09-01 07:00:00+03:00,5.8841,22.39,16.5059
2026-08-29 18:34:21.864040+03:00,2026-09-01 07:15:00+03:00,7.3825,29.06,21.6775
2026-08-29 18:34:21.864040+03:00,2026-09-01 07:30:00+03:00,8.5628,50.0,41.4372
2026-08-29 18:34:21.864040+03:00,2026-09-01 07:45:00+03:00,9.7143,59.47,49.7557
2026-08-29 18:34:21.864040+03:00,2026-09-01 08:00:00+03:00,10.2136,50.0,39.7864
2026-08-29 18:34:21.864040+03:00,2026-09-01 08:15:00+03:00,10.9073,86.8,75.89269999999999
2026-08-29 18:34:21.864040+03:00,2026-09-01 08:30:00+03:00,10.7774,96.19,85.4126
2026-08-29 18:34:21.864040+03:00,2026-09-01 08:45:00+03:00,10.7314,123.6,112.8686
2026-08-29 18:34:21.864040+03:00,2026-09-01 09:00:00+03:00,10.774,127.95,117.176
2026-08-29 18:34:21.864040+03:00,2026-09-01 09:15:00+03:00,10.5584,128.57,118.0116
2026-08-29 18:34:21.864040+03:00,2026-09-01 09:30:00+03:00,10.6014,126.54,115.9386
2026-08-29 18:34:21.864040+03:00,2026-09-01 09:45:00+03:00,10.6316,128.57,117.9384
2026-08-29 18:34:21.864040+03:00,2026-09-01 10:00:00+03:00,10.6314,141.32,130.6886
2026-08-29 18:34:21.864040+03:00,2026-09-01 10:15:00+03:00,10.5989,135.25,124.6511
2026-08-29 18:34:21.864040+03:00,2026-09-01 10:30:00+03:00,10.6078,139.65,129.0422
2026-08-29 18:34:21.864040+03:00,2026-09-01 10:45:00+03:00,10.6173,124.61,113.9927
2026-08-29 18:34:21.864040+03:00,2026-09-01 11:00:00+03:00,10.6381,135.46,124.8219
2026-08-29 18:34:21.864040+03:00,2026-09-01 11:15:00+03:00,10.5872,118.02,107.4328
2026-08-29 18:34:21.864040+03:00,2026-09-01 11:30:00+03:00,10.6067,111.14,100.5333
2026-08-29 18:34:21.864040+03:00,2026-09-01 11:45:00+03:00,10.6244,101.21,90.5856
2026-08-29 18:34:21.864040+03:00,2026-09-01 12:00:00+03:00,10.6116,108.75,98.1384
2026-08-29 18:34:21.864040+03:00,2026-09-01 12:15:00+03:00,10.5795,97.23,86.65050000000001
2026-08-29 18:34:21.864040+03:00,2026-09-01 12:30:00+03:00,10.6051,100.97,90.3649
2026-08-29 18:34:21.864040+03:00,2026-09-01 12:45:00+03:00,10.6216,89.92,79.2984
2026-08-29 18:34:21.864040+03:00,2026-09-01 13:00:00+03:00,10.6102,105.48,94.8698
2026-08-29 18:34:21.864040+03:00,2026-09-01 13:15:00+03:00,10.5933,103.41,92.8167
2026-08-29 18:34:21.864040+03:00,2026-09-01 13:30:00+03:00,10.6118,99.08,88.4682
2026-08-29 18:34:21.864040+03:00,2026-09-01 13:45:00+03:00,10.6213,86.38,75.75869999999999
2026-08-29 18:34:21.864040+03:00,2026-09-01 14:00:00+03:00,10.5941,105.76,95.1659
2026-08-29 18:34:21.864040+03:00,2026-09-01 14:15:00+03:00,10.5952,104.24,93.6448
2026-08-29 18:34:21.864040+03:00,2026-09-01 14:30:00+03:00,10.6177,94.56,83.9423
2026-08-29 18:34:21.864040+03:00,2026-09-01 14:45:00+03:00,10.6331,81.25,70.6169
2026-08-29 18:34:21.864040+03:00,2026-09-01 15:00:00+03:00,10.6129,85.09,74.47710000000001
2026-08-29 18:34:21.864040+03:00,2026-09-01 15:15:00+03:00,10.6806,86.91,76.2294
2026-08-29 18:34:21.864040+03:00,2026-09-01 15:30:00+03:00,10.6949,95.39,84.6951
2026-08-29 18:34:21.864040+03:00,2026-09-01 15:45:00+03:00,10.6699,92.85,82.1801
2026-08-29 18:34:21.864040+03:00,2026-09-01 16:00:00+03:00,10.64,85.3,74.66
2026-08-29 18:34:21.864040+03:00,2026-09-01 16:15:00+03:00,10.6574,102.78,92.1226
2026-08-29 18:34:21.864040+03:00,2026-09-01 16:30:00+03:00,10.673,92.56,81.887
2026-08-29 18:34:21.864040+03:00,2026-09-01 16:45:00+03:00,10.6524,103.95,93.2976
2026-08-29 18:34:21.864040+03:00,2026-09-01 17:00:00+03:00,10.6477,70.14,59.4923
2026-08-29 18:34:21.864040+03:00,2026-09-01 17:15:00+03:00,10.6447,86.18,75.5353
2026-08-29 18:34:21.864040+03:00,2026-09-01 17:30:00+03:00,10.6496,104.99,94.3404
2026-08-29 18:34:21.864040+03:00,2026-09-01 17:45:00+03:00,10.6248,111.29,100.6652
2026-08-29 18:34:21.864040+03:00,2026-09-01 18:00:00+03:00,10.5799,107.48,96.9001
2026-08-29 18:34:21.864040+03:00,2026-09-01 18:15:00+03:00,10.5797,114.79,104.2103
2026-08-29 18:34:21.864040+03:00,2026-09-01 18:30:00+03:00,10.6235,108.25,97.6265
2026-08-29 18:34:21.864040+03:00,2026-09-01 18:45:00+03:00,10.6084,119.56,108.9516
2026-08-29 18:34:21.864040+03:00,2026-09-01 19:00:00+03:00,10.5753,116.88,106.3047
2026-08-29 18:34:21.864040+03:00,2026-09-01 19:15:00+03:00,10.4579,125.38,114.9221
2026-08-29 18:34:21.864040+03:00,2026-09-01 19:30:00+03:00,9.9839,115.99,106.0061
2026-08-29 18:34:21.864040+03:00,2026-09-01 19:45:00+03:00,9.6397,101.72,92.0803
2026-08-29 18:34:21.864040+03:00,2026-09-01 20:00:00+03:00,9.0643,114.54,105.4757
2026-08-29 18:34:21.864040+03:00,2026-09-01 20:15:00+03:00,8.2255,108.99,100.7645
2026-08-29 18:34:21.864040+03:00,2026-09-01 20:30:00+03:00,7.1303,87.38,80.24969999999999
2026-08-29 18:34:21.864040+03:00,2026-09-01 20:45:00+03:00,6.1117,70.08,63.9683
2026-08-29 18:34:21.864040+03:00,2026-09-01 21:00:00+03:00,4.9959,97.39,92.3941
2026-08-29 18:34:21.864040+03:00,2026-09-01 21:15:00+03:00,4.4814,68.76,64.27860000000001
2026-08-29 18:34:21.864040+03:00,2026-09-01 21:30:00+03:00,3.8953,54.69,50.7947
2026-08-29 18:34:21.864040+03:00,2026-09-01 21:45:00+03:00,3.2118,41.99,38.7782
2026-08-29 18:34:21.864040+03:00,2026-09-01 22:00:00+03:00,2.4952,61.62,59.1248
2026-08-29 18:34:21.864040+03:00,2026-09-01 22:15:00+03:00,1.9446,58.58,56.6354
2026-08-29 18:34:21.864040+03:00,2026-09-01 22:30:00+03:00,1.5043,55.32,53.8157
2026-08-29 18:34:21.864040+03:00,2026-09-01 22:45:00+03:00,1.1141,45.0,43.8859
2026-08-29 18:34:21.864040+03:00,2026-09-01 23:00:00+03:00,0.7105,60.19,59.4795
2026-08-29 18:34:21.864040+03:00,2026-09-01 23:15:00+03:00,0.4804,45.36,44.8796
2026-08-29 18:34:21.864040+03:00,2026-09-01 23:30:00+03:00,0.2614,39.36,39.0986
2026-08-29 18:34:21.864040+03:00,2026-09-01 23:45:00+03:00,0.0815,41.83,41.7485
2026-08-29 18:34:21.864040+03:00,2026-09-02 00:00:00+03:00,-0.0301,40.87,40.9001
2026-08-29 18:34:21.864040+03:00,2026-09-02 00:15:00+03:00,-0.0928,41.74,41.8328
2026-08-29 18:34:21.864040+03:00,2026-09-02 00:30:00+03:00,-0.1066,45.36,45.4666
2026-08-29 18:34:21.864040+03:00,2026-09-02 00:45:00+03:00,-0.165,32.55,32.715
2026-08-29 18:34:21.864040+03:00,2026-09-02 01:00:00+03:00,-0.1532,37.94,38.0932
2026-08-29 18:34:21.864040+03:00,2026-09-02 01:15:00+03:00,-0.1725,39.79,39.9625
2026-08-29 18:34:21.864040+03:00,2026-09-02 01:30:00+03:00,-0.1304,38.57,38.7004
2026-08-29 18:34:21.864040+03:00,2026-09-02 01:45:00+03:00,-0.1269,39.09,39.2169
2026-08-29 18:34:21.864040+03:00,2026-09-02 02:00:00+03:00,-0.1413,41.0,41.1413
2026-08-29 18:34:21.864040+03:00,2026-09-02 02:15:00+03:00,-0.1672,36.97,37.1372
2026-08-29 18:34:21.864040+03:00,2026-09-02 02:30:00+03:00,-0.1354,35.1,35.2354
2026-08-29 18:34:21.864040+03:00,2026-09-02 02:45:00+03:00,-0.1352,34.13,34.2652
2026-08-29 18:34:21.864040+03:00,2026-09-02 03:00:00+03:00,-0.1327,34.2,34.3327
2026-08-29 18:34:21.864040+03:00,2026-09-02 03:15:00+03:00,-0.1608,34.07,34.2308
2026-08-29 18:34:21.864040+03:00,2026-09-02 03:30:00+03:00,-0.1292,35.81,35.9392
2026-08-29 18:34:21.864040+03:00,2026-09-02 03:45:00+03:00,-0.1287,36.56,36.6887
2026-08-29 18:34:21.864040+03:00,2026-09-02 04:00:00+03:00,-0.1363,35.13,35.2663
2026-08-29 18:34:21.864040+03:00,2026-09-02 04:15:00+03:00,-0.142,35.74,35.882000000000005
2026-08-29 18:34:21.864040+03:00,2026-09-02 04:30:00+03:00,-0.1296,37.36,37.4896
2026-08-29 18:34:21.864040+03:00,2026-09-02 04:45:00+03:00,-0.1264,37.54,37.6664
2026-08-29 18:34:21.864040+03:00,2026-09-02 05:00:00+03:00,-0.0985,34.31,34.408500000000004
2026-08-29 18:34:21.864040+03:00,2026-09-02 05:15:00+03:00,-0.0063,35.34,35.34630000000001
2026-08-29 18:34:21.864040+03:00,2026-09-02 05:30:00+03:00,-0.0112,37.33,37.3412
2026-08-29 18:34:21.864040+03:00,2026-09-02 05:45:00+03:00,-0.0087,42.55,42.5587
2026-08-29 18:34:21.864040+03:00,2026-09-02 06:00:00+03:00,0.0017,35.36,35.3583
2026-08-29 18:34:21.864040+03:00,2026-09-02 06:15:00+03:00,0.5281,41.72,41.1919
2026-08-29 18:34:21.864040+03:00,2026-09-02 06:30:00+03:00,0.9714,53.33,52.3586
2026-08-29 18:34:21.864040+03:00,2026-09-02 06:45:00+03:00,1.3053,68.78,67.4747
2026-08-29 18:34:21.864040+03:00,2026-09-02 07:00:00+03:00,1.8253,46.77,44.944700000000005
2026-08-29 18:34:21.864040+03:00,2026-09-02 07:15:00+03:00,1.96,47.42,45.46
2026-08-29 18:34:21.864040+03:00,2026-09-02 07:30:00+03:00,2.1024,52.42,50.3176
2026-08-29 18:34:21.864040+03:00,2026-09-02 07:45:00+03:00,2.176,62.3,60.124
2026-08-29 18:34:21.864040+03:00,2026-09-02 08:00:00+03:00,2.2485,48.28,46.0315
2026-08-29 18:34:21.864040+03:00,2026-09-02 08:15:00+03:00,2.3395,69.46,67.12049999999999
2026-08-29 18:34:21.864040+03:00,2026-09-02 08:30:00+03:00,2.315,76.24,73.925
2026-08-29 18:34:21.864040+03:00,2026-09-02 08:45:00+03:00,2.3044,81.89,79.5856
2026-08-29 18:34:21.864040+03:00,2026-09-02 09:00:00+03:00,2.278,72.82,70.54199999999999
2026-08-29 18:34:21.864040+03:00,2026-09-02 09:15:00+03:00,2.1885,84.17,81.9815
2026-08-29 18:34:21.864040+03:00,2026-09-02 09:30:00+03:00,2.098,81.15,79.052
2026-08-29 18:34:21.864040+03:00,2026-09-02 09:45:00+03:00,2.0094,97.87,95.8606
2026-08-29 18:34:21.864040+03:00,2026-09-02 10:00:00+03:00,1.8407,100.0,98.1593
2026-08-29 18:34:21.864040+03:00,2026-09-02 10:15:00+03:00,1.6896,99.99,98.3004
2026-08-29 18:34:21.864040+03:00,2026-09-02 10:30:00+03:00,1.5774,100.0,98.4226
2026-08-29 18:34:21.864040+03:00,2026-09-02 10:45:00+03:00,1.4616,93.61,92.1484
2026-08-29 18:34:21.864040+03:00,2026-09-02 11:00:00+03:00,1.2284,92.89,91.6616
2026-08-29 18:34:21.864040+03:00,2026-09-02 11:15:00+03:00,1.1708,77.24,76.0692
2026-08-29 18:34:21.864040+03:00,2026-09-02 11:30:00+03:00,1.0145,61.97,60.9555
2026-08-29 18:34:21.864040+03:00,2026-09-02 11:45:00+03:00,0.848,49.13,48.282
2026-08-29 18:34:21.864040+03:00,2026-09-02 12:00:00+03:00,0.6315,77.08,76.4485
2026-08-29 18:34:21.864040+03:00,2026-09-02 12:15:00+03:00,0.5293,50.62,50.0907
2026-08-29 18:34:21.864040+03:00,2026-09-02 12:30:00+03:00,0.5233,47.9,47.3767
2026-08-29 18:34:21.864040+03:00,2026-09-02 12:45:00+03:00,0.568,39.65,39.082
2026-08-29 18:34:21.864040+03:00,2026-09-02 13:00:00+03:00,0.5867,54.76,54.1733
2026-08-29 18:34:21.864040+03:00,2026-09-02 13:15:00+03:00,0.6279,46.58,45.9521
2026-08-29 18:34:21.864040+03:00,2026-09-02 13:30:00+03:00,0.6328,39.36,38.7272
2026-08-29 18:34:21.864040+03:00,2026-09-02 13:45:00+03:00,0.6257,28.84,28.2143
2026-08-29 18:34:21.864040+03:00,2026-09-02 14:00:00+03:00,0.6124,41.97,41.3576
2026-08-29 18:34:21.864040+03:00,2026-09-02 14:15:00+03:00,0.686,41.44,40.754
2026-08-29 18:34:21.864040+03:00,2026-09-02 14:30:00+03:00,0.8678,39.43,38.5622
2026-08-29 18:34:21.864040+03:00,2026-09-02 14:45:00+03:00,0.8481,34.51,33.6619
2026-08-29 18:34:21.864040+03:00,2026-09-02 15:00:00+03:00,0.7957,39.89,39.0943
2026-08-29 18:34:21.864040+03:00,2026-09-02 15:15:00+03:00,0.8707,42.83,41.9593
2026-08-29 18:34:21.864040+03:00,2026-09-02 15:30:00+03:00,1.0275,43.9,42.8725
2026-08-29 18:34:21.864040+03:00,2026-09-02 15:45:00+03:00,1.1858,43.64,42.4542
2026-08-29 18:34:21.864040+03:00,2026-09-02 16:00:00+03:00,1.1683,35.84,34.6717
2026-08-29 18:34:21.864040+03:00,2026-09-02 16:15:00+03:00,1.2252,37.61,36.3848
2026-08-29 18:34:21.864040+03:00,2026-09-02 16:30:00+03:00,1.2832,44.86,43.5768
2026-08-29 18:34:21.864040+03:00,2026-09-02 16:45:00+03:00,1.2706,50.92,49.6494
2026-08-29 18:34:21.864040+03:00,2026-09-02 17:00:00+03:00,1.2748,27.99,26.7152
2026-08-29 18:34:21.864040+03:00,2026-09-02 17:15:00+03:00,1.3634,39.8,38.4366
2026-08-29 18:34:21.864040+03:00,2026-09-02 17:30:00+03:00,1.4173,41.7,40.282700000000006
2026-08-29 18:34:21.864040+03:00,2026-09-02 17:45:00+03:00,1.3632,67.28,65.9168
2026-08-29 18:34:21.864040+03:00,2026-09-02 18:00:00+03:00,1.3377,38.18,36.8423
2026-08-29 18:34:21.864040+03:00,2026-09-02 18:15:00+03:00,1.3257,64.4,63.07430000000001
2026-08-29 18:34:21.864040+03:00,2026-09-02 18:30:00+03:00,1.3374,79.99,78.65259999999999
2026-08-29 18:34:21.864040+03:00,2026-09-02 18:45:00+03:00,1.3302,98.36,97.0298
2026-08-29 18:34:21.864040+03:00,2026-09-02 19:00:00+03:00,1.301,89.74,88.439
2026-08-29 18:34:21.864040+03:00,2026-09-02 19:15:00+03:00,1.1768,68.03,66.8532
2026-08-29 18:34:21.864040+03:00,2026-09-02 19:30:00+03:00,1.0302,74.66,73.6298
2026-08-29 18:34:21.864040+03:00,2026-09-02 19:45:00+03:00,1.0241,73.44,72.4159
2026-08-29 18:34:21.864040+03:00,2026-09-02 20:00:00+03:00,1.0673,80.41,79.3427
2026-08-29 18:34:21.864040+03:00,2026-09-02 20:15:00+03:00,1.0089,61.19,60.1811
2026-08-29 18:34:21.864040+03:00,2026-09-02 20:30:00+03:00,0.872,59.01,58.138
2026-08-29 18:34:21.864040+03:00,2026-09-02 20:45:00+03:00,0.8955,51.84,50.944500000000005
2026-08-29 18:34:21.864040+03:00,2026-09-02 21:00:00+03:00,1.022,69.34,68.318
2026-08-29 18:34:21.864040+03:00,2026-09-02 21:15:00+03:00,1.2627,55.28,54.0173
2026-08-29 18:34:21.864040+03:00,2026-09-02 21:30:00+03:00,1.3748,47.66,46.2852
2026-08-29 18:34:21.864040+03:00,2026-09-02 21:45:00+03:00,1.512,39.27,37.758
2026-08-29 18:34:21.864040+03:00,2026-09-02 22:00:00+03:00,1.6743,54.22,52.5457
2026-08-29 18:34:21.864040+03:00,2026-09-02 22:15:00+03:00,1.6758,51.46,49.7842
2026-08-29 18:34:21.864040+03:00,2026-09-02 22:30:00+03:00,1.7609,42.38,40.6191
2026-08-29 18:34:21.864040+03:00,2026-09-02 22:45:00+03:00,1.9475,36.44,34.4925
2026-08-29 18:34:21.864040+03:00,2026-09-02 23:00:00+03:00,1.9009,43.88,41.9791
2026-08-29 18:34:21.864040+03:00,2026-09-02 23:15:00+03:00,1.7666,41.77,40.003400000000006
2026-08-29 18:34:21.864040+03:00,2026-09-02 23:30:00+03:00,1.7352,37.77,36.0348
2026-08-29 18:34:21.864040+03:00,2026-09-02 23:45:00+03:00,1.5963,32.41,30.8137
2026-08-29 18:34:21.864040+03:00,2026-09-03 00:00:00+03:00,1.5299,38.26,36.7301
2026-08-29 18:34:21.864040+03:00,2026-09-03 00:15:00+03:00,1.5075,34.36,32.8525
2026-08-29 18:34:21.864040+03:00,2026-09-03 00:30:00+03:00,1.5557,29.63,28.0743
2026-08-29 18:34:21.864040+03:00,2026-09-03 00:45:00+03:00,1.5608,26.08,24.5192
2026-08-29 18:34:21.864040+03:00,2026-09-03 01:00:00+03:00,1.5424,26.15,24.6076
2026-08-29 18:34:21.864040+03:00,2026-09-03 01:15:00+03:00,1.5101,24.6,23.0899
2026-08-29 18:34:21.864040+03:00,2026-09-03 01:30:00+03:00,1.5559,22.47,20.9141
2026-08-29 18:34:21.864040+03:00,2026-09-03 01:45:00+03:00,1.5668,20.56,18.9932
2026-08-29 18:34:21.864040+03:00,2026-09-03 02:00:00+03:00,1.5253,24.99,23.4647
2026-08-29 18:34:21.864040+03:00,2026-09-03 02:15:00+03:00,1.5113,23.67,22.158700000000003
2026-08-29 18:34:21.864040+03:00,2026-09-03 02:30:00+03:00,1.5527,22.04,20.4873
2026-08-29 18:34:21.864040+03:00,2026-09-03 02:45:00+03:00,1.5514,22.42,20.8686
2026-08-29 18:34:21.864040+03:00,2026-09-03 03:00:00+03:00,1.5511,24.08,22.5289
2026-08-29 18:34:21.864040+03:00,2026-09-03 03:15:00+03:00,1.5695,24.06,22.4905
2026-08-29 18:34:21.864040+03:00,2026-09-03 03:30:00+03:00,1.5827,23.09,21.5073
2026-08-29 18:34:21.864040+03:00,2026-09-03 03:45:00+03:00,1.5831,21.71,20.1269
2026-08-29 18:34:21.864040+03:00,2026-09-03 04:00:00+03:00,1.5899,24.33,22.7401
2026-08-29 18:34:21.864040+03:00,2026-09-03 04:15:00+03:00,1.6526,23.1,21.4474
2026-08-29 18:34:21.864040+03:00,2026-09-03 04:30:00+03:00,1.7574,22.76,21.0026
2026-08-29 18:34:21.864040+03:00,2026-09-03 04:45:00+03:00,1.8954,22.75,20.8546
2026-08-29 18:34:21.864040+03:00,2026-09-03 05:00:00+03:00,1.8356,20.81,18.9744
2026-08-29 18:34:21.864040+03:00,2026-09-03 05:15:00+03:00,1.8858,22.73,20.8442
2026-08-29 18:34:21.864040+03:00,2026-09-03 05:30:00+03:00,1.7981,24.48,22.6819
2026-08-29 18:34:21.864040+03:00,2026-09-03 05:45:00+03:00,1.7748,25.44,23.6652
2026-08-29 18:34:21.864040+03:00,2026-09-03 06:00:00+03:00,1.7066,16.0,14.2934
2026-08-29 18:34:21.864040+03:00,2026-09-03 06:15:00+03:00,1.6977,23.42,21.7223
2026-08-29 18:34:21.864040+03:00,2026-09-03 06:30:00+03:00,1.6243,28.56,26.9357
2026-08-29 18:34:21.864040+03:00,2026-09-03 06:45:00+03:00,1.6148,34.58,32.9652
2026-08-29 18:34:21.864040+03:00,2026-09-03 07:00:00+03:00,1.6244,22.19,20.5656
2026-08-29 18:34:21.864040+03:00,2026-09-03 07:15:00+03:00,1.7204,28.27,26.5496
2026-08-29 18:34:21.864040+03:00,2026-09-03 07:30:00+03:00,1.6643,34.61,32.9457
2026-08-29 18:34:21.864040+03:00,2026-09-03 07:45:00+03:00,1.6458,44.64,42.9942
2026-08-29 18:34:21.864040+03:00,2026-09-03 08:00:00+03:00,1.6689,20.57,18.9011
2026-08-29 18:34:21.864040+03:00,2026-09-03 08:15:00+03:00,1.7172,31.23,29.5128
2026-08-29 18:34:21.864040+03:00,2026-09-03 08:30:00+03:00,1.6994,37.07,35.3706
2026-08-29 18:34:21.864040+03:00,2026-09-03 08:45:00+03:00,1.7044,47.97,46.2656
2026-08-29 18:34:21.864040+03:00,2026-09-03 09:00:00+03:00,1.657,27.99,26.333
2026-08-29 18:34:21.864040+03:00,2026-09-03 09:15:00+03:00,1.6372,31.75,30.1128
2026-08-29 18:34:21.864040+03:00,2026-09-03 09:30:00+03:00,1.6374,53.09,51.4526
2026-08-29 18:34:21.864040+03:00,2026-09-03 09:45:00+03:00,1.6428,51.67,50.0272
2026-08-29 18:34:21.864040+03:00,2026-09-03 10:00:00+03:00,1.6425,49.32,47.6775
2026-08-29 18:34:21.864040+03:00,2026-09-03 10:15:00+03:00,1.6414,48.8,47.1586
2026-08-29 18:34:21.864040+03:00,2026-09-03 10:30:00+03:00,1.6432,42.25,40.6068
2026-08-29 18:34:21.864040+03:00,2026-09-03 10:45:00+03:00,1.6412,49.99,48.3488
2026-08-29 18:34:21.864040+03:00,2026-09-03 11:00:00+03:00,1.6352,52.82,51.1848
2026-08-29 18:34:21.864040+03:00,2026-09-03 11:15:00+03:00,1.6281,48.26,46.6319
2026-08-29 18:34:21.864040+03:00,2026-09-03 11:30:00+03:00,1.6421,50.0,48.3579
2026-08-29 18:34:21.864040+03:00,2026-09-03 11:45:00+03:00,1.6419,42.29,40.6481
2026-08-29 18:34:21.864040+03:00,2026-09-03 12:00:00+03:00,1.6433,50.8,49.1567
2026-08-29 18:34:21.864040+03:00,2026-09-03 12:15:00+03:00,1.6395,46.37,44.7305
2026-08-29 18:34:21.864040+03:00,2026-09-03 12:30:00+03:00,1.6535,39.41,37.7565
2026-08-29 18:34:21.864040+03:00,2026-09-03 12:45:00+03:00,1.6519,36.5,34.8481
2026-08-29 18:34:21.864040+03:00,2026-09-03 13:00:00+03:00,1.654,48.21,46.556
2026-08-29 18:34:21.864040+03:00,2026-09-03 13:15:00+03:00,1.6553,47.6,45.944700000000005
2026-08-29 18:34:21.864040+03:00,2026-09-03 13:30:00+03:00,1.6625,36.88,35.2175
2026-08-29 18:34:21.864040+03:00,2026-09-03 13:45:00+03:00,1.6592,32.88,31.220800000000004
2026-08-29 18:34:21.864040+03:00,2026-09-03 14:00:00+03:00,1.6506,41.18,39.5294
2026-08-29 18:34:21.864040+03:00,2026-09-03 14:15:00+03:00,1.6792,36.54,34.8608
2026-08-29 18:34:21.864040+03:00,2026-09-03 14:30:00+03:00,1.6768,30.49,28.8132
2026-08-29 18:34:21.864040+03:00,2026-09-03 14:45:00+03:00,1.671,32.42,30.749
2026-08-29 18:34:21.864040+03:00,2026-09-03 15:00:00+03:00,1.653,31.45,29.797
2026-08-29 18:34:21.864040+03:00,2026-09-03 15:15:00+03:00,1.7065,30.0,28.2935
2026-08-29 18:34:21.864040+03:00,2026-09-03 15:30:00+03:00,1.7018,37.4,35.6982
2026-08-29 18:34:21.864040+03:00,2026-09-03 15:45:00+03:00,1.6979,42.99,41.292100000000005
2026-08-29 18:34:21.864040+03:00,2026-09-03 16:00:00+03:00,1.6799,27.06,25.3801
2026-08-29 18:34:21.864040+03:00,2026-09-03 16:15:00+03:00,1.7064,29.99,28.2836
2026-08-29 18:34:21.864040+03:00,2026-09-03 16:30:00+03:00,1.6896,39.05,37.3604
2026-08-29 18:34:21.864040+03:00,2026-09-03 16:45:00+03:00,1.6825,49.16,47.4775
2026-08-29 18:34:21.864040+03:00,2026-09-03 17:00:00+03:00,1.6744,28.0,26.3256
2026-08-29 18:34:21.864040+03:00,2026-09-03 17:15:00+03:00,1.732,36.6,34.868
2026-08-29 18:34:21.864040+03:00,2026-09-03 17:30:00+03:00,1.712,44.69,42.978
2026-08-29 18:34:21.864040+03:00,2026-09-03 17:45:00+03:00,1.7061,50.0,48.2939
2026-08-29 18:34:21.864040+03:00,2026-09-03 18:00:00+03:00,1.679,32.85,31.171000000000003
2026-08-29 18:34:21.864040+03:00,2026-09-03 18:15:00+03:00,1.6833,39.71,38.0267
2026-08-29 18:34:21.864040+03:00,2026-09-03 18:30:00+03:00,1.6804,49.13,47.4496
2026-08-29 18:34:21.864040+03:00,2026-09-03 18:45:00+03:00,1.6673,59.82,58.1527
2026-08-29 18:34:21.864040+03:00,2026-09-03 19:00:00+03:00,1.6562,47.79,46.1338
2026-08-29 18:34:21.864040+03:00,2026-09-03 19:15:00+03:00,1.5978,58.98,57.3822
2026-08-29 18:34:21.864040+03:00,2026-09-03 19:30:00+03:00,1.5085,60.29,58.7815
2026-08-29 18:34:21.864040+03:00,2026-09-03 19:45:00+03:00,1.5506,71.33,69.7794
2026-08-29 18:34:21.864040+03:00,2026-09-03 20:00:00+03:00,1.5247,70.14,68.6153
2026-08-29 18:34:21.864040+03:00,2026-09-03 20:15:00+03:00,1.4198,67.6,66.1802
2026-08-29 18:34:21.864040+03:00,2026-09-03 20:30:00+03:00,1.2507,59.9,58.6493
2026-08-29 18:34:21.864040+03:00,2026-09-03 20:45:00+03:00,1.1025,51.93,50.8275
2026-08-29 18:34:21.864040+03:00,2026-09-03 21:00:00+03:00,0.9829,67.33,66.3471
2026-08-29 18:34:21.864040+03:00,2026-09-03 21:15:00+03:00,0.837,63.09,62.253
2026-08-29 18:34:21.864040+03:00,2026-09-03 21:30:00+03:00,0.6685,61.61,60.9415
2026-08-29 18:34:21.864040+03:00,2026-09-03 21:45:00+03:00,0.4624,48.03,47.5676
2026-08-29 18:34:21.864040+03:00,2026-09-03 22:00:00+03:00,0.2037,60.83,60.6263
2026-08-29 18:34:21.864040+03:00,2026-09-03 22:15:00+03:00,0.0831,60.56,60.4769
2026-08-29 18:34:21.864040+03:00,2026-09-03 22:30:00+03:00,0.0912,48.24,48.1488
2026-08-29 18:34:21.864040+03:00,2026-09-03 22:45:00+03:00,0.0818,35.84,35.7582
2026-08-29 18:34:21.864040+03:00,2026-09-03 23:00:00+03:00,0.0885,48.09,48.0015
2026-08-29 18:34:21.864040+03:00,2026-09-03 23:15:00+03:00,0.0441,42.01,41.9659
2026-08-29 18:34:21.864040+03:00,2026-09-03 23:30:00+03:00,0.0247,29.03,29.0053
2026-08-29 18:34:21.864040+03:00,2026-09-03 23:45:00+03:00,0.0336,21.12,21.0864
2026-08-29 18:34:21.864040+03:00,2026-09-04 00:00:00+03:00,0.0209,47.3,47.2791
2026-08-29 18:34:21.864040+03:00,2026-09-04 00:15:00+03:00,0.0273,38.95,38.922700000000006
2026-08-29 18:34:21.864040+03:00,2026-09-04 00:30:00+03:00,0.0397,37.44,37.4003
2026-08-29 18:34:21.864040+03:00,2026-09-04 00:45:00+03:00,0.0409,19.99,19.9491
2026-08-29 18:34:21.864040+03:00,2026-09-04 01:00:00+03:00,0.0168,38.91,38.89319999999999
2026-08-29 18:34:21.864040+03:00,2026-09-04 01:15:00+03:00,0.0184,34.87,34.8516
2026-08-29 18:34:21.864040+03:00,2026-09-04 01:30:00+03:00,0.0246,31.68,31.6554
2026-08-29 18:34:21.864040+03:00,2026-09-04 01:45:00+03:00,0.0217,29.2,29.1783
2026-08-29 18:34:21.864040+03:00,2026-09-04 02:00:00+03:00,0.0382,39.82,39.7818
2026-08-29 18:34:21.864040+03:00,2026-09-04 02:15:00+03:00,0.0295,35.54,35.5105
2026-08-29 18:34:21.864040+03:00,2026-09-04 02:30:00+03:00,0.0375,30.2,30.1625
2026-08-29 18:34:21.864040+03:00,2026-09-04 02:45:00+03:00,0.036,27.83,27.794
2026-08-29 18:34:21.864040+03:00,2026-09-04 03:00:00+03:00,0.0289,38.42,38.3911
2026-08-29 18:34:21.864040+03:00,2026-09-04 03:15:00+03:00,0.0426,37.85,37.8074
2026-08-29 18:34:21.864040+03:00,2026-09-04 03:30:00+03:00,0.0397,32.7,32.6603
2026-08-29 18:34:21.864040+03:00,2026-09-04 03:45:00+03:00,0.0388,28.0,27.9612
2026-08-29 18:34:21.864040+03:00,2026-09-04 04:00:00+03:00,0.0408,30.42,30.3792
2026-08-29 18:34:21.864040+03:00,2026-09-04 04:15:00+03:00,0.1533,35.63,35.4767
2026-08-29 18:34:21.864040+03:00,2026-09-04 04:30:00+03:00,0.1405,32.99,32.8495
2026-08-29 18:34:21.864040+03:00,2026-09-04 04:45:00+03:00,0.1361,34.68,34.5439
2026-08-29 18:34:21.864040+03:00,2026-09-04 05:00:00+03:00,0.1258,33.04,32.9142
2026-08-29 18:34:21.864040+03:00,2026-09-04 05:15:00+03:00,0.3664,32.77,32.403600000000004
2026-08-29 18:34:21.864040+03:00,2026-09-04 05:30:00+03:00,0.6017,29.6,28.9983
2026-08-29 18:34:21.864040+03:00,2026-09-04 05:45:00+03:00,0.7661,38.03,37.2639
2026-08-29 18:34:21.864040+03:00,2026-09-04 06:00:00+03:00,0.9586,16.22,15.261399999999998
2026-08-29 18:34:21.864040+03:00,2026-09-04 06:15:00+03:00,1.0794,24.92,23.8406
2026-08-29 18:34:21.864040+03:00,2026-09-04 06:30:00+03:00,1.2614,44.28,43.0186
2026-08-29 18:34:21.864040+03:00,2026-09-04 06:45:00+03:00,1.4231,71.48,70.0569
2026-08-29 18:34:21.864040+03:00,2026-09-04 07:00:00+03:00,1.4602,28.0,26.5398
2026-08-29 18:34:21.864040+03:00,2026-09-04 07:15:00+03:00,1.4485,40.44,38.9915
2026-08-29 18:34:21.864040+03:00,2026-09-04 07:30:00+03:00,1.4181,72.37,70.95190000000001
2026-08-29 18:34:21.864040+03:00,2026-09-04 07:45:00+03:00,1.3688,86.7,85.33120000000001
2026-08-29 18:34:21.864040+03:00,2026-09-04 08:00:00+03:00,1.3732,78.74,77.3668
2026-08-29 18:34:21.864040+03:00,2026-09-04 08:15:00+03:00,1.3739,94.51,93.1361
2026-08-29 18:34:21.864040+03:00,2026-09-04 08:30:00+03:00,1.3912,101.81,100.4188
2026-08-29 18:34:21.864040+03:00,2026-09-04 08:45:00+03:00,1.3846,112.92,111.5354
2026-08-29 18:34:21.864040+03:00,2026-09-04 09:00:00+03:00,1.3337,95.98,94.6463
2026-08-29 18:34:21.864040+03:00,2026-09-04 09:15:00+03:00,1.2997,82.89,81.5903
2026-08-29 18:34:21.864040+03:00,2026-09-04 09:30:00+03:00,1.2255,97.25,96.0245
2026-08-29 18:34:21.864040+03:00,2026-09-04 09:45:00+03:00,1.2294,95.54,94.3106
2026-08-29 18:34:21.864040+03:00,2026-09-04 10:00:00+03:00,1.2526,86.02,84.7674
2026-08-29 18:34:21.864040+03:00,2026-09-04 10:15:00+03:00,1.2895,90.8,89.5105
2026-08-29 18:34:21.864040+03:00,2026-09-04 10:30:00+03:00,1.2629,101.01,99.7471
2026-08-29 18:34:21.864040+03:00,2026-09-04 10:45:00+03:00,1.2621,100.62,99.3579
2026-08-29 18:34:21.864040+03:00,2026-09-04 11:00:00+03:00,1.2515,111.39,110.1385
2026-08-29 18:34:21.864040+03:00,2026-09-04 11:15:00+03:00,1.2764,100.86,99.5836
2026-08-29 18:34:21.864040+03:00,2026-09-04 11:30:00+03:00,1.2573,91.85,90.5927
2026-08-29 18:34:21.864040+03:00,2026-09-04 11:45:00+03:00,1.2538,82.36,81.1062
2026-08-29 18:34:21.864040+03:00,2026-09-04 12:00:00+03:00,1.2603,83.49,82.2297
2026-08-29 18:34:21.864040+03:00,2026-09-04 12:15:00+03:00,1.2793,77.81,76.5307
2026-08-29 18:34:21.864040+03:00,2026-09-04 12:30:00+03:00,1.2654,68.44,67.1746
2026-08-29 18:34:21.864040+03:00,2026-09-04 12:45:00+03:00,1.2597,61.51,60.2503
2026-08-29 18:34:21.864040+03:00,2026-09-04 13:00:00+03:00,1.2484,66.68,65.4316
2026-08-29 18:34:21.864040+03:00,2026-09-04 13:15:00+03:00,1.2858,60.08,58.7942
2026-08-29 18:34:21.864040+03:00,2026-09-04 13:30:00+03:00,1.262,55.38,54.118
2026-08-29 18:34:21.864040+03:00,2026-09-04 13:45:00+03:00,1.2586,53.61,52.3514
2026-08-29 18:34:21.864040+03:00,2026-09-04 14:00:00+03:00,1.2917,52.67,51.3783
2026-08-29 18:34:21.864040+03:00,2026-09-04 14:15:00+03:00,1.3688,51.84,50.4712
2026-08-29 18:34:21.864040+03:00,2026-09-04 14:30:00+03:00,1.4418,45.55,44.1082
2026-08-29 18:34:21.864040+03:00,2026-09-04 14:45:00+03:00,1.4124,41.62,40.2076
2026-08-29 18:34:21.864040+03:00,2026-09-04 15:00:00+03:00,1.3726,52.79,51.4174
2026-08-29 18:34:21.864040+03:00,2026-09-04 15:15:00+03:00,1.4477,48.35,46.9023
2026-08-29 18:34:21.864040+03:00,2026-09-04 15:30:00+03:00,1.4385,48.67,47.2315
2026-08-29 18:34:21.864040+03:00,2026-09-04 15:45:00+03:00,1.4273,48.51,47.0827
2026-08-29 18:34:21.864040+03:00,2026-09-04 16:00:00+03:00,1.381,40.07,38.689
2026-08-29 18:34:21.864040+03:00,2026-09-04 16:15:00+03:00,1.4357,41.51,40.0743
2026-08-29 18:34:21.864040+03:00,2026-09-04 16:30:00+03:00,1.4346,56.79,55.3554
2026-08-29 18:34:21.864040+03:00,2026-09-04 16:45:00+03:00,1.4174,62.37,60.9526
2026-08-29 18:34:21.864040+03:00,2026-09-04 17:00:00+03:00,1.5197,58.78,57.2603
2026-08-29 18:34:21.864040+03:00,2026-09-04 17:15:00+03:00,1.836,56.58,54.744
2026-08-29 18:34:21.864040+03:00,2026-09-04 17:30:00+03:00,2.1061,49.99,47.8839
2026-08-29 18:34:21.864040+03:00,2026-09-04 17:45:00+03:00,2.4648,50.76,48.2952
2026-08-29 18:34:21.864040+03:00,2026-09-04 18:00:00+03:00,2.7253,38.79,36.0647
2026-08-29 18:34:21.864040+03:00,2026-09-04 18:15:00+03:00,2.8579,54.5,51.6421
2026-08-29 18:34:21.864040+03:00,2026-09-04 18:30:00+03:00,3.028,70.5,67.472
2026-08-29 18:34:21.864040+03:00,2026-09-04 18:45:00+03:00,3.1889,88.27,85.08109999999999
2026-08-29 18:34:21.864040+03:00,2026-09-04 19:00:00+03:00,3.2651,72.16,68.89489999999999
2026-08-29 18:34:21.864040+03:00,2026-09-04 19:15:00+03:00,3.2498,74.9,71.65020000000001
2026-08-29 18:34:21.864040+03:00,2026-09-04 19:30:00+03:00,3.127,70.0,66.873
2026-08-29 18:34:21.864040+03:00,2026-09-04 19:45:00+03:00,3.0272,65.5,62.4728
2026-08-29 18:34:21.864040+03:00,2026-09-04 20:00:00+03:00,2.9418,74.75,71.8082
2026-08-29 18:34:21.864040+03:00,2026-09-04 20:15:00+03:00,2.8075,59.95,57.142500000000005
2026-08-29 18:34:21.864040+03:00,2026-09-04 20:30:00+03:00,2.6461,62.19,59.5439
2026-08-29 18:34:21.864040+03:00,2026-09-04 20:45:00+03:00,2.4857,50.27,47.7843
2026-08-29 18:34:21.864040+03:00,2026-09-04 21:00:00+03:00,2.407,66.19,63.783
2026-08-29 18:34:21.864040+03:00,2026-09-04 21:15:00+03:00,2.212,55.36,53.148
2026-08-29 18:34:21.864040+03:00,2026-09-04 21:30:00+03:00,2.061,38.1,36.039
2026-08-29 18:34:21.864040+03:00,2026-09-04 21:45:00+03:00,1.9685,28.88,26.9115
2026-08-29 18:34:21.864040+03:00,2026-09-04 22:00:00+03:00,1.8119,58.67,56.8581
2026-08-29 18:34:21.864040+03:00,2026-09-04 22:15:00+03:00,1.6123,38.7,37.087700000000005
2026-08-29 18:34:21.864040+03:00,2026-09-04 22:30:00+03:00,1.5281,30.34,28.8119
2026-08-29 18:34:21.864040+03:00,2026-09-04 22:45:00+03:00,1.4269,27.32,25.8931
2026-08-29 18:34:21.864040+03:00,2026-09-04 23:00:00+03:00,1.1994,47.96,46.7606
2026-08-29 18:34:21.864040+03:00,2026-09-04 23:15:00+03:00,1.0082,37.0,35.9918
2026-08-29 18:34:21.864040+03:00,2026-09-04 23:30:00+03:00,0.7364,27.99,27.2536
2026-08-29 18:34:21.864040+03:00,2026-09-04 23:45:00+03:00,0.5009,22.17,21.6691
2026-08-29 18:34:21.864040+03:00,2026-09-05 00:00:00+03:00,0.3953,37.39,36.9947
2026-08-29 18:34:21.864040+03:00,2026-09-05 00:15:00+03:00,0.3173,30.37,30.0527
2026-08-29 18:34:21.864040+03:00,2026-09-05 00:30:00+03:00,0.1547,26.44,26.285300000000003
2026-08-29 18:34:21.864040+03:00,2026-09-05 00:45:00+03:00,0.0653,10.6,10.5347
2026-08-29 18:34:21.864040+03:00,2026-09-05 01:00:00+03:00,0.0126,38.99,38.9774
2026-08-29 18:34:21.864040+03:00,2026-09-05 01:15:00+03:00,-0.0035,27.14,27.1435
2026-08-29 18:34:21.864040+03:00,2026-09-05 01:30:00+03:00,-0.0273,20.68,20.7073
2026-08-29 18:34:21.864040+03:00,2026-09-05 01:45:00+03:00,-0.0637,17.13,17.1937
2026-08-29 18:34:21.864040+03:00,2026-09-05 02:00:00+03:00,-0.0906,34.01,34.1006
2026-08-29 18:34:21.864040+03:00,2026-09-05 02:15:00+03:00,-0.1066,25.87,25.9766
2026-08-29 18:34:21.864040+03:00,2026-09-05 02:30:00+03:00,-0.143,20.74,20.883
2026-08-29 18:34:21.864040+03:00,2026-09-05 02:45:00+03:00,-0.1443,15.89,16.0343
2026-08-29 18:34:21.864040+03:00,2026-09-05 03:00:00+03:00,-0.1458,26.01,26.155800000000003
2026-08-29 18:34:21.864040+03:00,2026-09-05 03:15:00+03:00,-0.161,24.32,24.481
2026-08-29 18:34:21.864040+03:00,2026-09-05 03:30:00+03:00,-0.1358,19.79,19.9258
2026-08-29 18:34:21.864040+03:00,2026-09-05 03:45:00+03:00,-0.1347,15.32,15.4547
2026-08-29 18:34:21.864040+03:00,2026-09-05 04:00:00+03:00,-0.1475,23.7,23.8475
2026-08-29 18:34:21.864040+03:00,2026-09-05 04:15:00+03:00,-0.161,20.43,20.591
2026-08-29 18:34:21.864040+03:00,2026-09-05 04:30:00+03:00,-0.1463,18.42,18.5663
2026-08-29 18:34:21.864040+03:00,2026-09-05 04:45:00+03:00,-0.1438,14.88,15.0238
2026-08-29 18:34:21.864040+03:00,2026-09-05 05:00:00+03:00,-0.0027,22.46,22.4627
2026-08-29 18:34:21.864040+03:00,2026-09-05 05:15:00+03:00,0.0549,19.07,19.0151
2026-08-29 18:34:21.864040+03:00,2026-09-05 05:30:00+03:00,0.3415,16.39,16.0485
2026-08-29 18:34:21.864040+03:00,2026-09-05 05:45:00+03:00,0.7961,12.21,11.413900000000002
2026-08-29 18:34:21.864040+03:00,2026-09-05 06:00:00+03:00,1.1542,17.34,16.1858
2026-08-29 18:34:21.864040+03:00,2026-09-05 06:15:00+03:00,1.6333,17.37,15.7367
2026-08-29 18:34:21.864040+03:00,2026-09-05 06:30:00+03:00,2.0277,15.86,13.8323
2026-08-29 18:34:21.864040+03:00,2026-09-05 06:45:00+03:00,2.3568,14.73,12.3732
2026-08-29 18:34:21.864040+03:00,2026-09-05 07:00:00+03:00,2.6362,17.67,15.0338
2026-08-29 18:34:21.864040+03:00,2026-09-05 07:15:00+03:00,3.1713,17.51,14.3387
2026-08-29 18:34:21.864040+03:00,2026-09-05 07:30:00+03:00,3.6559,18.04,14.3841
2026-08-29 18:34:21.864040+03:00,2026-09-05 07:45:00+03:00,3.8524,18.2,14.3476
2026-08-29 18:34:21.864040+03:00,2026-09-05 08:00:00+03:00,4.2596,17.14,12.880400000000002
2026-08-29 18:34:21.864040+03:00,2026-09-05 08:15:00+03:00,4.6356,18.04,13.4044
2026-08-29 18:34:21.864040+03:00,2026-09-05 08:30:00+03:00,4.9251,18.83,13.904899999999998
2026-08-29 18:34:21.864040+03:00,2026-09-05 08:45:00+03:00,5.0158,19.65,14.6342
2026-08-29 18:34:21.864040+03:00,2026-09-05 09:00:00+03:00,5.3324,20.02,14.6876
2026-08-29 18:34:21.864040+03:00,2026-09-05 09:15:00+03:00,5.4464,18.04,12.5936
2026-08-29 18:34:21.864040+03:00,2026-09-05 09:30:00+03:00,5.2922,11.7,6.407799999999999
2026-08-29 18:34:21.864040+03:00,2026-09-05 09:45:00+03:00,5.2755,8.46,3.1845000000000008
2026-08-29 18:34:21.864040+03:00,2026-09-05 10:00:00+03:00,5.1398,14.17,9.0302
2026-08-29 18:34:21.864040+03:00,2026-09-05 10:15:00+03:00,5.1072,10.85,5.7428
2026-08-29 18:34:21.864040+03:00,2026-09-05 10:30:00+03:00,5.0911,9.29,4.198899999999999
2026-08-29 18:34:21.864040+03:00,2026-09-05 10:45:00+03:00,5.122,8.57,3.4480000000000004
2026-08-29 18:34:21.864040+03:00,2026-09-05 11:00:00+03:00,5.1191,10.4,5.2809
2026-08-29 18:34:21.864040+03:00,2026-09-05 11:15:00+03:00,5.125,9.55,4.425000000000001
2026-08-29 18:34:21.864040+03:00,2026-09-05 11:30:00+03:00,5.0897,8.39,3.300300000000001
2026-08-29 18:34:21.864040+03:00,2026-09-05 11:45:00+03:00,5.1035,7.74,2.6365
2026-08-29 18:34:21.864040+03:00,2026-09-05 12:00:00+03:00,5.1243,8.69,3.5657
2026-08-29 18:34:21.864040+03:00,2026-09-05 12:15:00+03:00,5.141,8.07,2.9290000000000003
2026-08-29 18:34:21.864040+03:00,2026-09-05 12:30:00+03:00,5.1091,7.51,2.4009
2026-08-29 18:34:21.864040+03:00,2026-09-05 12:45:00+03:00,5.1115,7.0,1.8885
2026-08-29 18:34:21.864040+03:00,2026-09-05 13:00:00+03:00,5.1149,7.0,1.8851000000000004
2026-08-29 18:34:21.864040+03:00,2026-09-05 13:15:00+03:00,5.144,6.41,1.266
2026-08-29 18:34:21.864040+03:00,2026-09-05 13:30:00+03:00,5.1043,5.31,0.2056999999999993
2026-08-29 18:34:21.864040+03:00,2026-09-05 13:45:00+03:00,5.1119,5.21,0.0980999999999996
2026-08-29 18:34:21.864040+03:00,2026-09-05 14:00:00+03:00,5.1115,5.0,0.1115000000000003
2026-08-29 18:34:21.864040+03:00,2026-09-05 14:15:00+03:00,5.1696,4.28,0.8895999999999997
2026-08-29 18:34:21.864040+03:00,2026-09-05 14:30:00+03:00,5.1327,4.0,1.1326999999999998
2026-08-29 18:34:21.864040+03:00,2026-09-05 14:45:00+03:00,5.1313,3.99,1.1413000000000002
2026-08-29 18:34:21.864040+03:00,2026-09-05 15:00:00+03:00,5.1397,3.99,1.1497000000000002
2026-08-29 18:34:21.864040+03:00,2026-09-05 15:15:00+03:00,5.2267,3.99,1.2367
2026-08-29 18:34:21.864040+03:00,2026-09-05 15:30:00+03:00,5.1481,3.64,1.5081000000000002
2026-08-29 18:34:21.864040+03:00,2026-09-05 15:45:00+03:00,5.1509,4.12,1.0309
2026-08-29 18:34:21.864040+03:00,2026-09-05 16:00:00+03:00,5.1521,3.64,1.5120999999999998
2026-08-29 18:34:21.864040+03:00,2026-09-05 16:15:00+03:00,5.239,3.99,1.2489999999999997
2026-08-29 18:34:21.864040+03:00,2026-09-05 16:30:00+03:00,5.1614,3.53,1.6314000000000006
2026-08-29 18:34:21.864040+03:00,2026-09-05 16:45:00+03:00,5.1609,4.01,1.1509
2026-08-29 18:34:21.864040+03:00,2026-09-05 17:00:00+03:00,5.1744,4.3,0.8744000000000005
2026-08-29 18:34:21.864040+03:00,2026-09-05 17:15:00+03:00,5.2569,5.0,0.2568999999999999
2026-08-29 18:34:21.864040+03:00,2026-09-05 17:30:00+03:00,5.1743,7.04,1.8657000000000004
2026-08-29 18:34:21.864040+03:00,2026-09-05 17:45:00+03:00,5.1704,8.4,3.2296000000000005
2026-08-29 18:34:21.864040+03:00,2026-09-05 18:00:00+03:00,5.1591,6.87,1.7109000000000003
2026-08-29 18:34:21.864040+03:00,2026-09-05 18:15:00+03:00,5.182,9.04,3.857999999999999
2026-08-29 18:34:21.864040+03:00,2026-09-05 18:30:00+03:00,5.1502,13.22,8.0698
2026-08-29 18:34:21.864040+03:00,2026-09-05 18:45:00+03:00,5.1638,17.68,12.5162
2026-08-29 18:34:21.864040+03:00,2026-09-05 19:00:00+03:00,5.1645,8.52,3.3555
2026-08-29 18:34:21.864040+03:00,2026-09-05 19:15:00+03:00,5.1403,11.19,6.0497
2026-08-29 18:34:21.864040+03:00,2026-09-05 19:30:00+03:00,5.1207,16.45,11.3293
2026-08-29 18:34:21.864040+03:00,2026-09-05 19:45:00+03:00,5.1439,26.36,21.2161
2026-08-29 18:34:21.864040+03:00,2026-09-05 20:00:00+03:00,5.1382,20.43,15.2918
2026-08-29 18:34:21.864040+03:00,2026-09-05 20:15:00+03:00,5.0729,20.0,14.9271
2026-08-29 18:34:21.864040+03:00,2026-09-05 20:30:00+03:00,5.0818,19.54,14.458199999999998
2026-08-29 18:34:21.864040+03:00,2026-09-05 20:45:00+03:00,5.1144,17.8,12.6856
2026-08-29 18:34:21.864040+03:00,2026-09-05 21:00:00+03:00,5.1158,20.39,15.2742
2026-08-29 18:34:21.864040+03:00,2026-09-05 21:15:00+03:00,5.1597,19.38,14.220299999999998
2026-08-29 18:34:21.864040+03:00,2026-09-05 21:30:00+03:00,5.1369,16.06,10.923099999999998
2026-08-29 18:34:21.864040+03:00,2026-09-05 21:45:00+03:00,5.1407,14.2,9.0593
2026-08-29 18:34:21.864040+03:00,2026-09-05 22:00:00+03:00,5.1364,20.0,14.8636
2026-08-29 18:34:21.864040+03:00,2026-09-05 22:15:00+03:00,5.1217,14.62,9.4983
2026-08-29 18:34:21.864040+03:00,2026-09-05 22:30:00+03:00,5.1171,13.19,8.0729
2026-08-29 18:34:21.864040+03:00,2026-09-05 22:45:00+03:00,5.1312,11.65,6.518800000000001
2026-08-29 18:34:21.864040+03:00,2026-09-05 23:00:00+03:00,5.1359,16.54,11.4041
2026-08-29 18:34:21.864040+03:00,2026-09-05 23:15:00+03:00,5.0893,11.76,6.6707
2026-08-29 18:34:21.864040+03:00,2026-09-05 23:30:00+03:00,5.0936,10.0,4.9064
2026-08-29 18:34:21.864040+03:00,2026-09-05 23:45:00+03:00,5.1277,9.57,4.4423
2026-08-30 18:17:37.824011+03:00,2026-08-31 00:00:00+03:00,18.8626,38.38,19.5174
2026-08-30 18:17:37.824011+03:00,2026-08-31 00:15:00+03:00,17.6361,35.14,17.5039
2026-08-30 18:17:37.824011+03:00,2026-08-31 00:30:00+03:00,15.66,29.48,13.82
2026-08-30 18:17:37.824011+03:00,2026-08-31 00:45:00+03:00,12.845,26.59,13.745
2026-08-30 18:17:37.824011+03:00,2026-08-31 01:00:00+03:00,10.7511,27.02,16.268900000000002
2026-08-30 18:17:37.824011+03:00,2026-08-31 01:15:00+03:00,9.4306,26.63,17.199399999999997
2026-08-30 18:17:37.824011+03:00,2026-08-31 01:30:00+03:00,8.161,26.36,18.199
2026-08-30 18:17:37.824011+03:00,2026-08-31 01:45:00+03:00,7.0798,27.75,20.6702
2026-08-30 18:17:37.824011+03:00,2026-08-31 02:00:00+03:00,5.8138,26.16,20.3462
2026-08-30 18:17:37.824011+03:00,2026-08-31 02:15:00+03:00,5.2829,26.54,21.2571
2026-08-30 18:17:37.824011+03:00,2026-08-31 02:30:00+03:00,4.9163,27.94,23.0237
2026-08-30 18:17:37.824011+03:00,2026-08-31 02:45:00+03:00,4.2008,28.0,23.7992
2026-08-30 18:17:37.824011+03:00,2026-08-31 03:00:00+03:00,3.4646,27.55,24.0854
2026-08-30 18:17:37.824011+03:00,2026-08-31 03:15:00+03:00,2.8709,27.89,25.0191
2026-08-30 18:17:37.824011+03:00,2026-08-31 03:30:00+03:00,2.318,29.96,27.642
2026-08-30 18:17:37.824011+03:00,2026-08-31 03:45:00+03:00,1.8378,31.7,29.8622
2026-08-30 18:17:37.824011+03:00,2026-08-31 04:00:00+03:00,1.6648,27.03,25.3652
2026-08-30 18:17:37.824011+03:00,2026-08-31 04:15:00+03:00,1.5424,27.52,25.9776
2026-08-30 18:17:37.824011+03:00,2026-08-31 04:30:00+03:00,1.5032,28.02,26.5168
2026-08-30 18:17:37.824011+03:00,2026-08-31 04:45:00+03:00,1.623,30.0,28.377
2026-08-30 18:17:37.824011+03:00,2026-08-31 05:00:00+03:00,1.7169,24.02,22.3031
2026-08-30 18:17:37.824011+03:00,2026-08-31 05:15:00+03:00,1.9569,26.68,24.7231
2026-08-30 18:17:37.824011+03:00,2026-08-31 05:30:00+03:00,2.1347,34.01,31.8753
2026-08-30 18:17:37.824011+03:00,2026-08-31 05:45:00+03:00,2.4832,45.28,42.796800000000005
2026-08-30 18:17:37.824011+03:00,2026-08-31 06:00:00+03:00,2.7983,17.46,14.661700000000002
2026-08-30 18:17:37.824011+03:00,2026-08-31 06:15:00+03:00,3.6049,29.49,25.8851
2026-08-30 18:17:37.824011+03:00,2026-08-31 06:30:00+03:00,4.1372,50.14,46.0028
2026-08-30 18:17:37.824011+03:00,2026-08-31 06:45:00+03:00,4.6959,77.76,73.06410000000001
2026-08-30 18:17:37.824011+03:00,2026-08-31 07:00:00+03:00,5.2929,34.26,28.9671
2026-08-30 18:17:37.824011+03:00,2026-08-31 07:15:00+03:00,7.2391,70.77,63.5309
2026-08-30 18:17:37.824011+03:00,2026-08-31 07:30:00+03:00,8.9037,102.99,94.0863
2026-08-30 18:17:37.824011+03:00,2026-08-31 07:45:00+03:00,10.3792,108.99,98.6108
2026-08-30 18:17:37.824011+03:00,2026-08-31 08:00:00+03:00,11.5517,109.42,97.8683
2026-08-30 18:17:37.824011+03:00,2026-08-31 08:15:00+03:00,12.1291,110.91,98.7809
2026-08-30 18:17:37.824011+03:00,2026-08-31 08:30:00+03:00,12.5335,112.81,100.2765
2026-08-30 18:17:37.824011+03:00,2026-08-31 08:45:00+03:00,12.4866,114.0,101.5134
2026-08-30 18:17:37.824011+03:00,2026-08-31 09:00:00+03:00,12.5019,118.47,105.9681
2026-08-30 18:17:37.824011+03:00,2026-08-31 09:15:00+03:00,12.1938,118.74,106.5462
2026-08-30 18:17:37.824011+03:00,2026-08-31 09:30:00+03:00,12.0175,117.21,105.1925
2026-08-30 18:17:37.824011+03:00,2026-08-31 09:45:00+03:00,12.0649,118.03,105.9651
2026-08-30 18:17:37.824011+03:00,2026-08-31 10:00:00+03:00,12.0564,123.14,111.0836
2026-08-30 18:17:37.824011+03:00,2026-08-31 10:15:00+03:00,11.9826,121.27,109.2874
2026-08-30 18:17:37.824011+03:00,2026-08-31 10:30:00+03:00,12.0164,112.85,100.8336
2026-08-30 18:17:37.824011+03:00,2026-08-31 10:45:00+03:00,12.0168,101.58,89.5632
2026-08-30 18:17:37.824011+03:00,2026-08-31 11:00:00+03:00,12.0025,102.05,90.0475
2026-08-30 18:17:37.824011+03:00,2026-08-31 11:15:00+03:00,11.979,91.24,79.261
2026-08-30 18:17:37.824011+03:00,2026-08-31 11:30:00+03:00,12.0071,68.36,56.3529
2026-08-30 18:17:37.824011+03:00,2026-08-31 11:45:00+03:00,12.0244,52.75,40.7256
2026-08-30 18:17:37.824011+03:00,2026-08-31 12:00:00+03:00,11.9942,70.46,58.4658
2026-08-30 18:17:37.824011+03:00,2026-08-31 12:15:00+03:00,11.9785,60.72,48.7415
2026-08-30 18:17:37.824011+03:00,2026-08-31 12:30:00+03:00,12.005,51.65,39.645
2026-08-30 18:17:37.824011+03:00,2026-08-31 12:45:00+03:00,12.0169,50.43,38.4131
2026-08-30 18:17:37.824011+03:00,2026-08-31 13:00:00+03:00,12.0063,50.35,38.3437
2026-08-30 18:17:37.824011+03:00,2026-08-31 13:15:00+03:00,12.0124,52.96,40.9476
2026-08-30 18:17:37.824011+03:00,2026-08-31 13:30:00+03:00,12.0417,50.36,38.3183
2026-08-30 18:17:37.824011+03:00,2026-08-31 13:45:00+03:00,12.0546,48.68,36.6254
2026-08-30 18:17:37.824011+03:00,2026-08-31 14:00:00+03:00,12.0245,46.47,34.4455
2026-08-30 18:17:37.824011+03:00,2026-08-31 14:15:00+03:00,12.0313,48.27,36.2387
2026-08-30 18:17:37.824011+03:00,2026-08-31 14:30:00+03:00,12.0466,50.07,38.0234
2026-08-30 18:17:37.824011+03:00,2026-08-31 14:45:00+03:00,12.0582,52.75,40.6918
2026-08-30 18:17:37.824011+03:00,2026-08-31 15:00:00+03:00,12.0077,43.43,31.4223
2026-08-30 18:17:37.824011+03:00,2026-08-31 15:15:00+03:00,12.0804,49.98,37.8996
2026-08-30 18:17:37.824011+03:00,2026-08-31 15:30:00+03:00,12.0797,54.98,42.9003
2026-08-30 18:17:37.824011+03:00,2026-08-31 15:45:00+03:00,12.0752,60.89,48.8148
2026-08-30 18:17:37.824011+03:00,2026-08-31 16:00:00+03:00,12.0524,36.14,24.0876
2026-08-30 18:17:37.824011+03:00,2026-08-31 16:15:00+03:00,12.1074,43.0,30.8926
2026-08-30 18:17:37.824011+03:00,2026-08-31 16:30:00+03:00,12.1144,72.86,60.7456
2026-08-30 18:17:37.824011+03:00,2026-08-31 16:45:00+03:00,12.0824,93.53,81.4476
2026-08-30 18:17:37.824011+03:00,2026-08-31 17:00:00+03:00,12.0848,71.0,58.9152
2026-08-30 18:17:37.824011+03:00,2026-08-31 17:15:00+03:00,12.1421,91.8,79.6579
2026-08-30 18:17:37.824011+03:00,2026-08-31 17:30:00+03:00,12.1375,109.04,96.9025
2026-08-30 18:17:37.824011+03:00,2026-08-31 17:45:00+03:00,12.1039,111.19,99.0861
2026-08-30 18:17:37.824011+03:00,2026-08-31 18:00:00+03:00,12.0546,123.04,110.9854
2026-08-30 18:17:37.824011+03:00,2026-08-31 18:15:00+03:00,12.0735,126.1,114.0265
2026-08-30 18:17:37.824011+03:00,2026-08-31 18:30:00+03:00,12.082,127.52,115.438
2026-08-30 18:17:37.824011+03:00,2026-08-31 18:45:00+03:00,12.0885,132.94,120.8515
2026-08-30 18:17:37.824011+03:00,2026-08-31 19:00:00+03:00,12.0116,133.59,121.5784
2026-08-30 18:17:37.824011+03:00,2026-08-31 19:15:00+03:00,11.9316,130.89,118.95839999999998
2026-08-30 18:17:37.824011+03:00,2026-08-31 19:30:00+03:00,11.9737,132.89,120.9163
2026-08-30 18:17:37.824011+03:00,2026-08-31 19:45:00+03:00,11.9856,112.47,100.4844
2026-08-30 18:17:37.824011+03:00,2026-08-31 20:00:00+03:00,11.9597,144.25,132.2903
2026-08-30 18:17:37.824011+03:00,2026-08-31 20:15:00+03:00,11.7822,130.84,119.0578
2026-08-30 18:17:37.824011+03:00,2026-08-31 20:30:00+03:00,11.0353,113.34,102.3047
2026-08-30 18:17:37.824011+03:00,2026-08-31 20:45:00+03:00,10.5163,88.77,78.2537
2026-08-30 18:17:37.824011+03:00,2026-08-31 21:00:00+03:00,9.9789,138.86,128.8811
2026-08-30 18:17:37.824011+03:00,2026-08-31 21:15:00+03:00,9.248,115.49,106.242
2026-08-30 18:17:37.824011+03:00,2026-08-31 21:30:00+03:00,8.2263,85.21,76.9837
2026-08-30 18:17:37.824011+03:00,2026-08-31 21:45:00+03:00,7.2563,60.47,53.2137
2026-08-30 18:17:37.824011+03:00,2026-08-31 22:00:00+03:00,6.0539,120.22,114.1661
2026-08-30 18:17:37.824011+03:00,2026-08-31 22:15:00+03:00,5.4214,119.89,114.4686
2026-08-30 18:17:37.824011+03:00,2026-08-31 22:30:00+03:00,4.6277,79.56,74.9323
2026-08-30 18:17:37.824011+03:00,2026-08-31 22:45:00+03:00,3.8555,61.66,57.8045
2026-08-30 18:17:37.824011+03:00,2026-08-31 23:00:00+03:00,2.9816,67.48,64.4984
2026-08-30 18:17:37.824011+03:00,2026-08-31 23:15:00+03:00,2.1509,60.04,57.8891
2026-08-30 18:17:37.824011+03:00,2026-08-31 23:30:00+03:00,1.4243,47.41,45.9857
2026-08-30 18:17:37.824011+03:00,2026-08-31 23:45:00+03:00,0.7936,34.37,33.5764
2026-08-30 18:17:37.824011+03:00,2026-09-01 00:00:00+03:00,0.137,53.76,53.623
2026-08-30 18:17:37.824011+03:00,2026-09-01 00:15:00+03:00,0.2854,49.71,49.4246
2026-08-30 18:17:37.824011+03:00,2026-09-01 00:30:00+03:00,0.2605,45.09,44.8295
2026-08-30 18:17:37.824011+03:00,2026-09-01 00:45:00+03:00,0.1518,35.36,35.2082
2026-08-30 18:17:37.824011+03:00,2026-09-01 01:00:00+03:00,0.1167,46.56,46.4433
2026-08-30 18:17:37.824011+03:00,2026-09-01 01:15:00+03:00,0.0825,39.86,39.7775
2026-08-30 18:17:37.824011+03:00,2026-09-01 01:30:00+03:00,0.1263,36.76,36.6337
2026-08-30 18:17:37.824011+03:00,2026-09-01 01:45:00+03:00,0.1239,30.03,29.9061
2026-08-30 18:17:37.824011+03:00,2026-09-01 02:00:00+03:00,0.1137,41.16,41.0463
2026-08-30 18:17:37.824011+03:00,2026-09-01 02:15:00+03:00,0.1145,39.13,39.0155
2026-08-30 18:17:37.824011+03:00,2026-09-01 02:30:00+03:00,0.1428,37.89,37.7472
2026-08-30 18:17:37.824011+03:00,2026-09-01 02:45:00+03:00,0.1395,36.85,36.7105
2026-08-30 18:17:37.824011+03:00,2026-09-01 03:00:00+03:00,0.1136,40.3,40.1864
2026-08-30 18:17:37.824011+03:00,2026-09-01 03:15:00+03:00,0.115,39.91,39.795
2026-08-30 18:17:37.824011+03:00,2026-09-01 03:30:00+03:00,0.1497,39.28,39.1303
2026-08-30 18:17:37.824011+03:00,2026-09-01 03:45:00+03:00,0.1396,36.87,36.7304
2026-08-30 18:17:37.824011+03:00,2026-09-01 04:00:00+03:00,0.1243,36.87,36.7457
2026-08-30 18:17:37.824011+03:00,2026-09-01 04:15:00+03:00,0.2294,35.79,35.5606
2026-08-30 18:17:37.824011+03:00,2026-09-01 04:30:00+03:00,0.3243,34.69,34.3657
2026-08-30 18:17:37.824011+03:00,2026-09-01 04:45:00+03:00,0.3114,36.18,35.8686
2026-08-30 18:17:37.824011+03:00,2026-09-01 05:00:00+03:00,0.4407,36.85,36.4093
2026-08-30 18:17:37.824011+03:00,2026-09-01 05:15:00+03:00,0.8585,36.77,35.911500000000004
2026-08-30 18:17:37.824011+03:00,2026-09-01 05:30:00+03:00,1.1449,37.18,36.0351
2026-08-30 18:17:37.824011+03:00,2026-09-01 05:45:00+03:00,1.5694,42.48,40.9106
2026-08-30 18:17:37.824011+03:00,2026-09-01 06:00:00+03:00,1.9993,31.21,29.2107
2026-08-30 18:17:37.824011+03:00,2026-09-01 06:15:00+03:00,2.3537,41.72,39.3663
2026-08-30 18:17:37.824011+03:00,2026-09-01 06:30:00+03:00,2.7993,45.15,42.3507
2026-08-30 18:17:37.824011+03:00,2026-09-01 06:45:00+03:00,3.3466,53.55,50.2034
2026-08-30 18:17:37.824011+03:00,2026-09-01 07:00:00+03:00,3.8124,22.39,18.5776
2026-08-30 18:17:37.824011+03:00,2026-09-01 07:15:00+03:00,4.7554,29.06,24.3046
2026-08-30 18:17:37.824011+03:00,2026-09-01 07:30:00+03:00,5.6338,50.0,44.3662
2026-08-30 18:17:37.824011+03:00,2026-09-01 07:45:00+03:00,6.4953,59.47,52.9747
2026-08-30 18:17:37.824011+03:00,2026-09-01 08:00:00+03:00,6.9338,50.0,43.0662
2026-08-30 18:17:37.824011+03:00,2026-09-01 08:15:00+03:00,7.7288,86.8,79.0712
2026-08-30 18:17:37.824011+03:00,2026-09-01 08:30:00+03:00,8.3828,96.19,87.8072
2026-08-30 18:17:37.824011+03:00,2026-09-01 08:45:00+03:00,8.4635,123.6,115.1365
2026-08-30 18:17:37.824011+03:00,2026-09-01 09:00:00+03:00,8.4326,127.95,119.5174
2026-08-30 18:17:37.824011+03:00,2026-09-01 09:15:00+03:00,8.1575,128.57,120.4125
2026-08-30 18:17:37.824011+03:00,2026-09-01 09:30:00+03:00,8.1701,126.54,118.3699
2026-08-30 18:17:37.824011+03:00,2026-09-01 09:45:00+03:00,8.16,128.57,120.41
2026-08-30 18:17:37.824011+03:00,2026-09-01 10:00:00+03:00,8.1556,141.32,133.1644
2026-08-30 18:17:37.824011+03:00,2026-09-01 10:15:00+03:00,8.0969,135.25,127.1531
2026-08-30 18:17:37.824011+03:00,2026-09-01 10:30:00+03:00,7.7649,139.65,131.8851
2026-08-30 18:17:37.824011+03:00,2026-09-01 10:45:00+03:00,7.8118,124.61,116.7982
2026-08-30 18:17:37.824011+03:00,2026-09-01 11:00:00+03:00,7.802,135.46,127.65800000000002
2026-08-30 18:17:37.824011+03:00,2026-09-01 11:15:00+03:00,7.8273,118.02,110.1927
2026-08-30 18:17:37.824011+03:00,2026-09-01 11:30:00+03:00,7.8445,111.14,103.2955
2026-08-30 18:17:37.824011+03:00,2026-09-01 11:45:00+03:00,7.8754,101.21,93.3346
2026-08-30 18:17:37.824011+03:00,2026-09-01 12:00:00+03:00,7.8594,108.75,100.8906
2026-08-30 18:17:37.824011+03:00,2026-09-01 12:15:00+03:00,7.8035,97.23,89.4265
2026-08-30 18:17:37.824011+03:00,2026-09-01 12:30:00+03:00,7.8378,100.97,93.1322
2026-08-30 18:17:37.824011+03:00,2026-09-01 12:45:00+03:00,7.8652,89.92,82.0548
2026-08-30 18:17:37.824011+03:00,2026-09-01 13:00:00+03:00,7.8584,105.48,97.6216
2026-08-30 18:17:37.824011+03:00,2026-09-01 13:15:00+03:00,7.8096,103.41,95.6004
2026-08-30 18:17:37.824011+03:00,2026-09-01 13:30:00+03:00,7.8446,99.08,91.2354
2026-08-30 18:17:37.824011+03:00,2026-09-01 13:45:00+03:00,7.8718,86.38,78.50819999999999
2026-08-30 18:17:37.824011+03:00,2026-09-01 14:00:00+03:00,7.8609,105.76,97.8991
2026-08-30 18:17:37.824011+03:00,2026-09-01 14:15:00+03:00,7.8303,104.24,96.4097
2026-08-30 18:17:37.824011+03:00,2026-09-01 14:30:00+03:00,7.8678,94.56,86.6922
2026-08-30 18:17:37.824011+03:00,2026-09-01 14:45:00+03:00,7.8921,81.25,73.3579
2026-08-30 18:17:37.824011+03:00,2026-09-01 15:00:00+03:00,7.9085,85.09,77.1815
2026-08-30 18:17:37.824011+03:00,2026-09-01 15:15:00+03:00,7.9789,86.91,78.9311
2026-08-30 18:17:37.824011+03:00,2026-09-01 15:30:00+03:00,7.9786,95.39,87.4114
2026-08-30 18:17:37.824011+03:00,2026-09-01 15:45:00+03:00,7.9639,92.85,84.8861
2026-08-30 18:17:37.824011+03:00,2026-09-01 16:00:00+03:00,7.9318,85.3,77.3682
2026-08-30 18:17:37.824011+03:00,2026-09-01 16:15:00+03:00,7.9962,102.78,94.7838
2026-08-30 18:17:37.824011+03:00,2026-09-01 16:30:00+03:00,7.9892,92.56,84.5708
2026-08-30 18:17:37.824011+03:00,2026-09-01 16:45:00+03:00,7.9712,103.95,95.9788
2026-08-30 18:17:37.824011+03:00,2026-09-01 17:00:00+03:00,7.9611,70.14,62.1789
2026-08-30 18:17:37.824011+03:00,2026-09-01 17:15:00+03:00,8.0237,86.18,78.1563
2026-08-30 18:17:37.824011+03:00,2026-09-01 17:30:00+03:00,8.0071,104.99,96.9829
2026-08-30 18:17:37.824011+03:00,2026-09-01 17:45:00+03:00,7.9782,111.29,103.3118
2026-08-30 18:17:37.824011+03:00,2026-09-01 18:00:00+03:00,7.9249,107.48,99.5551
2026-08-30 18:17:37.824011+03:00,2026-09-01 18:15:00+03:00,7.9401,114.79,106.8499
2026-08-30 18:17:37.824011+03:00,2026-09-01 18:30:00+03:00,7.9492,108.25,100.3008
2026-08-30 18:17:37.824011+03:00,2026-09-01 18:45:00+03:00,7.9416,119.56,111.6184
2026-08-30 18:17:37.824011+03:00,2026-09-01 19:00:00+03:00,7.8978,116.88,108.9822
2026-08-30 18:17:37.824011+03:00,2026-09-01 19:15:00+03:00,7.8397,125.38,117.5403
2026-08-30 18:17:37.824011+03:00,2026-09-01 19:30:00+03:00,7.8445,115.99,108.1455
2026-08-30 18:17:37.824011+03:00,2026-09-01 19:45:00+03:00,7.8743,101.72,93.8457
2026-08-30 18:17:37.824011+03:00,2026-09-01 20:00:00+03:00,7.8642,114.54,106.6758
2026-08-30 18:17:37.824011+03:00,2026-09-01 20:15:00+03:00,7.6419,108.99,101.3481
2026-08-30 18:17:37.824011+03:00,2026-09-01 20:30:00+03:00,7.3167,87.38,80.0633
2026-08-30 18:17:37.824011+03:00,2026-09-01 20:45:00+03:00,7.2676,70.08,62.8124
2026-08-30 18:17:37.824011+03:00,2026-09-01 21:00:00+03:00,6.9824,97.39,90.4076
2026-08-30 18:17:37.824011+03:00,2026-09-01 21:15:00+03:00,7.0402,68.76,61.719800000000006
2026-08-30 18:17:37.824011+03:00,2026-09-01 21:30:00+03:00,7.0608,54.69,47.6292
2026-08-30 18:17:37.824011+03:00,2026-09-01 21:45:00+03:00,7.0685,41.99,34.9215
2026-08-30 18:17:37.824011+03:00,2026-09-01 22:00:00+03:00,7.0811,61.62,54.5389
2026-08-30 18:17:37.824011+03:00,2026-09-01 22:15:00+03:00,7.0506,58.58,51.5294
2026-08-30 18:17:37.824011+03:00,2026-09-01 22:30:00+03:00,7.0342,55.32,48.2858
2026-08-30 18:17:37.824011+03:00,2026-09-01 22:45:00+03:00,7.0467,45.0,37.9533
2026-08-30 18:17:37.824011+03:00,2026-09-01 23:00:00+03:00,7.0801,60.19,53.1099
2026-08-30 18:17:37.824011+03:00,2026-09-01 23:15:00+03:00,7.004,45.36,38.356
2026-08-30 18:17:37.824011+03:00,2026-09-01 23:30:00+03:00,6.9977,39.36,32.3623
2026-08-30 18:17:37.824011+03:00,2026-09-01 23:45:00+03:00,7.0217,41.83,34.8083
2026-08-30 18:17:37.824011+03:00,2026-09-02 00:00:00+03:00,7.06,40.87,33.809999999999995
2026-08-30 18:17:37.824011+03:00,2026-09-02 00:15:00+03:00,7.0332,41.74,34.7068
2026-08-30 18:17:37.824011+03:00,2026-09-02 00:30:00+03:00,6.9993,45.36,38.3607
2026-08-30 18:17:37.824011+03:00,2026-09-02 00:45:00+03:00,7.031,32.55,25.519
2026-08-30 18:17:37.824011+03:00,2026-09-02 01:00:00+03:00,7.0731,37.94,30.8669
2026-08-30 18:17:37.824011+03:00,2026-09-02 01:15:00+03:00,7.0684,39.79,32.7216
2026-08-30 18:17:37.824011+03:00,2026-09-02 01:30:00+03:00,7.0352,38.57,31.5348
2026-08-30 18:17:37.824011+03:00,2026-09-02 01:45:00+03:00,7.0552,39.09,32.034800000000004
2026-08-30 18:17:37.824011+03:00,2026-09-02 02:00:00+03:00,7.1,41.0,33.9
2026-08-30 18:17:37.824011+03:00,2026-09-02 02:15:00+03:00,7.1147,36.97,29.8553
2026-08-30 18:17:37.824011+03:00,2026-09-02 02:30:00+03:00,7.0878,35.1,28.0122
2026-08-30 18:17:37.824011+03:00,2026-09-02 02:45:00+03:00,7.0873,34.13,27.042700000000004
2026-08-30 18:17:37.824011+03:00,2026-09-02 03:00:00+03:00,7.1046,34.2,27.095400000000005
2026-08-30 18:17:37.824011+03:00,2026-09-02 03:15:00+03:00,7.1172,34.07,26.9528
2026-08-30 18:17:37.824011+03:00,2026-09-02 03:30:00+03:00,7.0889,35.81,28.721100000000003
2026-08-30 18:17:37.824011+03:00,2026-09-02 03:45:00+03:00,7.0909,36.56,29.4691
2026-08-30 18:17:37.824011+03:00,2026-09-02 04:00:00+03:00,7.1333,35.13,27.996700000000004
2026-08-30 18:17:37.824011+03:00,2026-09-02 04:15:00+03:00,7.2473,35.74,28.492700000000003
2026-08-30 18:17:37.824011+03:00,2026-09-02 04:30:00+03:00,7.1675,37.36,30.1925
2026-08-30 18:17:37.824011+03:00,2026-09-02 04:45:00+03:00,7.1655,37.54,30.3745
2026-08-30 18:17:37.824011+03:00,2026-09-02 05:00:00+03:00,7.3351,34.31,26.9749
2026-08-30 18:17:37.824011+03:00,2026-09-02 05:15:00+03:00,8.413,35.34,26.927000000000003
2026-08-30 18:17:37.824011+03:00,2026-09-02 05:30:00+03:00,9.2874,37.33,28.0426
2026-08-30 18:17:37.824011+03:00,2026-09-02 05:45:00+03:00,9.8535,42.55,32.6965
2026-08-30 18:17:37.824011+03:00,2026-09-02 06:00:00+03:00,10.5398,35.36,24.8202
2026-08-30 18:17:37.824011+03:00,2026-09-02 06:15:00+03:00,11.3154,41.72,30.4046
2026-08-30 18:17:37.824011+03:00,2026-09-02 06:30:00+03:00,11.7861,53.33,41.5439
2026-08-30 18:17:37.824011+03:00,2026-09-02 06:45:00+03:00,11.9492,68.78,56.8308
2026-08-30 18:17:37.824011+03:00,2026-09-02 07:00:00+03:00,12.7516,46.77,34.0184
2026-08-30 18:17:37.824011+03:00,2026-09-02 07:15:00+03:00,13.1356,47.42,34.284400000000005
2026-08-30 18:17:37.824011+03:00,2026-09-02 07:30:00+03:00,13.5564,52.42,38.863600000000005
2026-08-30 18:17:37.824011+03:00,2026-09-02 07:45:00+03:00,14.0397,62.3,48.2603
2026-08-30 18:17:37.824011+03:00,2026-09-02 08:00:00+03:00,14.3769,48.28,33.9031
2026-08-30 18:17:37.824011+03:00,2026-09-02 08:15:00+03:00,14.9722,69.46,54.48779999999999
2026-08-30 18:17:37.824011+03:00,2026-09-02 08:30:00+03:00,15.6671,76.24,60.5729
2026-08-30 18:17:37.824011+03:00,2026-09-02 08:45:00+03:00,15.8813,81.89,66.0087
2026-08-30 18:17:37.824011+03:00,2026-09-02 09:00:00+03:00,16.38,72.82,56.44
2026-08-30 18:17:37.824011+03:00,2026-09-02 09:15:00+03:00,16.6728,84.17,67.4972
2026-08-30 18:17:37.824011+03:00,2026-09-02 09:30:00+03:00,16.3591,81.15,64.79090000000001
2026-08-30 18:17:37.824011+03:00,2026-09-02 09:45:00+03:00,16.3909,97.87,81.4791
2026-08-30 18:17:37.824011+03:00,2026-09-02 10:00:00+03:00,16.4011,100.0,83.5989
2026-08-30 18:17:37.824011+03:00,2026-09-02 10:15:00+03:00,16.3602,99.99,83.62979999999999
2026-08-30 18:17:37.824011+03:00,2026-09-02 10:30:00+03:00,16.3915,100.0,83.60849999999999
2026-08-30 18:17:37.824011+03:00,2026-09-02 10:45:00+03:00,16.3932,93.61,77.2168
2026-08-30 18:17:37.824011+03:00,2026-09-02 11:00:00+03:00,16.4069,92.89,76.48310000000001
2026-08-30 18:17:37.824011+03:00,2026-09-02 11:15:00+03:00,16.3493,77.24,60.8907
2026-08-30 18:17:37.824011+03:00,2026-09-02 11:30:00+03:00,16.3773,61.97,45.5927
2026-08-30 18:17:37.824011+03:00,2026-09-02 11:45:00+03:00,16.3842,49.13,32.7458
2026-08-30 18:17:37.824011+03:00,2026-09-02 12:00:00+03:00,16.3842,77.08,60.6958
2026-08-30 18:17:37.824011+03:00,2026-09-02 12:15:00+03:00,16.3394,50.62,34.28059999999999
2026-08-30 18:17:37.824011+03:00,2026-09-02 12:30:00+03:00,16.3679,47.9,31.5321
2026-08-30 18:17:37.824011+03:00,2026-09-02 12:45:00+03:00,16.3767,39.65,23.2733
2026-08-30 18:17:37.824011+03:00,2026-09-02 13:00:00+03:00,16.3944,54.76,38.3656
2026-08-30 18:17:37.824011+03:00,2026-09-02 13:15:00+03:00,16.3588,46.58,30.2212
2026-08-30 18:17:37.824011+03:00,2026-09-02 13:30:00+03:00,16.3934,39.36,22.9666
2026-08-30 18:17:37.824011+03:00,2026-09-02 13:45:00+03:00,16.4023,28.84,12.4377
2026-08-30 18:17:37.824011+03:00,2026-09-02 14:00:00+03:00,16.4175,41.97,25.5525
2026-08-30 18:17:37.824011+03:00,2026-09-02 14:15:00+03:00,16.4081,41.44,25.0319
2026-08-30 18:17:37.824011+03:00,2026-09-02 14:30:00+03:00,16.427,39.43,23.003
2026-08-30 18:17:37.824011+03:00,2026-09-02 14:45:00+03:00,16.4317,34.51,18.0783
2026-08-30 18:17:37.824011+03:00,2026-09-02 15:00:00+03:00,16.4462,39.89,23.4438
2026-08-30 18:17:37.824011+03:00,2026-09-02 15:15:00+03:00,16.5124,42.83,26.3176
2026-08-30 18:17:37.824011+03:00,2026-09-02 15:30:00+03:00,16.5182,43.9,27.3818
2026-08-30 18:17:37.824011+03:00,2026-09-02 15:45:00+03:00,16.5057,43.64,27.1343
2026-08-30 18:17:37.824011+03:00,2026-09-02 16:00:00+03:00,16.4734,35.84,19.3666
2026-08-30 18:17:37.824011+03:00,2026-09-02 16:15:00+03:00,16.4984,37.61,21.1116
2026-08-30 18:17:37.824011+03:00,2026-09-02 16:30:00+03:00,16.5162,44.86,28.3438
2026-08-30 18:17:37.824011+03:00,2026-09-02 16:45:00+03:00,16.508,50.92,34.412000000000006
2026-08-30 18:17:37.824011+03:00,2026-09-02 17:00:00+03:00,16.5177,27.99,11.472299999999995
2026-08-30 18:17:37.824011+03:00,2026-09-02 17:15:00+03:00,16.5436,39.8,23.2564
2026-08-30 18:17:37.824011+03:00,2026-09-02 17:30:00+03:00,16.5506,41.7,25.149400000000004
2026-08-30 18:17:37.824011+03:00,2026-09-02 17:45:00+03:00,16.5397,67.28,50.740300000000005
2026-08-30 18:17:37.824011+03:00,2026-09-02 18:00:00+03:00,16.5075,38.18,21.6725
2026-08-30 18:17:37.824011+03:00,2026-09-02 18:15:00+03:00,16.4996,64.4,47.900400000000005
2026-08-30 18:17:37.824011+03:00,2026-09-02 18:30:00+03:00,16.508,79.99,63.482
2026-08-30 18:17:37.824011+03:00,2026-09-02 18:45:00+03:00,16.5121,98.36,81.8479
2026-08-30 18:17:37.824011+03:00,2026-09-02 19:00:00+03:00,16.4919,89.74,73.2481
2026-08-30 18:17:37.824011+03:00,2026-09-02 19:15:00+03:00,16.3933,68.03,51.636700000000005
2026-08-30 18:17:37.824011+03:00,2026-09-02 19:30:00+03:00,16.4389,74.66,58.22109999999999
2026-08-30 18:17:37.824011+03:00,2026-09-02 19:45:00+03:00,16.4661,73.44,56.9739
2026-08-30 18:17:37.824011+03:00,2026-09-02 20:00:00+03:00,16.4453,80.41,63.96469999999999
2026-08-30 18:17:37.824011+03:00,2026-09-02 20:15:00+03:00,16.1342,61.19,45.0558
2026-08-30 18:17:37.824011+03:00,2026-09-02 20:30:00+03:00,15.865,59.01,43.145
2026-08-30 18:17:37.824011+03:00,2026-09-02 20:45:00+03:00,15.8986,51.84,35.9414
2026-08-30 18:17:37.824011+03:00,2026-09-02 21:00:00+03:00,15.9451,69.34,53.39490000000001
2026-08-30 18:17:37.824011+03:00,2026-09-02 21:15:00+03:00,16.0066,55.28,39.2734
2026-08-30 18:17:37.824011+03:00,2026-09-02 21:30:00+03:00,16.0691,47.66,31.5909
2026-08-30 18:17:37.824011+03:00,2026-09-02 21:45:00+03:00,16.0672,39.27,23.202800000000003
2026-08-30 18:17:37.824011+03:00,2026-09-02 22:00:00+03:00,16.038,54.22,38.182
2026-08-30 18:17:37.824011+03:00,2026-09-02 22:15:00+03:00,15.9006,51.46,35.5594
2026-08-30 18:17:37.824011+03:00,2026-09-02 22:30:00+03:00,15.966,42.38,26.414
2026-08-30 18:17:37.824011+03:00,2026-09-02 22:45:00+03:00,16.0,36.44,20.44
2026-08-30 18:17:37.824011+03:00,2026-09-02 23:00:00+03:00,16.1028,43.88,27.777200000000004
2026-08-30 18:17:37.824011+03:00,2026-09-02 23:15:00+03:00,15.8459,41.77,25.924100000000003
2026-08-30 18:17:37.824011+03:00,2026-09-02 23:30:00+03:00,15.922,37.77,21.848000000000003
2026-08-30 18:17:37.824011+03:00,2026-09-02 23:45:00+03:00,15.9927,32.41,16.417299999999997
2026-08-30 18:17:37.824011+03:00,2026-09-03 00:00:00+03:00,16.0218,38.26,22.2382
2026-08-30 18:17:37.824011+03:00,2026-09-03 00:15:00+03:00,15.9885,34.36,18.3715
2026-08-30 18:17:37.824011+03:00,2026-09-03 00:30:00+03:00,16.0474,29.63,13.5826
2026-08-30 18:17:37.824011+03:00,2026-09-03 00:45:00+03:00,16.0779,26.08,10.0021
2026-08-30 18:17:37.824011+03:00,2026-09-03 01:00:00+03:00,16.0531,26.15,10.096899999999998
2026-08-30 18:17:37.824011+03:00,2026-09-03 01:15:00+03:00,15.9642,24.6,8.635800000000001
2026-08-30 18:17:37.824011+03:00,2026-09-03 01:30:00+03:00,15.9883,22.47,6.481699999999998
2026-08-30 18:17:37.824011+03:00,2026-09-03 01:45:00+03:00,16.0246,20.56,4.535399999999999
2026-08-30 18:17:37.824011+03:00,2026-09-03 02:00:00+03:00,16.0298,24.99,8.960199999999997
2026-08-30 18:17:37.824011+03:00,2026-09-03 02:15:00+03:00,16.0268,23.67,7.6432
2026-08-30 18:17:37.824011+03:00,2026-09-03 02:30:00+03:00,16.0653,22.04,5.974699999999999
2026-08-30 18:17:37.824011+03:00,2026-09-03 02:45:00+03:00,16.0746,22.42,6.3454000000000015
2026-08-30 18:17:37.824011+03:00,2026-09-03 03:00:00+03:00,16.0428,24.08,8.037199999999999
2026-08-30 18:17:37.824011+03:00,2026-09-03 03:15:00+03:00,16.0492,24.06,8.0108
2026-08-30 18:17:37.824011+03:00,2026-09-03 03:30:00+03:00,16.0792,23.09,7.0108
2026-08-30 18:17:37.824011+03:00,2026-09-03 03:45:00+03:00,16.0795,21.71,5.630500000000001
2026-08-30 18:17:37.824011+03:00,2026-09-03 04:00:00+03:00,16.0792,24.33,8.250799999999998
2026-08-30 18:17:37.824011+03:00,2026-09-03 04:15:00+03:00,16.2102,23.1,6.889800000000001
2026-08-30 18:17:37.824011+03:00,2026-09-03 04:30:00+03:00,16.1804,22.76,6.579600000000003
2026-08-30 18:17:37.824011+03:00,2026-09-03 04:45:00+03:00,16.1864,22.75,6.563600000000001
2026-08-30 18:17:37.824011+03:00,2026-09-03 05:00:00+03:00,16.1033,20.81,4.706699999999998
2026-08-30 18:17:37.824011+03:00,2026-09-03 05:15:00+03:00,16.3834,22.73,6.346599999999999
2026-08-30 18:17:37.824011+03:00,2026-09-03 05:30:00+03:00,16.6446,24.48,7.8354
2026-08-30 18:17:37.824011+03:00,2026-09-03 05:45:00+03:00,16.5778,25.44,8.862200000000001
2026-08-30 18:17:37.824011+03:00,2026-09-03 06:00:00+03:00,16.527,16.0,0.527000000000001
2026-08-30 18:17:37.824011+03:00,2026-09-03 06:15:00+03:00,16.8162,23.42,6.603800000000003
2026-08-30 18:17:37.824011+03:00,2026-09-03 06:30:00+03:00,17.1112,28.56,11.4488
2026-08-30 18:17:37.824011+03:00,2026-09-03 06:45:00+03:00,17.0594,34.58,17.520599999999998
2026-08-30 18:17:37.824011+03:00,2026-09-03 07:00:00+03:00,16.9641,22.19,5.225900000000003
2026-08-30 18:17:37.824011+03:00,2026-09-03 07:15:00+03:00,17.1738,28.27,11.0962
2026-08-30 18:17:37.824011+03:00,2026-09-03 07:30:00+03:00,17.0868,34.61,17.5232
2026-08-30 18:17:37.824011+03:00,2026-09-03 07:45:00+03:00,17.0511,44.64,27.5889
2026-08-30 18:17:37.824011+03:00,2026-09-03 08:00:00+03:00,16.9559,20.57,3.614100000000001
2026-08-30 18:17:37.824011+03:00,2026-09-03 08:15:00+03:00,17.0256,31.23,14.2044
2026-08-30 18:17:37.824011+03:00,2026-09-03 08:30:00+03:00,16.9891,37.07,20.0809
2026-08-30 18:17:37.824011+03:00,2026-09-03 08:45:00+03:00,17.008,47.97,30.962
2026-08-30 18:17:37.824011+03:00,2026-09-03 09:00:00+03:00,16.9445,27.99,11.045499999999995
2026-08-30 18:17:37.824011+03:00,2026-09-03 09:15:00+03:00,16.7889,31.75,14.961099999999998
2026-08-30 18:17:37.824011+03:00,2026-09-03 09:30:00+03:00,16.8184,53.09,36.27160000000001
2026-08-30 18:17:37.824011+03:00,2026-09-03 09:45:00+03:00,16.8588,51.67,34.8112
2026-08-30 18:17:37.824011+03:00,2026-09-03 10:00:00+03:00,16.8647,49.32,32.4553
2026-08-30 18:17:37.824011+03:00,2026-09-03 10:15:00+03:00,16.8178,48.8,31.9822
2026-08-30 18:17:37.824011+03:00,2026-09-03 10:30:00+03:00,16.8601,42.25,25.3899
2026-08-30 18:17:37.824011+03:00,2026-09-03 10:45:00+03:00,16.8652,49.99,33.1248
2026-08-30 18:17:37.824011+03:00,2026-09-03 11:00:00+03:00,16.8636,52.82,35.9564
2026-08-30 18:17:37.824011+03:00,2026-09-03 11:15:00+03:00,16.8011,48.26,31.4589
2026-08-30 18:17:37.824011+03:00,2026-09-03 11:30:00+03:00,16.8353,50.0,33.1647
2026-08-30 18:17:37.824011+03:00,2026-09-03 11:45:00+03:00,16.8367,42.29,25.4533
2026-08-30 18:17:37.824011+03:00,2026-09-03 12:00:00+03:00,16.8642,50.8,33.9358
2026-08-30 18:17:37.824011+03:00,2026-09-03 12:15:00+03:00,16.803,46.37,29.567
2026-08-30 18:17:37.824011+03:00,2026-09-03 12:30:00+03:00,16.8382,39.41,22.5718
2026-08-30 18:17:37.824011+03:00,2026-09-03 12:45:00+03:00,16.845,36.5,19.655
2026-08-30 18:17:37.824011+03:00,2026-09-03 13:00:00+03:00,16.8838,48.21,31.3262
2026-08-30 18:17:37.824011+03:00,2026-09-03 13:15:00+03:00,16.8362,47.6,30.7638
2026-08-30 18:17:37.824011+03:00,2026-09-03 13:30:00+03:00,16.8704,36.88,20.0096
2026-08-30 18:17:37.824011+03:00,2026-09-03 13:45:00+03:00,16.877,32.88,16.003000000000004
2026-08-30 18:17:37.824011+03:00,2026-09-03 14:00:00+03:00,16.8874,41.18,24.2926
2026-08-30 18:17:37.824011+03:00,2026-09-03 14:15:00+03:00,16.8541,36.54,19.6859
2026-08-30 18:17:37.824011+03:00,2026-09-03 14:30:00+03:00,16.8751,30.49,13.6149
2026-08-30 18:17:37.824011+03:00,2026-09-03 14:45:00+03:00,16.8799,32.42,15.540100000000002
2026-08-30 18:17:37.824011+03:00,2026-09-03 15:00:00+03:00,16.863,31.45,14.587
2026-08-30 18:17:37.824011+03:00,2026-09-03 15:15:00+03:00,16.89,30.0,13.11
2026-08-30 18:17:37.824011+03:00,2026-09-03 15:30:00+03:00,16.9065,37.4,20.4935
2026-08-30 18:17:37.824011+03:00,2026-09-03 15:45:00+03:00,16.8973,42.99,26.0927
2026-08-30 18:17:37.824011+03:00,2026-09-03 16:00:00+03:00,16.8886,27.06,10.171399999999998
2026-08-30 18:17:37.824011+03:00,2026-09-03 16:15:00+03:00,16.8985,29.99,13.0915
2026-08-30 18:17:37.824011+03:00,2026-09-03 16:30:00+03:00,16.9199,39.05,22.1301
2026-08-30 18:17:37.824011+03:00,2026-09-03 16:45:00+03:00,16.9037,49.16,32.2563
2026-08-30 18:17:37.824011+03:00,2026-09-03 17:00:00+03:00,16.9129,28.0,11.0871
2026-08-30 18:17:37.824011+03:00,2026-09-03 17:15:00+03:00,16.9134,36.6,19.6866
2026-08-30 18:17:37.824011+03:00,2026-09-03 17:30:00+03:00,16.9037,44.69,27.7863
2026-08-30 18:17:37.824011+03:00,2026-09-03 17:45:00+03:00,16.8745,50.0,33.1255
2026-08-30 18:17:37.824011+03:00,2026-09-03 18:00:00+03:00,16.8703,32.85,15.9797
2026-08-30 18:17:37.824011+03:00,2026-09-03 18:15:00+03:00,16.818,39.71,22.892
2026-08-30 18:17:37.824011+03:00,2026-09-03 18:30:00+03:00,16.8484,49.13,32.2816
2026-08-30 18:17:37.824011+03:00,2026-09-03 18:45:00+03:00,16.8473,59.82,42.9727
2026-08-30 18:17:37.824011+03:00,2026-09-03 19:00:00+03:00,16.896,47.79,30.894
2026-08-30 18:17:37.824011+03:00,2026-09-03 19:15:00+03:00,16.7594,58.98,42.2206
2026-08-30 18:17:37.824011+03:00,2026-09-03 19:30:00+03:00,16.8211,60.29,43.4689
2026-08-30 18:17:37.824011+03:00,2026-09-03 19:45:00+03:00,16.8379,71.33,54.49209999999999
2026-08-30 18:17:37.824011+03:00,2026-09-03 20:00:00+03:00,16.829,70.14,53.311
2026-08-30 18:17:37.824011+03:00,2026-09-03 20:15:00+03:00,16.5787,67.6,51.0213
2026-08-30 18:17:37.824011+03:00,2026-09-03 20:30:00+03:00,16.2709,59.9,43.6291
2026-08-30 18:17:37.824011+03:00,2026-09-03 20:45:00+03:00,15.8919,51.93,36.0381
2026-08-30 18:17:37.824011+03:00,2026-09-03 21:00:00+03:00,15.9639,67.33,51.3661
2026-08-30 18:17:37.824011+03:00,2026-09-03 21:15:00+03:00,15.9924,63.09,47.0976
2026-08-30 18:17:37.824011+03:00,2026-09-03 21:30:00+03:00,16.0765,61.61,45.5335
2026-08-30 18:17:37.824011+03:00,2026-09-03 21:45:00+03:00,16.0962,48.03,31.9338
2026-08-30 18:17:37.824011+03:00,2026-09-03 22:00:00+03:00,16.0504,60.83,44.7796
2026-08-30 18:17:37.824011+03:00,2026-09-03 22:15:00+03:00,15.9071,60.56,44.6529
2026-08-30 18:17:37.824011+03:00,2026-09-03 22:30:00+03:00,15.9771,48.24,32.2629
2026-08-30 18:17:37.824011+03:00,2026-09-03 22:45:00+03:00,16.012,35.84,19.828000000000003
2026-08-30 18:17:37.824011+03:00,2026-09-03 23:00:00+03:00,16.0906,48.09,31.999400000000005
2026-08-30 18:17:37.824011+03:00,2026-09-03 23:15:00+03:00,15.8243,42.01,26.1857
2026-08-30 18:17:37.824011+03:00,2026-09-03 23:30:00+03:00,15.9133,29.03,13.116700000000002
2026-08-30 18:17:37.824011+03:00,2026-09-03 23:45:00+03:00,15.9795,21.12,5.140500000000001
2026-08-30 18:17:37.824011+03:00,2026-09-04 00:00:00+03:00,16.036,47.3,31.264
2026-08-30 18:17:37.824011+03:00,2026-09-04 00:15:00+03:00,16.0017,38.95,22.948300000000003
2026-08-30 18:17:37.824011+03:00,2026-09-04 00:30:00+03:00,16.0409,37.44,21.3991
2026-08-30 18:17:37.824011+03:00,2026-09-04 00:45:00+03:00,16.0567,19.99,3.933299999999999
2026-08-30 18:17:37.824011+03:00,2026-09-04 01:00:00+03:00,16.0617,38.91,22.8483
2026-08-30 18:17:37.824011+03:00,2026-09-04 01:15:00+03:00,15.9589,34.87,18.9111
2026-08-30 18:17:37.824011+03:00,2026-09-04 01:30:00+03:00,15.9833,31.68,15.6967
2026-08-30 18:17:37.824011+03:00,2026-09-04 01:45:00+03:00,16.0029,29.2,13.1971
2026-08-30 18:17:37.824011+03:00,2026-09-04 02:00:00+03:00,16.0481,39.82,23.7719
2026-08-30 18:17:37.824011+03:00,2026-09-04 02:15:00+03:00,16.0393,35.54,19.5007
2026-08-30 18:17:37.824011+03:00,2026-09-04 02:30:00+03:00,16.0658,30.2,14.1342
2026-08-30 18:17:37.824011+03:00,2026-09-04 02:45:00+03:00,16.0791,27.83,11.750899999999998
2026-08-30 18:17:37.824011+03:00,2026-09-04 03:00:00+03:00,16.0742,38.42,22.3458
2026-08-30 18:17:37.824011+03:00,2026-09-04 03:15:00+03:00,16.0664,37.85,21.7836
2026-08-30 18:17:37.824011+03:00,2026-09-04 03:30:00+03:00,16.0986,32.7,16.6014
2026-08-30 18:17:37.824011+03:00,2026-09-04 03:45:00+03:00,16.1004,28.0,11.8996
2026-08-30 18:17:37.824011+03:00,2026-09-04 04:00:00+03:00,16.116,30.42,14.304000000000002
2026-08-30 18:17:37.824011+03:00,2026-09-04 04:15:00+03:00,16.2452,35.63,19.3848
2026-08-30 18:17:37.824011+03:00,2026-09-04 04:30:00+03:00,16.2099,32.99,16.7801
2026-08-30 18:17:37.824011+03:00,2026-09-04 04:45:00+03:00,16.2116,34.68,18.4684
2026-08-30 18:17:37.824011+03:00,2026-09-04 05:00:00+03:00,16.1308,33.04,16.9092
2026-08-30 18:17:37.824011+03:00,2026-09-04 05:15:00+03:00,16.3983,32.77,16.371700000000004
2026-08-30 18:17:37.824011+03:00,2026-09-04 05:30:00+03:00,16.6636,29.6,12.936400000000004
2026-08-30 18:17:37.824011+03:00,2026-09-04 05:45:00+03:00,16.5792,38.03,21.4508
2026-08-30 18:17:37.824011+03:00,2026-09-04 06:00:00+03:00,16.5782,16.22,0.3582000000000001
2026-08-30 18:17:37.824011+03:00,2026-09-04 06:15:00+03:00,16.8644,24.92,8.055600000000002
2026-08-30 18:17:37.824011+03:00,2026-09-04 06:30:00+03:00,17.1629,44.28,27.1171
2026-08-30 18:17:37.824011+03:00,2026-09-04 06:45:00+03:00,17.1095,71.48,54.37050000000001
2026-08-30 18:17:37.824011+03:00,2026-09-04 07:00:00+03:00,16.9798,28.0,11.0202
2026-08-30 18:17:37.824011+03:00,2026-09-04 07:15:00+03:00,17.1933,40.44,23.2467
2026-08-30 18:17:37.824011+03:00,2026-09-04 07:30:00+03:00,17.1139,72.37,55.2561
2026-08-30 18:17:37.824011+03:00,2026-09-04 07:45:00+03:00,17.0625,86.7,69.6375
2026-08-30 18:17:37.824011+03:00,2026-09-04 08:00:00+03:00,16.9678,78.74,61.7722
2026-08-30 18:17:37.824011+03:00,2026-09-04 08:15:00+03:00,17.0457,94.51,77.46430000000001
2026-08-30 18:17:37.824011+03:00,2026-09-04 08:30:00+03:00,16.9964,101.81,84.81360000000001
2026-08-30 18:17:37.824011+03:00,2026-09-04 08:45:00+03:00,17.0173,112.92,95.9027
2026-08-30 18:17:37.824011+03:00,2026-09-04 09:00:00+03:00,16.9724,95.98,79.0076
2026-08-30 18:17:37.824011+03:00,2026-09-04 09:15:00+03:00,16.7991,82.89,66.0909
2026-08-30 18:17:37.824011+03:00,2026-09-04 09:30:00+03:00,16.8277,97.25,80.4223
2026-08-30 18:17:37.824011+03:00,2026-09-04 09:45:00+03:00,16.8782,95.54,78.6618
2026-08-30 18:17:37.824011+03:00,2026-09-04 10:00:00+03:00,16.879,86.02,69.14099999999999
2026-08-30 18:17:37.824011+03:00,2026-09-04 10:15:00+03:00,16.8263,90.8,73.9737
2026-08-30 18:17:37.824011+03:00,2026-09-04 10:30:00+03:00,16.8688,101.01,84.1412
2026-08-30 18:17:37.824011+03:00,2026-09-04 10:45:00+03:00,16.8685,100.62,83.75150000000001
2026-08-30 18:17:37.824011+03:00,2026-09-04 11:00:00+03:00,16.8612,111.39,94.5288
2026-08-30 18:17:37.824011+03:00,2026-09-04 11:15:00+03:00,16.7829,100.86,84.0771
2026-08-30 18:17:37.824011+03:00,2026-09-04 11:30:00+03:00,16.7989,91.85,75.05109999999999
2026-08-30 18:17:37.824011+03:00,2026-09-04 11:45:00+03:00,16.8082,82.36,65.5518
2026-08-30 18:17:37.824011+03:00,2026-09-04 12:00:00+03:00,16.8592,83.49,66.6308
2026-08-30 18:17:37.824011+03:00,2026-09-04 12:15:00+03:00,16.7889,77.81,61.0211
2026-08-30 18:17:37.824011+03:00,2026-09-04 12:30:00+03:00,16.8238,68.44,51.6162
2026-08-30 18:17:37.824011+03:00,2026-09-04 12:45:00+03:00,16.8294,61.51,44.6806
2026-08-30 18:17:37.824011+03:00,2026-09-04 13:00:00+03:00,16.8486,66.68,49.8314
2026-08-30 18:17:37.824011+03:00,2026-09-04 13:15:00+03:00,16.7879,60.08,43.2921
2026-08-30 18:17:37.824011+03:00,2026-09-04 13:30:00+03:00,16.8263,55.38,38.553700000000006
2026-08-30 18:17:37.824011+03:00,2026-09-04 13:45:00+03:00,16.8313,53.61,36.7787
2026-08-30 18:17:37.824011+03:00,2026-09-04 14:00:00+03:00,16.8464,52.67,35.8236
2026-08-30 18:17:37.824011+03:00,2026-09-04 14:15:00+03:00,16.8234,51.84,35.016600000000004
2026-08-30 18:17:37.824011+03:00,2026-09-04 14:30:00+03:00,16.8432,45.55,28.7068
2026-08-30 18:17:37.824011+03:00,2026-09-04 14:45:00+03:00,16.8411,41.62,24.7789
2026-08-30 18:17:37.824011+03:00,2026-09-04 15:00:00+03:00,16.8574,52.79,35.9326
2026-08-30 18:17:37.824011+03:00,2026-09-04 15:15:00+03:00,16.8952,48.35,31.4548
2026-08-30 18:17:37.824011+03:00,2026-09-04 15:30:00+03:00,16.9047,48.67,31.765300000000003
2026-08-30 18:17:37.824011+03:00,2026-09-04 15:45:00+03:00,16.8879,48.51,31.6221
2026-08-30 18:17:37.824011+03:00,2026-09-04 16:00:00+03:00,16.8835,40.07,23.1865
2026-08-30 18:17:37.824011+03:00,2026-09-04 16:15:00+03:00,16.8881,41.51,24.6219
2026-08-30 18:17:37.824011+03:00,2026-09-04 16:30:00+03:00,16.8982,56.79,39.8918
2026-08-30 18:17:37.824011+03:00,2026-09-04 16:45:00+03:00,16.8969,62.37,45.4731
2026-08-30 18:17:37.824011+03:00,2026-09-04 17:00:00+03:00,16.9114,58.78,41.8686
2026-08-30 18:17:37.824011+03:00,2026-09-04 17:15:00+03:00,16.8999,56.58,39.6801
2026-08-30 18:17:37.824011+03:00,2026-09-04 17:30:00+03:00,16.8873,49.99,33.1027
2026-08-30 18:17:37.824011+03:00,2026-09-04 17:45:00+03:00,16.8827,50.76,33.8773
2026-08-30 18:17:37.824011+03:00,2026-09-04 18:00:00+03:00,16.8845,38.79,21.9055
2026-08-30 18:17:37.824011+03:00,2026-09-04 18:15:00+03:00,16.8187,54.5,37.6813
2026-08-30 18:17:37.824011+03:00,2026-09-04 18:30:00+03:00,16.8558,70.5,53.6442
2026-08-30 18:17:37.824011+03:00,2026-09-04 18:45:00+03:00,16.8623,88.27,71.40769999999999
2026-08-30 18:17:37.824011+03:00,2026-09-04 19:00:00+03:00,16.8967,72.16,55.2633
2026-08-30 18:17:37.824011+03:00,2026-09-04 19:15:00+03:00,16.756,74.9,58.144000000000005
2026-08-30 18:17:37.824011+03:00,2026-09-04 19:30:00+03:00,16.7848,70.0,53.2152
2026-08-30 18:17:37.824011+03:00,2026-09-04 19:45:00+03:00,16.8127,65.5,48.6873
2026-08-30 18:17:37.824011+03:00,2026-09-04 20:00:00+03:00,16.8118,74.75,57.9382
2026-08-30 18:17:37.824011+03:00,2026-09-04 20:15:00+03:00,16.5273,59.95,43.422700000000006
2026-08-30 18:17:37.824011+03:00,2026-09-04 20:30:00+03:00,16.2259,62.19,45.9641
2026-08-30 18:17:37.824011+03:00,2026-09-04 20:45:00+03:00,15.8749,50.27,34.3951
2026-08-30 18:17:37.824011+03:00,2026-09-04 21:00:00+03:00,15.9467,66.19,50.2433
2026-08-30 18:17:37.824011+03:00,2026-09-04 21:15:00+03:00,16.0117,55.36,39.3483
2026-08-30 18:17:37.824011+03:00,2026-09-04 21:30:00+03:00,16.0703,38.1,22.0297
2026-08-30 18:17:37.824011+03:00,2026-09-04 21:45:00+03:00,16.0906,28.88,12.7894
2026-08-30 18:17:37.824011+03:00,2026-09-04 22:00:00+03:00,16.0763,58.67,42.5937
2026-08-30 18:17:37.824011+03:00,2026-09-04 22:15:00+03:00,15.8945,38.7,22.8055
2026-08-30 18:17:37.824011+03:00,2026-09-04 22:30:00+03:00,15.9544,30.34,14.3856
2026-08-30 18:17:37.824011+03:00,2026-09-04 22:45:00+03:00,16.0038,27.32,11.316200000000002
2026-08-30 18:17:37.824011+03:00,2026-09-04 23:00:00+03:00,16.0854,47.96,31.8746
2026-08-30 18:17:37.824011+03:00,2026-09-04 23:15:00+03:00,15.7957,37.0,21.2043
2026-08-30 18:17:37.824011+03:00,2026-09-04 23:30:00+03:00,15.32,27.99,12.669999999999998
2026-08-30 18:17:37.824011+03:00,2026-09-04 23:45:00+03:00,15.36,22.17,6.810000000000002
2026-08-30 18:17:37.824011+03:00,2026-09-05 00:00:00+03:00,15.3798,37.39,22.0102
2026-08-30 18:17:37.824011+03:00,2026-09-05 00:15:00+03:00,15.3966,30.37,14.973400000000002
2026-08-30 18:17:37.824011+03:00,2026-09-05 00:30:00+03:00,15.4753,26.44,10.9647
2026-08-30 18:17:37.824011+03:00,2026-09-05 00:45:00+03:00,15.4893,10.6,4.8893
2026-08-30 18:17:37.824011+03:00,2026-09-05 01:00:00+03:00,15.4705,38.99,23.5195
2026-08-30 18:17:37.824011+03:00,2026-09-05 01:15:00+03:00,15.3625,27.14,11.7775
2026-08-30 18:17:37.824011+03:00,2026-09-05 01:30:00+03:00,15.407,20.68,5.273
2026-08-30 18:17:37.824011+03:00,2026-09-05 01:45:00+03:00,15.4298,17.13,1.7001999999999988
2026-08-30 18:17:37.824011+03:00,2026-09-05 02:00:00+03:00,15.4507,34.01,18.5593
2026-08-30 18:17:37.824011+03:00,2026-09-05 02:15:00+03:00,15.4409,25.87,10.429100000000002
2026-08-30 18:17:37.824011+03:00,2026-09-05 02:30:00+03:00,15.4867,20.74,5.253299999999998
2026-08-30 18:17:37.824011+03:00,2026-09-05 02:45:00+03:00,15.4902,15.89,0.3998000000000008
2026-08-30 18:17:37.824011+03:00,2026-09-05 03:00:00+03:00,15.4892,26.01,10.5208
2026-08-30 18:17:37.824011+03:00,2026-09-05 03:15:00+03:00,15.4794,24.32,8.8406
2026-08-30 18:17:37.824011+03:00,2026-09-05 03:30:00+03:00,15.5221,19.79,4.267899999999999
2026-08-30 18:17:37.824011+03:00,2026-09-05 03:45:00+03:00,15.5204,15.32,0.2004000000000001
2026-08-30 18:17:37.824011+03:00,2026-09-05 04:00:00+03:00,15.5282,23.7,8.1718
2026-08-30 18:17:37.824011+03:00,2026-09-05 04:15:00+03:00,15.6033,20.43,4.826699999999999
2026-08-30 18:17:37.824011+03:00,2026-09-05 04:30:00+03:00,15.6098,18.42,2.810200000000002
2026-08-30 18:17:37.824011+03:00,2026-09-05 04:45:00+03:00,15.617,14.88,0.7370000000000001
2026-08-30 18:17:37.824011+03:00,2026-09-05 05:00:00+03:00,15.6103,22.46,6.8497
2026-08-30 18:17:37.824011+03:00,2026-09-05 05:15:00+03:00,15.7693,19.07,3.300700000000001
2026-08-30 18:17:37.824011+03:00,2026-09-05 05:30:00+03:00,15.7444,16.39,0.6456
2026-08-30 18:17:37.824011+03:00,2026-09-05 05:45:00+03:00,15.7269,12.21,3.5169
2026-08-30 18:17:37.824011+03:00,2026-09-05 06:00:00+03:00,15.6955,17.34,1.6445000000000007
2026-08-30 18:17:37.824011+03:00,2026-09-05 06:15:00+03:00,15.8647,17.37,1.505300000000002
2026-08-30 18:17:37.824011+03:00,2026-09-05 06:30:00+03:00,16.3367,15.86,0.476700000000001
2026-08-30 18:17:37.824011+03:00,2026-09-05 06:45:00+03:00,16.6331,14.73,1.9030999999999985
2026-08-30 18:17:37.824011+03:00,2026-09-05 07:00:00+03:00,16.4692,17.67,1.200800000000001
2026-08-30 18:17:37.824011+03:00,2026-09-05 07:15:00+03:00,16.6816,17.51,0.828400000000002
2026-08-30 18:17:37.824011+03:00,2026-09-05 07:30:00+03:00,16.622,18.04,1.4179999999999993
2026-08-30 18:17:37.824011+03:00,2026-09-05 07:45:00+03:00,16.6022,18.2,1.5977999999999994
2026-08-30 18:17:37.824011+03:00,2026-09-05 08:00:00+03:00,16.5146,17.14,0.6253999999999991
2026-08-30 18:17:37.824011+03:00,2026-09-05 08:15:00+03:00,16.5662,18.04,1.4738000000000009
2026-08-30 18:17:37.824011+03:00,2026-09-05 08:30:00+03:00,16.5289,18.83,2.301099999999998
2026-08-30 18:17:37.824011+03:00,2026-09-05 08:45:00+03:00,16.5484,19.65,3.1015999999999977
2026-08-30 18:17:37.824011+03:00,2026-09-05 09:00:00+03:00,16.4923,20.02,3.5276999999999994
2026-08-30 18:17:37.824011+03:00,2026-09-05 09:15:00+03:00,16.3294,18.04,1.7105999999999997
2026-08-30 18:17:37.824011+03:00,2026-09-05 09:30:00+03:00,16.3505,11.7,4.650500000000001
2026-08-30 18:17:37.824011+03:00,2026-09-05 09:45:00+03:00,16.3899,8.46,7.9299
2026-08-30 18:17:37.824011+03:00,2026-09-05 10:00:00+03:00,16.3956,14.17,2.225600000000002
2026-08-30 18:17:37.824011+03:00,2026-09-05 10:15:00+03:00,16.3406,10.85,5.490599999999999
2026-08-30 18:17:37.824011+03:00,2026-09-05 10:30:00+03:00,16.3655,9.29,7.075500000000002
2026-08-30 18:17:37.824011+03:00,2026-09-05 10:45:00+03:00,16.3729,8.57,7.802900000000001
2026-08-30 18:17:37.824011+03:00,2026-09-05 11:00:00+03:00,16.393,10.4,5.993
2026-08-30 18:17:37.824011+03:00,2026-09-05 11:15:00+03:00,16.3262,9.55,6.776199999999999
2026-08-30 18:17:37.824011+03:00,2026-09-05 11:30:00+03:00,16.3517,8.39,7.9617
2026-08-30 18:17:37.824011+03:00,2026-09-05 11:45:00+03:00,16.3601,7.74,8.620099999999999
2026-08-30 18:17:37.824011+03:00,2026-09-05 12:00:00+03:00,16.5227,8.69,7.832700000000001
2026-08-30 18:17:37.824011+03:00,2026-09-05 12:15:00+03:00,16.4471,8.07,8.377099999999999
2026-08-30 18:17:37.824011+03:00,2026-09-05 12:30:00+03:00,16.476,7.51,8.966
2026-08-30 18:17:37.824011+03:00,2026-09-05 12:45:00+03:00,16.4881,7.0,9.4881
2026-08-30 18:17:37.824011+03:00,2026-09-05 13:00:00+03:00,16.5288,7.0,9.5288
2026-08-30 18:17:37.824011+03:00,2026-09-05 13:15:00+03:00,16.4846,6.41,10.0746
2026-08-30 18:17:37.824011+03:00,2026-09-05 13:30:00+03:00,16.5154,5.31,11.2054
2026-08-30 18:17:37.824011+03:00,2026-09-05 13:45:00+03:00,16.5233,5.21,11.313299999999998
2026-08-30 18:17:37.824011+03:00,2026-09-05 14:00:00+03:00,16.4212,5.0,11.4212
2026-08-30 18:17:37.824011+03:00,2026-09-05 14:15:00+03:00,16.4168,4.28,12.136799999999996
2026-08-30 18:17:37.824011+03:00,2026-09-05 14:30:00+03:00,16.4295,4.0,12.4295
2026-08-30 18:17:37.824011+03:00,2026-09-05 14:45:00+03:00,16.431,3.99,12.441
2026-08-30 18:17:37.824011+03:00,2026-09-05 15:00:00+03:00,16.4286,3.99,12.4386
2026-08-30 18:17:37.824011+03:00,2026-09-05 15:15:00+03:00,16.4884,3.99,12.498399999999998
2026-08-30 18:17:37.824011+03:00,2026-09-05 15:30:00+03:00,16.5049,3.64,12.8649
2026-08-30 18:17:37.824011+03:00,2026-09-05 15:45:00+03:00,16.4934,4.12,12.3734
2026-08-30 18:17:37.824011+03:00,2026-09-05 16:00:00+03:00,16.4645,3.64,12.8245
2026-08-30 18:17:37.824011+03:00,2026-09-05 16:15:00+03:00,16.5141,3.99,12.5241
2026-08-30 18:17:37.824011+03:00,2026-09-05 16:30:00+03:00,16.5178,3.53,12.987800000000002
2026-08-30 18:17:37.824011+03:00,2026-09-05 16:45:00+03:00,16.512,4.01,12.502
2026-08-30 18:17:37.824011+03:00,2026-09-05 17:00:00+03:00,16.5215,4.3,12.2215
2026-08-30 18:17:37.824011+03:00,2026-09-05 17:15:00+03:00,16.5377,5.0,11.5377
2026-08-30 18:17:37.824011+03:00,2026-09-05 17:30:00+03:00,16.5198,7.04,9.4798
2026-08-30 18:17:37.824011+03:00,2026-09-05 17:45:00+03:00,16.5015,8.4,8.1015
2026-08-30 18:17:37.824011+03:00,2026-09-05 18:00:00+03:00,16.4935,6.87,9.6235
2026-08-30 18:17:37.824011+03:00,2026-09-05 18:15:00+03:00,16.4789,9.04,7.4389
2026-08-30 18:17:37.824011+03:00,2026-09-05 18:30:00+03:00,16.4856,13.22,3.265600000000001
2026-08-30 18:17:37.824011+03:00,2026-09-05 18:45:00+03:00,16.4767,17.68,1.2032999999999987
2026-08-30 18:17:37.824011+03:00,2026-09-05 19:00:00+03:00,16.5996,8.52,8.0796
2026-08-30 18:17:37.824011+03:00,2026-09-05 19:15:00+03:00,16.4773,11.19,5.2873
2026-08-30 18:17:37.824011+03:00,2026-09-05 19:30:00+03:00,16.5329,16.45,0.0829000000000022
2026-08-30 18:17:37.824011+03:00,2026-09-05 19:45:00+03:00,16.5592,26.36,9.8008
2026-08-30 18:17:37.824011+03:00,2026-09-05 20:00:00+03:00,16.5329,20.43,3.8970999999999982
2026-08-30 18:17:37.824011+03:00,2026-09-05 20:15:00+03:00,16.304,20.0,3.6960000000000015
2026-08-30 18:17:37.824011+03:00,2026-09-05 20:30:00+03:00,16.389,19.54,3.151
2026-08-30 18:17:37.824011+03:00,2026-09-05 20:45:00+03:00,16.425,17.8,1.375
2026-08-30 18:17:37.824011+03:00,2026-09-05 21:00:00+03:00,16.4676,20.39,3.9224
2026-08-30 18:17:37.824011+03:00,2026-09-05 21:15:00+03:00,16.5273,19.38,2.8526999999999987
2026-08-30 18:17:37.824011+03:00,2026-09-05 21:30:00+03:00,16.5813,16.06,0.5213000000000001
2026-08-30 18:17:37.824011+03:00,2026-09-05 21:45:00+03:00,16.5838,14.2,2.383800000000001
2026-08-30 18:17:37.824011+03:00,2026-09-05 22:00:00+03:00,16.5217,20.0,3.478300000000001
2026-08-30 18:17:37.824011+03:00,2026-09-05 22:15:00+03:00,16.3796,14.62,1.7596000000000007
2026-08-30 18:17:37.824011+03:00,2026-09-05 22:30:00+03:00,16.435,13.19,3.244999999999999
2026-08-30 18:17:37.824011+03:00,2026-09-05 22:45:00+03:00,16.4731,11.65,4.823099999999998
2026-08-30 18:17:37.824011+03:00,2026-09-05 23:00:00+03:00,16.4001,16.54,0.1399000000000008
2026-08-30 18:17:37.824011+03:00,2026-09-05 23:15:00+03:00,16.1537,11.76,4.393700000000001
2026-08-30 18:17:37.824011+03:00,2026-09-05 23:30:00+03:00,15.8658,10.0,5.8658
2026-08-30 18:17:37.824011+03:00,2026-09-05 23:45:00+03:00,15.9147,9.57,6.3447
2026-08-30 18:17:37.824011+03:00,2026-09-06 00:00:00+03:00,15.9761,10.0,5.976100000000001
2026-08-30 18:17:37.824011+03:00,2026-09-06 00:15:00+03:00,15.9509,9.61,6.340900000000001
2026-08-30 18:17:37.824011+03:00,2026-09-06 00:30:00+03:00,16.0092,8.24,7.7692
2026-08-30 18:17:37.824011+03:00,2026-09-06 00:45:00+03:00,16.0283,7.16,8.868300000000001
2026-08-30 18:17:37.824011+03:00,2026-09-06 01:00:00+03:00,16.0336,3.52,12.5136
2026-08-30 18:17:37.824011+03:00,2026-09-06 01:15:00+03:00,15.9424,3.52,12.4224
2026-08-30 18:17:37.824011+03:00,2026-09-06 01:30:00+03:00,15.9692,2.05,13.9192
2026-08-30 18:17:37.824011+03:00,2026-09-06 01:45:00+03:00,15.985,2.0,13.985
2026-08-30 18:17:37.824011+03:00,2026-09-06 02:00:00+03:00,16.0251,3.23,12.795099999999998
2026-08-30 18:17:37.824011+03:00,2026-09-06 02:15:00+03:00,16.0104,2.05,13.9604
2026-08-30 18:17:37.824011+03:00,2026-09-06 02:30:00+03:00,16.0412,2.0,14.0412
2026-08-30 18:17:37.824011+03:00,2026-09-06 02:45:00+03:00,16.0538,2.0,14.0538
2026-08-30 18:17:37.824011+03:00,2026-09-06 03:00:00+03:00,16.0443,2.0,14.0443
2026-08-30 18:17:37.824011+03:00,2026-09-06 03:15:00+03:00,16.032,2.0,14.032
2026-08-30 18:17:37.824011+03:00,2026-09-06 03:30:00+03:00,16.061,1.99,14.071
2026-08-30 18:17:37.824011+03:00,2026-09-06 03:45:00+03:00,16.0651,1.99,14.0751
2026-08-30 18:17:37.824011+03:00,2026-09-06 04:00:00+03:00,16.0797,2.0,14.0797
2026-08-30 18:17:37.824011+03:00,2026-09-06 04:15:00+03:00,16.1664,1.99,14.1764
2026-08-30 18:17:37.824011+03:00,2026-09-06 04:30:00+03:00,16.1482,1.99,14.1582
2026-08-30 18:17:37.824011+03:00,2026-09-06 04:45:00+03:00,16.1583,1.99,14.1683
2026-08-30 18:17:37.824011+03:00,2026-09-06 05:00:00+03:00,16.1054,1.99,14.1154
2026-08-30 18:17:37.824011+03:00,2026-09-06 05:15:00+03:00,16.2606,1.99,14.2706
2026-08-30 18:17:37.824011+03:00,2026-09-06 05:30:00+03:00,16.2104,1.99,14.2204
2026-08-30 18:17:37.824011+03:00,2026-09-06 05:45:00+03:00,16.1959,1.99,14.205900000000002
2026-08-30 18:17:37.824011+03:00,2026-09-06 06:00:00+03:00,16.1262,2.0,14.1262
2026-08-30 18:17:37.824011+03:00,2026-09-06 06:15:00+03:00,16.2853,2.0,14.2853
2026-08-30 18:17:37.824011+03:00,2026-09-06 06:30:00+03:00,16.5717,2.0,14.5717
2026-08-30 18:17:37.824011+03:00,2026-09-06 06:45:00+03:00,16.5573,2.0,14.5573
2026-08-30 18:17:37.824011+03:00,2026-09-06 07:00:00+03:00,16.4781,2.0,14.4781
2026-08-30 18:17:37.824011+03:00,2026-09-06 07:15:00+03:00,16.6682,2.0,14.6682
2026-08-30 18:17:37.824011+03:00,2026-09-06 07:30:00+03:00,16.5931,2.0,14.5931
2026-08-30 18:17:37.824011+03:00,2026-09-06 07:45:00+03:00,16.5795,2.42,14.1595
2026-08-30 18:17:37.824011+03:00,2026-09-06 08:00:00+03:00,16.5123,2.03,14.4823
2026-08-30 18:17:37.824011+03:00,2026-09-06 08:15:00+03:00,16.5636,3.23,13.3336
2026-08-30 18:17:37.824011+03:00,2026-09-06 08:30:00+03:00,16.5277,3.55,12.9777
2026-08-30 18:17:37.824011+03:00,2026-09-06 08:45:00+03:00,16.5495,4.07,12.479499999999998
2026-08-30 18:17:37.824011+03:00,2026-09-06 09:00:00+03:00,16.504,3.69,12.814000000000002
2026-08-30 18:17:37.824011+03:00,2026-09-06 09:15:00+03:00,16.3534,4.99,11.3634
2026-08-30 18:17:37.824011+03:00,2026-09-06 09:30:00+03:00,16.3641,5.46,10.9041
2026-08-30 18:17:37.824011+03:00,2026-09-06 09:45:00+03:00,16.3988,5.45,10.948800000000002
2026-08-30 18:17:37.824011+03:00,2026-09-06 10:00:00+03:00,16.4008,5.29,11.1108
2026-08-30 18:17:37.824011+03:00,2026-09-06 10:15:00+03:00,16.3486,6.13,10.218600000000002
2026-08-30 18:17:37.824011+03:00,2026-09-06 10:30:00+03:00,16.3753,5.79,10.5853
2026-08-30 18:17:37.824011+03:00,2026-09-06 10:45:00+03:00,16.3816,3.68,12.7016
2026-08-30 18:17:37.824011+03:00,2026-09-06 11:00:00+03:00,16.4319,3.29,13.1419
2026-08-30 18:17:37.824011+03:00,2026-09-06 11:15:00+03:00,16.3701,3.26,13.1101
2026-08-30 18:17:37.824011+03:00,2026-09-06 11:30:00+03:00,16.396,3.23,13.166
2026-08-30 18:17:37.824011+03:00,2026-09-06 11:45:00+03:00,16.4047,3.02,13.3847
2026-08-30 18:17:37.824011+03:00,2026-09-06 12:00:00+03:00,16.4335,3.0,13.4335
2026-08-30 18:17:37.824011+03:00,2026-09-06 12:15:00+03:00,16.3681,2.51,13.8581
2026-08-30 18:17:37.824011+03:00,2026-09-06 12:30:00+03:00,16.394,2.22,14.173999999999998
2026-08-30 18:17:37.824011+03:00,2026-09-06 12:45:00+03:00,16.403,2.16,14.243
2026-08-30 18:17:37.824011+03:00,2026-09-06 13:00:00+03:00,16.4308,2.01,14.420800000000002
2026-08-30 18:17:37.824011+03:00,2026-09-06 13:15:00+03:00,16.3818,2.0,14.381799999999998
2026-08-30 18:17:37.824011+03:00,2026-09-06 13:30:00+03:00,16.4062,2.0,14.406199999999998
2026-08-30 18:17:37.824011+03:00,2026-09-06 13:45:00+03:00,16.4155,2.0,14.415500000000002
2026-08-30 18:17:37.824011+03:00,2026-09-06 14:00:00+03:00,16.3976,1.65,14.7476
2026-08-30 18:17:37.824011+03:00,2026-09-06 14:15:00+03:00,16.3868,1.57,14.8168
2026-08-30 18:17:37.824011+03:00,2026-09-06 14:30:00+03:00,16.4114,1.89,14.5214
2026-08-30 18:17:37.824011+03:00,2026-09-06 14:45:00+03:00,16.41,1.57,14.84
2026-08-30 18:17:37.824011+03:00,2026-09-06 15:00:00+03:00,16.4278,1.99,14.4378
2026-08-30 18:17:37.824011+03:00,2026-09-06 15:15:00+03:00,16.4749,2.0,14.474900000000002
2026-08-30 18:17:37.824011+03:00,2026-09-06 15:30:00+03:00,16.4785,2.43,14.0485
2026-08-30 18:17:37.824011+03:00,2026-09-06 15:45:00+03:00,16.4757,3.52,12.9557
2026-08-30 18:17:37.824011+03:00,2026-09-06 16:00:00+03:00,16.4458,3.23,13.215799999999998
2026-08-30 18:17:37.824011+03:00,2026-09-06 16:15:00+03:00,16.4703,3.73,12.7403
2026-08-30 18:17:37.824011+03:00,2026-09-06 16:30:00+03:00,16.4911,4.29,12.2011
2026-08-30 18:17:37.824011+03:00,2026-09-06 16:45:00+03:00,16.4895,5.02,11.4695
2026-08-30 18:17:37.824011+03:00,2026-09-06 17:00:00+03:00,16.5019,3.78,12.7219
2026-08-30 18:17:37.824011+03:00,2026-09-06 17:15:00+03:00,16.5096,5.35,11.1596
2026-08-30 18:17:37.824011+03:00,2026-09-06 17:30:00+03:00,16.5028,12.56,3.9428
2026-08-30 18:17:37.824011+03:00,2026-09-06 17:45:00+03:00,16.5081,34.71,18.2019
2026-08-30 18:17:37.824011+03:00,2026-09-06 18:00:00+03:00,16.4786,19.34,2.8614
2026-08-30 18:17:37.824011+03:00,2026-09-06 18:15:00+03:00,16.443,26.13,9.686999999999998
2026-08-30 18:17:37.824011+03:00,2026-09-06 18:30:00+03:00,16.4849,33.66,17.175099999999997
2026-08-30 18:17:37.824011+03:00,2026-09-06 18:45:00+03:00,16.4863,47.75,31.2637
2026-08-30 18:17:37.824011+03:00,2026-09-06 19:00:00+03:00,16.5054,32.38,15.8746
2026-08-30 18:17:37.824011+03:00,2026-09-06 19:15:00+03:00,16.3611,28.79,12.4289
2026-08-30 18:17:37.824011+03:00,2026-09-06 19:30:00+03:00,16.3977,32.69,16.292299999999997
2026-08-30 18:17:37.824011+03:00,2026-09-06 19:45:00+03:00,16.4242,35.81,19.385800000000003
2026-08-30 18:17:37.824011+03:00,2026-09-06 20:00:00+03:00,16.4231,30.92,14.4969
2026-08-30 18:17:37.824011+03:00,2026-09-06 20:15:00+03:00,16.1521,32.31,16.1579
2026-08-30 18:17:37.824011+03:00,2026-09-06 20:30:00+03:00,15.8744,31.74,15.8656
2026-08-30 18:17:37.824011+03:00,2026-09-06 20:45:00+03:00,15.881,31.45,15.569
2026-08-30 18:17:37.824011+03:00,2026-09-06 21:00:00+03:00,15.9567,33.59,17.633300000000006
2026-08-30 18:17:37.824011+03:00,2026-09-06 21:15:00+03:00,16.0394,33.87,17.830599999999997
2026-08-30 18:17:37.824011+03:00,2026-09-06 21:30:00+03:00,16.0872,32.33,16.2428
2026-08-30 18:17:37.824011+03:00,2026-09-06 21:45:00+03:00,16.0876,29.7,13.6124
2026-08-30 18:17:37.824011+03:00,2026-09-06 22:00:00+03:00,16.046,32.07,16.024
2026-08-30 18:17:37.824011+03:00,2026-09-06 22:15:00+03:00,15.9036,31.61,15.7064
2026-08-30 18:17:37.824011+03:00,2026-09-06 22:30:00+03:00,15.9522,29.78,13.827800000000002
2026-08-30 18:17:37.824011+03:00,2026-09-06 22:45:00+03:00,15.9918,27.99,11.9982
2026-08-30 18:17:37.824011+03:00,2026-09-06 23:00:00+03:00,16.0974,30.29,14.1926
2026-08-30 18:17:37.824011+03:00,2026-09-06 23:15:00+03:00,15.8274,29.24,13.412599999999998
2026-08-30 18:17:37.824011+03:00,2026-09-06 23:30:00+03:00,15.9127,26.64,10.7273
2026-08-30 18:17:37.824011+03:00,2026-09-06 23:45:00+03:00,15.9824,25.0,9.0176
2026-08-31 20:58:23.972563+03:00,2026-09-01 00:00:00+03:00,26.502,53.76,27.258
2026-08-31 20:58:23.972563+03:00,2026-09-01 00:15:00+03:00,24.7868,49.71,24.9232
2026-08-31 20:58:23.972563+03:00,2026-09-01 00:30:00+03:00,22.6756,45.09,22.414400000000004
2026-08-31 20:58:23.972563+03:00,2026-09-01 00:45:00+03:00,19.7878,35.36,15.5722
2026-08-31 20:58:23.972563+03:00,2026-09-01 01:00:00+03:00,17.1866,46.56,29.373400000000004
2026-08-31 20:58:23.972563+03:00,2026-09-01 01:15:00+03:00,16.1129,39.86,23.7471
2026-08-31 20:58:23.972563+03:00,2026-09-01 01:30:00+03:00,14.2755,36.76,22.4845
2026-08-31 20:58:23.972563+03:00,2026-09-01 01:45:00+03:00,12.9694,30.03,17.0606
2026-08-31 20:58:23.972563+03:00,2026-09-01 02:00:00+03:00,11.3474,41.16,29.8126
2026-08-31 20:58:23.972563+03:00,2026-09-01 02:15:00+03:00,9.8791,39.13,29.2509
2026-08-31 20:58:23.972563+03:00,2026-09-01 02:30:00+03:00,8.4994,37.89,29.3906
2026-08-31 20:58:23.972563+03:00,2026-09-01 02:45:00+03:00,6.944,36.85,29.906
2026-08-31 20:58:23.972563+03:00,2026-09-01 03:00:00+03:00,5.57,40.3,34.73
2026-08-31 20:58:23.972563+03:00,2026-09-01 03:15:00+03:00,5.2955,39.91,34.6145
2026-08-31 20:58:23.972563+03:00,2026-09-01 03:30:00+03:00,4.9338,39.28,34.3462
2026-08-31 20:58:23.972563+03:00,2026-09-01 03:45:00+03:00,4.2624,36.87,32.6076
2026-08-31 20:58:23.972563+03:00,2026-09-01 04:00:00+03:00,3.6994,36.87,33.1706
2026-08-31 20:58:23.972563+03:00,2026-09-01 04:15:00+03:00,3.8279,35.79,31.9621
2026-08-31 20:58:23.972563+03:00,2026-09-01 04:30:00+03:00,3.9592,34.69,30.7308
2026-08-31 20:58:23.972563+03:00,2026-09-01 04:45:00+03:00,3.8764,36.18,32.3036
2026-08-31 20:58:23.972563+03:00,2026-09-01 05:00:00+03:00,3.9351,36.85,32.9149
2026-08-31 20:58:23.972563+03:00,2026-09-01 05:15:00+03:00,4.7882,36.77,31.981800000000003
2026-08-31 20:58:23.972563+03:00,2026-09-01 05:30:00+03:00,5.4984,37.18,31.6816
2026-08-31 20:58:23.972563+03:00,2026-09-01 05:45:00+03:00,6.1003,42.48,36.3797
2026-08-31 20:58:23.972563+03:00,2026-09-01 06:00:00+03:00,6.803,31.21,24.407
2026-08-31 20:58:23.972563+03:00,2026-09-01 06:15:00+03:00,8.9046,41.72,32.8154
2026-08-31 20:58:23.972563+03:00,2026-09-01 06:30:00+03:00,10.4415,45.15,34.7085
2026-08-31 20:58:23.972563+03:00,2026-09-01 06:45:00+03:00,11.7594,53.55,41.7906
2026-08-31 20:58:23.972563+03:00,2026-09-01 07:00:00+03:00,13.0823,22.39,9.3077
2026-08-31 20:58:23.972563+03:00,2026-09-01 07:15:00+03:00,14.3086,29.06,14.7514
2026-08-31 20:58:23.972563+03:00,2026-09-01 07:30:00+03:00,16.0392,50.0,33.9608
2026-08-31 20:58:23.972563+03:00,2026-09-01 07:45:00+03:00,17.2871,59.47,42.1829
2026-08-31 20:58:23.972563+03:00,2026-09-01 08:00:00+03:00,18.5574,50.0,31.4426
2026-08-31 20:58:23.972563+03:00,2026-09-01 08:15:00+03:00,19.7146,86.8,67.08539999999999
2026-08-31 20:58:23.972563+03:00,2026-09-01 08:30:00+03:00,20.854,96.19,75.336
2026-08-31 20:58:23.972563+03:00,2026-09-01 08:45:00+03:00,21.9595,123.6,101.6405
2026-08-31 20:58:23.972563+03:00,2026-09-01 09:00:00+03:00,22.6595,127.95,105.2905
2026-08-31 20:58:23.972563+03:00,2026-09-01 09:15:00+03:00,22.7339,128.57,105.8361
2026-08-31 20:58:23.972563+03:00,2026-09-01 09:30:00+03:00,23.237,126.54,103.303
2026-08-31 20:58:23.972563+03:00,2026-09-01 09:45:00+03:00,23.3444,128.57,105.2256
2026-08-31 20:58:23.972563+03:00,2026-09-01 10:00:00+03:00,23.2596,141.32,118.0604
2026-08-31 20:58:23.972563+03:00,2026-09-01 10:15:00+03:00,23.2919,135.25,111.9581
2026-08-31 20:58:23.972563+03:00,2026-09-01 10:30:00+03:00,23.2563,139.65,116.3937
2026-08-31 20:58:23.972563+03:00,2026-09-01 10:45:00+03:00,23.2721,124.61,101.3379
2026-08-31 20:58:23.972563+03:00,2026-09-01 11:00:00+03:00,23.3042,135.46,112.1558
2026-08-31 20:58:23.972563+03:00,2026-09-01 11:15:00+03:00,23.2189,118.02,94.8011
2026-08-31 20:58:23.972563+03:00,2026-09-01 11:30:00+03:00,23.2407,111.14,87.8993
2026-08-31 20:58:23.972563+03:00,2026-09-01 11:45:00+03:00,23.2479,101.21,77.96209999999999
2026-08-31 20:58:23.972563+03:00,2026-09-01 12:00:00+03:00,23.265,108.75,85.485
2026-08-31 20:58:23.972563+03:00,2026-09-01 12:15:00+03:00,23.2116,97.23,74.0184
2026-08-31 20:58:23.972563+03:00,2026-09-01 12:30:00+03:00,23.2378,100.97,77.7322
2026-08-31 20:58:23.972563+03:00,2026-09-01 12:45:00+03:00,23.2494,89.92,66.67060000000001
2026-08-31 20:58:23.972563+03:00,2026-09-01 13:00:00+03:00,23.2703,105.48,82.2097
2026-08-31 20:58:23.972563+03:00,2026-09-01 13:15:00+03:00,23.2098,103.41,80.2002
2026-08-31 20:58:23.972563+03:00,2026-09-01 13:30:00+03:00,23.2272,99.08,75.8528
2026-08-31 20:58:23.972563+03:00,2026-09-01 13:45:00+03:00,23.2325,86.38,63.1475
2026-08-31 20:58:23.972563+03:00,2026-09-01 14:00:00+03:00,23.2542,105.76,82.50580000000001
2026-08-31 20:58:23.972563+03:00,2026-09-01 14:15:00+03:00,23.2219,104.24,81.01809999999999
2026-08-31 20:58:23.972563+03:00,2026-09-01 14:30:00+03:00,23.2525,94.56,71.3075
2026-08-31 20:58:23.972563+03:00,2026-09-01 14:45:00+03:00,23.2524,81.25,57.9976
2026-08-31 20:58:23.972563+03:00,2026-09-01 15:00:00+03:00,23.2764,85.09,61.81360000000001
2026-08-31 20:58:23.972563+03:00,2026-09-01 15:15:00+03:00,23.328,86.91,63.582
2026-08-31 20:58:23.972563+03:00,2026-09-01 15:30:00+03:00,23.3253,95.39,72.0647
2026-08-31 20:58:23.972563+03:00,2026-09-01 15:45:00+03:00,23.3175,92.85,69.5325
2026-08-31 20:58:23.972563+03:00,2026-09-01 16:00:00+03:00,23.3091,85.3,61.9909
2026-08-31 20:58:23.972563+03:00,2026-09-01 16:15:00+03:00,23.3248,102.78,79.4552
2026-08-31 20:58:23.972563+03:00,2026-09-01 16:30:00+03:00,23.3064,92.56,69.2536
2026-08-31 20:58:23.972563+03:00,2026-09-01 16:45:00+03:00,23.3049,103.95,80.6451
2026-08-31 20:58:23.972563+03:00,2026-09-01 17:00:00+03:00,23.3,70.14,46.84
2026-08-31 20:58:23.972563+03:00,2026-09-01 17:15:00+03:00,23.3158,86.18,62.86420000000001
2026-08-31 20:58:23.972563+03:00,2026-09-01 17:30:00+03:00,23.3079,104.99,81.68209999999999
2026-08-31 20:58:23.972563+03:00,2026-09-01 17:45:00+03:00,23.2835,111.29,88.0065
2026-08-31 20:58:23.972563+03:00,2026-09-01 18:00:00+03:00,23.2891,107.48,84.1909
2026-08-31 20:58:23.972563+03:00,2026-09-01 18:15:00+03:00,23.2304,114.79,91.5596
2026-08-31 20:58:23.972563+03:00,2026-09-01 18:30:00+03:00,23.2448,108.25,85.0052
2026-08-31 20:58:23.972563+03:00,2026-09-01 18:45:00+03:00,23.2152,119.56,96.3448
2026-08-31 20:58:23.972563+03:00,2026-09-01 19:00:00+03:00,23.2516,116.88,93.6284
2026-08-31 20:58:23.972563+03:00,2026-09-01 19:15:00+03:00,23.1092,125.38,102.2708
2026-08-31 20:58:23.972563+03:00,2026-09-01 19:30:00+03:00,23.17,115.99,92.82
2026-08-31 20:58:23.972563+03:00,2026-09-01 19:45:00+03:00,23.232,101.72,78.488
2026-08-31 20:58:23.972563+03:00,2026-09-01 20:00:00+03:00,23.2623,114.54,91.2777
2026-08-31 20:58:23.972563+03:00,2026-09-01 20:15:00+03:00,22.9559,108.99,86.0341
2026-08-31 20:58:23.972563+03:00,2026-09-01 20:30:00+03:00,22.8244,87.38,64.5556
2026-08-31 20:58:23.972563+03:00,2026-09-01 20:45:00+03:00,22.8042,70.08,47.2758
2026-08-31 20:58:23.972563+03:00,2026-09-01 21:00:00+03:00,22.8211,97.39,74.5689
2026-08-31 20:58:23.972563+03:00,2026-09-01 21:15:00+03:00,22.986,68.76,45.774
2026-08-31 20:58:23.972563+03:00,2026-09-01 21:30:00+03:00,22.999,54.69,31.691
2026-08-31 20:58:23.972563+03:00,2026-09-01 21:45:00+03:00,22.9978,41.99,18.9922
2026-08-31 20:58:23.972563+03:00,2026-09-01 22:00:00+03:00,22.9526,61.62,38.6674
2026-08-31 20:58:23.972563+03:00,2026-09-01 22:15:00+03:00,22.7545,58.58,35.8255
2026-08-31 20:58:23.972563+03:00,2026-09-01 22:30:00+03:00,22.8141,55.32,32.5059
2026-08-31 20:58:23.972563+03:00,2026-09-01 22:45:00+03:00,22.8735,45.0,22.1265
2026-08-31 20:58:23.972563+03:00,2026-09-01 23:00:00+03:00,22.9619,60.19,37.2281
2026-08-31 20:58:23.972563+03:00,2026-09-01 23:15:00+03:00,22.7041,45.36,22.6559
2026-08-31 20:58:23.972563+03:00,2026-09-01 23:30:00+03:00,22.7872,39.36,16.5728
2026-08-31 20:58:23.972563+03:00,2026-09-01 23:45:00+03:00,22.8853,41.83,18.9447
2026-08-31 20:58:23.972563+03:00,2026-09-02 00:00:00+03:00,22.9423,40.87,17.927699999999998
2026-08-31 20:58:23.972563+03:00,2026-09-02 00:15:00+03:00,22.9065,41.74,18.8335
2026-08-31 20:58:23.972563+03:00,2026-09-02 00:30:00+03:00,22.9464,45.36,22.4136
2026-08-31 20:58:23.972563+03:00,2026-09-02 00:45:00+03:00,22.958,32.55,9.592
2026-08-31 20:58:23.972563+03:00,2026-09-02 01:00:00+03:00,22.9723,37.94,14.967699999999995
2026-08-31 20:58:23.972563+03:00,2026-09-02 01:15:00+03:00,22.8989,39.79,16.891099999999998
2026-08-31 20:58:23.972563+03:00,2026-09-02 01:30:00+03:00,22.9084,38.57,15.6616
2026-08-31 20:58:23.972563+03:00,2026-09-02 01:45:00+03:00,22.937,39.09,16.153000000000002
2026-08-31 20:58:23.972563+03:00,2026-09-02 02:00:00+03:00,22.9851,41.0,18.0149
2026-08-31 20:58:23.972563+03:00,2026-09-02 02:15:00+03:00,22.9901,36.97,13.979899999999995
2026-08-31 20:58:23.972563+03:00,2026-09-02 02:30:00+03:00,22.9941,35.1,12.105900000000002
2026-08-31 20:58:23.972563+03:00,2026-09-02 02:45:00+03:00,23.0029,34.13,11.127100000000002
2026-08-31 20:58:23.972563+03:00,2026-09-02 03:00:00+03:00,23.0111,34.2,11.188900000000004
2026-08-31 20:58:23.972563+03:00,2026-09-02 03:15:00+03:00,23.0142,34.07,11.0558
2026-08-31 20:58:23.972563+03:00,2026-09-02 03:30:00+03:00,23.0245,35.81,12.785500000000004
2026-08-31 20:58:23.972563+03:00,2026-09-02 03:45:00+03:00,23.0243,36.56,13.535700000000002
2026-08-31 20:58:23.972563+03:00,2026-09-02 04:00:00+03:00,23.0345,35.13,12.0955
2026-08-31 20:58:23.972563+03:00,2026-09-02 04:15:00+03:00,23.1764,35.74,12.5636
2026-08-31 20:58:23.972563+03:00,2026-09-02 04:30:00+03:00,23.316,37.36,14.044
2026-08-31 20:58:23.972563+03:00,2026-09-02 04:45:00+03:00,23.4489,37.54,14.0911
2026-08-31 20:58:23.972563+03:00,2026-09-02 05:00:00+03:00,23.5053,34.31,10.804700000000004
2026-08-31 20:58:23.972563+03:00,2026-09-02 05:15:00+03:00,24.0698,35.34,11.270200000000004
2026-08-31 20:58:23.972563+03:00,2026-09-02 05:30:00+03:00,24.4334,37.33,12.8966
2026-08-31 20:58:23.972563+03:00,2026-09-02 05:45:00+03:00,24.8859,42.55,17.664099999999998
2026-08-31 20:58:23.972563+03:00,2026-09-02 06:00:00+03:00,24.9596,35.36,10.4004
2026-08-31 20:58:23.972563+03:00,2026-09-02 06:15:00+03:00,25.3601,41.72,16.3599
2026-08-31 20:58:23.972563+03:00,2026-09-02 06:30:00+03:00,25.7593,53.33,27.5707
2026-08-31 20:58:23.972563+03:00,2026-09-02 06:45:00+03:00,26.1947,68.78,42.5853
2026-08-31 20:58:23.972563+03:00,2026-09-02 07:00:00+03:00,26.5265,46.77,20.243500000000004
2026-08-31 20:58:23.972563+03:00,2026-09-02 07:15:00+03:00,26.8623,47.42,20.5577
2026-08-31 20:58:23.972563+03:00,2026-09-02 07:30:00+03:00,27.3171,52.42,25.1029
2026-08-31 20:58:23.972563+03:00,2026-09-02 07:45:00+03:00,27.7666,62.3,34.5334
2026-08-31 20:58:23.972563+03:00,2026-09-02 08:00:00+03:00,28.3823,48.28,19.8977
2026-08-31 20:58:23.972563+03:00,2026-09-02 08:15:00+03:00,28.6674,69.46,40.79259999999999
2026-08-31 20:58:23.972563+03:00,2026-09-02 08:30:00+03:00,29.0092,76.24,47.2308
2026-08-31 20:58:23.972563+03:00,2026-09-02 08:45:00+03:00,29.3165,81.89,52.5735
2026-08-31 20:58:23.972563+03:00,2026-09-02 09:00:00+03:00,29.5791,72.82,43.2409
2026-08-31 20:58:23.972563+03:00,2026-09-02 09:15:00+03:00,29.3039,84.17,54.8661
2026-08-31 20:58:23.972563+03:00,2026-09-02 09:30:00+03:00,29.2921,81.15,51.8579
2026-08-31 20:58:23.972563+03:00,2026-09-02 09:45:00+03:00,29.3203,97.87,68.5497
2026-08-31 20:58:23.972563+03:00,2026-09-02 10:00:00+03:00,29.3468,100.0,70.6532
2026-08-31 20:58:23.972563+03:00,2026-09-02 10:15:00+03:00,29.3106,99.99,70.67939999999999
2026-08-31 20:58:23.972563+03:00,2026-09-02 10:30:00+03:00,29.3147,100.0,70.6853
2026-08-31 20:58:23.972563+03:00,2026-09-02 10:45:00+03:00,29.3141,93.61,64.2959
2026-08-31 20:58:23.972563+03:00,2026-09-02 11:00:00+03:00,29.3167,92.89,63.5733
2026-08-31 20:58:23.972563+03:00,2026-09-02 11:15:00+03:00,29.2755,77.24,47.9645
2026-08-31 20:58:23.972563+03:00,2026-09-02 11:30:00+03:00,28.9977,61.97,32.972300000000004
2026-08-31 20:58:23.972563+03:00,2026-09-02 11:45:00+03:00,28.9911,49.13,20.138900000000003
2026-08-31 20:58:23.972563+03:00,2026-09-02 12:00:00+03:00,28.9894,77.08,48.0906
2026-08-31 20:58:23.972563+03:00,2026-09-02 12:15:00+03:00,28.9541,50.62,21.6659
2026-08-31 20:58:23.972563+03:00,2026-09-02 12:30:00+03:00,28.9789,47.9,18.9211
2026-08-31 20:58:23.972563+03:00,2026-09-02 12:45:00+03:00,28.9953,39.65,10.654699999999998
2026-08-31 20:58:23.972563+03:00,2026-09-02 13:00:00+03:00,28.9959,54.76,25.7641
2026-08-31 20:58:23.972563+03:00,2026-09-02 13:15:00+03:00,28.9785,46.58,17.601499999999998
2026-08-31 20:58:23.972563+03:00,2026-09-02 13:30:00+03:00,29.0,39.36,10.36
2026-08-31 20:58:23.972563+03:00,2026-09-02 13:45:00+03:00,29.0093,28.84,0.1692999999999997
2026-08-31 20:58:23.972563+03:00,2026-09-02 14:00:00+03:00,29.0078,41.97,12.9622
2026-08-31 20:58:23.972563+03:00,2026-09-02 14:15:00+03:00,29.0088,41.44,12.431199999999995
2026-08-31 20:58:23.972563+03:00,2026-09-02 14:30:00+03:00,29.0268,39.43,10.403199999999998
2026-08-31 20:58:23.972563+03:00,2026-09-02 14:45:00+03:00,29.0383,34.51,5.471699999999999
2026-08-31 20:58:23.972563+03:00,2026-09-02 15:00:00+03:00,29.0108,39.89,10.8792
2026-08-31 20:58:23.972563+03:00,2026-09-02 15:15:00+03:00,29.0679,42.83,13.762099999999997
2026-08-31 20:58:23.972563+03:00,2026-09-02 15:30:00+03:00,29.0773,43.9,14.822699999999998
2026-08-31 20:58:23.972563+03:00,2026-09-02 15:45:00+03:00,29.0743,43.64,14.5657
2026-08-31 20:58:23.972563+03:00,2026-09-02 16:00:00+03:00,29.0562,35.84,6.783800000000003
2026-08-31 20:58:23.972563+03:00,2026-09-02 16:15:00+03:00,29.0723,37.61,8.537700000000001
2026-08-31 20:58:23.972563+03:00,2026-09-02 16:30:00+03:00,29.0827,44.86,15.7773
2026-08-31 20:58:23.972563+03:00,2026-09-02 16:45:00+03:00,29.0881,50.92,21.8319
2026-08-31 20:58:23.972563+03:00,2026-09-02 17:00:00+03:00,29.0798,27.99,1.0898000000000003
2026-08-31 20:58:23.972563+03:00,2026-09-02 17:15:00+03:00,29.0836,39.8,10.716399999999997
2026-08-31 20:58:23.972563+03:00,2026-09-02 17:30:00+03:00,29.0912,41.7,12.608800000000002
2026-08-31 20:58:23.972563+03:00,2026-09-02 17:45:00+03:00,29.0899,67.28,38.1901
2026-08-31 20:58:23.972563+03:00,2026-09-02 18:00:00+03:00,29.0663,38.18,9.1137
2026-08-31 20:58:23.972563+03:00,2026-09-02 18:15:00+03:00,29.0396,64.4,35.360400000000006
2026-08-31 20:58:23.972563+03:00,2026-09-02 18:30:00+03:00,29.0819,79.99,50.90809999999999
2026-08-31 20:58:23.972563+03:00,2026-09-02 18:45:00+03:00,29.0882,98.36,69.2718
2026-08-31 20:58:23.972563+03:00,2026-09-02 19:00:00+03:00,29.0779,89.74,60.6621
2026-08-31 20:58:23.972563+03:00,2026-09-02 19:15:00+03:00,28.9892,68.03,39.0408
2026-08-31 20:58:23.972563+03:00,2026-09-02 19:30:00+03:00,29.017,74.66,45.643
2026-08-31 20:58:23.972563+03:00,2026-09-02 19:45:00+03:00,29.0421,73.44,44.39789999999999
2026-08-31 20:58:23.972563+03:00,2026-09-02 20:00:00+03:00,29.0548,80.41,51.3552
2026-08-31 20:58:23.972563+03:00,2026-09-02 20:15:00+03:00,28.8341,61.19,32.3559
2026-08-31 20:58:23.972563+03:00,2026-09-02 20:30:00+03:00,28.5509,59.01,30.4591
2026-08-31 20:58:23.972563+03:00,2026-09-02 20:45:00+03:00,28.5526,51.84,23.2874
2026-08-31 20:58:23.972563+03:00,2026-09-02 21:00:00+03:00,28.5657,69.34,40.7743
2026-08-31 20:58:23.972563+03:00,2026-09-02 21:15:00+03:00,28.6693,55.28,26.6107
2026-08-31 20:58:23.972563+03:00,2026-09-02 21:30:00+03:00,28.6788,47.66,18.9812
2026-08-31 20:58:23.972563+03:00,2026-09-02 21:45:00+03:00,28.6716,39.27,10.598400000000002
2026-08-31 20:58:23.972563+03:00,2026-09-02 22:00:00+03:00,28.6903,54.22,25.5297
2026-08-31 20:58:23.972563+03:00,2026-09-02 22:15:00+03:00,28.5938,51.46,22.8662
2026-08-31 20:58:23.972563+03:00,2026-09-02 22:30:00+03:00,28.6162,42.38,13.763800000000003
2026-08-31 20:58:23.972563+03:00,2026-09-02 22:45:00+03:00,28.6597,36.44,7.780299999999997
2026-08-31 20:58:23.972563+03:00,2026-09-02 23:00:00+03:00,28.7417,43.88,15.1383
2026-08-31 20:58:23.972563+03:00,2026-09-02 23:15:00+03:00,28.5426,41.77,13.227400000000005
2026-08-31 20:58:23.972563+03:00,2026-09-02 23:30:00+03:00,28.5769,37.77,9.193100000000005
2026-08-31 20:58:23.972563+03:00,2026-09-02 23:45:00+03:00,28.6511,32.41,3.758899999999997
2026-08-31 20:58:23.972563+03:00,2026-09-03 00:00:00+03:00,28.735,38.26,9.525
2026-08-31 20:58:23.972563+03:00,2026-09-03 00:15:00+03:00,28.7287,34.36,5.6313
2026-08-31 20:58:23.972563+03:00,2026-09-03 00:30:00+03:00,28.7618,29.63,0.8681999999999981
2026-08-31 20:58:23.972563+03:00,2026-09-03 00:45:00+03:00,28.7899,26.08,2.709900000000001
2026-08-31 20:58:23.972563+03:00,2026-09-03 01:00:00+03:00,28.7652,26.15,2.615200000000001
2026-08-31 20:58:23.972563+03:00,2026-09-03 01:15:00+03:00,28.6875,24.6,4.087499999999999
2026-08-31 20:58:23.972563+03:00,2026-09-03 01:30:00+03:00,28.6867,22.47,6.2167
2026-08-31 20:58:23.972563+03:00,2026-09-03 01:45:00+03:00,28.7384,20.56,8.1784
2026-08-31 20:58:23.972563+03:00,2026-09-03 02:00:00+03:00,28.7449,24.99,3.754900000000003
2026-08-31 20:58:23.972563+03:00,2026-09-03 02:15:00+03:00,28.7738,23.67,5.1038
2026-08-31 20:58:23.972563+03:00,2026-09-03 02:30:00+03:00,28.7831,22.04,6.743100000000002
2026-08-31 20:58:23.972563+03:00,2026-09-03 02:45:00+03:00,28.7888,22.42,6.368799999999997
2026-08-31 20:58:23.972563+03:00,2026-09-03 03:00:00+03:00,28.7702,24.08,4.690200000000001
2026-08-31 20:58:23.972563+03:00,2026-09-03 03:15:00+03:00,28.8099,24.06,4.7499
2026-08-31 20:58:23.972563+03:00,2026-09-03 03:30:00+03:00,28.8143,23.09,5.7243
2026-08-31 20:58:23.972563+03:00,2026-09-03 03:45:00+03:00,28.814,21.71,7.103999999999999
2026-08-31 20:58:23.972563+03:00,2026-09-03 04:00:00+03:00,28.7939,24.33,4.463900000000002
2026-08-31 20:58:23.972563+03:00,2026-09-03 04:15:00+03:00,28.9412,23.1,5.841199999999997
2026-08-31 20:58:23.972563+03:00,2026-09-03 04:30:00+03:00,29.2176,22.76,6.457599999999999
2026-08-31 20:58:23.972563+03:00,2026-09-03 04:45:00+03:00,29.2251,22.75,6.475100000000001
2026-08-31 20:58:23.972563+03:00,2026-09-03 05:00:00+03:00,29.3682,20.81,8.558200000000003
2026-08-31 20:58:23.972563+03:00,2026-09-03 05:15:00+03:00,29.9448,22.73,7.2148
2026-08-31 20:58:23.972563+03:00,2026-09-03 05:30:00+03:00,30.354,24.48,5.873999999999999
2026-08-31 20:58:23.972563+03:00,2026-09-03 05:45:00+03:00,30.6477,25.44,5.207699999999999
2026-08-31 20:58:23.972563+03:00,2026-09-03 06:00:00+03:00,30.9726,16.0,14.9726
2026-08-31 20:58:23.972563+03:00,2026-09-03 06:15:00+03:00,31.6607,23.42,8.240699999999997
2026-08-31 20:58:23.972563+03:00,2026-09-03 06:30:00+03:00,32.0196,28.56,3.4595999999999982
2026-08-31 20:58:23.972563+03:00,2026-09-03 06:45:00+03:00,32.4132,34.58,2.166799999999995
2026-08-31 20:58:23.972563+03:00,2026-09-03 07:00:00+03:00,32.8025,22.19,10.6125
2026-08-31 20:58:23.972563+03:00,2026-09-03 07:15:00+03:00,33.3184,28.27,5.048399999999997
2026-08-31 20:58:23.972563+03:00,2026-09-03 07:30:00+03:00,33.7744,34.61,0.8355999999999995
2026-08-31 20:58:23.972563+03:00,2026-09-03 07:45:00+03:00,34.2841,44.64,10.355899999999998
2026-08-31 20:58:23.972563+03:00,2026-09-03 08:00:00+03:00,34.968,20.57,14.398000000000003
2026-08-31 20:58:23.972563+03:00,2026-09-03 08:15:00+03:00,35.2327,31.23,4.002700000000001
2026-08-31 20:58:23.972563+03:00,2026-09-03 08:30:00+03:00,35.678,37.07,1.392000000000003
2026-08-31 20:58:23.972563+03:00,2026-09-03 08:45:00+03:00,36.0482,47.97,11.921799999999998
2026-08-31 20:58:23.972563+03:00,2026-09-03 09:00:00+03:00,36.3829,27.99,8.392900000000001
2026-08-31 20:58:23.972563+03:00,2026-09-03 09:15:00+03:00,36.7605,31.75,5.0105
2026-08-31 20:58:23.972563+03:00,2026-09-03 09:30:00+03:00,36.7828,53.09,16.3072
2026-08-31 20:58:23.972563+03:00,2026-09-03 09:45:00+03:00,36.739,51.67,14.931000000000004
2026-08-31 20:58:23.972563+03:00,2026-09-03 10:00:00+03:00,36.7344,49.32,12.5856
2026-08-31 20:58:23.972563+03:00,2026-09-03 10:15:00+03:00,36.6699,48.8,12.1301
2026-08-31 20:58:23.972563+03:00,2026-09-03 10:30:00+03:00,36.6877,42.25,5.5623000000000005
2026-08-31 20:58:23.972563+03:00,2026-09-03 10:45:00+03:00,36.7113,49.99,13.2787
2026-08-31 20:58:23.972563+03:00,2026-09-03 11:00:00+03:00,36.664,52.82,16.156
2026-08-31 20:58:23.972563+03:00,2026-09-03 11:15:00+03:00,36.609,48.26,11.650999999999996
2026-08-31 20:58:23.972563+03:00,2026-09-03 11:30:00+03:00,36.6202,50.0,13.379800000000005
2026-08-31 20:58:23.972563+03:00,2026-09-03 11:45:00+03:00,36.6339,42.29,5.656100000000002
2026-08-31 20:58:23.972563+03:00,2026-09-03 12:00:00+03:00,36.637,50.8,14.162999999999997
2026-08-31 20:58:23.972563+03:00,2026-09-03 12:15:00+03:00,36.5926,46.37,9.7774
2026-08-31 20:58:23.972563+03:00,2026-09-03 12:30:00+03:00,36.6035,39.41,2.8065
2026-08-31 20:58:23.972563+03:00,2026-09-03 12:45:00+03:00,36.624,36.5,0.1240000000000023
2026-08-31 20:58:23.972563+03:00,2026-09-03 13:00:00+03:00,36.6229,48.21,11.5871
2026-08-31 20:58:23.972563+03:00,2026-09-03 13:15:00+03:00,36.5816,47.6,11.0184
2026-08-31 20:58:23.972563+03:00,2026-09-03 13:30:00+03:00,36.5906,36.88,0.2894000000000005
2026-08-31 20:58:23.972563+03:00,2026-09-03 13:45:00+03:00,36.6125,32.88,3.7324999999999946
2026-08-31 20:58:23.972563+03:00,2026-09-03 14:00:00+03:00,36.6396,41.18,4.540399999999998
2026-08-31 20:58:23.972563+03:00,2026-09-03 14:15:00+03:00,36.6291,36.54,0.0891000000000019
2026-08-31 20:58:23.972563+03:00,2026-09-03 14:30:00+03:00,36.6218,30.49,6.131800000000002
2026-08-31 20:58:23.972563+03:00,2026-09-03 14:45:00+03:00,36.6489,32.42,4.228899999999996
2026-08-31 20:58:23.972563+03:00,2026-09-03 15:00:00+03:00,36.6391,31.45,5.1891
2026-08-31 20:58:23.972563+03:00,2026-09-03 15:15:00+03:00,36.6952,30.0,6.6952
2026-08-31 20:58:23.972563+03:00,2026-09-03 15:30:00+03:00,36.6922,37.4,0.7077999999999989
2026-08-31 20:58:23.972563+03:00,2026-09-03 15:45:00+03:00,36.7003,42.99,6.289700000000003
2026-08-31 20:58:23.972563+03:00,2026-09-03 16:00:00+03:00,36.6764,27.06,9.616400000000002
2026-08-31 20:58:23.972563+03:00,2026-09-03 16:15:00+03:00,36.7065,29.99,6.7165
2026-08-31 20:58:23.972563+03:00,2026-09-03 16:30:00+03:00,36.6969,39.05,2.3530999999999977
2026-08-31 20:58:23.972563+03:00,2026-09-03 16:45:00+03:00,36.6965,49.16,12.463499999999996
2026-08-31 20:58:23.972563+03:00,2026-09-03 17:00:00+03:00,36.717,28.0,8.716999999999999
2026-08-31 20:58:23.972563+03:00,2026-09-03 17:15:00+03:00,36.7953,36.6,0.195299999999996
2026-08-31 20:58:23.972563+03:00,2026-09-03 17:30:00+03:00,36.7979,44.69,7.892099999999999
2026-08-31 20:58:23.972563+03:00,2026-09-03 17:45:00+03:00,36.7707,50.0,13.229300000000002
2026-08-31 20:58:23.972563+03:00,2026-09-03 18:00:00+03:00,36.7375,32.85,3.887499999999996
2026-08-31 20:58:23.972563+03:00,2026-09-03 18:15:00+03:00,36.624,39.71,3.0859999999999985
2026-08-31 20:58:23.972563+03:00,2026-09-03 18:30:00+03:00,36.6605,49.13,12.469500000000004
2026-08-31 20:58:23.972563+03:00,2026-09-03 18:45:00+03:00,36.6763,59.82,23.143700000000003
2026-08-31 20:58:23.972563+03:00,2026-09-03 19:00:00+03:00,36.6776,47.79,11.1124
2026-08-31 20:58:23.972563+03:00,2026-09-03 19:15:00+03:00,36.4936,58.98,22.4864
2026-08-31 20:58:23.972563+03:00,2026-09-03 19:30:00+03:00,36.521,60.29,23.769
2026-08-31 20:58:23.972563+03:00,2026-09-03 19:45:00+03:00,36.577,71.33,34.753
2026-08-31 20:58:23.972563+03:00,2026-09-03 20:00:00+03:00,36.6368,70.14,33.5032
2026-08-31 20:58:23.972563+03:00,2026-09-03 20:15:00+03:00,36.3865,67.6,31.2135
2026-08-31 20:58:23.972563+03:00,2026-09-03 20:30:00+03:00,36.4719,59.9,23.4281
2026-08-31 20:58:23.972563+03:00,2026-09-03 20:45:00+03:00,36.6829,51.93,15.247100000000003
2026-08-31 20:58:23.972563+03:00,2026-09-03 21:00:00+03:00,36.5781,67.33,30.7519
2026-08-31 20:58:23.972563+03:00,2026-09-03 21:15:00+03:00,36.6108,63.09,26.47920000000001
2026-08-31 20:58:23.972563+03:00,2026-09-03 21:30:00+03:00,36.6299,61.61,24.9801
2026-08-31 20:58:23.972563+03:00,2026-09-03 21:45:00+03:00,36.6557,48.03,11.374299999999998
2026-08-31 20:58:23.972563+03:00,2026-09-03 22:00:00+03:00,36.5631,60.83,24.2669
2026-08-31 20:58:23.972563+03:00,2026-09-03 22:15:00+03:00,36.3398,60.56,24.22020000000001
2026-08-31 20:58:23.972563+03:00,2026-09-03 22:30:00+03:00,35.6285,48.24,12.6115
2026-08-31 20:58:23.972563+03:00,2026-09-03 22:45:00+03:00,35.4425,35.84,0.3975000000000008
2026-08-31 20:58:23.972563+03:00,2026-09-03 23:00:00+03:00,35.4737,48.09,12.616300000000004
2026-08-31 20:58:23.972563+03:00,2026-09-03 23:15:00+03:00,35.2326,42.01,6.7774
2026-08-31 20:58:23.972563+03:00,2026-09-03 23:30:00+03:00,34.9462,29.03,5.916199999999996
2026-08-31 20:58:23.972563+03:00,2026-09-03 23:45:00+03:00,34.5387,21.12,13.418699999999998
2026-08-31 20:58:23.972563+03:00,2026-09-04 00:00:00+03:00,34.2198,47.3,13.080199999999998
2026-08-31 20:58:23.972563+03:00,2026-09-04 00:15:00+03:00,33.8859,38.95,5.064100000000003
2026-08-31 20:58:23.972563+03:00,2026-09-04 00:30:00+03:00,33.5416,37.44,3.898399999999995
2026-08-31 20:58:23.972563+03:00,2026-09-04 00:45:00+03:00,33.6755,19.99,13.6855
2026-08-31 20:58:23.972563+03:00,2026-09-04 01:00:00+03:00,33.765,38.91,5.144999999999996
2026-08-31 20:58:23.972563+03:00,2026-09-04 01:15:00+03:00,33.6654,34.87,1.2045999999999992
2026-08-31 20:58:23.972563+03:00,2026-09-04 01:30:00+03:00,33.7224,31.68,2.0424000000000007
2026-08-31 20:58:23.972563+03:00,2026-09-04 01:45:00+03:00,33.743,29.2,4.543000000000003
2026-08-31 20:58:23.972563+03:00,2026-09-04 02:00:00+03:00,33.7973,39.82,6.0227
2026-08-31 20:58:23.972563+03:00,2026-09-04 02:15:00+03:00,33.8118,35.54,1.728200000000001
2026-08-31 20:58:23.972563+03:00,2026-09-04 02:30:00+03:00,33.816,30.2,3.616000000000003
2026-08-31 20:58:23.972563+03:00,2026-09-04 02:45:00+03:00,33.8177,27.83,5.987700000000004
2026-08-31 20:58:23.972563+03:00,2026-09-04 03:00:00+03:00,33.8492,38.42,4.570799999999998
2026-08-31 20:58:23.972563+03:00,2026-09-04 03:15:00+03:00,33.8438,37.85,4.0062
2026-08-31 20:58:23.972563+03:00,2026-09-04 03:30:00+03:00,33.8524,32.7,1.1524
2026-08-31 20:58:23.972563+03:00,2026-09-04 03:45:00+03:00,33.8481,28.0,5.848100000000002
2026-08-31 20:58:23.972563+03:00,2026-09-04 04:00:00+03:00,33.8468,30.42,3.4268
2026-08-31 20:58:23.972563+03:00,2026-09-04 04:15:00+03:00,33.9905,35.63,1.6395000000000053
2026-08-31 20:58:23.972563+03:00,2026-09-04 04:30:00+03:00,34.3555,32.99,1.3654999999999973
2026-08-31 20:58:23.972563+03:00,2026-09-04 04:45:00+03:00,34.713,34.68,0.0330000000000012
2026-08-31 20:58:23.972563+03:00,2026-09-04 05:00:00+03:00,34.9506,33.04,1.9106000000000023
2026-08-31 20:58:23.972563+03:00,2026-09-04 05:15:00+03:00,35.2396,32.77,2.4696
2026-08-31 20:58:23.972563+03:00,2026-09-04 05:30:00+03:00,35.573,29.6,5.972999999999999
2026-08-31 20:58:23.972563+03:00,2026-09-04 05:45:00+03:00,35.9302,38.03,2.099800000000002
2026-08-31 20:58:23.972563+03:00,2026-09-04 06:00:00+03:00,36.1906,16.22,19.970600000000005
2026-08-31 20:58:23.972563+03:00,2026-09-04 06:15:00+03:00,36.364,24.92,11.443999999999996
2026-08-31 20:58:23.972563+03:00,2026-09-04 06:30:00+03:00,36.9833,44.28,7.296700000000001
2026-08-31 20:58:23.972563+03:00,2026-09-04 06:45:00+03:00,37.3546,71.48,34.125400000000006
2026-08-31 20:58:23.972563+03:00,2026-09-04 07:00:00+03:00,37.958,28.0,9.957999999999998
2026-08-31 20:58:23.972563+03:00,2026-09-04 07:15:00+03:00,38.9669,40.44,1.4730999999999952
2026-08-31 20:58:23.972563+03:00,2026-09-04 07:30:00+03:00,39.4826,72.37,32.88740000000001
2026-08-31 20:58:23.972563+03:00,2026-09-04 07:45:00+03:00,39.9204,86.7,46.7796
2026-08-31 20:58:23.972563+03:00,2026-09-04 08:00:00+03:00,40.2906,78.74,38.4494
2026-08-31 20:58:23.972563+03:00,2026-09-04 08:15:00+03:00,40.4869,94.51,54.02310000000001
2026-08-31 20:58:23.972563+03:00,2026-09-04 08:30:00+03:00,40.4556,101.81,61.354400000000005
2026-08-31 20:58:23.972563+03:00,2026-09-04 08:45:00+03:00,40.3742,112.92,72.5458
2026-08-31 20:58:23.972563+03:00,2026-09-04 09:00:00+03:00,40.358,95.98,55.62200000000001
2026-08-31 20:58:23.972563+03:00,2026-09-04 09:15:00+03:00,40.0442,82.89,42.8458
2026-08-31 20:58:23.972563+03:00,2026-09-04 09:30:00+03:00,40.0471,97.25,57.2029
2026-08-31 20:58:23.972563+03:00,2026-09-04 09:45:00+03:00,40.0909,95.54,55.44910000000001
2026-08-31 20:58:23.972563+03:00,2026-09-04 10:00:00+03:00,40.0863,86.02,45.9337
2026-08-31 20:58:23.972563+03:00,2026-09-04 10:15:00+03:00,40.0448,90.8,50.7552
2026-08-31 20:58:23.972563+03:00,2026-09-04 10:30:00+03:00,40.0464,101.01,60.96360000000001
2026-08-31 20:58:23.972563+03:00,2026-09-04 10:45:00+03:00,40.0452,100.62,60.5748
2026-08-31 20:58:23.972563+03:00,2026-09-04 11:00:00+03:00,40.0644,111.39,71.32560000000001
2026-08-31 20:58:23.972563+03:00,2026-09-04 11:15:00+03:00,40.0162,100.86,60.8438
2026-08-31 20:58:23.972563+03:00,2026-09-04 11:30:00+03:00,39.4758,91.85,52.3742
2026-08-31 20:58:23.972563+03:00,2026-09-04 11:45:00+03:00,38.9628,82.36,43.3972
2026-08-31 20:58:23.972563+03:00,2026-09-04 12:00:00+03:00,38.2917,83.49,45.1983
2026-08-31 20:58:23.972563+03:00,2026-09-04 12:15:00+03:00,37.5089,77.81,40.301100000000005
2026-08-31 20:58:23.972563+03:00,2026-09-04 12:30:00+03:00,36.8863,68.44,31.5537
2026-08-31 20:58:23.972563+03:00,2026-09-04 12:45:00+03:00,36.5264,61.51,24.9836
2026-08-31 20:58:23.972563+03:00,2026-09-04 13:00:00+03:00,36.1128,66.68,30.567200000000007
2026-08-31 20:58:23.972563+03:00,2026-09-04 13:15:00+03:00,35.5211,60.08,24.5589
2026-08-31 20:58:23.972563+03:00,2026-09-04 13:30:00+03:00,35.3564,55.38,20.0236
2026-08-31 20:58:23.972563+03:00,2026-09-04 13:45:00+03:00,35.0601,53.61,18.5499
2026-08-31 20:58:23.972563+03:00,2026-09-04 14:00:00+03:00,35.2305,52.67,17.439500000000002
2026-08-31 20:58:23.972563+03:00,2026-09-04 14:15:00+03:00,35.2744,51.84,16.565600000000003
2026-08-31 20:58:23.972563+03:00,2026-09-04 14:30:00+03:00,35.2889,45.55,10.2611
2026-08-31 20:58:23.972563+03:00,2026-09-04 14:45:00+03:00,35.3358,41.62,6.284199999999999
2026-08-31 20:58:23.972563+03:00,2026-09-04 15:00:00+03:00,35.3061,52.79,17.4839
2026-08-31 20:58:23.972563+03:00,2026-09-04 15:15:00+03:00,35.4264,48.35,12.9236
2026-08-31 20:58:23.972563+03:00,2026-09-04 15:30:00+03:00,35.4134,48.67,13.2566
2026-08-31 20:58:23.972563+03:00,2026-09-04 15:45:00+03:00,35.3838,48.51,13.126199999999995
2026-08-31 20:58:23.972563+03:00,2026-09-04 16:00:00+03:00,35.3802,40.07,4.689799999999998
2026-08-31 20:58:23.972563+03:00,2026-09-04 16:15:00+03:00,35.4536,41.51,6.0563999999999965
2026-08-31 20:58:23.972563+03:00,2026-09-04 16:30:00+03:00,35.8326,56.79,20.9574
2026-08-31 20:58:23.972563+03:00,2026-09-04 16:45:00+03:00,35.7683,62.37,26.6017
2026-08-31 20:58:23.972563+03:00,2026-09-04 17:00:00+03:00,35.8269,58.78,22.9531
2026-08-31 20:58:23.972563+03:00,2026-09-04 17:15:00+03:00,35.9477,56.58,20.6323
2026-08-31 20:58:23.972563+03:00,2026-09-04 17:30:00+03:00,36.3712,49.99,13.6188
2026-08-31 20:58:23.972563+03:00,2026-09-04 17:45:00+03:00,37.007,50.76,13.753
2026-08-31 20:58:23.972563+03:00,2026-09-04 18:00:00+03:00,37.4573,38.79,1.3327000000000029
2026-08-31 20:58:23.972563+03:00,2026-09-04 18:15:00+03:00,37.8682,54.5,16.6318
2026-08-31 20:58:23.972563+03:00,2026-09-04 18:30:00+03:00,37.8742,70.5,32.6258
2026-08-31 20:58:23.972563+03:00,2026-09-04 18:45:00+03:00,37.6946,88.27,50.5754
2026-08-31 20:58:23.972563+03:00,2026-09-04 19:00:00+03:00,37.6607,72.16,34.4993
2026-08-31 20:58:23.972563+03:00,2026-09-04 19:15:00+03:00,37.4715,74.9,37.42850000000001
2026-08-31 20:58:23.972563+03:00,2026-09-04 19:30:00+03:00,37.4784,70.0,32.5216
2026-08-31 20:58:23.972563+03:00,2026-09-04 19:45:00+03:00,37.5299,65.5,27.9701
2026-08-31 20:58:23.972563+03:00,2026-09-04 20:00:00+03:00,37.5491,74.75,37.2009
2026-08-31 20:58:23.972563+03:00,2026-09-04 20:15:00+03:00,37.1999,59.95,22.750100000000003
2026-08-31 20:58:23.972563+03:00,2026-09-04 20:30:00+03:00,36.7237,62.19,25.4663
2026-08-31 20:58:23.972563+03:00,2026-09-04 20:45:00+03:00,36.3415,50.27,13.9285
2026-08-31 20:58:23.972563+03:00,2026-09-04 21:00:00+03:00,35.6732,66.19,30.5168
2026-08-31 20:58:23.972563+03:00,2026-09-04 21:15:00+03:00,35.3909,55.36,19.9691
2026-08-31 20:58:23.972563+03:00,2026-09-04 21:30:00+03:00,34.956,38.1,3.1439999999999984
2026-08-31 20:58:23.972563+03:00,2026-09-04 21:45:00+03:00,34.6253,28.88,5.745300000000004
2026-08-31 20:58:23.972563+03:00,2026-09-04 22:00:00+03:00,34.2094,58.67,24.4606
2026-08-31 20:58:23.972563+03:00,2026-09-04 22:15:00+03:00,33.6976,38.7,5.0024000000000015
2026-08-31 20:58:23.972563+03:00,2026-09-04 22:30:00+03:00,33.3273,30.34,2.987300000000001
2026-08-31 20:58:23.972563+03:00,2026-09-04 22:45:00+03:00,32.8499,27.32,5.529899999999998
2026-08-31 20:58:23.972563+03:00,2026-09-04 23:00:00+03:00,32.4906,47.96,15.4694
2026-08-31 20:58:23.972563+03:00,2026-09-04 23:15:00+03:00,31.8995,37.0,5.1005
2026-08-31 20:58:23.972563+03:00,2026-09-04 23:30:00+03:00,31.3372,27.99,3.347200000000001
2026-08-31 20:58:23.972563+03:00,2026-09-04 23:45:00+03:00,30.888,22.17,8.718
2026-08-31 20:58:23.972563+03:00,2026-09-05 00:00:00+03:00,30.4047,37.39,6.985300000000002
2026-08-31 20:58:23.972563+03:00,2026-09-05 00:15:00+03:00,30.3523,30.37,0.0177000000000013
2026-08-31 20:58:23.972563+03:00,2026-09-05 00:30:00+03:00,29.9994,26.44,3.5594
2026-08-31 20:58:23.972563+03:00,2026-09-05 00:45:00+03:00,29.7963,10.6,19.1963
2026-08-31 20:58:23.972563+03:00,2026-09-05 01:00:00+03:00,29.7451,38.99,9.2449
2026-08-31 20:58:23.972563+03:00,2026-09-05 01:15:00+03:00,29.717,27.14,2.576999999999998
2026-08-31 20:58:23.972563+03:00,2026-09-05 01:30:00+03:00,29.7192,20.68,9.0392
2026-08-31 20:58:23.972563+03:00,2026-09-05 01:45:00+03:00,29.7508,17.13,12.620800000000004
2026-08-31 20:58:23.972563+03:00,2026-09-05 02:00:00+03:00,29.7797,34.01,4.2303
2026-08-31 20:58:23.972563+03:00,2026-09-05 02:15:00+03:00,29.8037,25.87,3.933699999999998
2026-08-31 20:58:23.972563+03:00,2026-09-05 02:30:00+03:00,29.8095,20.74,9.0695
2026-08-31 20:58:23.972563+03:00,2026-09-05 02:45:00+03:00,29.8188,15.89,13.9288
2026-08-31 20:58:23.972563+03:00,2026-09-05 03:00:00+03:00,29.7908,26.01,3.7807999999999993
2026-08-31 20:58:23.972563+03:00,2026-09-05 03:15:00+03:00,29.8171,24.32,5.4971
2026-08-31 20:58:23.972563+03:00,2026-09-05 03:30:00+03:00,29.8238,19.79,10.0338
2026-08-31 20:58:23.972563+03:00,2026-09-05 03:45:00+03:00,29.8226,15.32,14.5026
2026-08-31 20:58:23.972563+03:00,2026-09-05 04:00:00+03:00,29.7853,23.7,6.0853
2026-08-31 20:58:23.972563+03:00,2026-09-05 04:15:00+03:00,29.8665,20.43,9.4365
2026-08-31 20:58:23.972563+03:00,2026-09-05 04:30:00+03:00,29.8482,18.42,11.428199999999997
2026-08-31 20:58:23.972563+03:00,2026-09-05 04:45:00+03:00,29.8501,14.88,14.9701
2026-08-31 20:58:23.972563+03:00,2026-09-05 05:00:00+03:00,30.0195,22.46,7.5595
2026-08-31 20:58:23.972563+03:00,2026-09-05 05:15:00+03:00,30.465,19.07,11.395
2026-08-31 20:58:23.972563+03:00,2026-09-05 05:30:00+03:00,30.9977,16.39,14.607699999999998
2026-08-31 20:58:23.972563+03:00,2026-09-05 05:45:00+03:00,31.5381,12.21,19.3281
2026-08-31 20:58:23.972563+03:00,2026-09-05 06:00:00+03:00,31.8892,17.34,14.5492
2026-08-31 20:58:23.972563+03:00,2026-09-05 06:15:00+03:00,32.4009,17.37,15.0309
2026-08-31 20:58:23.972563+03:00,2026-09-05 06:30:00+03:00,32.725,15.86,16.865000000000002
2026-08-31 20:58:23.972563+03:00,2026-09-05 06:45:00+03:00,33.0982,14.73,18.3682
2026-08-31 20:58:23.972563+03:00,2026-09-05 07:00:00+03:00,33.6437,17.67,15.9737
2026-08-31 20:58:23.972563+03:00,2026-09-05 07:15:00+03:00,34.0657,17.51,16.555699999999998
2026-08-31 20:58:23.972563+03:00,2026-09-05 07:30:00+03:00,34.5325,18.04,16.4925
2026-08-31 20:58:23.972563+03:00,2026-09-05 07:45:00+03:00,34.8983,18.2,16.6983
2026-08-31 20:58:23.972563+03:00,2026-09-05 08:00:00+03:00,34.9862,17.14,17.846199999999996
2026-08-31 20:58:23.972563+03:00,2026-09-05 08:15:00+03:00,34.9384,18.04,16.898400000000002
2026-08-31 20:58:23.972563+03:00,2026-09-05 08:30:00+03:00,34.9166,18.83,16.086600000000004
2026-08-31 20:58:23.972563+03:00,2026-09-05 08:45:00+03:00,34.9112,19.65,15.261200000000002
2026-08-31 20:58:23.972563+03:00,2026-09-05 09:00:00+03:00,35.0346,20.02,15.014599999999998
2026-08-31 20:58:23.972563+03:00,2026-09-05 09:15:00+03:00,34.7751,18.04,16.735100000000003
2026-08-31 20:58:23.972563+03:00,2026-09-05 09:30:00+03:00,34.814,11.7,23.114
2026-08-31 20:58:23.972563+03:00,2026-09-05 09:45:00+03:00,34.8867,8.46,26.4267
2026-08-31 20:58:23.972563+03:00,2026-09-05 10:00:00+03:00,34.9088,14.17,20.7388
2026-08-31 20:58:23.972563+03:00,2026-09-05 10:15:00+03:00,34.8391,10.85,23.9891
2026-08-31 20:58:23.972563+03:00,2026-09-05 10:30:00+03:00,34.8672,9.29,25.5772
2026-08-31 20:58:23.972563+03:00,2026-09-05 10:45:00+03:00,34.8726,8.57,26.3026
2026-08-31 20:58:23.972563+03:00,2026-09-05 11:00:00+03:00,34.8626,10.4,24.4626
2026-08-31 20:58:23.972563+03:00,2026-09-05 11:15:00+03:00,34.7884,9.55,25.2384
2026-08-31 20:58:23.972563+03:00,2026-09-05 11:30:00+03:00,34.8111,8.39,26.421100000000003
2026-08-31 20:58:23.972563+03:00,2026-09-05 11:45:00+03:00,34.8206,7.74,27.0806
2026-08-31 20:58:23.972563+03:00,2026-09-05 12:00:00+03:00,34.8546,8.69,26.1646
2026-08-31 20:58:23.972563+03:00,2026-09-05 12:15:00+03:00,34.7922,8.07,26.7222
2026-08-31 20:58:23.972563+03:00,2026-09-05 12:30:00+03:00,34.8054,7.51,27.2954
2026-08-31 20:58:23.972563+03:00,2026-09-05 12:45:00+03:00,34.811,7.0,27.811
2026-08-31 20:58:23.972563+03:00,2026-09-05 13:00:00+03:00,34.8358,7.0,27.8358
2026-08-31 20:58:23.972563+03:00,2026-09-05 13:15:00+03:00,34.7892,6.41,28.3792
2026-08-31 20:58:23.972563+03:00,2026-09-05 13:30:00+03:00,34.8087,5.31,29.498700000000003
2026-08-31 20:58:23.972563+03:00,2026-09-05 13:45:00+03:00,34.8234,5.21,29.6134
2026-08-31 20:58:23.972563+03:00,2026-09-05 14:00:00+03:00,34.874,5.0,29.874
2026-08-31 20:58:23.972563+03:00,2026-09-05 14:15:00+03:00,34.8683,4.28,30.5883
2026-08-31 20:58:23.972563+03:00,2026-09-05 14:30:00+03:00,34.8728,4.0,30.8728
2026-08-31 20:58:23.972563+03:00,2026-09-05 14:45:00+03:00,34.8753,3.99,30.8853
2026-08-31 20:58:23.972563+03:00,2026-09-05 15:00:00+03:00,34.8502,3.99,30.8602
2026-08-31 20:58:23.972563+03:00,2026-09-05 15:15:00+03:00,34.9298,3.99,30.9398
2026-08-31 20:58:23.972563+03:00,2026-09-05 15:30:00+03:00,34.9359,3.64,31.2959
2026-08-31 20:58:23.972563+03:00,2026-09-05 15:45:00+03:00,34.918,4.12,30.798
2026-08-31 20:58:23.972563+03:00,2026-09-05 16:00:00+03:00,34.908,3.64,31.268
2026-08-31 20:58:23.972563+03:00,2026-09-05 16:15:00+03:00,34.945,3.99,30.955
2026-08-31 20:58:23.972563+03:00,2026-09-05 16:30:00+03:00,34.9551,3.53,31.4251
2026-08-31 20:58:23.972563+03:00,2026-09-05 16:45:00+03:00,34.9443,4.01,30.9343
2026-08-31 20:58:23.972563+03:00,2026-09-05 17:00:00+03:00,34.997,4.3,30.697
2026-08-31 20:58:23.972563+03:00,2026-09-05 17:15:00+03:00,35.0301,5.0,30.0301
2026-08-31 20:58:23.972563+03:00,2026-09-05 17:30:00+03:00,35.0316,7.04,27.9916
2026-08-31 20:58:23.972563+03:00,2026-09-05 17:45:00+03:00,34.9948,8.4,26.5948
2026-08-31 20:58:23.972563+03:00,2026-09-05 18:00:00+03:00,35.0015,6.87,28.1315
2026-08-31 20:58:23.972563+03:00,2026-09-05 18:15:00+03:00,34.8974,9.04,25.8574
2026-08-31 20:58:23.972563+03:00,2026-09-05 18:30:00+03:00,34.9411,13.22,21.7211
2026-08-31 20:58:23.972563+03:00,2026-09-05 18:45:00+03:00,34.9457,17.68,17.265700000000002
2026-08-31 20:58:23.972563+03:00,2026-09-05 19:00:00+03:00,34.9702,8.52,26.4502
2026-08-31 20:58:23.972563+03:00,2026-09-05 19:15:00+03:00,34.7886,11.19,23.598600000000005
2026-08-31 20:58:23.972563+03:00,2026-09-05 19:30:00+03:00,34.8389,16.45,18.388900000000003
2026-08-31 20:58:23.972563+03:00,2026-09-05 19:45:00+03:00,34.88,26.36,8.520000000000003
2026-08-31 20:58:23.972563+03:00,2026-09-05 20:00:00+03:00,34.8865,20.43,14.456499999999998
2026-08-31 20:58:23.972563+03:00,2026-09-05 20:15:00+03:00,34.6013,20.0,14.601300000000002
2026-08-31 20:58:23.972563+03:00,2026-09-05 20:30:00+03:00,34.375,19.54,14.835
2026-08-31 20:58:23.972563+03:00,2026-09-05 20:45:00+03:00,34.4387,17.8,16.638699999999996
2026-08-31 20:58:23.972563+03:00,2026-09-05 21:00:00+03:00,34.4813,20.39,14.091299999999997
2026-08-31 20:58:23.972563+03:00,2026-09-05 21:15:00+03:00,34.594,19.38,15.214000000000002
2026-08-31 20:58:23.972563+03:00,2026-09-05 21:30:00+03:00,34.599,16.06,18.539
2026-08-31 20:58:23.972563+03:00,2026-09-05 21:45:00+03:00,34.5936,14.2,20.393600000000003
2026-08-31 20:58:23.972563+03:00,2026-09-05 22:00:00+03:00,34.4951,20.0,14.4951
2026-08-31 20:58:23.972563+03:00,2026-09-05 22:15:00+03:00,34.2701,14.62,19.6501
2026-08-31 20:58:23.972563+03:00,2026-09-05 22:30:00+03:00,34.3412,13.19,21.151200000000003
2026-08-31 20:58:23.972563+03:00,2026-09-05 22:45:00+03:00,34.4485,11.65,22.798500000000004
2026-08-31 20:58:23.972563+03:00,2026-09-05 23:00:00+03:00,34.4123,16.54,17.872300000000003
2026-08-31 20:58:23.972563+03:00,2026-09-05 23:15:00+03:00,34.1786,11.76,22.418600000000005
2026-08-31 20:58:23.972563+03:00,2026-09-05 23:30:00+03:00,33.8421,10.0,23.8421
2026-08-31 20:58:23.972563+03:00,2026-09-05 23:45:00+03:00,33.429,9.57,23.859
2026-08-31 20:58:23.972563+03:00,2026-09-06 00:00:00+03:00,33.0651,10.0,23.0651
2026-08-31 20:58:23.972563+03:00,2026-09-06 00:15:00+03:00,33.2073,9.61,23.5973
2026-08-31 20:58:23.972563+03:00,2026-09-06 00:30:00+03:00,33.2441,8.24,25.0041
2026-08-31 20:58:23.972563+03:00,2026-09-06 00:45:00+03:00,33.2532,7.16,26.0932
2026-08-31 20:58:23.972563+03:00,2026-09-06 01:00:00+03:00,33.2623,3.52,29.742300000000004
2026-08-31 20:58:23.972563+03:00,2026-09-06 01:15:00+03:00,33.1371,3.52,29.6171
2026-08-31 20:58:23.972563+03:00,2026-09-06 01:30:00+03:00,33.1365,2.05,31.0865
2026-08-31 20:58:23.972563+03:00,2026-09-06 01:45:00+03:00,33.1742,2.0,31.1742
2026-08-31 20:58:23.972563+03:00,2026-09-06 02:00:00+03:00,33.2011,3.23,29.9711
2026-08-31 20:58:23.972563+03:00,2026-09-06 02:15:00+03:00,33.1982,2.05,31.1482
2026-08-31 20:58:23.972563+03:00,2026-09-06 02:30:00+03:00,33.2082,2.0,31.2082
2026-08-31 20:58:23.972563+03:00,2026-09-06 02:45:00+03:00,33.2142,2.0,31.2142
2026-08-31 20:58:23.972563+03:00,2026-09-06 03:00:00+03:00,33.253,2.0,31.253
2026-08-31 20:58:23.972563+03:00,2026-09-06 03:15:00+03:00,33.2421,2.0,31.2421
2026-08-31 20:58:23.972563+03:00,2026-09-06 03:30:00+03:00,33.2478,1.99,31.2578
2026-08-31 20:58:23.972563+03:00,2026-09-06 03:45:00+03:00,33.2465,1.99,31.2565
2026-08-31 20:58:23.972563+03:00,2026-09-06 04:00:00+03:00,33.2508,2.0,31.2508
2026-08-31 20:58:23.972563+03:00,2026-09-06 04:15:00+03:00,33.2483,1.99,31.2583
2026-08-31 20:58:23.972563+03:00,2026-09-06 04:30:00+03:00,33.2473,1.99,31.257300000000004
2026-08-31 20:58:23.972563+03:00,2026-09-06 04:45:00+03:00,33.25,1.99,31.26
2026-08-31 20:58:23.972563+03:00,2026-09-06 05:00:00+03:00,33.2662,1.99,31.2762
2026-08-31 20:58:23.972563+03:00,2026-09-06 05:15:00+03:00,33.2978,1.99,31.307800000000004
2026-08-31 20:58:23.972563+03:00,2026-09-06 05:30:00+03:00,33.3087,1.99,31.318700000000003
2026-08-31 20:58:23.972563+03:00,2026-09-06 05:45:00+03:00,33.2876,1.99,31.2976
2026-08-31 20:58:23.972563+03:00,2026-09-06 06:00:00+03:00,33.2492,2.0,31.2492
2026-08-31 20:58:23.972563+03:00,2026-09-06 06:15:00+03:00,33.2768,2.0,31.2768
2026-08-31 20:58:23.972563+03:00,2026-09-06 06:30:00+03:00,33.2646,2.0,31.2646
2026-08-31 20:58:23.972563+03:00,2026-09-06 06:45:00+03:00,33.2438,2.0,31.2438
2026-08-31 20:58:23.972563+03:00,2026-09-06 07:00:00+03:00,33.2976,2.0,31.297600000000003
2026-08-31 20:58:23.972563+03:00,2026-09-06 07:15:00+03:00,33.3823,2.0,31.3823
2026-08-31 20:58:23.972563+03:00,2026-09-06 07:30:00+03:00,33.3492,2.0,31.349200000000003
2026-08-31 20:58:23.972563+03:00,2026-09-06 07:45:00+03:00,33.3216,2.42,30.901599999999995
2026-08-31 20:58:23.972563+03:00,2026-09-06 08:00:00+03:00,33.2917,2.03,31.2617
2026-08-31 20:58:23.972563+03:00,2026-09-06 08:15:00+03:00,33.2653,3.23,30.035300000000003
2026-08-31 20:58:23.972563+03:00,2026-09-06 08:30:00+03:00,33.2712,3.55,29.7212
2026-08-31 20:58:23.972563+03:00,2026-09-06 08:45:00+03:00,33.278,4.07,29.208
2026-08-31 20:58:23.972563+03:00,2026-09-06 09:00:00+03:00,33.3441,3.69,29.6541
2026-08-31 20:58:23.972563+03:00,2026-09-06 09:15:00+03:00,33.1356,4.99,28.145599999999995
2026-08-31 20:58:23.972563+03:00,2026-09-06 09:30:00+03:00,33.1639,5.46,27.7039
2026-08-31 20:58:23.972563+03:00,2026-09-06 09:45:00+03:00,33.2112,5.45,27.7612
2026-08-31 20:58:23.972563+03:00,2026-09-06 10:00:00+03:00,33.2183,5.29,27.9283
2026-08-31 20:58:23.972563+03:00,2026-09-06 10:15:00+03:00,33.1425,6.13,27.0125
2026-08-31 20:58:23.972563+03:00,2026-09-06 10:30:00+03:00,33.1666,5.79,27.376600000000003
2026-08-31 20:58:23.972563+03:00,2026-09-06 10:45:00+03:00,33.1695,3.68,29.4895
2026-08-31 20:58:23.972563+03:00,2026-09-06 11:00:00+03:00,33.2029,3.29,29.9129
2026-08-31 20:58:23.972563+03:00,2026-09-06 11:15:00+03:00,33.1219,3.26,29.8619
2026-08-31 20:58:23.972563+03:00,2026-09-06 11:30:00+03:00,33.1412,3.23,29.9112
2026-08-31 20:58:23.972563+03:00,2026-09-06 11:45:00+03:00,33.1481,3.02,30.1281
2026-08-31 20:58:23.972563+03:00,2026-09-06 12:00:00+03:00,33.1954,3.0,30.1954
2026-08-31 20:58:23.972563+03:00,2026-09-06 12:15:00+03:00,33.1229,2.51,30.612900000000003
2026-08-31 20:58:23.972563+03:00,2026-09-06 12:30:00+03:00,33.1387,2.22,30.9187
2026-08-31 20:58:23.972563+03:00,2026-09-06 12:45:00+03:00,33.1435,2.16,30.983500000000003
2026-08-31 20:58:23.972563+03:00,2026-09-06 13:00:00+03:00,33.1935,2.01,31.1835
2026-08-31 20:58:23.972563+03:00,2026-09-06 13:15:00+03:00,33.1258,2.0,31.1258
2026-08-31 20:58:23.972563+03:00,2026-09-06 13:30:00+03:00,33.1457,2.0,31.1457
2026-08-31 20:58:23.972563+03:00,2026-09-06 13:45:00+03:00,33.1515,2.0,31.1515
2026-08-31 20:58:23.972563+03:00,2026-09-06 14:00:00+03:00,33.1983,1.65,31.548300000000005
2026-08-31 20:58:23.972563+03:00,2026-09-06 14:15:00+03:00,33.1815,1.57,31.6115
2026-08-31 20:58:23.972563+03:00,2026-09-06 14:30:00+03:00,33.1883,1.89,31.2983
2026-08-31 20:58:23.972563+03:00,2026-09-06 14:45:00+03:00,33.1871,1.57,31.6171
2026-08-31 20:58:23.972563+03:00,2026-09-06 15:00:00+03:00,33.2121,1.99,31.2221
2026-08-31 20:58:23.972563+03:00,2026-09-06 15:15:00+03:00,33.229,2.0,31.229
2026-08-31 20:58:23.972563+03:00,2026-09-06 15:30:00+03:00,33.2359,2.43,30.8059
2026-08-31 20:58:23.972563+03:00,2026-09-06 15:45:00+03:00,33.2283,3.52,29.7083
2026-08-31 20:58:23.972563+03:00,2026-09-06 16:00:00+03:00,33.2292,3.23,29.9992
2026-08-31 20:58:23.972563+03:00,2026-09-06 16:15:00+03:00,33.233,3.73,29.503
2026-08-31 20:58:23.972563+03:00,2026-09-06 16:30:00+03:00,33.2505,4.29,28.960500000000003
2026-08-31 20:58:23.972563+03:00,2026-09-06 16:45:00+03:00,33.2617,5.02,28.2417
2026-08-31 20:58:23.972563+03:00,2026-09-06 17:00:00+03:00,33.2778,3.78,29.4978
2026-08-31 20:58:23.972563+03:00,2026-09-06 17:15:00+03:00,33.2915,5.35,27.9415
2026-08-31 20:58:23.972563+03:00,2026-09-06 17:30:00+03:00,33.3367,12.56,20.7767
2026-08-31 20:58:23.972563+03:00,2026-09-06 17:45:00+03:00,33.3119,34.71,1.3980999999999997
2026-08-31 20:58:23.972563+03:00,2026-09-06 18:00:00+03:00,33.2836,19.34,13.9436
2026-08-31 20:58:23.972563+03:00,2026-09-06 18:15:00+03:00,33.192,26.13,7.062000000000001
2026-08-31 20:58:23.972563+03:00,2026-09-06 18:30:00+03:00,33.2409,33.66,0.4190999999999931
2026-08-31 20:58:23.972563+03:00,2026-09-06 18:45:00+03:00,33.2418,47.75,14.508200000000002
2026-08-31 20:58:23.972563+03:00,2026-09-06 19:00:00+03:00,33.284,32.38,0.9039999999999964
2026-08-31 20:58:23.972563+03:00,2026-09-06 19:15:00+03:00,33.0036,28.79,4.2136
2026-08-31 20:58:23.972563+03:00,2026-09-06 19:30:00+03:00,33.0055,32.69,0.3155000000000001
2026-08-31 20:58:23.972563+03:00,2026-09-06 19:45:00+03:00,33.049,35.81,2.761000000000003
2026-08-31 20:58:23.972563+03:00,2026-09-06 20:00:00+03:00,33.0978,30.92,2.1777999999999977
2026-08-31 20:58:23.972563+03:00,2026-09-06 20:15:00+03:00,32.795,32.31,0.4849999999999994
2026-08-31 20:58:23.972563+03:00,2026-09-06 20:30:00+03:00,32.5189,31.74,0.7789000000000037
2026-08-31 20:58:23.972563+03:00,2026-09-06 20:45:00+03:00,32.2039,31.45,0.753899999999998
2026-08-31 20:58:23.972563+03:00,2026-09-06 21:00:00+03:00,32.2568,33.59,1.333200000000005
2026-08-31 20:58:23.972563+03:00,2026-09-06 21:15:00+03:00,32.4326,33.87,1.437399999999997
2026-08-31 20:58:23.972563+03:00,2026-09-06 21:30:00+03:00,32.4635,32.33,0.133500000000005
2026-08-31 20:58:23.972563+03:00,2026-09-06 21:45:00+03:00,32.4651,29.7,2.7651000000000003
2026-08-31 20:58:23.972563+03:00,2026-09-06 22:00:00+03:00,32.4103,32.07,0.3402999999999991
2026-08-31 20:58:23.972563+03:00,2026-09-06 22:15:00+03:00,32.246,31.61,0.6360000000000028
2026-08-31 20:58:23.972563+03:00,2026-09-06 22:30:00+03:00,32.274,29.78,2.494
2026-08-31 20:58:23.972563+03:00,2026-09-06 22:45:00+03:00,32.3069,27.99,4.3169
2026-08-31 20:58:23.972563+03:00,2026-09-06 23:00:00+03:00,32.3811,30.29,2.0911000000000044
2026-08-31 20:58:23.972563+03:00,2026-09-06 23:15:00+03:00,32.1358,29.24,2.895800000000005
2026-08-31 20:58:23.972563+03:00,2026-09-06 23:30:00+03:00,32.1925,26.64,5.552500000000002
2026-08-31 20:58:23.972563+03:00,2026-09-06 23:45:00+03:00,32.2662,25.0,7.266199999999998
2026-08-31 20:58:23.972563+03:00,2026-09-07 00:00:00+03:00,32.4064,27.69,4.716399999999997
2026-08-31 20:58:23.972563+03:00,2026-09-07 00:15:00+03:00,32.4273,26.99,5.437300000000004
2026-08-31 20:58:23.972563+03:00,2026-09-07 00:30:00+03:00,32.4448,25.73,6.7148
2026-08-31 20:58:23.972563+03:00,2026-09-07 00:45:00+03:00,32.4525,24.36,8.092500000000001
2026-08-31 20:58:23.972563+03:00,2026-09-07 01:00:00+03:00,32.4107,26.1,6.310699999999997
2026-08-31 20:58:23.972563+03:00,2026-09-07 01:15:00+03:00,32.342,24.99,7.352
2026-08-31 20:58:23.972563+03:00,2026-09-07 01:30:00+03:00,32.3372,27.96,4.377200000000002
2026-08-31 20:58:23.972563+03:00,2026-09-07 01:45:00+03:00,32.362,28.0,4.362000000000002
2026-08-31 20:58:23.972563+03:00,2026-09-07 02:00:00+03:00,32.4046,26.51,5.8946000000000005
2026-08-31 20:58:23.972563+03:00,2026-09-07 02:15:00+03:00,32.4433,26.76,5.683299999999999
2026-08-31 20:58:23.972563+03:00,2026-09-07 02:30:00+03:00,32.4463,27.2,5.2463000000000015
2026-08-31 20:58:23.972563+03:00,2026-09-07 02:45:00+03:00,32.442,28.85,3.5919999999999987
2026-08-31 20:58:23.972563+03:00,2026-09-07 03:00:00+03:00,32.4444,26.25,6.194400000000002
2026-08-31 20:58:23.972563+03:00,2026-09-07 03:15:00+03:00,32.4582,26.88,5.578199999999999
2026-08-31 20:58:23.972563+03:00,2026-09-07 03:30:00+03:00,32.4725,27.38,5.092499999999998
2026-08-31 20:58:23.972563+03:00,2026-09-07 03:45:00+03:00,32.4685,29.94,2.528499999999997
2026-08-31 20:58:23.972563+03:00,2026-09-07 04:00:00+03:00,32.527,26.02,6.5070000000000014
2026-08-31 20:58:23.972563+03:00,2026-09-07 04:15:00+03:00,32.6584,28.67,3.988399999999999
2026-08-31 20:58:23.972563+03:00,2026-09-07 04:30:00+03:00,33.0573,28.0,5.057299999999998
2026-08-31 20:58:23.972563+03:00,2026-09-07 04:45:00+03:00,33.6004,27.28,6.320399999999999
2026-08-31 20:58:23.972563+03:00,2026-09-07 05:00:00+03:00,34.1697,29.07,5.099699999999999
2026-08-31 20:58:23.972563+03:00,2026-09-07 05:15:00+03:00,34.8569,28.96,5.896900000000002
2026-08-31 20:58:23.972563+03:00,2026-09-07 05:30:00+03:00,35.6421,30.49,5.152100000000001
2026-08-31 20:58:23.972563+03:00,2026-09-07 05:45:00+03:00,36.5541,32.57,3.984099999999998
2026-08-31 20:58:23.972563+03:00,2026-09-07 06:00:00+03:00,37.5267,33.4,4.1267
2026-08-31 20:58:23.972563+03:00,2026-09-07 06:15:00+03:00,38.734,30.93,7.804000000000002
2026-08-31 20:58:23.972563+03:00,2026-09-07 06:30:00+03:00,39.8487,33.82,6.028700000000001
2026-08-31 20:58:23.972563+03:00,2026-09-07 06:45:00+03:00,40.8833,34.32,6.563299999999998
2026-08-31 20:58:23.972563+03:00,2026-09-07 07:00:00+03:00,41.7448,34.6,7.1447999999999965
2026-08-31 20:58:23.972563+03:00,2026-09-07 07:15:00+03:00,42.4102,33.4,9.010200000000005
2026-08-31 20:58:23.972563+03:00,2026-09-07 07:30:00+03:00,43.2649,41.0,2.264899999999997
2026-08-31 20:58:23.972563+03:00,2026-09-07 07:45:00+03:00,44.1035,38.38,5.723499999999994
2026-08-31 20:58:23.972563+03:00,2026-09-07 08:00:00+03:00,44.5388,39.41,5.128800000000005
2026-08-31 20:58:23.972563+03:00,2026-09-07 08:15:00+03:00,44.984,39.7,5.283999999999999
2026-08-31 20:58:23.972563+03:00,2026-09-07 08:30:00+03:00,45.1954,35.7,9.495399999999997
2026-08-31 20:58:23.972563+03:00,2026-09-07 08:45:00+03:00,44.9525,31.0,13.9525
2026-08-31 20:58:23.972563+03:00,2026-09-07 09:00:00+03:00,44.9221,37.69,7.232100000000003
2026-08-31 20:58:23.972563+03:00,2026-09-07 09:15:00+03:00,44.4286,40.02,4.4086
2026-08-31 20:58:23.972563+03:00,2026-09-07 09:30:00+03:00,43.9423,33.53,10.412300000000002
2026-08-31 20:58:23.972563+03:00,2026-09-07 09:45:00+03:00,43.4515,35.99,7.461500000000001
2026-08-31 20:58:23.972563+03:00,2026-09-07 10:00:00+03:00,43.0141,43.14,0.1259000000000014
2026-08-31 20:58:23.972563+03:00,2026-09-07 10:15:00+03:00,42.4086,38.09,4.318599999999996
2026-08-31 20:58:23.972563+03:00,2026-09-07 10:30:00+03:00,41.9258,33.13,8.7958
2026-08-31 20:58:23.972563+03:00,2026-09-07 10:45:00+03:00,42.114,27.44,14.673999999999996
2026-08-31 20:58:23.972563+03:00,2026-09-07 11:00:00+03:00,42.2559,43.51,1.254100000000001
2026-08-31 20:58:23.972563+03:00,2026-09-07 11:15:00+03:00,42.2505,29.07,13.180500000000002
2026-08-31 20:58:23.972563+03:00,2026-09-07 11:30:00+03:00,42.235,29.04,13.195
2026-08-31 20:58:23.972563+03:00,2026-09-07 11:45:00+03:00,42.2399,24.99,17.2499
2026-08-31 20:58:23.972563+03:00,2026-09-07 12:00:00+03:00,42.3042,37.98,4.324200000000005
2026-08-31 20:58:23.972563+03:00,2026-09-07 12:15:00+03:00,42.2457,32.56,9.685699999999995
2026-08-31 20:58:23.972563+03:00,2026-09-07 12:30:00+03:00,42.2025,31.72,10.482500000000002
2026-08-31 20:58:23.972563+03:00,2026-09-07 12:45:00+03:00,42.2207,29.31,12.910700000000002
2026-08-31 20:58:23.972563+03:00,2026-09-07 13:00:00+03:00,42.261,37.77,4.491
2026-08-31 20:58:23.972563+03:00,2026-09-07 13:15:00+03:00,42.2331,29.99,12.243100000000002
2026-08-31 20:58:23.972563+03:00,2026-09-07 13:30:00+03:00,42.2154,27.43,14.785400000000005
2026-08-31 20:58:23.972563+03:00,2026-09-07 13:45:00+03:00,42.2205,24.52,17.7005
2026-08-31 20:58:23.972563+03:00,2026-09-07 14:00:00+03:00,42.2777,38.24,4.037700000000001
2026-08-31 20:58:23.972563+03:00,2026-09-07 14:15:00+03:00,42.2764,28.24,14.036400000000004
2026-08-31 20:58:23.972563+03:00,2026-09-07 14:30:00+03:00,42.2481,24.4,17.848100000000002
2026-08-31 20:58:23.972563+03:00,2026-09-07 14:45:00+03:00,42.2566,20.45,21.8066
2026-08-31 20:58:23.972563+03:00,2026-09-07 15:00:00+03:00,42.3003,24.91,17.3903
2026-08-31 20:58:23.972563+03:00,2026-09-07 15:15:00+03:00,42.3706,25.11,17.260600000000004
2026-08-31 20:58:23.972563+03:00,2026-09-07 15:30:00+03:00,42.337,25.78,16.557000000000002
2026-08-31 20:58:23.972563+03:00,2026-09-07 15:45:00+03:00,42.3341,26.33,16.0041
2026-08-31 20:58:23.972563+03:00,2026-09-07 16:00:00+03:00,42.3282,24.57,17.758200000000002
2026-08-31 20:58:23.972563+03:00,2026-09-07 16:15:00+03:00,42.3822,24.93,17.452199999999998
2026-08-31 20:58:23.972563+03:00,2026-09-07 16:30:00+03:00,42.3441,25.14,17.204099999999997
2026-08-31 20:58:23.972563+03:00,2026-09-07 16:45:00+03:00,42.3401,24.47,17.8701
2026-08-31 20:58:23.972563+03:00,2026-09-07 17:00:00+03:00,42.3964,26.84,15.5564
2026-08-31 20:58:23.972563+03:00,2026-09-07 17:15:00+03:00,42.4824,25.75,16.7324
2026-08-31 20:58:23.972563+03:00,2026-09-07 17:30:00+03:00,42.4363,25.0,17.436300000000003
2026-08-31 20:58:23.972563+03:00,2026-09-07 17:45:00+03:00,42.3742,22.36,20.0142
2026-08-31 20:58:23.972563+03:00,2026-09-07 18:00:00+03:00,42.3632,38.22,4.1432
2026-08-31 20:58:23.972563+03:00,2026-09-07 18:15:00+03:00,42.2511,29.07,13.1811
2026-08-31 20:58:23.972563+03:00,2026-09-07 18:30:00+03:00,42.2538,22.59,19.6638
2026-08-31 20:58:23.972563+03:00,2026-09-07 18:45:00+03:00,42.258,14.15,28.108000000000004
2026-08-31 20:58:23.972563+03:00,2026-09-07 19:00:00+03:00,42.3114,45.0,2.688600000000001
2026-08-31 20:58:23.972563+03:00,2026-09-07 19:15:00+03:00,42.1388,29.96,12.178800000000004
2026-08-31 20:58:23.972563+03:00,2026-09-07 19:30:00+03:00,42.1351,21.86,20.2751
2026-08-31 20:58:23.972563+03:00,2026-09-07 19:45:00+03:00,42.1611,9.99,32.1711
2026-08-31 20:58:23.972563+03:00,2026-09-07 20:00:00+03:00,42.2255,32.59,9.635499999999992
2026-08-31 20:58:23.972563+03:00,2026-09-07 20:15:00+03:00,41.6372,23.09,18.5472
2026-08-31 20:58:23.972563+03:00,2026-09-07 20:30:00+03:00,40.7188,12.62,28.098800000000004
2026-08-31 20:58:23.972563+03:00,2026-09-07 20:45:00+03:00,39.4094,8.0,31.4094
2026-08-31 20:58:23.972563+03:00,2026-09-07 21:00:00+03:00,38.1709,9.4,28.770900000000005
2026-08-31 20:58:23.972563+03:00,2026-09-07 21:15:00+03:00,37.0626,6.58,30.482600000000005
2026-08-31 20:58:23.972563+03:00,2026-09-07 21:30:00+03:00,35.9984,4.99,31.008399999999995
2026-08-31 20:58:23.972563+03:00,2026-09-07 21:45:00+03:00,35.302,4.38,30.922
2026-08-31 20:58:23.972563+03:00,2026-09-07 22:00:00+03:00,34.5928,5.39,29.2028
2026-08-31 20:58:23.972563+03:00,2026-09-07 22:15:00+03:00,33.7515,5.37,28.3815
2026-08-31 20:58:23.972563+03:00,2026-09-07 22:30:00+03:00,32.8461,5.32,27.5261
2026-08-31 20:58:23.972563+03:00,2026-09-07 22:45:00+03:00,32.0912,4.95,27.1412
2026-08-31 20:58:23.972563+03:00,2026-09-07 23:00:00+03:00,31.1415,4.05,27.0915
2026-08-31 20:58:23.972563+03:00,2026-09-07 23:15:00+03:00,30.1586,3.58,26.5786
2026-08-31 20:58:23.972563+03:00,2026-09-07 23:30:00+03:00,29.1858,3.35,25.8358
2026-08-31 20:58:23.972563+03:00,2026-09-07 23:45:00+03:00,28.1748,3.2,24.9748
2026-09-01 18:27:05.302757+03:00,2026-09-02 00:00:00+03:00,35.777,40.87,5.092999999999996
2026-09-01 18:27:05.302757+03:00,2026-09-02 00:15:00+03:00,33.6548,41.74,8.0852
2026-09-01 18:27:05.302757+03:00,2026-09-02 00:30:00+03:00,31.5347,45.36,13.8253
2026-09-01 18:27:05.302757+03:00,2026-09-02 00:45:00+03:00,29.2649,32.55,3.2850999999999964
2026-09-01 18:27:05.302757+03:00,2026-09-02 01:00:00+03:00,26.9219,37.94,11.018099999999995
2026-09-01 18:27:05.302757+03:00,2026-09-02 01:15:00+03:00,26.0208,39.79,13.769199999999998
2026-09-01 18:27:05.302757+03:00,2026-09-02 01:30:00+03:00,24.698,38.57,13.872
2026-09-01 18:27:05.302757+03:00,2026-09-02 01:45:00+03:00,23.7561,39.09,15.333900000000003
2026-09-01 18:27:05.302757+03:00,2026-09-02 02:00:00+03:00,22.2693,41.0,18.7307
2026-09-01 18:27:05.302757+03:00,2026-09-02 02:15:00+03:00,20.68,36.97,16.29
2026-09-01 18:27:05.302757+03:00,2026-09-02 02:30:00+03:00,19.3052,35.1,15.794800000000002
2026-09-01 18:27:05.302757+03:00,2026-09-02 02:45:00+03:00,18.1178,34.13,16.012200000000004
2026-09-01 18:27:05.302757+03:00,2026-09-02 03:00:00+03:00,17.3279,34.2,16.872100000000003
2026-09-01 18:27:05.302757+03:00,2026-09-02 03:15:00+03:00,16.5021,34.07,17.5679
2026-09-01 18:27:05.302757+03:00,2026-09-02 03:30:00+03:00,15.9395,35.81,19.8705
2026-09-01 18:27:05.302757+03:00,2026-09-02 03:45:00+03:00,15.8904,36.56,20.669600000000003
2026-09-01 18:27:05.302757+03:00,2026-09-02 04:00:00+03:00,16.012,35.13,19.118
2026-09-01 18:27:05.302757+03:00,2026-09-02 04:15:00+03:00,16.3565,35.74,19.3835
2026-09-01 18:27:05.302757+03:00,2026-09-02 04:30:00+03:00,16.5727,37.36,20.7873
2026-09-01 18:27:05.302757+03:00,2026-09-02 04:45:00+03:00,16.5886,37.54,20.9514
2026-09-01 18:27:05.302757+03:00,2026-09-02 05:00:00+03:00,16.4769,34.31,17.8331
2026-09-01 18:27:05.302757+03:00,2026-09-02 05:15:00+03:00,16.954,35.34,18.386000000000003
2026-09-01 18:27:05.302757+03:00,2026-09-02 05:30:00+03:00,17.1688,37.33,20.1612
2026-09-01 18:27:05.302757+03:00,2026-09-02 05:45:00+03:00,17.1046,42.55,25.4454
2026-09-01 18:27:05.302757+03:00,2026-09-02 06:00:00+03:00,17.0903,35.36,18.2697
2026-09-01 18:27:05.302757+03:00,2026-09-02 06:15:00+03:00,17.4245,41.72,24.2955
2026-09-01 18:27:05.302757+03:00,2026-09-02 06:30:00+03:00,17.6813,53.33,35.6487
2026-09-01 18:27:05.302757+03:00,2026-09-02 06:45:00+03:00,18.042,68.78,50.738
2026-09-01 18:27:05.302757+03:00,2026-09-02 07:00:00+03:00,17.8992,46.77,28.870800000000003
2026-09-01 18:27:05.302757+03:00,2026-09-02 07:15:00+03:00,18.2433,47.42,29.1767
2026-09-01 18:27:05.302757+03:00,2026-09-02 07:30:00+03:00,18.6139,52.42,33.8061
2026-09-01 18:27:05.302757+03:00,2026-09-02 07:45:00+03:00,18.8008,62.3,43.4992
2026-09-01 18:27:05.302757+03:00,2026-09-02 08:00:00+03:00,18.6861,48.28,29.5939
2026-09-01 18:27:05.302757+03:00,2026-09-02 08:15:00+03:00,18.7168,69.46,50.7432
2026-09-01 18:27:05.302757+03:00,2026-09-02 08:30:00+03:00,18.6394,76.24,57.6006
2026-09-01 18:27:05.302757+03:00,2026-09-02 08:45:00+03:00,18.6518,81.89,63.2382
2026-09-01 18:27:05.302757+03:00,2026-09-02 09:00:00+03:00,18.6081,72.82,54.21189999999999
2026-09-01 18:27:05.302757+03:00,2026-09-02 09:15:00+03:00,18.4188,84.17,65.7512
2026-09-01 18:27:05.302757+03:00,2026-09-02 09:30:00+03:00,18.1985,81.15,62.95150000000001
2026-09-01 18:27:05.302757+03:00,2026-09-02 09:45:00+03:00,18.2462,97.87,79.6238
2026-09-01 18:27:05.302757+03:00,2026-09-02 10:00:00+03:00,18.2925,100.0,81.7075
2026-09-01 18:27:05.302757+03:00,2026-09-02 10:15:00+03:00,18.2383,99.99,81.7517
2026-09-01 18:27:05.302757+03:00,2026-09-02 10:30:00+03:00,18.2823,100.0,81.71770000000001
2026-09-01 18:27:05.302757+03:00,2026-09-02 10:45:00+03:00,18.2891,93.61,75.3209
2026-09-01 18:27:05.302757+03:00,2026-09-02 11:00:00+03:00,18.3201,92.89,74.5699
2026-09-01 18:27:05.302757+03:00,2026-09-02 11:15:00+03:00,18.2524,77.24,58.98759999999999
2026-09-01 18:27:05.302757+03:00,2026-09-02 11:30:00+03:00,18.2769,61.97,43.6931
2026-09-01 18:27:05.302757+03:00,2026-09-02 11:45:00+03:00,18.2852,49.13,30.844800000000003
2026-09-01 18:27:05.302757+03:00,2026-09-02 12:00:00+03:00,18.3012,77.08,58.7788
2026-09-01 18:27:05.302757+03:00,2026-09-02 12:15:00+03:00,18.2417,50.62,32.3783
2026-09-01 18:27:05.302757+03:00,2026-09-02 12:30:00+03:00,18.2709,47.9,29.6291
2026-09-01 18:27:05.302757+03:00,2026-09-02 12:45:00+03:00,18.2743,39.65,21.3757
2026-09-01 18:27:05.302757+03:00,2026-09-02 13:00:00+03:00,18.297,54.76,36.463
2026-09-01 18:27:05.302757+03:00,2026-09-02 13:15:00+03:00,18.2499,46.58,28.3301
2026-09-01 18:27:05.302757+03:00,2026-09-02 13:30:00+03:00,18.283,39.36,21.077
2026-09-01 18:27:05.302757+03:00,2026-09-02 13:45:00+03:00,18.2781,28.84,10.5619
2026-09-01 18:27:05.302757+03:00,2026-09-02 14:00:00+03:00,18.3018,41.97,23.6682
2026-09-01 18:27:05.302757+03:00,2026-09-02 14:15:00+03:00,18.2717,41.44,23.1683
2026-09-01 18:27:05.302757+03:00,2026-09-02 14:30:00+03:00,18.2928,39.43,21.1372
2026-09-01 18:27:05.302757+03:00,2026-09-02 14:45:00+03:00,18.2841,34.51,16.2259
2026-09-01 18:27:05.302757+03:00,2026-09-02 15:00:00+03:00,18.2925,39.89,21.5975
2026-09-01 18:27:05.302757+03:00,2026-09-02 15:15:00+03:00,18.3241,42.83,24.5059
2026-09-01 18:27:05.302757+03:00,2026-09-02 15:30:00+03:00,18.3365,43.9,25.5635
2026-09-01 18:27:05.302757+03:00,2026-09-02 15:45:00+03:00,18.3268,43.64,25.3132
2026-09-01 18:27:05.302757+03:00,2026-09-02 16:00:00+03:00,18.3193,35.84,17.520700000000005
2026-09-01 18:27:05.302757+03:00,2026-09-02 16:15:00+03:00,18.3238,37.61,19.2862
2026-09-01 18:27:05.302757+03:00,2026-09-02 16:30:00+03:00,18.3309,44.86,26.5291
2026-09-01 18:27:05.302757+03:00,2026-09-02 16:45:00+03:00,18.3191,50.92,32.6009
2026-09-01 18:27:05.302757+03:00,2026-09-02 17:00:00+03:00,18.3163,27.99,9.6737
2026-09-01 18:27:05.302757+03:00,2026-09-02 17:15:00+03:00,18.3286,39.8,21.4714
2026-09-01 18:27:05.302757+03:00,2026-09-02 17:30:00+03:00,18.3227,41.7,23.3773
2026-09-01 18:27:05.302757+03:00,2026-09-02 17:45:00+03:00,18.3118,67.28,48.9682
2026-09-01 18:27:05.302757+03:00,2026-09-02 18:00:00+03:00,18.2983,38.18,19.8817
2026-09-01 18:27:05.302757+03:00,2026-09-02 18:15:00+03:00,18.2439,64.4,46.15610000000001
2026-09-01 18:27:05.302757+03:00,2026-09-02 18:30:00+03:00,18.2634,79.99,61.72659999999999
2026-09-01 18:27:05.302757+03:00,2026-09-02 18:45:00+03:00,18.2564,98.36,80.1036
2026-09-01 18:27:05.302757+03:00,2026-09-02 19:00:00+03:00,18.2841,89.74,71.4559
2026-09-01 18:27:05.302757+03:00,2026-09-02 19:15:00+03:00,18.1151,68.03,49.9149
2026-09-01 18:27:05.302757+03:00,2026-09-02 19:30:00+03:00,18.1686,74.66,56.4914
2026-09-01 18:27:05.302757+03:00,2026-09-02 19:45:00+03:00,18.2099,73.44,55.23009999999999
2026-09-01 18:27:05.302757+03:00,2026-09-02 20:00:00+03:00,18.1896,80.41,62.2204
2026-09-01 18:27:05.302757+03:00,2026-09-02 20:15:00+03:00,17.8887,61.19,43.3013
2026-09-01 18:27:05.302757+03:00,2026-09-02 20:30:00+03:00,17.3297,59.01,41.6803
2026-09-01 18:27:05.302757+03:00,2026-09-02 20:45:00+03:00,17.0408,51.84,34.7992
2026-09-01 18:27:05.302757+03:00,2026-09-02 21:00:00+03:00,16.5531,69.34,52.7869
2026-09-01 18:27:05.302757+03:00,2026-09-02 21:15:00+03:00,16.1877,55.28,39.0923
2026-09-01 18:27:05.302757+03:00,2026-09-02 21:30:00+03:00,15.8611,47.66,31.7989
2026-09-01 18:27:05.302757+03:00,2026-09-02 21:45:00+03:00,15.8891,39.27,23.380900000000004
2026-09-01 18:27:05.302757+03:00,2026-09-02 22:00:00+03:00,15.927,54.22,38.293
2026-09-01 18:27:05.302757+03:00,2026-09-02 22:15:00+03:00,15.791,51.46,35.669
2026-09-01 18:27:05.302757+03:00,2026-09-02 22:30:00+03:00,15.3247,42.38,27.055300000000003
2026-09-01 18:27:05.302757+03:00,2026-09-02 22:45:00+03:00,15.3204,36.44,21.1196
2026-09-01 18:27:05.302757+03:00,2026-09-02 23:00:00+03:00,15.3892,43.88,28.4908
2026-09-01 18:27:05.302757+03:00,2026-09-02 23:15:00+03:00,15.1836,41.77,26.586400000000005
2026-09-01 18:27:05.302757+03:00,2026-09-02 23:30:00+03:00,14.9959,37.77,22.774100000000004
2026-09-01 18:27:05.302757+03:00,2026-09-02 23:45:00+03:00,15.0469,32.41,17.363099999999996
2026-09-01 18:27:05.302757+03:00,2026-09-03 00:00:00+03:00,15.1196,38.26,23.1404
2026-09-01 18:27:05.302757+03:00,2026-09-03 00:15:00+03:00,15.0927,34.36,19.2673
2026-09-01 18:27:05.302757+03:00,2026-09-03 00:30:00+03:00,15.1322,29.63,14.4978
2026-09-01 18:27:05.302757+03:00,2026-09-03 00:45:00+03:00,15.1712,26.08,10.908799999999998
2026-09-01 18:27:05.302757+03:00,2026-09-03 01:00:00+03:00,15.1618,26.15,10.9882
2026-09-01 18:27:05.302757+03:00,2026-09-03 01:15:00+03:00,15.0954,24.6,9.504600000000002
2026-09-01 18:27:05.302757+03:00,2026-09-03 01:30:00+03:00,15.1187,22.47,7.351299999999998
2026-09-01 18:27:05.302757+03:00,2026-09-03 01:45:00+03:00,15.1485,20.56,5.411499999999998
2026-09-01 18:27:05.302757+03:00,2026-09-03 02:00:00+03:00,15.1634,24.99,9.8266
2026-09-01 18:27:05.302757+03:00,2026-09-03 02:15:00+03:00,15.1595,23.67,8.510500000000002
2026-09-01 18:27:05.302757+03:00,2026-09-03 02:30:00+03:00,15.1923,22.04,6.8477
2026-09-01 18:27:05.302757+03:00,2026-09-03 02:45:00+03:00,15.1879,22.42,7.232100000000001
2026-09-01 18:27:05.302757+03:00,2026-09-03 03:00:00+03:00,15.1755,24.08,8.904499999999999
2026-09-01 18:27:05.302757+03:00,2026-09-03 03:15:00+03:00,15.1963,24.06,8.863699999999998
2026-09-01 18:27:05.302757+03:00,2026-09-03 03:30:00+03:00,15.2217,23.09,7.8683
2026-09-01 18:27:05.302757+03:00,2026-09-03 03:45:00+03:00,15.2214,21.71,6.488600000000002
2026-09-01 18:27:05.302757+03:00,2026-09-03 04:00:00+03:00,15.2399,24.33,9.090099999999998
2026-09-01 18:27:05.302757+03:00,2026-09-03 04:15:00+03:00,15.3963,23.1,7.703700000000001
2026-09-01 18:27:05.302757+03:00,2026-09-03 04:30:00+03:00,15.6751,22.76,7.084900000000001
2026-09-01 18:27:05.302757+03:00,2026-09-03 04:45:00+03:00,15.6368,22.75,7.113200000000001
2026-09-01 18:27:05.302757+03:00,2026-09-03 05:00:00+03:00,15.6421,20.81,5.1679
2026-09-01 18:27:05.302757+03:00,2026-09-03 05:15:00+03:00,15.9422,22.73,6.787800000000001
2026-09-01 18:27:05.302757+03:00,2026-09-03 05:30:00+03:00,16.3637,24.48,8.116299999999999
2026-09-01 18:27:05.302757+03:00,2026-09-03 05:45:00+03:00,16.601,25.44,8.839000000000002
2026-09-01 18:27:05.302757+03:00,2026-09-03 06:00:00+03:00,16.5672,16.0,0.5671999999999997
2026-09-01 18:27:05.302757+03:00,2026-09-03 06:15:00+03:00,16.863,23.42,6.557000000000002
2026-09-01 18:27:05.302757+03:00,2026-09-03 06:30:00+03:00,17.1956,28.56,11.3644
2026-09-01 18:27:05.302757+03:00,2026-09-03 06:45:00+03:00,17.1336,34.58,17.446399999999997
2026-09-01 18:27:05.302757+03:00,2026-09-03 07:00:00+03:00,16.9794,22.19,5.210600000000003
2026-09-01 18:27:05.302757+03:00,2026-09-03 07:15:00+03:00,17.1691,28.27,11.1009
2026-09-01 18:27:05.302757+03:00,2026-09-03 07:30:00+03:00,17.0895,34.61,17.5205
2026-09-01 18:27:05.302757+03:00,2026-09-03 07:45:00+03:00,17.0501,44.64,27.5899
2026-09-01 18:27:05.302757+03:00,2026-09-03 08:00:00+03:00,16.9492,20.57,3.620799999999999
2026-09-01 18:27:05.302757+03:00,2026-09-03 08:15:00+03:00,17.0216,31.23,14.2084
2026-09-01 18:27:05.302757+03:00,2026-09-03 08:30:00+03:00,16.9825,37.07,20.0875
2026-09-01 18:27:05.302757+03:00,2026-09-03 08:45:00+03:00,16.9997,47.97,30.9703
2026-09-01 18:27:05.302757+03:00,2026-09-03 09:00:00+03:00,16.9339,27.99,11.056099999999995
2026-09-01 18:27:05.302757+03:00,2026-09-03 09:15:00+03:00,16.7825,31.75,14.9675
2026-09-01 18:27:05.302757+03:00,2026-09-03 09:30:00+03:00,16.8228,53.09,36.2672
2026-09-01 18:27:05.302757+03:00,2026-09-03 09:45:00+03:00,16.8507,51.67,34.8193
2026-09-01 18:27:05.302757+03:00,2026-09-03 10:00:00+03:00,16.8703,49.32,32.4497
2026-09-01 18:27:05.302757+03:00,2026-09-03 10:15:00+03:00,16.8073,48.8,31.9927
2026-09-01 18:27:05.302757+03:00,2026-09-03 10:30:00+03:00,16.8526,42.25,25.3974
2026-09-01 18:27:05.302757+03:00,2026-09-03 10:45:00+03:00,16.8589,49.99,33.1311
2026-09-01 18:27:05.302757+03:00,2026-09-03 11:00:00+03:00,16.8639,52.82,35.9561
2026-09-01 18:27:05.302757+03:00,2026-09-03 11:15:00+03:00,16.799,48.26,31.461
2026-09-01 18:27:05.302757+03:00,2026-09-03 11:30:00+03:00,16.8385,50.0,33.161500000000004
2026-09-01 18:27:05.302757+03:00,2026-09-03 11:45:00+03:00,16.8414,42.29,25.4486
2026-09-01 18:27:05.302757+03:00,2026-09-03 12:00:00+03:00,16.8389,50.8,33.9611
2026-09-01 18:27:05.302757+03:00,2026-09-03 12:15:00+03:00,16.7783,46.37,29.5917
2026-09-01 18:27:05.302757+03:00,2026-09-03 12:30:00+03:00,16.8218,39.41,22.5882
2026-09-01 18:27:05.302757+03:00,2026-09-03 12:45:00+03:00,16.8255,36.5,19.6745
2026-09-01 18:27:05.302757+03:00,2026-09-03 13:00:00+03:00,16.8465,48.21,31.3635
2026-09-01 18:27:05.302757+03:00,2026-09-03 13:15:00+03:00,16.7892,47.6,30.8108
2026-09-01 18:27:05.302757+03:00,2026-09-03 13:30:00+03:00,16.8341,36.88,20.045900000000003
2026-09-01 18:27:05.302757+03:00,2026-09-03 13:45:00+03:00,16.8413,32.88,16.038700000000002
2026-09-01 18:27:05.302757+03:00,2026-09-03 14:00:00+03:00,16.8527,41.18,24.3273
2026-09-01 18:27:05.302757+03:00,2026-09-03 14:15:00+03:00,16.8289,36.54,19.7111
2026-09-01 18:27:05.302757+03:00,2026-09-03 14:30:00+03:00,16.8577,30.49,13.632299999999995
2026-09-01 18:27:05.302757+03:00,2026-09-03 14:45:00+03:00,16.8615,32.42,15.558500000000002
2026-09-01 18:27:05.302757+03:00,2026-09-03 15:00:00+03:00,16.8785,31.45,14.5715
2026-09-01 18:27:05.302757+03:00,2026-09-03 15:15:00+03:00,16.9323,30.0,13.0677
2026-09-01 18:27:05.302757+03:00,2026-09-03 15:30:00+03:00,16.9485,37.4,20.4515
2026-09-01 18:27:05.302757+03:00,2026-09-03 15:45:00+03:00,16.9392,42.99,26.0508
2026-09-01 18:27:05.302757+03:00,2026-09-03 16:00:00+03:00,16.9352,27.06,10.1248
2026-09-01 18:27:05.302757+03:00,2026-09-03 16:15:00+03:00,16.9347,29.99,13.0553
2026-09-01 18:27:05.302757+03:00,2026-09-03 16:30:00+03:00,16.9566,39.05,22.093399999999995
2026-09-01 18:27:05.302757+03:00,2026-09-03 16:45:00+03:00,16.944,49.16,32.215999999999994
2026-09-01 18:27:05.302757+03:00,2026-09-03 17:00:00+03:00,16.9595,28.0,11.040500000000002
2026-09-01 18:27:05.302757+03:00,2026-09-03 17:15:00+03:00,16.9809,36.6,19.619100000000003
2026-09-01 18:27:05.302757+03:00,2026-09-03 17:30:00+03:00,16.9809,44.69,27.7091
2026-09-01 18:27:05.302757+03:00,2026-09-03 17:45:00+03:00,16.9598,50.0,33.0402
2026-09-01 18:27:05.302757+03:00,2026-09-03 18:00:00+03:00,16.8907,32.85,15.959300000000002
2026-09-01 18:27:05.302757+03:00,2026-09-03 18:15:00+03:00,16.8392,39.71,22.8708
2026-09-01 18:27:05.302757+03:00,2026-09-03 18:30:00+03:00,16.8774,49.13,32.2526
2026-09-01 18:27:05.302757+03:00,2026-09-03 18:45:00+03:00,16.8819,59.82,42.9381
2026-09-01 18:27:05.302757+03:00,2026-09-03 19:00:00+03:00,16.8963,47.79,30.8937
2026-09-01 18:27:05.302757+03:00,2026-09-03 19:15:00+03:00,16.7618,58.98,42.2182
2026-09-01 18:27:05.302757+03:00,2026-09-03 19:30:00+03:00,16.8236,60.29,43.4664
2026-09-01 18:27:05.302757+03:00,2026-09-03 19:45:00+03:00,16.8435,71.33,54.4865
2026-09-01 18:27:05.302757+03:00,2026-09-03 20:00:00+03:00,16.832,70.14,53.308
2026-09-01 18:27:05.302757+03:00,2026-09-03 20:15:00+03:00,16.5766,67.6,51.0234
2026-09-01 18:27:05.302757+03:00,2026-09-03 20:30:00+03:00,16.2699,59.9,43.6301
2026-09-01 18:27:05.302757+03:00,2026-09-03 20:45:00+03:00,15.9069,51.93,36.0231
2026-09-01 18:27:05.302757+03:00,2026-09-03 21:00:00+03:00,15.9577,67.33,51.3723
2026-09-01 18:27:05.302757+03:00,2026-09-03 21:15:00+03:00,15.9439,63.09,47.1461
2026-09-01 18:27:05.302757+03:00,2026-09-03 21:30:00+03:00,16.0324,61.61,45.5776
2026-09-01 18:27:05.302757+03:00,2026-09-03 21:45:00+03:00,16.0655,48.03,31.9645
2026-09-01 18:27:05.302757+03:00,2026-09-03 22:00:00+03:00,16.0322,60.83,44.7978
2026-09-01 18:27:05.302757+03:00,2026-09-03 22:15:00+03:00,15.8832,60.56,44.6768
2026-09-01 18:27:05.302757+03:00,2026-09-03 22:30:00+03:00,15.9594,48.24,32.2806
2026-09-01 18:27:05.302757+03:00,2026-09-03 22:45:00+03:00,16.001,35.84,19.839
2026-09-01 18:27:05.302757+03:00,2026-09-03 23:00:00+03:00,16.086,48.09,32.004000000000005
2026-09-01 18:27:05.302757+03:00,2026-09-03 23:15:00+03:00,15.834,42.01,26.176
2026-09-01 18:27:05.302757+03:00,2026-09-03 23:30:00+03:00,15.9276,29.03,13.1024
2026-09-01 18:27:05.302757+03:00,2026-09-03 23:45:00+03:00,15.9885,21.12,5.131500000000001
2026-09-01 18:27:05.302757+03:00,2026-09-04 00:00:00+03:00,16.0235,47.3,31.2765
2026-09-01 18:27:05.302757+03:00,2026-09-04 00:15:00+03:00,15.9701,38.95,22.9799
2026-09-01 18:27:05.302757+03:00,2026-09-04 00:30:00+03:00,16.0261,37.44,21.4139
2026-09-01 18:27:05.302757+03:00,2026-09-04 00:45:00+03:00,16.0368,19.99,3.953199999999999
2026-09-01 18:27:05.302757+03:00,2026-09-04 01:00:00+03:00,16.0369,38.91,22.8731
2026-09-01 18:27:05.302757+03:00,2026-09-04 01:15:00+03:00,15.9615,34.87,18.9085
2026-09-01 18:27:05.302757+03:00,2026-09-04 01:30:00+03:00,15.9932,31.68,15.6868
2026-09-01 18:27:05.302757+03:00,2026-09-04 01:45:00+03:00,16.0152,29.2,13.1848
2026-09-01 18:27:05.302757+03:00,2026-09-04 02:00:00+03:00,16.0898,39.82,23.7302
2026-09-01 18:27:05.302757+03:00,2026-09-04 02:15:00+03:00,16.0772,35.54,19.4628
2026-09-01 18:27:05.302757+03:00,2026-09-04 02:30:00+03:00,16.105,30.2,14.095
2026-09-01 18:27:05.302757+03:00,2026-09-04 02:45:00+03:00,16.1224,27.83,11.7076
2026-09-01 18:27:05.302757+03:00,2026-09-04 03:00:00+03:00,16.0589,38.42,22.3611
2026-09-01 18:27:05.302757+03:00,2026-09-04 03:15:00+03:00,16.0609,37.85,21.7891
2026-09-01 18:27:05.302757+03:00,2026-09-04 03:30:00+03:00,16.0936,32.7,16.606400000000004
2026-09-01 18:27:05.302757+03:00,2026-09-04 03:45:00+03:00,16.097,28.0,11.903
2026-09-01 18:27:05.302757+03:00,2026-09-04 04:00:00+03:00,16.1233,30.42,14.2967
2026-09-01 18:27:05.302757+03:00,2026-09-04 04:15:00+03:00,16.2572,35.63,19.3728
2026-09-01 18:27:05.302757+03:00,2026-09-04 04:30:00+03:00,16.2188,32.99,16.7712
2026-09-01 18:27:05.302757+03:00,2026-09-04 04:45:00+03:00,16.2202,34.68,18.4598
2026-09-01 18:27:05.302757+03:00,2026-09-04 05:00:00+03:00,16.1296,33.04,16.9104
2026-09-01 18:27:05.302757+03:00,2026-09-04 05:15:00+03:00,16.4015,32.77,16.368500000000004
2026-09-01 18:27:05.302757+03:00,2026-09-04 05:30:00+03:00,16.6785,29.6,12.921500000000002
2026-09-01 18:27:05.302757+03:00,2026-09-04 05:45:00+03:00,16.5969,38.03,21.4331
2026-09-01 18:27:05.302757+03:00,2026-09-04 06:00:00+03:00,16.5105,16.22,0.2905000000000015
2026-09-01 18:27:05.302757+03:00,2026-09-04 06:15:00+03:00,16.7917,24.92,8.128300000000003
2026-09-01 18:27:05.302757+03:00,2026-09-04 06:30:00+03:00,17.0904,44.28,27.1896
2026-09-01 18:27:05.302757+03:00,2026-09-04 06:45:00+03:00,17.0583,71.48,54.4217
2026-09-01 18:27:05.302757+03:00,2026-09-04 07:00:00+03:00,16.9844,28.0,11.0156
2026-09-01 18:27:05.302757+03:00,2026-09-04 07:15:00+03:00,17.1696,40.44,23.2704
2026-09-01 18:27:05.302757+03:00,2026-09-04 07:30:00+03:00,17.0993,72.37,55.270700000000005
2026-09-01 18:27:05.302757+03:00,2026-09-04 07:45:00+03:00,17.0598,86.7,69.64020000000001
2026-09-01 18:27:05.302757+03:00,2026-09-04 08:00:00+03:00,16.9611,78.74,61.77889999999999
2026-09-01 18:27:05.302757+03:00,2026-09-04 08:15:00+03:00,17.0398,94.51,77.4702
2026-09-01 18:27:05.302757+03:00,2026-09-04 08:30:00+03:00,16.9932,101.81,84.8168
2026-09-01 18:27:05.302757+03:00,2026-09-04 08:45:00+03:00,17.0088,112.92,95.9112
2026-09-01 18:27:05.302757+03:00,2026-09-04 09:00:00+03:00,16.9437,95.98,79.03630000000001
2026-09-01 18:27:05.302757+03:00,2026-09-04 09:15:00+03:00,16.7802,82.89,66.1098
2026-09-01 18:27:05.302757+03:00,2026-09-04 09:30:00+03:00,16.815,97.25,80.435
2026-09-01 18:27:05.302757+03:00,2026-09-04 09:45:00+03:00,16.8613,95.54,78.6787
2026-09-01 18:27:05.302757+03:00,2026-09-04 10:00:00+03:00,16.8632,86.02,69.1568
2026-09-01 18:27:05.302757+03:00,2026-09-04 10:15:00+03:00,16.8135,90.8,73.98649999999999
2026-09-01 18:27:05.302757+03:00,2026-09-04 10:30:00+03:00,16.858,101.01,84.152
2026-09-01 18:27:05.302757+03:00,2026-09-04 10:45:00+03:00,16.8569,100.62,83.76310000000001
2026-09-01 18:27:05.302757+03:00,2026-09-04 11:00:00+03:00,16.9988,111.39,94.3912
2026-09-01 18:27:05.302757+03:00,2026-09-04 11:15:00+03:00,16.9008,100.86,83.9592
2026-09-01 18:27:05.302757+03:00,2026-09-04 11:30:00+03:00,16.9353,91.85,74.9147
2026-09-01 18:27:05.302757+03:00,2026-09-04 11:45:00+03:00,16.9481,82.36,65.4119
2026-09-01 18:27:05.302757+03:00,2026-09-04 12:00:00+03:00,16.9845,83.49,66.5055
2026-09-01 18:27:05.302757+03:00,2026-09-04 12:15:00+03:00,16.9259,77.81,60.8841
2026-09-01 18:27:05.302757+03:00,2026-09-04 12:30:00+03:00,16.9631,68.44,51.4769
2026-09-01 18:27:05.302757+03:00,2026-09-04 12:45:00+03:00,16.9721,61.51,44.53789999999999
2026-09-01 18:27:05.302757+03:00,2026-09-04 13:00:00+03:00,16.8581,66.68,49.82190000000001
2026-09-01 18:27:05.302757+03:00,2026-09-04 13:15:00+03:00,16.7839,60.08,43.2961
2026-09-01 18:27:05.302757+03:00,2026-09-04 13:30:00+03:00,16.8251,55.38,38.5549
2026-09-01 18:27:05.302757+03:00,2026-09-04 13:45:00+03:00,16.8337,53.61,36.7763
2026-09-01 18:27:05.302757+03:00,2026-09-04 14:00:00+03:00,16.8593,52.67,35.8107
2026-09-01 18:27:05.302757+03:00,2026-09-04 14:15:00+03:00,16.8395,51.84,35.0005
2026-09-01 18:27:05.302757+03:00,2026-09-04 14:30:00+03:00,16.8716,45.55,28.6784
2026-09-01 18:27:05.302757+03:00,2026-09-04 14:45:00+03:00,16.8688,41.62,24.7512
2026-09-01 18:27:05.302757+03:00,2026-09-04 15:00:00+03:00,16.8605,52.79,35.929500000000004
2026-09-01 18:27:05.302757+03:00,2026-09-04 15:15:00+03:00,16.9175,48.35,31.4325
2026-09-01 18:27:05.302757+03:00,2026-09-04 15:30:00+03:00,16.9328,48.67,31.7372
2026-09-01 18:27:05.302757+03:00,2026-09-04 15:45:00+03:00,16.9203,48.51,31.5897
2026-09-01 18:27:05.302757+03:00,2026-09-04 16:00:00+03:00,16.8834,40.07,23.1866
2026-09-01 18:27:05.302757+03:00,2026-09-04 16:15:00+03:00,16.8996,41.51,24.6104
2026-09-01 18:27:05.302757+03:00,2026-09-04 16:30:00+03:00,16.9226,56.79,39.8674
2026-09-01 18:27:05.302757+03:00,2026-09-04 16:45:00+03:00,16.9238,62.37,45.4462
2026-09-01 18:27:05.302757+03:00,2026-09-04 17:00:00+03:00,16.9422,58.78,41.8378
2026-09-01 18:27:05.302757+03:00,2026-09-04 17:15:00+03:00,16.9568,56.58,39.6232
2026-09-01 18:27:05.302757+03:00,2026-09-04 17:30:00+03:00,16.9481,49.99,33.0419
2026-09-01 18:27:05.302757+03:00,2026-09-04 17:45:00+03:00,16.9324,50.76,33.8276
2026-09-01 18:27:05.302757+03:00,2026-09-04 18:00:00+03:00,16.9237,38.79,21.8663
2026-09-01 18:27:05.302757+03:00,2026-09-04 18:15:00+03:00,16.8766,54.5,37.6234
2026-09-01 18:27:05.302757+03:00,2026-09-04 18:30:00+03:00,16.9132,70.5,53.5868
2026-09-01 18:27:05.302757+03:00,2026-09-04 18:45:00+03:00,16.9187,88.27,71.3513
2026-09-01 18:27:05.302757+03:00,2026-09-04 19:00:00+03:00,16.9221,72.16,55.2379
2026-09-01 18:27:05.302757+03:00,2026-09-04 19:15:00+03:00,16.8015,74.9,58.0985
2026-09-01 18:27:05.302757+03:00,2026-09-04 19:30:00+03:00,16.8364,70.0,53.1636
2026-09-01 18:27:05.302757+03:00,2026-09-04 19:45:00+03:00,16.8614,65.5,48.6386
2026-09-01 18:27:05.302757+03:00,2026-09-04 20:00:00+03:00,16.8768,74.75,57.8732
2026-09-01 18:27:05.302757+03:00,2026-09-04 20:15:00+03:00,16.5872,59.95,43.36280000000001
2026-09-01 18:27:05.302757+03:00,2026-09-04 20:30:00+03:00,16.2678,62.19,45.9222
2026-09-01 18:27:05.302757+03:00,2026-09-04 20:45:00+03:00,15.9115,50.27,34.35850000000001
2026-09-01 18:27:05.302757+03:00,2026-09-04 21:00:00+03:00,15.8825,66.19,50.3075
2026-09-01 18:27:05.302757+03:00,2026-09-04 21:15:00+03:00,15.9847,55.36,39.3753
2026-09-01 18:27:05.302757+03:00,2026-09-04 21:30:00+03:00,16.0627,38.1,22.0373
2026-09-01 18:27:05.302757+03:00,2026-09-04 21:45:00+03:00,16.0896,28.88,12.790399999999998
2026-09-01 18:27:05.302757+03:00,2026-09-04 22:00:00+03:00,16.0337,58.67,42.636300000000006
2026-09-01 18:27:05.302757+03:00,2026-09-04 22:15:00+03:00,15.8905,38.7,22.809500000000003
2026-09-01 18:27:05.302757+03:00,2026-09-04 22:30:00+03:00,15.959,30.34,14.381
2026-09-01 18:27:05.302757+03:00,2026-09-04 22:45:00+03:00,15.9949,27.32,11.3251
2026-09-01 18:27:05.302757+03:00,2026-09-04 23:00:00+03:00,16.1051,47.96,31.8549
2026-09-01 18:27:05.302757+03:00,2026-09-04 23:15:00+03:00,15.844,37.0,21.156
2026-09-01 18:27:05.302757+03:00,2026-09-04 23:30:00+03:00,15.9346,27.99,12.0554
2026-09-01 18:27:05.302757+03:00,2026-09-04 23:45:00+03:00,15.9923,22.17,6.1777000000000015
2026-09-01 18:27:05.302757+03:00,2026-09-05 00:00:00+03:00,16.001,37.39,21.389
2026-09-01 18:27:05.302757+03:00,2026-09-05 00:15:00+03:00,16.0036,30.37,14.366400000000002
2026-09-01 18:27:05.302757+03:00,2026-09-05 00:30:00+03:00,16.0502,26.44,10.3898
2026-09-01 18:27:05.302757+03:00,2026-09-05 00:45:00+03:00,16.0694,10.6,5.469400000000002
2026-09-01 18:27:05.302757+03:00,2026-09-05 01:00:00+03:00,16.068,38.99,22.922
2026-09-01 18:27:05.302757+03:00,2026-09-05 01:15:00+03:00,15.9592,27.14,11.1808
2026-09-01 18:27:05.302757+03:00,2026-09-05 01:30:00+03:00,15.9791,20.68,4.700899999999999
2026-09-01 18:27:05.302757+03:00,2026-09-05 01:45:00+03:00,16.0105,17.13,1.1194999999999986
2026-09-01 18:27:05.302757+03:00,2026-09-05 02:00:00+03:00,16.0375,34.01,17.972499999999997
2026-09-01 18:27:05.302757+03:00,2026-09-05 02:15:00+03:00,16.0328,25.87,9.8372
2026-09-01 18:27:05.302757+03:00,2026-09-05 02:30:00+03:00,16.0569,20.74,4.6831
2026-09-01 18:27:05.302757+03:00,2026-09-05 02:45:00+03:00,16.0713,15.89,0.1813000000000002
2026-09-01 18:27:05.302757+03:00,2026-09-05 03:00:00+03:00,16.051,26.01,9.959000000000003
2026-09-01 18:27:05.302757+03:00,2026-09-05 03:15:00+03:00,16.0461,24.32,8.273900000000001
2026-09-01 18:27:05.302757+03:00,2026-09-05 03:30:00+03:00,16.0736,19.79,3.7164
2026-09-01 18:27:05.302757+03:00,2026-09-05 03:45:00+03:00,16.0771,15.32,0.7571000000000012
2026-09-01 18:27:05.302757+03:00,2026-09-05 04:00:00+03:00,16.0972,23.7,7.6027999999999984
2026-09-01 18:27:05.302757+03:00,2026-09-05 04:15:00+03:00,16.1895,20.43,4.240500000000001
2026-09-01 18:27:05.302757+03:00,2026-09-05 04:30:00+03:00,16.1702,18.42,2.2498000000000005
2026-09-01 18:27:05.302757+03:00,2026-09-05 04:45:00+03:00,16.1821,14.88,1.3020999999999976
2026-09-01 18:27:05.302757+03:00,2026-09-05 05:00:00+03:00,16.1176,22.46,6.342400000000001
2026-09-01 18:27:05.302757+03:00,2026-09-05 05:15:00+03:00,16.2801,19.07,2.7898999999999994
2026-09-01 18:27:05.302757+03:00,2026-09-05 05:30:00+03:00,16.5812,16.39,0.1911999999999984
2026-09-01 18:27:05.302757+03:00,2026-09-05 05:45:00+03:00,16.5711,12.21,4.3611
2026-09-01 18:27:05.302757+03:00,2026-09-05 06:00:00+03:00,16.5563,17.34,0.7836999999999996
2026-09-01 18:27:05.302757+03:00,2026-09-05 06:15:00+03:00,16.7232,17.37,0.6468000000000025
2026-09-01 18:27:05.302757+03:00,2026-09-05 06:30:00+03:00,17.0966,15.86,1.2365999999999993
2026-09-01 18:27:05.302757+03:00,2026-09-05 06:45:00+03:00,17.1102,14.73,2.3801999999999985
2026-09-01 18:27:05.302757+03:00,2026-09-05 07:00:00+03:00,16.9576,17.67,0.7124000000000024
2026-09-01 18:27:05.302757+03:00,2026-09-05 07:15:00+03:00,17.1168,17.51,0.3932000000000002
2026-09-01 18:27:05.302757+03:00,2026-09-05 07:30:00+03:00,17.0301,18.04,1.0098999999999982
2026-09-01 18:27:05.302757+03:00,2026-09-05 07:45:00+03:00,17.0124,18.2,1.1875999999999998
2026-09-01 18:27:05.302757+03:00,2026-09-05 08:00:00+03:00,16.9219,17.14,0.2180999999999997
2026-09-01 18:27:05.302757+03:00,2026-09-05 08:15:00+03:00,16.9811,18.04,1.0588999999999975
2026-09-01 18:27:05.302757+03:00,2026-09-05 08:30:00+03:00,16.9576,18.83,1.872399999999999
2026-09-01 18:27:05.302757+03:00,2026-09-05 08:45:00+03:00,16.9715,19.65,2.6785
2026-09-01 18:27:05.302757+03:00,2026-09-05 09:00:00+03:00,16.9056,20.02,3.1144
2026-09-01 18:27:05.302757+03:00,2026-09-05 09:15:00+03:00,16.75,18.04,1.2899999999999991
2026-09-01 18:27:05.302757+03:00,2026-09-05 09:30:00+03:00,16.782,11.7,5.082000000000001
2026-09-01 18:27:05.302757+03:00,2026-09-05 09:45:00+03:00,16.8187,8.46,8.358699999999999
2026-09-01 18:27:05.302757+03:00,2026-09-05 10:00:00+03:00,16.8273,14.17,2.657300000000001
2026-09-01 18:27:05.302757+03:00,2026-09-05 10:15:00+03:00,16.7661,10.85,5.916100000000002
2026-09-01 18:27:05.302757+03:00,2026-09-05 10:30:00+03:00,16.8053,9.29,7.5153
2026-09-01 18:27:05.302757+03:00,2026-09-05 10:45:00+03:00,16.8076,8.57,8.2376
2026-09-01 18:27:05.302757+03:00,2026-09-05 11:00:00+03:00,16.8277,10.4,6.4277
2026-09-01 18:27:05.302757+03:00,2026-09-05 11:15:00+03:00,16.7586,9.55,7.208600000000001
2026-09-01 18:27:05.302757+03:00,2026-09-05 11:30:00+03:00,16.7946,8.39,8.404599999999999
2026-09-01 18:27:05.302757+03:00,2026-09-05 11:45:00+03:00,16.8004,7.74,9.0604
2026-09-01 18:27:05.302757+03:00,2026-09-05 12:00:00+03:00,16.8198,8.69,8.129800000000001
2026-09-01 18:27:05.302757+03:00,2026-09-05 12:15:00+03:00,16.758,8.07,8.687999999999999
2026-09-01 18:27:05.302757+03:00,2026-09-05 12:30:00+03:00,16.7955,7.51,9.2855
2026-09-01 18:27:05.302757+03:00,2026-09-05 12:45:00+03:00,16.8014,7.0,9.8014
2026-09-01 18:27:05.302757+03:00,2026-09-05 13:00:00+03:00,16.8253,7.0,9.8253
2026-09-01 18:27:05.302757+03:00,2026-09-05 13:15:00+03:00,16.7709,6.41,10.3609
2026-09-01 18:27:05.302757+03:00,2026-09-05 13:30:00+03:00,16.8166,5.31,11.506600000000002
2026-09-01 18:27:05.302757+03:00,2026-09-05 13:45:00+03:00,16.823,5.21,11.613
2026-09-01 18:27:05.302757+03:00,2026-09-05 14:00:00+03:00,16.8381,5.0,11.8381
2026-09-01 18:27:05.302757+03:00,2026-09-05 14:15:00+03:00,16.8258,4.28,12.5458
2026-09-01 18:27:05.302757+03:00,2026-09-05 14:30:00+03:00,16.8525,4.0,12.8525
2026-09-01 18:27:05.302757+03:00,2026-09-05 14:45:00+03:00,16.8504,3.99,12.8604
2026-09-01 18:27:05.302757+03:00,2026-09-05 15:00:00+03:00,16.832,3.99,12.842
2026-09-01 18:27:05.302757+03:00,2026-09-05 15:15:00+03:00,16.8823,3.99,12.8923
2026-09-01 18:27:05.302757+03:00,2026-09-05 15:30:00+03:00,16.8898,3.64,13.2498
2026-09-01 18:27:05.302757+03:00,2026-09-05 15:45:00+03:00,16.8853,4.12,12.7653
2026-09-01 18:27:05.302757+03:00,2026-09-05 16:00:00+03:00,16.8602,3.64,13.220199999999998
2026-09-01 18:27:05.302757+03:00,2026-09-05 16:15:00+03:00,16.8841,3.99,12.8941
2026-09-01 18:27:05.302757+03:00,2026-09-05 16:30:00+03:00,16.894,3.53,13.364
2026-09-01 18:27:05.302757+03:00,2026-09-05 16:45:00+03:00,16.8951,4.01,12.8851
2026-09-01 18:27:05.302757+03:00,2026-09-05 17:00:00+03:00,16.9133,4.3,12.6133
2026-09-01 18:27:05.302757+03:00,2026-09-05 17:15:00+03:00,16.926,5.0,11.925999999999998
2026-09-01 18:27:05.302757+03:00,2026-09-05 17:30:00+03:00,16.931,7.04,9.891000000000002
2026-09-01 18:27:05.302757+03:00,2026-09-05 17:45:00+03:00,16.9138,8.4,8.513799999999998
2026-09-01 18:27:05.302757+03:00,2026-09-05 18:00:00+03:00,16.8817,6.87,10.011699999999998
2026-09-01 18:27:05.302757+03:00,2026-09-05 18:15:00+03:00,16.8499,9.04,7.809900000000002
2026-09-01 18:27:05.302757+03:00,2026-09-05 18:30:00+03:00,16.8661,13.22,3.646099999999999
2026-09-01 18:27:05.302757+03:00,2026-09-05 18:45:00+03:00,16.8681,17.68,0.8119000000000014
2026-09-01 18:27:05.302757+03:00,2026-09-05 19:00:00+03:00,16.8798,8.52,8.3598
2026-09-01 18:27:05.302757+03:00,2026-09-05 19:15:00+03:00,16.7223,11.19,5.532300000000001
2026-09-01 18:27:05.302757+03:00,2026-09-05 19:30:00+03:00,16.7824,16.45,0.3323999999999998
2026-09-01 18:27:05.302757+03:00,2026-09-05 19:45:00+03:00,16.8092,26.36,9.5508
2026-09-01 18:27:05.302757+03:00,2026-09-05 20:00:00+03:00,16.7843,20.43,3.645699999999998
2026-09-01 18:27:05.302757+03:00,2026-09-05 20:15:00+03:00,16.5207,20.0,3.4792999999999985
2026-09-01 18:27:05.302757+03:00,2026-09-05 20:30:00+03:00,16.2152,19.54,3.3248
2026-09-01 18:27:05.302757+03:00,2026-09-05 20:45:00+03:00,15.8712,17.8,1.9288000000000007
2026-09-01 18:27:05.302757+03:00,2026-09-05 21:00:00+03:00,15.959,20.39,4.431000000000001
2026-09-01 18:27:05.302757+03:00,2026-09-05 21:15:00+03:00,16.0377,19.38,3.342299999999998
2026-09-01 18:27:05.302757+03:00,2026-09-05 21:30:00+03:00,16.1025,16.06,0.0425000000000004
2026-09-01 18:27:05.302757+03:00,2026-09-05 21:45:00+03:00,16.123,14.2,1.9230000000000016
2026-09-01 18:27:05.302757+03:00,2026-09-05 22:00:00+03:00,16.0301,20.0,3.969899999999999
2026-09-01 18:27:05.302757+03:00,2026-09-05 22:15:00+03:00,15.8735,14.62,1.2535000000000007
2026-09-01 18:27:05.302757+03:00,2026-09-05 22:30:00+03:00,15.9367,13.19,2.7467000000000006
2026-09-01 18:27:05.302757+03:00,2026-09-05 22:45:00+03:00,15.9795,11.65,4.3295
2026-09-01 18:27:05.302757+03:00,2026-09-05 23:00:00+03:00,16.0629,16.54,0.4771000000000001
2026-09-01 18:27:05.302757+03:00,2026-09-05 23:15:00+03:00,15.8,11.76,4.040000000000001
2026-09-01 18:27:05.302757+03:00,2026-09-05 23:30:00+03:00,15.3212,10.0,5.321199999999999
2026-09-01 18:27:05.302757+03:00,2026-09-05 23:45:00+03:00,15.3511,9.57,5.7811
2026-09-01 18:27:05.302757+03:00,2026-09-06 00:00:00+03:00,15.3283,10.0,5.3283000000000005
2026-09-01 18:27:05.302757+03:00,2026-09-06 00:15:00+03:00,15.3286,9.61,5.7186
2026-09-01 18:27:05.302757+03:00,2026-09-06 00:30:00+03:00,15.4203,8.24,7.180299999999999
2026-09-01 18:27:05.302757+03:00,2026-09-06 00:45:00+03:00,15.4374,7.16,8.2774
2026-09-01 18:27:05.302757+03:00,2026-09-06 01:00:00+03:00,15.4274,3.52,11.9074
2026-09-01 18:27:05.302757+03:00,2026-09-06 01:15:00+03:00,15.3607,3.52,11.8407
2026-09-01 18:27:05.302757+03:00,2026-09-06 01:30:00+03:00,15.4153,2.05,13.3653
2026-09-01 18:27:05.302757+03:00,2026-09-06 01:45:00+03:00,15.4391,2.0,13.4391
2026-09-01 18:27:05.302757+03:00,2026-09-06 02:00:00+03:00,15.4493,3.23,12.2193
2026-09-01 18:27:05.302757+03:00,2026-09-06 02:15:00+03:00,15.4335,2.05,13.383500000000002
2026-09-01 18:27:05.302757+03:00,2026-09-06 02:30:00+03:00,15.4799,2.0,13.4799
2026-09-01 18:27:05.302757+03:00,2026-09-06 02:45:00+03:00,15.488,2.0,13.488
2026-09-01 18:27:05.302757+03:00,2026-09-06 03:00:00+03:00,15.4744,2.0,13.4744
2026-09-01 18:27:05.302757+03:00,2026-09-06 03:15:00+03:00,15.4642,2.0,13.4642
2026-09-01 18:27:05.302757+03:00,2026-09-06 03:30:00+03:00,15.5082,1.99,13.5182
2026-09-01 18:27:05.302757+03:00,2026-09-06 03:45:00+03:00,15.5079,1.99,13.5179
2026-09-01 18:27:05.302757+03:00,2026-09-06 04:00:00+03:00,15.5122,2.0,13.5122
2026-09-01 18:27:05.302757+03:00,2026-09-06 04:15:00+03:00,15.5899,1.99,13.5999
2026-09-01 18:27:05.302757+03:00,2026-09-06 04:30:00+03:00,15.6028,1.99,13.6128
2026-09-01 18:27:05.302757+03:00,2026-09-06 04:45:00+03:00,15.6075,1.99,13.6175
2026-09-01 18:27:05.302757+03:00,2026-09-06 05:00:00+03:00,15.583,1.99,13.593
2026-09-01 18:27:05.302757+03:00,2026-09-06 05:15:00+03:00,15.7266,1.99,13.7366
2026-09-01 18:27:05.302757+03:00,2026-09-06 05:30:00+03:00,15.7146,1.99,13.7246
2026-09-01 18:27:05.302757+03:00,2026-09-06 05:45:00+03:00,15.689,1.99,13.699
2026-09-01 18:27:05.302757+03:00,2026-09-06 06:00:00+03:00,15.7246,2.0,13.7246
2026-09-01 18:27:05.302757+03:00,2026-09-06 06:15:00+03:00,15.8726,2.0,13.8726
2026-09-01 18:27:05.302757+03:00,2026-09-06 06:30:00+03:00,16.3486,2.0,14.3486
2026-09-01 18:27:05.302757+03:00,2026-09-06 06:45:00+03:00,16.6585,2.0,14.6585
2026-09-01 18:27:05.302757+03:00,2026-09-06 07:00:00+03:00,16.5018,2.0,14.5018
2026-09-01 18:27:05.302757+03:00,2026-09-06 07:15:00+03:00,16.685,2.0,14.685
2026-09-01 18:27:05.302757+03:00,2026-09-06 07:30:00+03:00,16.6394,2.0,14.639399999999998
2026-09-01 18:27:05.302757+03:00,2026-09-06 07:45:00+03:00,16.6309,2.42,14.2109
2026-09-01 18:27:05.302757+03:00,2026-09-06 08:00:00+03:00,16.5588,2.03,14.528800000000002
2026-09-01 18:27:05.302757+03:00,2026-09-06 08:15:00+03:00,16.6004,3.23,13.3704
2026-09-01 18:27:05.302757+03:00,2026-09-06 08:30:00+03:00,16.5748,3.55,13.0248
2026-09-01 18:27:05.302757+03:00,2026-09-06 08:45:00+03:00,16.5939,4.07,12.5239
2026-09-01 18:27:05.302757+03:00,2026-09-06 09:00:00+03:00,16.5296,3.69,12.8396
2026-09-01 18:27:05.302757+03:00,2026-09-06 09:15:00+03:00,16.377,4.99,11.387
2026-09-01 18:27:05.302757+03:00,2026-09-06 09:30:00+03:00,16.3931,5.46,10.9331
2026-09-01 18:27:05.302757+03:00,2026-09-06 09:45:00+03:00,16.431,5.45,10.981000000000002
2026-09-01 18:27:05.302757+03:00,2026-09-06 10:00:00+03:00,16.4425,5.29,11.1525
2026-09-01 18:27:05.302757+03:00,2026-09-06 10:15:00+03:00,16.3903,6.13,10.2603
2026-09-01 18:27:05.302757+03:00,2026-09-06 10:30:00+03:00,16.4183,5.79,10.6283
2026-09-01 18:27:05.302757+03:00,2026-09-06 10:45:00+03:00,16.4251,3.68,12.7451
2026-09-01 18:27:05.302757+03:00,2026-09-06 11:00:00+03:00,16.4389,3.29,13.1489
2026-09-01 18:27:05.302757+03:00,2026-09-06 11:15:00+03:00,16.3743,3.26,13.114300000000002
2026-09-01 18:27:05.302757+03:00,2026-09-06 11:30:00+03:00,16.3997,3.23,13.1697
2026-09-01 18:27:05.302757+03:00,2026-09-06 11:45:00+03:00,16.406,3.02,13.386
2026-09-01 18:27:05.302757+03:00,2026-09-06 12:00:00+03:00,16.4358,3.0,13.4358
2026-09-01 18:27:05.302757+03:00,2026-09-06 12:15:00+03:00,16.3745,2.51,13.8645
2026-09-01 18:27:05.302757+03:00,2026-09-06 12:30:00+03:00,16.4009,2.22,14.1809
2026-09-01 18:27:05.302757+03:00,2026-09-06 12:45:00+03:00,16.4083,2.16,14.2483
2026-09-01 18:27:05.302757+03:00,2026-09-06 13:00:00+03:00,16.4397,2.01,14.4297
2026-09-01 18:27:05.302757+03:00,2026-09-06 13:15:00+03:00,16.3918,2.0,14.3918
2026-09-01 18:27:05.302757+03:00,2026-09-06 13:30:00+03:00,16.4189,2.0,14.4189
2026-09-01 18:27:05.302757+03:00,2026-09-06 13:45:00+03:00,16.4269,2.0,14.4269
2026-09-01 18:27:05.302757+03:00,2026-09-06 14:00:00+03:00,16.4535,1.65,14.803499999999998
2026-09-01 18:27:05.302757+03:00,2026-09-06 14:15:00+03:00,16.4383,1.57,14.8683
2026-09-01 18:27:05.302757+03:00,2026-09-06 14:30:00+03:00,16.4489,1.89,14.558899999999998
2026-09-01 18:27:05.302757+03:00,2026-09-06 14:45:00+03:00,16.4506,1.57,14.8806
2026-09-01 18:27:05.302757+03:00,2026-09-06 15:00:00+03:00,16.4471,1.99,14.4571
2026-09-01 18:27:05.302757+03:00,2026-09-06 15:15:00+03:00,16.4969,2.0,14.4969
2026-09-01 18:27:05.302757+03:00,2026-09-06 15:30:00+03:00,16.4941,2.43,14.0641
2026-09-01 18:27:05.302757+03:00,2026-09-06 15:45:00+03:00,16.4914,3.52,12.9714
2026-09-01 18:27:05.302757+03:00,2026-09-06 16:00:00+03:00,16.474,3.23,13.244
2026-09-01 18:27:05.302757+03:00,2026-09-06 16:15:00+03:00,16.4866,3.73,12.7566
2026-09-01 18:27:05.302757+03:00,2026-09-06 16:30:00+03:00,16.5014,4.29,12.2114
2026-09-01 18:27:05.302757+03:00,2026-09-06 16:45:00+03:00,16.4992,5.02,11.4792
2026-09-01 18:27:05.302757+03:00,2026-09-06 17:00:00+03:00,16.5128,3.78,12.7328
2026-09-01 18:27:05.302757+03:00,2026-09-06 17:15:00+03:00,16.5229,5.35,11.1729
2026-09-01 18:27:05.302757+03:00,2026-09-06 17:30:00+03:00,16.51,12.56,3.950000000000001
2026-09-01 18:27:05.302757+03:00,2026-09-06 17:45:00+03:00,16.514,34.71,18.196
2026-09-01 18:27:05.302757+03:00,2026-09-06 18:00:00+03:00,16.4904,19.34,2.849599999999999
2026-09-01 18:27:05.302757+03:00,2026-09-06 18:15:00+03:00,16.4421,26.13,9.6879
2026-09-01 18:27:05.302757+03:00,2026-09-06 18:30:00+03:00,16.4831,33.66,17.176899999999996
2026-09-01 18:27:05.302757+03:00,2026-09-06 18:45:00+03:00,16.4856,47.75,31.2644
2026-09-01 18:27:05.302757+03:00,2026-09-06 19:00:00+03:00,16.5142,32.38,15.865800000000004
2026-09-01 18:27:05.302757+03:00,2026-09-06 19:15:00+03:00,16.3824,28.79,12.4076
2026-09-01 18:27:05.302757+03:00,2026-09-06 19:30:00+03:00,16.4154,32.69,16.274599999999996
2026-09-01 18:27:05.302757+03:00,2026-09-06 19:45:00+03:00,16.4457,35.81,19.364300000000004
2026-09-01 18:27:05.302757+03:00,2026-09-06 20:00:00+03:00,16.4478,30.92,14.4722
2026-09-01 18:27:05.302757+03:00,2026-09-06 20:15:00+03:00,16.1578,32.31,16.1522
2026-09-01 18:27:05.302757+03:00,2026-09-06 20:30:00+03:00,15.8872,31.74,15.852799999999998
2026-09-01 18:27:05.302757+03:00,2026-09-06 20:45:00+03:00,15.8942,31.45,15.5558
2026-09-01 18:27:05.302757+03:00,2026-09-06 21:00:00+03:00,15.9808,33.59,17.6092
2026-09-01 18:27:05.302757+03:00,2026-09-06 21:15:00+03:00,16.0713,33.87,17.798699999999997
2026-09-01 18:27:05.302757+03:00,2026-09-06 21:30:00+03:00,16.1222,32.33,16.2078
2026-09-01 18:27:05.302757+03:00,2026-09-06 21:45:00+03:00,16.1254,29.7,13.5746
2026-09-01 18:27:05.302757+03:00,2026-09-06 22:00:00+03:00,16.0431,32.07,16.0269
2026-09-01 18:27:05.302757+03:00,2026-09-06 22:15:00+03:00,15.8991,31.61,15.7109
2026-09-01 18:27:05.302757+03:00,2026-09-06 22:30:00+03:00,15.9483,29.78,13.8317
2026-09-01 18:27:05.302757+03:00,2026-09-06 22:45:00+03:00,15.9907,27.99,11.999299999999998
2026-09-01 18:27:05.302757+03:00,2026-09-06 23:00:00+03:00,16.0932,30.29,14.1968
2026-09-01 18:27:05.302757+03:00,2026-09-06 23:15:00+03:00,15.8123,29.24,13.427699999999998
2026-09-01 18:27:05.302757+03:00,2026-09-06 23:30:00+03:00,15.9009,26.64,10.7391
2026-09-01 18:27:05.302757+03:00,2026-09-06 23:45:00+03:00,15.9664,25.0,9.0336
2026-09-01 18:27:05.302757+03:00,2026-09-07 00:00:00+03:00,16.0269,27.69,11.6631
2026-09-01 18:27:05.302757+03:00,2026-09-07 00:15:00+03:00,16.0148,26.99,10.975199999999996
2026-09-01 18:27:05.302757+03:00,2026-09-07 00:30:00+03:00,16.0609,25.73,9.6691
2026-09-01 18:27:05.302757+03:00,2026-09-07 00:45:00+03:00,16.0802,24.36,8.279799999999998
2026-09-01 18:27:05.302757+03:00,2026-09-07 01:00:00+03:00,16.0944,26.1,10.0056
2026-09-01 18:27:05.302757+03:00,2026-09-07 01:15:00+03:00,15.9771,24.99,9.012899999999998
2026-09-01 18:27:05.302757+03:00,2026-09-07 01:30:00+03:00,15.9996,27.96,11.960400000000002
2026-09-01 18:27:05.302757+03:00,2026-09-07 01:45:00+03:00,16.0237,28.0,11.976299999999998
2026-09-01 18:27:05.302757+03:00,2026-09-07 02:00:00+03:00,16.073,26.51,10.437
2026-09-01 18:27:05.302757+03:00,2026-09-07 02:15:00+03:00,16.0705,26.76,10.689500000000002
2026-09-01 18:27:05.302757+03:00,2026-09-07 02:30:00+03:00,16.099,27.2,11.101
2026-09-01 18:27:05.302757+03:00,2026-09-07 02:45:00+03:00,16.1122,28.85,12.7378
2026-09-01 18:27:05.302757+03:00,2026-09-07 03:00:00+03:00,16.1036,26.25,10.1464
2026-09-01 18:27:05.302757+03:00,2026-09-07 03:15:00+03:00,16.0972,26.88,10.782799999999998
2026-09-01 18:27:05.302757+03:00,2026-09-07 03:30:00+03:00,16.1247,27.38,11.255299999999998
2026-09-01 18:27:05.302757+03:00,2026-09-07 03:45:00+03:00,16.1274,29.94,13.8126
2026-09-01 18:27:05.302757+03:00,2026-09-07 04:00:00+03:00,16.1435,26.02,9.8765
2026-09-01 18:27:05.302757+03:00,2026-09-07 04:15:00+03:00,16.2769,28.67,12.3931
2026-09-01 18:27:05.302757+03:00,2026-09-07 04:30:00+03:00,16.5878,28.0,11.4122
2026-09-01 18:27:05.302757+03:00,2026-09-07 04:45:00+03:00,16.5803,27.28,10.6997
2026-09-01 18:27:05.302757+03:00,2026-09-07 05:00:00+03:00,16.5267,29.07,12.5433
2026-09-01 18:27:05.302757+03:00,2026-09-07 05:15:00+03:00,16.8182,28.96,12.1418
2026-09-01 18:27:05.302757+03:00,2026-09-07 05:30:00+03:00,17.1255,30.49,13.3645
2026-09-01 18:27:05.302757+03:00,2026-09-07 05:45:00+03:00,17.1026,32.57,15.4674
2026-09-01 18:27:05.302757+03:00,2026-09-07 06:00:00+03:00,17.0885,33.4,16.3115
2026-09-01 18:27:05.302757+03:00,2026-09-07 06:15:00+03:00,17.3434,30.93,13.5866
2026-09-01 18:27:05.302757+03:00,2026-09-07 06:30:00+03:00,17.6979,33.82,16.1221
2026-09-01 18:27:05.302757+03:00,2026-09-07 06:45:00+03:00,18.0592,34.32,16.2608
2026-09-01 18:27:05.302757+03:00,2026-09-07 07:00:00+03:00,17.9027,34.6,16.697300000000002
2026-09-01 18:27:05.302757+03:00,2026-09-07 07:15:00+03:00,18.1597,33.4,15.240299999999998
2026-09-01 18:27:05.302757+03:00,2026-09-07 07:30:00+03:00,18.6574,41.0,22.3426
2026-09-01 18:27:05.302757+03:00,2026-09-07 07:45:00+03:00,18.8537,38.38,19.526300000000003
2026-09-01 18:27:05.302757+03:00,2026-09-07 08:00:00+03:00,19.1397,39.41,20.270299999999995
2026-09-01 18:27:05.302757+03:00,2026-09-07 08:15:00+03:00,19.1777,39.7,20.5223
2026-09-01 18:27:05.302757+03:00,2026-09-07 08:30:00+03:00,19.4103,35.7,16.289700000000003
2026-09-01 18:27:05.302757+03:00,2026-09-07 08:45:00+03:00,19.4112,31.0,11.5888
2026-09-01 18:27:05.302757+03:00,2026-09-07 09:00:00+03:00,19.3318,37.69,18.3582
2026-09-01 18:27:05.302757+03:00,2026-09-07 09:15:00+03:00,19.149,40.02,20.871
2026-09-01 18:27:05.302757+03:00,2026-09-07 09:30:00+03:00,18.896,33.53,14.634
2026-09-01 18:27:05.302757+03:00,2026-09-07 09:45:00+03:00,18.969,35.99,17.021
2026-09-01 18:27:05.302757+03:00,2026-09-07 10:00:00+03:00,18.9055,43.14,24.2345
2026-09-01 18:27:05.302757+03:00,2026-09-07 10:15:00+03:00,18.8208,38.09,19.269200000000005
2026-09-01 18:27:05.302757+03:00,2026-09-07 10:30:00+03:00,18.8681,33.13,14.261900000000004
2026-09-01 18:27:05.302757+03:00,2026-09-07 10:45:00+03:00,18.8668,27.44,8.5732
2026-09-01 18:27:05.302757+03:00,2026-09-07 11:00:00+03:00,18.8932,43.51,24.6168
2026-09-01 18:27:05.302757+03:00,2026-09-07 11:15:00+03:00,18.841,29.07,10.229
2026-09-01 18:27:05.302757+03:00,2026-09-07 11:30:00+03:00,18.8845,29.04,10.1555
2026-09-01 18:27:05.302757+03:00,2026-09-07 11:45:00+03:00,18.8838,24.99,6.106199999999998
2026-09-01 18:27:05.302757+03:00,2026-09-07 12:00:00+03:00,18.9025,37.98,19.0775
2026-09-01 18:27:05.302757+03:00,2026-09-07 12:15:00+03:00,18.8397,32.56,13.720300000000002
2026-09-01 18:27:05.302757+03:00,2026-09-07 12:30:00+03:00,18.8749,31.72,12.8451
2026-09-01 18:27:05.302757+03:00,2026-09-07 12:45:00+03:00,18.8837,29.31,10.426299999999998
2026-09-01 18:27:05.302757+03:00,2026-09-07 13:00:00+03:00,18.8797,37.77,18.890300000000003
2026-09-01 18:27:05.302757+03:00,2026-09-07 13:15:00+03:00,18.8391,29.99,11.1509
2026-09-01 18:27:05.302757+03:00,2026-09-07 13:30:00+03:00,18.8853,27.43,8.544699999999999
2026-09-01 18:27:05.302757+03:00,2026-09-07 13:45:00+03:00,18.8971,24.52,5.622900000000001
2026-09-01 18:27:05.302757+03:00,2026-09-07 14:00:00+03:00,18.8973,38.24,19.3427
2026-09-01 18:27:05.302757+03:00,2026-09-07 14:15:00+03:00,18.8855,28.24,9.354499999999998
2026-09-01 18:27:05.302757+03:00,2026-09-07 14:30:00+03:00,18.9298,24.4,5.470199999999998
2026-09-01 18:27:05.302757+03:00,2026-09-07 14:45:00+03:00,18.9335,20.45,1.5165000000000006
2026-09-01 18:27:05.302757+03:00,2026-09-07 15:00:00+03:00,18.9123,24.91,5.997700000000002
2026-09-01 18:27:05.302757+03:00,2026-09-07 15:15:00+03:00,18.9759,25.11,6.1341
2026-09-01 18:27:05.302757+03:00,2026-09-07 15:30:00+03:00,18.9994,25.78,6.7806
2026-09-01 18:27:05.302757+03:00,2026-09-07 15:45:00+03:00,18.9922,26.33,7.337799999999998
2026-09-01 18:27:05.302757+03:00,2026-09-07 16:00:00+03:00,18.9228,24.57,5.6472000000000016
2026-09-01 18:27:05.302757+03:00,2026-09-07 16:15:00+03:00,18.9685,24.93,5.961500000000001
2026-09-01 18:27:05.302757+03:00,2026-09-07 16:30:00+03:00,19.005,25.14,6.135000000000002
2026-09-01 18:27:05.302757+03:00,2026-09-07 16:45:00+03:00,18.9919,24.47,5.478099999999998
2026-09-01 18:27:05.302757+03:00,2026-09-07 17:00:00+03:00,19.0087,26.84,7.831299999999999
2026-09-01 18:27:05.302757+03:00,2026-09-07 17:15:00+03:00,19.0387,25.75,6.711300000000001
2026-09-01 18:27:05.302757+03:00,2026-09-07 17:30:00+03:00,19.041,25.0,5.959
2026-09-01 18:27:05.302757+03:00,2026-09-07 17:45:00+03:00,19.0139,22.36,3.3461
2026-09-01 18:27:05.302757+03:00,2026-09-07 18:00:00+03:00,18.987,38.22,19.233
2026-09-01 18:27:05.302757+03:00,2026-09-07 18:15:00+03:00,18.9754,29.07,10.0946
2026-09-01 18:27:05.302757+03:00,2026-09-07 18:30:00+03:00,18.9957,22.59,3.5943000000000005
2026-09-01 18:27:05.302757+03:00,2026-09-07 18:45:00+03:00,18.9936,14.15,4.8436
2026-09-01 18:27:05.302757+03:00,2026-09-07 19:00:00+03:00,18.9919,45.0,26.0081
2026-09-01 18:27:05.302757+03:00,2026-09-07 19:15:00+03:00,18.8916,29.96,11.0684
2026-09-01 18:27:05.302757+03:00,2026-09-07 19:30:00+03:00,18.9528,21.86,2.9072
2026-09-01 18:27:05.302757+03:00,2026-09-07 19:45:00+03:00,18.9585,9.99,8.9685
2026-09-01 18:27:05.302757+03:00,2026-09-07 20:00:00+03:00,18.9062,32.59,13.683800000000003
2026-09-01 18:27:05.302757+03:00,2026-09-07 20:15:00+03:00,18.5936,23.09,4.496400000000001
2026-09-01 18:27:05.302757+03:00,2026-09-07 20:30:00+03:00,18.2976,12.62,5.6776
2026-09-01 18:27:05.302757+03:00,2026-09-07 20:45:00+03:00,18.097,8.0,10.097
2026-09-01 18:27:05.302757+03:00,2026-09-07 21:00:00+03:00,18.1499,9.4,8.749899999999998
2026-09-01 18:27:05.302757+03:00,2026-09-07 21:15:00+03:00,18.1647,6.58,11.5847
2026-09-01 18:27:05.302757+03:00,2026-09-07 21:30:00+03:00,18.2706,4.99,13.280600000000002
2026-09-01 18:27:05.302757+03:00,2026-09-07 21:45:00+03:00,18.2698,4.38,13.8898
2026-09-01 18:27:05.302757+03:00,2026-09-07 22:00:00+03:00,18.3184,5.39,12.9284
2026-09-01 18:27:05.302757+03:00,2026-09-07 22:15:00+03:00,18.1568,5.37,12.7868
2026-09-01 18:27:05.302757+03:00,2026-09-07 22:30:00+03:00,18.2163,5.32,12.8963
2026-09-01 18:27:05.302757+03:00,2026-09-07 22:45:00+03:00,18.2627,4.95,13.3127
2026-09-01 18:27:05.302757+03:00,2026-09-07 23:00:00+03:00,18.3374,4.05,14.287399999999998
2026-09-01 18:27:05.302757+03:00,2026-09-07 23:15:00+03:00,18.0455,3.58,14.4655
2026-09-01 18:27:05.302757+03:00,2026-09-07 23:30:00+03:00,17.4582,3.35,14.108200000000002
2026-09-01 18:27:05.302757+03:00,2026-09-07 23:45:00+03:00,17.1237,3.2,13.9237
2026-09-01 18:27:05.302757+03:00,2026-09-08 00:00:00+03:00,16.842,2.82,14.021999999999998
2026-09-01 18:27:05.302757+03:00,2026-09-08 00:15:00+03:00,16.981,2.0,14.981000000000002
2026-09-01 18:27:05.302757+03:00,2026-09-08 00:30:00+03:00,16.8706,1.99,14.8806
2026-09-01 18:27:05.302757+03:00,2026-09-08 00:45:00+03:00,16.868,1.55,15.317999999999998
2026-09-01 18:27:05.302757+03:00,2026-09-08 01:00:00+03:00,16.8803,2.03,14.8503
2026-09-01 18:27:05.302757+03:00,2026-09-08 01:15:00+03:00,16.761,2.0,14.761
2026-09-01 18:27:05.302757+03:00,2026-09-08 01:30:00+03:00,16.7808,2.0,14.7808
2026-09-01 18:27:05.302757+03:00,2026-09-08 01:45:00+03:00,16.8103,1.99,14.8203
2026-09-01 18:27:05.302757+03:00,2026-09-08 02:00:00+03:00,16.863,1.88,14.983
2026-09-01 18:27:05.302757+03:00,2026-09-08 02:15:00+03:00,16.8562,1.51,15.3462
2026-09-01 18:27:05.302757+03:00,2026-09-08 02:30:00+03:00,16.8826,1.32,15.5626
2026-09-01 18:27:05.302757+03:00,2026-09-08 02:45:00+03:00,16.8921,1.15,15.7421
2026-09-01 18:27:05.302757+03:00,2026-09-08 03:00:00+03:00,16.8867,1.4,15.4867
2026-09-01 18:27:05.302757+03:00,2026-09-08 03:15:00+03:00,16.878,1.21,15.668
2026-09-01 18:27:05.302757+03:00,2026-09-08 03:30:00+03:00,16.9106,1.5,15.4106
2026-09-01 18:27:05.302757+03:00,2026-09-08 03:45:00+03:00,16.9003,1.13,15.770300000000002
2026-09-01 18:27:05.302757+03:00,2026-09-08 04:00:00+03:00,16.9227,1.16,15.7627
2026-09-01 18:27:05.302757+03:00,2026-09-08 04:15:00+03:00,17.0498,1.47,15.5798
2026-09-01 18:27:05.302757+03:00,2026-09-08 04:30:00+03:00,17.0201,1.04,15.9801
2026-09-01 18:27:05.302757+03:00,2026-09-08 04:45:00+03:00,17.0201,1.12,15.900099999999998
2026-09-01 18:27:05.302757+03:00,2026-09-08 05:00:00+03:00,16.9265,1.96,14.9665
2026-09-01 18:27:05.302757+03:00,2026-09-08 05:15:00+03:00,17.2202,1.99,15.230199999999998
2026-09-01 18:27:05.302757+03:00,2026-09-08 05:30:00+03:00,17.6007,1.99,15.6107
2026-09-01 18:27:05.302757+03:00,2026-09-08 05:45:00+03:00,17.5964,2.0,15.5964
2026-09-01 18:27:05.302757+03:00,2026-09-08 06:00:00+03:00,17.5658,2.0,15.5658
2026-09-01 18:27:05.302757+03:00,2026-09-08 06:15:00+03:00,17.8162,2.33,15.486199999999998
2026-09-01 18:27:05.302757+03:00,2026-09-08 06:30:00+03:00,18.0588,3.5,14.558800000000002
2026-09-01 18:27:05.302757+03:00,2026-09-08 06:45:00+03:00,18.0069,3.75,14.256900000000002
2026-09-01 18:27:05.302757+03:00,2026-09-08 07:00:00+03:00,17.8522,3.64,14.2122
2026-09-01 18:27:05.302757+03:00,2026-09-08 07:15:00+03:00,18.0562,3.56,14.4962
2026-09-01 18:27:05.302757+03:00,2026-09-08 07:30:00+03:00,17.9755,3.53,14.4455
2026-09-01 18:27:05.302757+03:00,2026-09-08 07:45:00+03:00,17.939,3.53,14.409
2026-09-01 18:27:05.302757+03:00,2026-09-08 08:00:00+03:00,17.806,3.68,14.126
2026-09-01 18:27:05.302757+03:00,2026-09-08 08:15:00+03:00,17.8796,3.53,14.3496
2026-09-01 18:27:05.302757+03:00,2026-09-08 08:30:00+03:00,17.8514,3.52,14.331400000000002
2026-09-01 18:27:05.302757+03:00,2026-09-08 08:45:00+03:00,17.8774,3.52,14.357400000000002
2026-09-01 18:27:05.302757+03:00,2026-09-08 09:00:00+03:00,17.808,4.99,12.818
2026-09-01 18:27:05.302757+03:00,2026-09-08 09:15:00+03:00,17.6314,4.94,12.691399999999998
2026-09-01 18:27:05.302757+03:00,2026-09-08 09:30:00+03:00,17.3159,4.0,13.3159
2026-09-01 18:27:05.302757+03:00,2026-09-08 09:45:00+03:00,17.3684,3.69,13.678400000000002
2026-09-01 18:27:05.302757+03:00,2026-09-08 10:00:00+03:00,17.3832,4.99,12.393199999999998
2026-09-01 18:27:05.302757+03:00,2026-09-08 10:15:00+03:00,17.3369,4.01,13.3269
2026-09-01 18:27:05.302757+03:00,2026-09-08 10:30:00+03:00,17.377,4.0,13.377
2026-09-01 18:27:05.302757+03:00,2026-09-08 10:45:00+03:00,17.3855,3.53,13.8555
2026-09-01 18:27:05.302757+03:00,2026-09-08 11:00:00+03:00,17.3904,3.48,13.9104
2026-09-01 18:27:05.302757+03:00,2026-09-08 11:15:00+03:00,17.317,3.24,14.077
2026-09-01 18:27:05.302757+03:00,2026-09-08 11:30:00+03:00,17.3474,3.53,13.8174
2026-09-01 18:27:05.302757+03:00,2026-09-08 11:45:00+03:00,17.3529,3.55,13.8029
2026-09-01 18:27:05.302757+03:00,2026-09-08 12:00:00+03:00,17.3741,3.61,13.7641
2026-09-01 18:27:05.302757+03:00,2026-09-08 12:15:00+03:00,17.3188,3.69,13.6288
2026-09-01 18:27:05.302757+03:00,2026-09-08 12:30:00+03:00,17.3575,4.0,13.357500000000002
2026-09-01 18:27:05.302757+03:00,2026-09-08 12:45:00+03:00,17.3603,4.0,13.3603
2026-09-01 18:27:05.302757+03:00,2026-09-08 13:00:00+03:00,17.3774,4.01,13.367400000000002
2026-09-01 18:27:05.302757+03:00,2026-09-08 13:15:00+03:00,17.3295,4.98,12.3495
2026-09-01 18:27:05.302757+03:00,2026-09-08 13:30:00+03:00,17.3668,4.99,12.3768
2026-09-01 18:27:05.302757+03:00,2026-09-08 13:45:00+03:00,17.3708,5.01,12.3608
2026-09-01 18:27:05.302757+03:00,2026-09-08 14:00:00+03:00,17.3884,5.0,12.3884
2026-09-01 18:27:05.302757+03:00,2026-09-08 14:15:00+03:00,17.3653,5.18,12.185300000000002
2026-09-01 18:27:05.302757+03:00,2026-09-08 14:30:00+03:00,17.3942,5.35,12.044200000000002
2026-09-01 18:27:05.302757+03:00,2026-09-08 14:45:00+03:00,17.3918,5.71,11.6818
2026-09-01 18:27:05.302757+03:00,2026-09-08 15:00:00+03:00,17.3952,5.29,12.1052
2026-09-01 18:27:05.302757+03:00,2026-09-08 15:15:00+03:00,17.433,7.0,10.433
2026-09-01 18:27:05.302757+03:00,2026-09-08 15:30:00+03:00,17.4485,9.99,7.458499999999999
2026-09-01 18:27:05.302757+03:00,2026-09-08 15:45:00+03:00,17.4311,14.52,2.911100000000001
2026-09-01 18:27:05.302757+03:00,2026-09-08 16:00:00+03:00,17.4094,10.21,7.199400000000001
2026-09-01 18:27:05.302757+03:00,2026-09-08 16:15:00+03:00,17.4286,14.72,2.708599999999999
2026-09-01 18:27:05.302757+03:00,2026-09-08 16:30:00+03:00,17.448,17.79,0.3419999999999987
2026-09-01 18:27:05.302757+03:00,2026-09-08 16:45:00+03:00,17.432,24.01,6.578000000000003
2026-09-01 18:27:05.302757+03:00,2026-09-08 17:00:00+03:00,17.4459,9.99,7.4559000000000015
2026-09-01 18:27:05.302757+03:00,2026-09-08 17:15:00+03:00,17.447,17.75,0.3030000000000008
2026-09-01 18:27:05.302757+03:00,2026-09-08 17:30:00+03:00,17.4378,41.05,23.6122
2026-09-01 18:27:05.302757+03:00,2026-09-08 17:45:00+03:00,17.4026,67.58,50.1774
2026-09-01 18:27:05.302757+03:00,2026-09-08 18:00:00+03:00,17.3905,40.05,22.6595
2026-09-01 18:27:05.302757+03:00,2026-09-08 18:15:00+03:00,17.3447,50.0,32.6553
2026-09-01 18:27:05.302757+03:00,2026-09-08 18:30:00+03:00,17.3667,63.02,45.6533
2026-09-01 18:27:05.302757+03:00,2026-09-08 18:45:00+03:00,17.3721,76.07,58.69789999999999
2026-09-01 18:27:05.302757+03:00,2026-09-08 19:00:00+03:00,17.404,50.0,32.596000000000004
2026-09-01 18:27:05.302757+03:00,2026-09-08 19:15:00+03:00,17.2793,50.0,32.7207
2026-09-01 18:27:05.302757+03:00,2026-09-08 19:30:00+03:00,17.3166,59.93,42.6134
2026-09-01 18:27:05.302757+03:00,2026-09-08 19:45:00+03:00,17.3375,80.58,63.2425
2026-09-01 18:27:05.302757+03:00,2026-09-08 20:00:00+03:00,17.3314,49.99,32.65860000000001
2026-09-01 18:27:05.302757+03:00,2026-09-08 20:15:00+03:00,17.056,55.58,38.524
2026-09-01 18:27:05.302757+03:00,2026-09-08 20:30:00+03:00,16.6378,69.37,52.732200000000006
2026-09-01 18:27:05.302757+03:00,2026-09-08 20:45:00+03:00,16.2712,65.48,49.2088
2026-09-01 18:27:05.302757+03:00,2026-09-08 21:00:00+03:00,15.7699,52.23,36.4601
2026-09-01 18:27:05.302757+03:00,2026-09-08 21:15:00+03:00,15.0943,50.0,34.9057
2026-09-01 18:27:05.302757+03:00,2026-09-08 21:30:00+03:00,14.6744,45.87,31.1956
2026-09-01 18:27:05.302757+03:00,2026-09-08 21:45:00+03:00,14.0112,38.94,24.928799999999995
2026-09-01 18:27:05.302757+03:00,2026-09-08 22:00:00+03:00,13.381,50.0,36.619
2026-09-01 18:27:05.302757+03:00,2026-09-08 22:15:00+03:00,12.8867,46.37,33.4833
2026-09-01 18:27:05.302757+03:00,2026-09-08 22:30:00+03:00,12.2387,38.95,26.7113
2026-09-01 18:27:05.302757+03:00,2026-09-08 22:45:00+03:00,11.397,36.16,24.763
2026-09-01 18:27:05.302757+03:00,2026-09-08 23:00:00+03:00,10.7752,42.78,32.0048
2026-09-01 18:27:05.302757+03:00,2026-09-08 23:15:00+03:00,9.7311,36.35,26.618900000000004
2026-09-01 18:27:05.302757+03:00,2026-09-08 23:30:00+03:00,8.4944,38.14,29.6456
2026-09-01 18:27:05.302757+03:00,2026-09-08 23:45:00+03:00,7.2811,37.57,30.2889
2026-09-02 18:03:05.535839+03:00,2026-09-03 00:00:00+03:00,28.2728,38.26,9.987199999999998
2026-09-02 18:03:05.535839+03:00,2026-09-03 00:15:00+03:00,26.6673,34.36,7.6926999999999985
2026-09-02 18:03:05.535839+03:00,2026-09-03 00:30:00+03:00,25.0848,29.63,4.545199999999998
2026-09-02 18:03:05.535839+03:00,2026-09-03 00:45:00+03:00,22.9923,26.08,3.087699999999998
2026-09-02 18:03:05.535839+03:00,2026-09-03 01:00:00+03:00,21.845,26.15,4.305
2026-09-02 18:03:05.535839+03:00,2026-09-03 01:15:00+03:00,21.1697,24.6,3.4303000000000026
2026-09-02 18:03:05.535839+03:00,2026-09-03 01:30:00+03:00,19.8298,22.47,2.6402
2026-09-02 18:03:05.535839+03:00,2026-09-03 01:45:00+03:00,18.8898,20.56,1.6701999999999977
2026-09-02 18:03:05.535839+03:00,2026-09-03 02:00:00+03:00,17.9896,24.99,7.000399999999999
2026-09-02 18:03:05.535839+03:00,2026-09-03 02:15:00+03:00,16.8848,23.67,6.785200000000003
2026-09-02 18:03:05.535839+03:00,2026-09-03 02:30:00+03:00,16.1875,22.04,5.852499999999999
2026-09-02 18:03:05.535839+03:00,2026-09-03 02:45:00+03:00,15.2843,22.42,7.135700000000002
2026-09-02 18:03:05.535839+03:00,2026-09-03 03:00:00+03:00,14.2026,24.08,9.877399999999998
2026-09-02 18:03:05.535839+03:00,2026-09-03 03:15:00+03:00,13.3574,24.06,10.7026
2026-09-02 18:03:05.535839+03:00,2026-09-03 03:30:00+03:00,13.133,23.09,9.957
2026-09-02 18:03:05.535839+03:00,2026-09-03 03:45:00+03:00,12.4996,21.71,9.210400000000002
2026-09-02 18:03:05.535839+03:00,2026-09-03 04:00:00+03:00,12.2081,24.33,12.121899999999998
2026-09-02 18:03:05.535839+03:00,2026-09-03 04:15:00+03:00,12.317,23.1,10.783
2026-09-02 18:03:05.535839+03:00,2026-09-03 04:30:00+03:00,12.6106,22.76,10.149400000000002
2026-09-02 18:03:05.535839+03:00,2026-09-03 04:45:00+03:00,12.6291,22.75,10.1209
2026-09-02 18:03:05.535839+03:00,2026-09-03 05:00:00+03:00,12.5062,20.81,8.303799999999999
2026-09-02 18:03:05.535839+03:00,2026-09-03 05:15:00+03:00,13.1318,22.73,9.5982
2026-09-02 18:03:05.535839+03:00,2026-09-03 05:30:00+03:00,13.4635,24.48,11.0165
2026-09-02 18:03:05.535839+03:00,2026-09-03 05:45:00+03:00,13.9881,25.44,11.451900000000002
2026-09-02 18:03:05.535839+03:00,2026-09-03 06:00:00+03:00,14.5639,16.0,1.4360999999999997
2026-09-02 18:03:05.535839+03:00,2026-09-03 06:15:00+03:00,15.7078,23.42,7.712200000000001
2026-09-02 18:03:05.535839+03:00,2026-09-03 06:30:00+03:00,16.7487,28.56,11.8113
2026-09-02 18:03:05.535839+03:00,2026-09-03 06:45:00+03:00,18.1219,34.58,16.458099999999998
2026-09-02 18:03:05.535839+03:00,2026-09-03 07:00:00+03:00,19.4704,22.19,2.7196
2026-09-02 18:03:05.535839+03:00,2026-09-03 07:15:00+03:00,20.7231,28.27,7.546900000000001
2026-09-02 18:03:05.535839+03:00,2026-09-03 07:30:00+03:00,22.4026,34.61,12.2074
2026-09-02 18:03:05.535839+03:00,2026-09-03 07:45:00+03:00,24.5404,44.64,20.0996
2026-09-02 18:03:05.535839+03:00,2026-09-03 08:00:00+03:00,26.2103,20.57,5.6403
2026-09-02 18:03:05.535839+03:00,2026-09-03 08:15:00+03:00,27.1636,31.23,4.066400000000002
2026-09-02 18:03:05.535839+03:00,2026-09-03 08:30:00+03:00,28.375,37.07,8.695
2026-09-02 18:03:05.535839+03:00,2026-09-03 08:45:00+03:00,29.1453,47.97,18.8247
2026-09-02 18:03:05.535839+03:00,2026-09-03 09:00:00+03:00,29.9793,27.99,1.9893
2026-09-02 18:03:05.535839+03:00,2026-09-03 09:15:00+03:00,29.9699,31.75,1.780100000000001
2026-09-02 18:03:05.535839+03:00,2026-09-03 09:30:00+03:00,29.7712,53.09,23.318800000000003
2026-09-02 18:03:05.535839+03:00,2026-09-03 09:45:00+03:00,29.8162,51.67,21.853800000000003
2026-09-02 18:03:05.535839+03:00,2026-09-03 10:00:00+03:00,29.837,49.32,19.483
2026-09-02 18:03:05.535839+03:00,2026-09-03 10:15:00+03:00,29.7589,48.8,19.0411
2026-09-02 18:03:05.535839+03:00,2026-09-03 10:30:00+03:00,29.8117,42.25,12.438300000000002
2026-09-02 18:03:05.535839+03:00,2026-09-03 10:45:00+03:00,29.81,49.99,20.180000000000003
2026-09-02 18:03:05.535839+03:00,2026-09-03 11:00:00+03:00,29.7943,52.82,23.0257
2026-09-02 18:03:05.535839+03:00,2026-09-03 11:15:00+03:00,29.7372,48.26,18.5228
2026-09-02 18:03:05.535839+03:00,2026-09-03 11:30:00+03:00,29.7489,50.0,20.2511
2026-09-02 18:03:05.535839+03:00,2026-09-03 11:45:00+03:00,29.757,42.29,12.532999999999998
2026-09-02 18:03:05.535839+03:00,2026-09-03 12:00:00+03:00,29.8011,50.8,20.998899999999995
2026-09-02 18:03:05.535839+03:00,2026-09-03 12:15:00+03:00,29.754,46.37,16.615999999999996
2026-09-02 18:03:05.535839+03:00,2026-09-03 12:30:00+03:00,29.7652,39.41,9.644799999999996
2026-09-02 18:03:05.535839+03:00,2026-09-03 12:45:00+03:00,29.7793,36.5,6.720700000000001
2026-09-02 18:03:05.535839+03:00,2026-09-03 13:00:00+03:00,29.7698,48.21,18.4402
2026-09-02 18:03:05.535839+03:00,2026-09-03 13:15:00+03:00,29.7377,47.6,17.8623
2026-09-02 18:03:05.535839+03:00,2026-09-03 13:30:00+03:00,29.7472,36.88,7.132800000000003
2026-09-02 18:03:05.535839+03:00,2026-09-03 13:45:00+03:00,29.7775,32.88,3.1025000000000027
2026-09-02 18:03:05.535839+03:00,2026-09-03 14:00:00+03:00,29.7773,41.18,11.4027
2026-09-02 18:03:05.535839+03:00,2026-09-03 14:15:00+03:00,29.7752,36.54,6.7647999999999975
2026-09-02 18:03:05.535839+03:00,2026-09-03 14:30:00+03:00,29.774,30.49,0.7159999999999975
2026-09-02 18:03:05.535839+03:00,2026-09-03 14:45:00+03:00,29.7837,32.42,2.636300000000002
2026-09-02 18:03:05.535839+03:00,2026-09-03 15:00:00+03:00,29.7812,31.45,1.668800000000001
2026-09-02 18:03:05.535839+03:00,2026-09-03 15:15:00+03:00,29.8332,30.0,0.1667999999999985
2026-09-02 18:03:05.535839+03:00,2026-09-03 15:30:00+03:00,29.8386,37.4,7.561399999999999
2026-09-02 18:03:05.535839+03:00,2026-09-03 15:45:00+03:00,29.8291,42.99,13.160900000000002
2026-09-02 18:03:05.535839+03:00,2026-09-03 16:00:00+03:00,29.852,27.06,2.7920000000000016
2026-09-02 18:03:05.535839+03:00,2026-09-03 16:15:00+03:00,29.896,29.99,0.0939999999999976
2026-09-02 18:03:05.535839+03:00,2026-09-03 16:30:00+03:00,29.9112,39.05,9.138799999999996
2026-09-02 18:03:05.535839+03:00,2026-09-03 16:45:00+03:00,29.9076,49.16,19.2524
2026-09-02 18:03:05.535839+03:00,2026-09-03 17:00:00+03:00,29.8257,28.0,1.8257000000000008
2026-09-02 18:03:05.535839+03:00,2026-09-03 17:15:00+03:00,29.8181,36.6,6.7819
2026-09-02 18:03:05.535839+03:00,2026-09-03 17:30:00+03:00,29.8214,44.69,14.868599999999995
2026-09-02 18:03:05.535839+03:00,2026-09-03 17:45:00+03:00,29.8182,50.0,20.1818
2026-09-02 18:03:05.535839+03:00,2026-09-03 18:00:00+03:00,29.8502,32.85,2.9998000000000005
2026-09-02 18:03:05.535839+03:00,2026-09-03 18:15:00+03:00,29.8387,39.71,9.871300000000002
2026-09-02 18:03:05.535839+03:00,2026-09-03 18:30:00+03:00,29.8769,49.13,19.253100000000003
2026-09-02 18:03:05.535839+03:00,2026-09-03 18:45:00+03:00,29.8782,59.82,29.9418
2026-09-02 18:03:05.535839+03:00,2026-09-03 19:00:00+03:00,29.8005,47.79,17.9895
2026-09-02 18:03:05.535839+03:00,2026-09-03 19:15:00+03:00,29.7284,58.98,29.2516
2026-09-02 18:03:05.535839+03:00,2026-09-03 19:30:00+03:00,29.7581,60.29,30.5319
2026-09-02 18:03:05.535839+03:00,2026-09-03 19:45:00+03:00,29.7997,71.33,41.5303
2026-09-02 18:03:05.535839+03:00,2026-09-03 20:00:00+03:00,29.77,70.14,40.370000000000005
2026-09-02 18:03:05.535839+03:00,2026-09-03 20:15:00+03:00,29.5469,67.6,38.05309999999999
2026-09-02 18:03:05.535839+03:00,2026-09-03 20:30:00+03:00,29.0904,59.9,30.8096
2026-09-02 18:03:05.535839+03:00,2026-09-03 20:45:00+03:00,28.8268,51.93,23.1032
2026-09-02 18:03:05.535839+03:00,2026-09-03 21:00:00+03:00,28.4186,67.33,38.9114
2026-09-02 18:03:05.535839+03:00,2026-09-03 21:15:00+03:00,28.1448,63.09,34.9452
2026-09-02 18:03:05.535839+03:00,2026-09-03 21:30:00+03:00,27.8462,61.61,33.7638
2026-09-02 18:03:05.535839+03:00,2026-09-03 21:45:00+03:00,27.8383,48.03,20.1917
2026-09-02 18:03:05.535839+03:00,2026-09-03 22:00:00+03:00,27.9142,60.83,32.9158
2026-09-02 18:03:05.535839+03:00,2026-09-03 22:15:00+03:00,27.8594,60.56,32.7006
2026-09-02 18:03:05.535839+03:00,2026-09-03 22:30:00+03:00,27.9324,48.24,20.3076
2026-09-02 18:03:05.535839+03:00,2026-09-03 22:45:00+03:00,27.9814,35.84,7.858600000000003
2026-09-02 18:03:05.535839+03:00,2026-09-03 23:00:00+03:00,28.0028,48.09,20.087200000000003
2026-09-02 18:03:05.535839+03:00,2026-09-03 23:15:00+03:00,27.7574,42.01,14.252599999999996
2026-09-02 18:03:05.535839+03:00,2026-09-03 23:30:00+03:00,27.8217,29.03,1.2083000000000013
2026-09-02 18:03:05.535839+03:00,2026-09-03 23:45:00+03:00,27.9084,21.12,6.788399999999999
2026-09-02 18:03:05.535839+03:00,2026-09-04 00:00:00+03:00,27.9743,47.3,19.3257
2026-09-02 18:03:05.535839+03:00,2026-09-04 00:15:00+03:00,27.9672,38.95,10.982800000000005
2026-09-02 18:03:05.535839+03:00,2026-09-04 00:30:00+03:00,28.0144,37.44,9.4256
2026-09-02 18:03:05.535839+03:00,2026-09-04 00:45:00+03:00,28.0284,19.99,8.038400000000003
2026-09-02 18:03:05.535839+03:00,2026-09-04 01:00:00+03:00,27.9967,38.91,10.913299999999996
2026-09-02 18:03:05.535839+03:00,2026-09-04 01:15:00+03:00,27.9214,34.87,6.948599999999999
2026-09-02 18:03:05.535839+03:00,2026-09-04 01:30:00+03:00,27.9414,31.68,3.738599999999998
2026-09-02 18:03:05.535839+03:00,2026-09-04 01:45:00+03:00,27.9725,29.2,1.2274999999999991
2026-09-02 18:03:05.535839+03:00,2026-09-04 02:00:00+03:00,28.0295,39.82,11.790500000000002
2026-09-02 18:03:05.535839+03:00,2026-09-04 02:15:00+03:00,28.0432,35.54,7.4968
2026-09-02 18:03:05.535839+03:00,2026-09-04 02:30:00+03:00,28.0584,30.2,2.1416000000000004
2026-09-02 18:03:05.535839+03:00,2026-09-04 02:45:00+03:00,28.0655,27.83,0.2355000000000018
2026-09-02 18:03:05.535839+03:00,2026-09-04 03:00:00+03:00,28.0592,38.42,10.3608
2026-09-02 18:03:05.535839+03:00,2026-09-04 03:15:00+03:00,28.0761,37.85,9.7739
2026-09-02 18:03:05.535839+03:00,2026-09-04 03:30:00+03:00,28.0977,32.7,4.602300000000003
2026-09-02 18:03:05.535839+03:00,2026-09-04 03:45:00+03:00,28.0939,28.0,0.0939000000000014
2026-09-02 18:03:05.535839+03:00,2026-09-04 04:00:00+03:00,28.0777,30.42,2.3423000000000016
2026-09-02 18:03:05.535839+03:00,2026-09-04 04:15:00+03:00,28.2068,35.63,7.423200000000001
2026-09-02 18:03:05.535839+03:00,2026-09-04 04:30:00+03:00,28.4779,32.99,4.5121
2026-09-02 18:03:05.535839+03:00,2026-09-04 04:45:00+03:00,28.4983,34.68,6.181699999999999
2026-09-02 18:03:05.535839+03:00,2026-09-04 05:00:00+03:00,28.5768,33.04,4.4632000000000005
2026-09-02 18:03:05.535839+03:00,2026-09-04 05:15:00+03:00,29.1835,32.77,3.5865000000000045
2026-09-02 18:03:05.535839+03:00,2026-09-04 05:30:00+03:00,29.5506,29.6,0.0494000000000021
2026-09-02 18:03:05.535839+03:00,2026-09-04 05:45:00+03:00,29.8675,38.03,8.162500000000001
2026-09-02 18:03:05.535839+03:00,2026-09-04 06:00:00+03:00,30.2386,16.22,14.018600000000005
2026-09-02 18:03:05.535839+03:00,2026-09-04 06:15:00+03:00,30.6589,24.92,5.738899999999997
2026-09-02 18:03:05.535839+03:00,2026-09-04 06:30:00+03:00,31.0152,44.28,13.2648
2026-09-02 18:03:05.535839+03:00,2026-09-04 06:45:00+03:00,31.4301,71.48,40.04990000000001
2026-09-02 18:03:05.535839+03:00,2026-09-04 07:00:00+03:00,31.902,28.0,3.902000000000001
2026-09-02 18:03:05.535839+03:00,2026-09-04 07:15:00+03:00,32.527,40.44,7.912999999999997
2026-09-02 18:03:05.535839+03:00,2026-09-04 07:30:00+03:00,32.9056,72.37,39.464400000000005
2026-09-02 18:03:05.535839+03:00,2026-09-04 07:45:00+03:00,33.2515,86.7,53.4485
2026-09-02 18:03:05.535839+03:00,2026-09-04 08:00:00+03:00,33.751,78.74,44.989
2026-09-02 18:03:05.535839+03:00,2026-09-04 08:15:00+03:00,33.9332,94.51,60.576800000000006
2026-09-02 18:03:05.535839+03:00,2026-09-04 08:30:00+03:00,34.3476,101.81,67.4624
2026-09-02 18:03:05.535839+03:00,2026-09-04 08:45:00+03:00,34.647,112.92,78.273
2026-09-02 18:03:05.535839+03:00,2026-09-04 09:00:00+03:00,34.6776,95.98,61.302400000000006
2026-09-02 18:03:05.535839+03:00,2026-09-04 09:15:00+03:00,34.408,82.89,48.482
2026-09-02 18:03:05.535839+03:00,2026-09-04 09:30:00+03:00,34.3916,97.25,62.8584
2026-09-02 18:03:05.535839+03:00,2026-09-04 09:45:00+03:00,34.4429,95.54,61.097100000000005
2026-09-02 18:03:05.535839+03:00,2026-09-04 10:00:00+03:00,34.4679,86.02,51.5521
2026-09-02 18:03:05.535839+03:00,2026-09-04 10:15:00+03:00,34.4013,90.8,56.3987
2026-09-02 18:03:05.535839+03:00,2026-09-04 10:30:00+03:00,34.4184,101.01,66.5916
2026-09-02 18:03:05.535839+03:00,2026-09-04 10:45:00+03:00,34.4214,100.62,66.1986
2026-09-02 18:03:05.535839+03:00,2026-09-04 11:00:00+03:00,34.4129,111.39,76.97710000000001
2026-09-02 18:03:05.535839+03:00,2026-09-04 11:15:00+03:00,34.3388,100.86,66.5212
2026-09-02 18:03:05.535839+03:00,2026-09-04 11:30:00+03:00,34.3477,91.85,57.50229999999999
2026-09-02 18:03:05.535839+03:00,2026-09-04 11:45:00+03:00,34.3661,82.36,47.9939
2026-09-02 18:03:05.535839+03:00,2026-09-04 12:00:00+03:00,34.4215,83.49,49.06849999999999
2026-09-02 18:03:05.535839+03:00,2026-09-04 12:15:00+03:00,34.3615,77.81,43.4485
2026-09-02 18:03:05.535839+03:00,2026-09-04 12:30:00+03:00,34.3785,68.44,34.061499999999995
2026-09-02 18:03:05.535839+03:00,2026-09-04 12:45:00+03:00,34.3895,61.51,27.1205
2026-09-02 18:03:05.535839+03:00,2026-09-04 13:00:00+03:00,34.4044,66.68,32.275600000000004
2026-09-02 18:03:05.535839+03:00,2026-09-04 13:15:00+03:00,34.3565,60.08,25.7235
2026-09-02 18:03:05.535839+03:00,2026-09-04 13:30:00+03:00,34.3769,55.38,21.003100000000003
2026-09-02 18:03:05.535839+03:00,2026-09-04 13:45:00+03:00,34.3876,53.61,19.2224
2026-09-02 18:03:05.535839+03:00,2026-09-04 14:00:00+03:00,34.4685,52.67,18.201500000000003
2026-09-02 18:03:05.535839+03:00,2026-09-04 14:15:00+03:00,34.4682,51.84,17.3718
2026-09-02 18:03:05.535839+03:00,2026-09-04 14:30:00+03:00,34.4637,45.55,11.086299999999994
2026-09-02 18:03:05.535839+03:00,2026-09-04 14:45:00+03:00,34.4697,41.62,7.150299999999994
2026-09-02 18:03:05.535839+03:00,2026-09-04 15:00:00+03:00,34.4427,52.79,18.3473
2026-09-02 18:03:05.535839+03:00,2026-09-04 15:15:00+03:00,34.4869,48.35,13.863100000000005
2026-09-02 18:03:05.535839+03:00,2026-09-04 15:30:00+03:00,34.4863,48.67,14.183700000000002
2026-09-02 18:03:05.535839+03:00,2026-09-04 15:45:00+03:00,34.4731,48.51,14.036899999999996
2026-09-02 18:03:05.535839+03:00,2026-09-04 16:00:00+03:00,34.5132,40.07,5.556800000000003
2026-09-02 18:03:05.535839+03:00,2026-09-04 16:15:00+03:00,34.5437,41.51,6.966299999999997
2026-09-02 18:03:05.535839+03:00,2026-09-04 16:30:00+03:00,34.524,56.79,22.266
2026-09-02 18:03:05.535839+03:00,2026-09-04 16:45:00+03:00,34.5125,62.37,27.857499999999995
2026-09-02 18:03:05.535839+03:00,2026-09-04 17:00:00+03:00,34.6073,58.78,24.1727
2026-09-02 18:03:05.535839+03:00,2026-09-04 17:15:00+03:00,34.67,56.58,21.91
2026-09-02 18:03:05.535839+03:00,2026-09-04 17:30:00+03:00,34.6534,49.99,15.336600000000004
2026-09-02 18:03:05.535839+03:00,2026-09-04 17:45:00+03:00,34.5981,50.76,16.161899999999996
2026-09-02 18:03:05.535839+03:00,2026-09-04 18:00:00+03:00,34.5941,38.79,4.195900000000002
2026-09-02 18:03:05.535839+03:00,2026-09-04 18:15:00+03:00,34.4782,54.5,20.0218
2026-09-02 18:03:05.535839+03:00,2026-09-04 18:30:00+03:00,34.5002,70.5,35.9998
2026-09-02 18:03:05.535839+03:00,2026-09-04 18:45:00+03:00,34.5008,88.27,53.7692
2026-09-02 18:03:05.535839+03:00,2026-09-04 19:00:00+03:00,34.5609,72.16,37.5991
2026-09-02 18:03:05.535839+03:00,2026-09-04 19:15:00+03:00,34.3592,74.9,40.5408
2026-09-02 18:03:05.535839+03:00,2026-09-04 19:30:00+03:00,34.3953,70.0,35.6047
2026-09-02 18:03:05.535839+03:00,2026-09-04 19:45:00+03:00,34.4406,65.5,31.0594
2026-09-02 18:03:05.535839+03:00,2026-09-04 20:00:00+03:00,34.4732,74.75,40.2768
2026-09-02 18:03:05.535839+03:00,2026-09-04 20:15:00+03:00,34.2325,59.95,25.7175
2026-09-02 18:03:05.535839+03:00,2026-09-04 20:30:00+03:00,33.8676,62.19,28.322399999999995
2026-09-02 18:03:05.535839+03:00,2026-09-04 20:45:00+03:00,33.5322,50.27,16.7378
2026-09-02 18:03:05.535839+03:00,2026-09-04 21:00:00+03:00,33.5259,66.19,32.6641
2026-09-02 18:03:05.535839+03:00,2026-09-04 21:15:00+03:00,33.6702,55.36,21.6898
2026-09-02 18:03:05.535839+03:00,2026-09-04 21:30:00+03:00,33.6849,38.1,4.4151000000000025
2026-09-02 18:03:05.535839+03:00,2026-09-04 21:45:00+03:00,33.7084,28.88,4.828399999999999
2026-09-02 18:03:05.535839+03:00,2026-09-04 22:00:00+03:00,33.6568,58.67,25.013200000000005
2026-09-02 18:03:05.535839+03:00,2026-09-04 22:15:00+03:00,33.3679,38.7,5.332100000000004
2026-09-02 18:03:05.535839+03:00,2026-09-04 22:30:00+03:00,32.8465,30.34,2.506499999999999
2026-09-02 18:03:05.535839+03:00,2026-09-04 22:45:00+03:00,32.4751,27.32,5.155099999999997
2026-09-02 18:03:05.535839+03:00,2026-09-04 23:00:00+03:00,32.0542,47.96,15.9058
2026-09-02 18:03:05.535839+03:00,2026-09-04 23:15:00+03:00,31.2389,37.0,5.761099999999999
2026-09-02 18:03:05.535839+03:00,2026-09-04 23:30:00+03:00,30.3043,27.99,2.314300000000003
2026-09-02 18:03:05.535839+03:00,2026-09-04 23:45:00+03:00,29.3223,22.17,7.152299999999997
2026-09-02 18:03:05.535839+03:00,2026-09-05 00:00:00+03:00,28.616,37.39,8.774000000000001
2026-09-02 18:03:05.535839+03:00,2026-09-05 00:15:00+03:00,28.2086,30.37,2.1614000000000004
2026-09-02 18:03:05.535839+03:00,2026-09-05 00:30:00+03:00,27.8203,26.44,1.3802999999999983
2026-09-02 18:03:05.535839+03:00,2026-09-05 00:45:00+03:00,27.6974,10.6,17.0974
2026-09-02 18:03:05.535839+03:00,2026-09-05 01:00:00+03:00,27.5852,38.99,11.404800000000002
2026-09-02 18:03:05.535839+03:00,2026-09-05 01:15:00+03:00,27.5536,27.14,0.4135999999999988
2026-09-02 18:03:05.535839+03:00,2026-09-05 01:30:00+03:00,27.6318,20.68,6.951799999999999
2026-09-02 18:03:05.535839+03:00,2026-09-05 01:45:00+03:00,27.6831,17.13,10.5531
2026-09-02 18:03:05.535839+03:00,2026-09-05 02:00:00+03:00,27.6657,34.01,6.344299999999997
2026-09-02 18:03:05.535839+03:00,2026-09-05 02:15:00+03:00,27.6848,25.87,1.8147999999999984
2026-09-02 18:03:05.535839+03:00,2026-09-05 02:30:00+03:00,27.7033,20.74,6.9633
2026-09-02 18:03:05.535839+03:00,2026-09-05 02:45:00+03:00,27.7066,15.89,11.8166
2026-09-02 18:03:05.535839+03:00,2026-09-05 03:00:00+03:00,27.7124,26.01,1.7023999999999972
2026-09-02 18:03:05.535839+03:00,2026-09-05 03:15:00+03:00,27.7277,24.32,3.4076999999999984
2026-09-02 18:03:05.535839+03:00,2026-09-05 03:30:00+03:00,27.7394,19.79,7.949400000000001
2026-09-02 18:03:05.535839+03:00,2026-09-05 03:45:00+03:00,28.0739,15.32,12.753899999999998
2026-09-02 18:03:05.535839+03:00,2026-09-05 04:00:00+03:00,28.0851,23.7,4.385100000000001
2026-09-02 18:03:05.535839+03:00,2026-09-05 04:15:00+03:00,28.1676,20.43,7.7376
2026-09-02 18:03:05.535839+03:00,2026-09-05 04:30:00+03:00,28.1689,18.42,9.7489
2026-09-02 18:03:05.535839+03:00,2026-09-05 04:45:00+03:00,28.1401,14.88,13.2601
2026-09-02 18:03:05.535839+03:00,2026-09-05 05:00:00+03:00,28.2479,22.46,5.7879000000000005
2026-09-02 18:03:05.535839+03:00,2026-09-05 05:15:00+03:00,28.6661,19.07,9.5961
2026-09-02 18:03:05.535839+03:00,2026-09-05 05:30:00+03:00,29.0417,16.39,12.651699999999998
2026-09-02 18:03:05.535839+03:00,2026-09-05 05:45:00+03:00,29.5743,12.21,17.3643
2026-09-02 18:03:05.535839+03:00,2026-09-05 06:00:00+03:00,29.7845,17.34,12.4445
2026-09-02 18:03:05.535839+03:00,2026-09-05 06:15:00+03:00,30.4123,17.37,13.042299999999996
2026-09-02 18:03:05.535839+03:00,2026-09-05 06:30:00+03:00,31.2366,15.86,15.3766
2026-09-02 18:03:05.535839+03:00,2026-09-05 06:45:00+03:00,31.5966,14.73,16.8666
2026-09-02 18:03:05.535839+03:00,2026-09-05 07:00:00+03:00,32.023,17.67,14.353000000000002
2026-09-02 18:03:05.535839+03:00,2026-09-05 07:15:00+03:00,32.5391,17.51,15.029099999999996
2026-09-02 18:03:05.535839+03:00,2026-09-05 07:30:00+03:00,32.78,18.04,14.740000000000002
2026-09-02 18:03:05.535839+03:00,2026-09-05 07:45:00+03:00,33.1769,18.2,14.976900000000004
2026-09-02 18:03:05.535839+03:00,2026-09-05 08:00:00+03:00,33.6843,17.14,16.5443
2026-09-02 18:03:05.535839+03:00,2026-09-05 08:15:00+03:00,33.9303,18.04,15.890300000000003
2026-09-02 18:03:05.535839+03:00,2026-09-05 08:30:00+03:00,34.424,18.83,15.594
2026-09-02 18:03:05.535839+03:00,2026-09-05 08:45:00+03:00,34.721,19.65,15.070999999999998
2026-09-02 18:03:05.535839+03:00,2026-09-05 09:00:00+03:00,35.0907,20.02,15.0707
2026-09-02 18:03:05.535839+03:00,2026-09-05 09:15:00+03:00,35.2215,18.04,17.1815
2026-09-02 18:03:05.535839+03:00,2026-09-05 09:30:00+03:00,35.3457,11.7,23.6457
2026-09-02 18:03:05.535839+03:00,2026-09-05 09:45:00+03:00,35.3996,8.46,26.9396
2026-09-02 18:03:05.535839+03:00,2026-09-05 10:00:00+03:00,35.4231,14.17,21.2531
2026-09-02 18:03:05.535839+03:00,2026-09-05 10:15:00+03:00,35.311,10.85,24.461
2026-09-02 18:03:05.535839+03:00,2026-09-05 10:30:00+03:00,35.3187,9.29,26.0287
2026-09-02 18:03:05.535839+03:00,2026-09-05 10:45:00+03:00,35.3176,8.57,26.7476
2026-09-02 18:03:05.535839+03:00,2026-09-05 11:00:00+03:00,35.3325,10.4,24.932500000000005
2026-09-02 18:03:05.535839+03:00,2026-09-05 11:15:00+03:00,35.2619,9.55,25.7119
2026-09-02 18:03:05.535839+03:00,2026-09-05 11:30:00+03:00,35.2676,8.39,26.8776
2026-09-02 18:03:05.535839+03:00,2026-09-05 11:45:00+03:00,35.2778,7.74,27.5378
2026-09-02 18:03:05.535839+03:00,2026-09-05 12:00:00+03:00,35.3151,8.69,26.625100000000003
2026-09-02 18:03:05.535839+03:00,2026-09-05 12:15:00+03:00,35.2644,8.07,27.1944
2026-09-02 18:03:05.535839+03:00,2026-09-05 12:30:00+03:00,35.2694,7.51,27.7594
2026-09-02 18:03:05.535839+03:00,2026-09-05 12:45:00+03:00,35.2706,7.0,28.2706
2026-09-02 18:03:05.535839+03:00,2026-09-05 13:00:00+03:00,35.2914,7.0,28.291400000000003
2026-09-02 18:03:05.535839+03:00,2026-09-05 13:15:00+03:00,35.2472,6.41,28.8372
2026-09-02 18:03:05.535839+03:00,2026-09-05 13:30:00+03:00,35.2517,5.31,29.9417
2026-09-02 18:03:05.535839+03:00,2026-09-05 13:45:00+03:00,35.2536,5.21,30.0436
2026-09-02 18:03:05.535839+03:00,2026-09-05 14:00:00+03:00,35.2965,5.0,30.2965
2026-09-02 18:03:05.535839+03:00,2026-09-05 14:15:00+03:00,35.3286,4.28,31.0486
2026-09-02 18:03:05.535839+03:00,2026-09-05 14:30:00+03:00,35.3113,4.0,31.311300000000003
2026-09-02 18:03:05.535839+03:00,2026-09-05 14:45:00+03:00,35.3117,3.99,31.3217
2026-09-02 18:03:05.535839+03:00,2026-09-05 15:00:00+03:00,35.3038,3.99,31.3138
2026-09-02 18:03:05.535839+03:00,2026-09-05 15:15:00+03:00,35.369,3.99,31.379
2026-09-02 18:03:05.535839+03:00,2026-09-05 15:30:00+03:00,35.3504,3.64,31.7104
2026-09-02 18:03:05.535839+03:00,2026-09-05 15:45:00+03:00,35.3364,4.12,31.2164
2026-09-02 18:03:05.535839+03:00,2026-09-05 16:00:00+03:00,35.3286,3.64,31.6886
2026-09-02 18:03:05.535839+03:00,2026-09-05 16:15:00+03:00,35.3679,3.99,31.3779
2026-09-02 18:03:05.535839+03:00,2026-09-05 16:30:00+03:00,35.35,3.53,31.82
2026-09-02 18:03:05.535839+03:00,2026-09-05 16:45:00+03:00,35.3406,4.01,31.330600000000004
2026-09-02 18:03:05.535839+03:00,2026-09-05 17:00:00+03:00,35.3903,4.3,31.090300000000003
2026-09-02 18:03:05.535839+03:00,2026-09-05 17:15:00+03:00,35.4013,5.0,30.4013
2026-09-02 18:03:05.535839+03:00,2026-09-05 17:30:00+03:00,35.3857,7.04,28.3457
2026-09-02 18:03:05.535839+03:00,2026-09-05 17:45:00+03:00,35.3755,8.4,26.975500000000004
2026-09-02 18:03:05.535839+03:00,2026-09-05 18:00:00+03:00,35.3906,6.87,28.5206
2026-09-02 18:03:05.535839+03:00,2026-09-05 18:15:00+03:00,35.2927,9.04,26.252700000000004
2026-09-02 18:03:05.535839+03:00,2026-09-05 18:30:00+03:00,35.3126,13.22,22.092600000000004
2026-09-02 18:03:05.535839+03:00,2026-09-05 18:45:00+03:00,35.312,17.68,17.631999999999998
2026-09-02 18:03:05.535839+03:00,2026-09-05 19:00:00+03:00,35.3599,8.52,26.839900000000004
2026-09-02 18:03:05.535839+03:00,2026-09-05 19:15:00+03:00,35.186,11.19,23.996
2026-09-02 18:03:05.535839+03:00,2026-09-05 19:30:00+03:00,35.2138,16.45,18.7638
2026-09-02 18:03:05.535839+03:00,2026-09-05 19:45:00+03:00,35.2555,26.36,8.895499999999998
2026-09-02 18:03:05.535839+03:00,2026-09-05 20:00:00+03:00,35.3033,20.43,14.8733
2026-09-02 18:03:05.535839+03:00,2026-09-05 20:15:00+03:00,35.0413,20.0,15.0413
2026-09-02 18:03:05.535839+03:00,2026-09-05 20:30:00+03:00,34.6785,19.54,15.1385
2026-09-02 18:03:05.535839+03:00,2026-09-05 20:45:00+03:00,34.318,17.8,16.517999999999997
2026-09-02 18:03:05.535839+03:00,2026-09-05 21:00:00+03:00,34.2878,20.39,13.897799999999997
2026-09-02 18:03:05.535839+03:00,2026-09-05 21:15:00+03:00,34.5811,19.38,15.2011
2026-09-02 18:03:05.535839+03:00,2026-09-05 21:30:00+03:00,34.6349,16.06,18.574900000000003
2026-09-02 18:03:05.535839+03:00,2026-09-05 21:45:00+03:00,34.6033,14.2,20.4033
2026-09-02 18:03:05.535839+03:00,2026-09-05 22:00:00+03:00,34.4931,20.0,14.493099999999998
2026-09-02 18:03:05.535839+03:00,2026-09-05 22:15:00+03:00,34.2347,14.62,19.6147
2026-09-02 18:03:05.535839+03:00,2026-09-05 22:30:00+03:00,33.8862,13.19,20.696200000000005
2026-09-02 18:03:05.535839+03:00,2026-09-05 22:45:00+03:00,33.4479,11.65,21.7979
2026-09-02 18:03:05.535839+03:00,2026-09-05 23:00:00+03:00,33.4918,16.54,16.9518
2026-09-02 18:03:05.535839+03:00,2026-09-05 23:15:00+03:00,33.3223,11.76,21.5623
2026-09-02 18:03:05.535839+03:00,2026-09-05 23:30:00+03:00,32.7598,10.0,22.7598
2026-09-02 18:03:05.535839+03:00,2026-09-05 23:45:00+03:00,32.4153,9.57,22.8453
2026-09-02 18:03:05.535839+03:00,2026-09-06 00:00:00+03:00,32.0546,10.0,22.0546
2026-09-02 18:03:05.535839+03:00,2026-09-06 00:15:00+03:00,31.6846,9.61,22.0746
2026-09-02 18:03:05.535839+03:00,2026-09-06 00:30:00+03:00,31.3157,8.24,23.0757
2026-09-02 18:03:05.535839+03:00,2026-09-06 00:45:00+03:00,31.3406,7.16,24.1806
2026-09-02 18:03:05.535839+03:00,2026-09-06 01:00:00+03:00,31.3952,3.52,27.8752
2026-09-02 18:03:05.535839+03:00,2026-09-06 01:15:00+03:00,31.3364,3.52,27.8164
2026-09-02 18:03:05.535839+03:00,2026-09-06 01:30:00+03:00,31.3645,2.05,29.3145
2026-09-02 18:03:05.535839+03:00,2026-09-06 01:45:00+03:00,31.3885,2.0,29.3885
2026-09-02 18:03:05.535839+03:00,2026-09-06 02:00:00+03:00,31.3988,3.23,28.1688
2026-09-02 18:03:05.535839+03:00,2026-09-06 02:15:00+03:00,31.4481,2.05,29.3981
2026-09-02 18:03:05.535839+03:00,2026-09-06 02:30:00+03:00,31.446,2.0,29.446
2026-09-02 18:03:05.535839+03:00,2026-09-06 02:45:00+03:00,31.4454,2.0,29.4454
2026-09-02 18:03:05.535839+03:00,2026-09-06 03:00:00+03:00,31.4201,2.0,29.4201
2026-09-02 18:03:05.535839+03:00,2026-09-06 03:15:00+03:00,31.465,2.0,29.465
2026-09-02 18:03:05.535839+03:00,2026-09-06 03:30:00+03:00,31.4682,1.99,29.4782
2026-09-02 18:03:05.535839+03:00,2026-09-06 03:45:00+03:00,31.4572,1.99,29.4672
2026-09-02 18:03:05.535839+03:00,2026-09-06 04:00:00+03:00,31.4742,2.0,29.4742
2026-09-02 18:03:05.535839+03:00,2026-09-06 04:15:00+03:00,31.5272,1.99,29.5372
2026-09-02 18:03:05.535839+03:00,2026-09-06 04:30:00+03:00,31.5251,1.99,29.5351
2026-09-02 18:03:05.535839+03:00,2026-09-06 04:45:00+03:00,31.5216,1.99,29.5316
2026-09-02 18:03:05.535839+03:00,2026-09-06 05:00:00+03:00,31.5162,1.99,29.526200000000003
2026-09-02 18:03:05.535839+03:00,2026-09-06 05:15:00+03:00,31.5912,1.99,29.6012
2026-09-02 18:03:05.535839+03:00,2026-09-06 05:30:00+03:00,31.5897,1.99,29.5997
2026-09-02 18:03:05.535839+03:00,2026-09-06 05:45:00+03:00,31.5713,1.99,29.5813
2026-09-02 18:03:05.535839+03:00,2026-09-06 06:00:00+03:00,31.4926,2.0,29.4926
2026-09-02 18:03:05.535839+03:00,2026-09-06 06:15:00+03:00,31.5581,2.0,29.5581
2026-09-02 18:03:05.535839+03:00,2026-09-06 06:30:00+03:00,31.5443,2.0,29.5443
2026-09-02 18:03:05.535839+03:00,2026-09-06 06:45:00+03:00,31.516,2.0,29.516
2026-09-02 18:03:05.535839+03:00,2026-09-06 07:00:00+03:00,31.5116,2.0,29.5116
2026-09-02 18:03:05.535839+03:00,2026-09-06 07:15:00+03:00,31.604,2.0,29.604
2026-09-02 18:03:05.535839+03:00,2026-09-06 07:30:00+03:00,31.59,2.0,29.59
2026-09-02 18:03:05.535839+03:00,2026-09-06 07:45:00+03:00,31.5752,2.42,29.1552
2026-09-02 18:03:05.535839+03:00,2026-09-06 08:00:00+03:00,31.5023,2.03,29.4723
2026-09-02 18:03:05.535839+03:00,2026-09-06 08:15:00+03:00,31.5004,3.23,28.2704
2026-09-02 18:03:05.535839+03:00,2026-09-06 08:30:00+03:00,31.5165,3.55,27.9665
2026-09-02 18:03:05.535839+03:00,2026-09-06 08:45:00+03:00,31.5224,4.07,27.4524
2026-09-02 18:03:05.535839+03:00,2026-09-06 09:00:00+03:00,31.4879,3.69,27.7979
2026-09-02 18:03:05.535839+03:00,2026-09-06 09:15:00+03:00,31.3367,4.99,26.3467
2026-09-02 18:03:05.535839+03:00,2026-09-06 09:30:00+03:00,31.3693,5.46,25.9093
2026-09-02 18:03:05.535839+03:00,2026-09-06 09:45:00+03:00,31.4065,5.45,25.9565
2026-09-02 18:03:05.535839+03:00,2026-09-06 10:00:00+03:00,31.4248,5.29,26.1348
2026-09-02 18:03:05.535839+03:00,2026-09-06 10:15:00+03:00,31.3912,6.13,25.2612
2026-09-02 18:03:05.535839+03:00,2026-09-06 10:30:00+03:00,31.4136,5.79,25.6236
2026-09-02 18:03:05.535839+03:00,2026-09-06 10:45:00+03:00,31.4094,3.68,27.7294
2026-09-02 18:03:05.535839+03:00,2026-09-06 11:00:00+03:00,31.398,3.29,28.108
2026-09-02 18:03:05.535839+03:00,2026-09-06 11:15:00+03:00,31.363,3.26,28.103
2026-09-02 18:03:05.535839+03:00,2026-09-06 11:30:00+03:00,31.377,3.23,28.147
2026-09-02 18:03:05.535839+03:00,2026-09-06 11:45:00+03:00,31.3782,3.02,28.3582
2026-09-02 18:03:05.535839+03:00,2026-09-06 12:00:00+03:00,31.4006,3.0,28.4006
2026-09-02 18:03:05.535839+03:00,2026-09-06 12:15:00+03:00,31.3784,2.51,28.8684
2026-09-02 18:03:05.535839+03:00,2026-09-06 12:30:00+03:00,31.3914,2.22,29.1714
2026-09-02 18:03:05.535839+03:00,2026-09-06 12:45:00+03:00,31.3886,2.16,29.2286
2026-09-02 18:03:05.535839+03:00,2026-09-06 13:00:00+03:00,31.4061,2.01,29.3961
2026-09-02 18:03:05.535839+03:00,2026-09-06 13:15:00+03:00,31.3777,2.0,29.3777
2026-09-02 18:03:05.535839+03:00,2026-09-06 13:30:00+03:00,31.3996,2.0,29.3996
2026-09-02 18:03:05.535839+03:00,2026-09-06 13:45:00+03:00,31.3968,2.0,29.3968
2026-09-02 18:03:05.535839+03:00,2026-09-06 14:00:00+03:00,31.4058,1.65,29.7558
2026-09-02 18:03:05.535839+03:00,2026-09-06 14:15:00+03:00,31.4285,1.57,29.8585
2026-09-02 18:03:05.535839+03:00,2026-09-06 14:30:00+03:00,31.4325,1.89,29.5425
2026-09-02 18:03:05.535839+03:00,2026-09-06 14:45:00+03:00,31.422,1.57,29.852
2026-09-02 18:03:05.535839+03:00,2026-09-06 15:00:00+03:00,31.4166,1.99,29.4266
2026-09-02 18:03:05.535839+03:00,2026-09-06 15:15:00+03:00,31.4562,2.0,29.4562
2026-09-02 18:03:05.535839+03:00,2026-09-06 15:30:00+03:00,31.4587,2.43,29.0287
2026-09-02 18:03:05.535839+03:00,2026-09-06 15:45:00+03:00,31.4477,3.52,27.9277
2026-09-02 18:03:05.535839+03:00,2026-09-06 16:00:00+03:00,31.4264,3.23,28.1964
2026-09-02 18:03:05.535839+03:00,2026-09-06 16:15:00+03:00,31.4765,3.73,27.7465
2026-09-02 18:03:05.535839+03:00,2026-09-06 16:30:00+03:00,31.4767,4.29,27.1867
2026-09-02 18:03:05.535839+03:00,2026-09-06 16:45:00+03:00,31.4686,5.02,26.4486
2026-09-02 18:03:05.535839+03:00,2026-09-06 17:00:00+03:00,31.441,3.78,27.661
2026-09-02 18:03:05.535839+03:00,2026-09-06 17:15:00+03:00,31.4668,5.35,26.1168
2026-09-02 18:03:05.535839+03:00,2026-09-06 17:30:00+03:00,31.4958,12.56,18.9358
2026-09-02 18:03:05.535839+03:00,2026-09-06 17:45:00+03:00,31.5024,34.71,3.2076
2026-09-02 18:03:05.535839+03:00,2026-09-06 18:00:00+03:00,31.4518,19.34,12.1118
2026-09-02 18:03:05.535839+03:00,2026-09-06 18:15:00+03:00,31.4358,26.13,5.305800000000001
2026-09-02 18:03:05.535839+03:00,2026-09-06 18:30:00+03:00,31.461,33.66,2.198999999999998
2026-09-02 18:03:05.535839+03:00,2026-09-06 18:45:00+03:00,31.4554,47.75,16.2946
2026-09-02 18:03:05.535839+03:00,2026-09-06 19:00:00+03:00,31.4605,32.38,0.9195000000000028
2026-09-02 18:03:05.535839+03:00,2026-09-06 19:15:00+03:00,31.4169,28.79,2.626899999999999
2026-09-02 18:03:05.535839+03:00,2026-09-06 19:30:00+03:00,31.4266,32.69,1.2633999999999972
2026-09-02 18:03:05.535839+03:00,2026-09-06 19:45:00+03:00,31.4574,35.81,4.3526000000000025
2026-09-02 18:03:05.535839+03:00,2026-09-06 20:00:00+03:00,31.4292,30.92,0.5091999999999999
2026-09-02 18:03:05.535839+03:00,2026-09-06 20:15:00+03:00,31.2449,32.31,1.065100000000001
2026-09-02 18:03:05.535839+03:00,2026-09-06 20:30:00+03:00,30.8012,31.74,0.938799999999997
2026-09-02 18:03:05.535839+03:00,2026-09-06 20:45:00+03:00,30.79,31.45,0.6600000000000001
2026-09-02 18:03:05.535839+03:00,2026-09-06 21:00:00+03:00,30.4245,33.59,3.165500000000005
2026-09-02 18:03:05.535839+03:00,2026-09-06 21:15:00+03:00,30.5292,33.87,3.340799999999998
2026-09-02 18:03:05.535839+03:00,2026-09-06 21:30:00+03:00,30.5487,32.33,1.781299999999998
2026-09-02 18:03:05.535839+03:00,2026-09-06 21:45:00+03:00,30.6159,29.7,0.9159000000000006
2026-09-02 18:03:05.535839+03:00,2026-09-06 22:00:00+03:00,30.5025,32.07,1.567499999999999
2026-09-02 18:03:05.535839+03:00,2026-09-06 22:15:00+03:00,30.4198,31.61,1.1902000000000008
2026-09-02 18:03:05.535839+03:00,2026-09-06 22:30:00+03:00,30.4473,29.78,0.6672999999999973
2026-09-02 18:03:05.535839+03:00,2026-09-06 22:45:00+03:00,30.5154,27.99,2.525400000000001
2026-09-02 18:03:05.535839+03:00,2026-09-06 23:00:00+03:00,30.5592,30.29,0.2692000000000014
2026-09-02 18:03:05.535839+03:00,2026-09-06 23:15:00+03:00,30.372,29.24,1.1320000000000014
2026-09-02 18:03:05.535839+03:00,2026-09-06 23:30:00+03:00,29.957,26.64,3.317
2026-09-02 18:03:05.535839+03:00,2026-09-06 23:45:00+03:00,29.6822,25.0,4.682200000000002
2026-09-02 18:03:05.535839+03:00,2026-09-07 00:00:00+03:00,29.6631,27.69,1.9730999999999987
2026-09-02 18:03:05.535839+03:00,2026-09-07 00:15:00+03:00,29.7181,26.99,2.7281000000000013
2026-09-02 18:03:05.535839+03:00,2026-09-07 00:30:00+03:00,29.7763,25.73,4.046299999999999
2026-09-02 18:03:05.535839+03:00,2026-09-07 00:45:00+03:00,29.7767,24.36,5.416700000000002
2026-09-02 18:03:05.535839+03:00,2026-09-07 01:00:00+03:00,29.8444,26.1,3.744399999999999
2026-09-02 18:03:05.535839+03:00,2026-09-07 01:15:00+03:00,29.7775,24.99,4.787500000000001
2026-09-02 18:03:05.535839+03:00,2026-09-07 01:30:00+03:00,29.7771,27.96,1.8171
2026-09-02 18:03:05.535839+03:00,2026-09-07 01:45:00+03:00,29.8076,28.0,1.8076000000000008
2026-09-02 18:03:05.535839+03:00,2026-09-07 02:00:00+03:00,29.8286,26.51,3.3186
2026-09-02 18:03:05.535839+03:00,2026-09-07 02:15:00+03:00,29.8746,26.76,3.1146
2026-09-02 18:03:05.535839+03:00,2026-09-07 02:30:00+03:00,29.8833,27.2,2.683299999999999
2026-09-02 18:03:05.535839+03:00,2026-09-07 02:45:00+03:00,29.8853,28.85,1.0352999999999994
2026-09-02 18:03:05.535839+03:00,2026-09-07 03:00:00+03:00,29.8619,26.25,3.611899999999999
2026-09-02 18:03:05.535839+03:00,2026-09-07 03:15:00+03:00,29.9055,26.88,3.025500000000001
2026-09-02 18:03:05.535839+03:00,2026-09-07 03:30:00+03:00,29.9114,27.38,2.531400000000001
2026-09-02 18:03:05.535839+03:00,2026-09-07 03:45:00+03:00,29.9085,29.94,0.0315000000000011
2026-09-02 18:03:05.535839+03:00,2026-09-07 04:00:00+03:00,29.8634,26.02,3.843399999999999
2026-09-02 18:03:05.535839+03:00,2026-09-07 04:15:00+03:00,30.014,28.67,1.3439999999999976
2026-09-02 18:03:05.535839+03:00,2026-09-07 04:30:00+03:00,30.3182,28.0,2.318200000000001
2026-09-02 18:03:05.535839+03:00,2026-09-07 04:45:00+03:00,30.2946,27.28,3.014599999999998
2026-09-02 18:03:05.535839+03:00,2026-09-07 05:00:00+03:00,30.4581,29.07,1.3881000000000014
2026-09-02 18:03:05.535839+03:00,2026-09-07 05:15:00+03:00,31.1839,28.96,2.2239000000000004
2026-09-02 18:03:05.535839+03:00,2026-09-07 05:30:00+03:00,31.579,30.49,1.0890000000000022
2026-09-02 18:03:05.535839+03:00,2026-09-07 05:45:00+03:00,32.0315,32.57,0.5384999999999991
2026-09-02 18:03:05.535839+03:00,2026-09-07 06:00:00+03:00,32.4217,33.4,0.9782999999999972
2026-09-02 18:03:05.535839+03:00,2026-09-07 06:15:00+03:00,32.9146,30.93,1.9846000000000004
2026-09-02 18:03:05.535839+03:00,2026-09-07 06:30:00+03:00,33.2057,33.82,0.6143000000000001
2026-09-02 18:03:05.535839+03:00,2026-09-07 06:45:00+03:00,33.6326,34.32,0.6874000000000038
2026-09-02 18:03:05.535839+03:00,2026-09-07 07:00:00+03:00,34.1733,34.6,0.4267000000000038
2026-09-02 18:03:05.535839+03:00,2026-09-07 07:15:00+03:00,34.6318,33.4,1.2317999999999998
2026-09-02 18:03:05.535839+03:00,2026-09-07 07:30:00+03:00,34.9909,41.0,6.0090999999999966
2026-09-02 18:03:05.535839+03:00,2026-09-07 07:45:00+03:00,35.2442,38.38,3.135800000000004
2026-09-02 18:03:05.535839+03:00,2026-09-07 08:00:00+03:00,35.4698,39.41,3.940199999999997
2026-09-02 18:03:05.535839+03:00,2026-09-07 08:15:00+03:00,35.9672,39.7,3.732800000000005
2026-09-02 18:03:05.535839+03:00,2026-09-07 08:30:00+03:00,36.3327,35.7,0.6326999999999998
2026-09-02 18:03:05.535839+03:00,2026-09-07 08:45:00+03:00,36.3069,31.0,5.306899999999999
2026-09-02 18:03:05.535839+03:00,2026-09-07 09:00:00+03:00,36.3514,37.69,1.3385999999999996
2026-09-02 18:03:05.535839+03:00,2026-09-07 09:15:00+03:00,36.0019,40.02,4.018100000000004
2026-09-02 18:03:05.535839+03:00,2026-09-07 09:30:00+03:00,36.0414,33.53,2.511400000000002
2026-09-02 18:03:05.535839+03:00,2026-09-07 09:45:00+03:00,36.1474,35.99,0.1573999999999955
2026-09-02 18:03:05.535839+03:00,2026-09-07 10:00:00+03:00,36.0791,43.14,7.060900000000004
2026-09-02 18:03:05.535839+03:00,2026-09-07 10:15:00+03:00,36.0325,38.09,2.0575000000000045
2026-09-02 18:03:05.535839+03:00,2026-09-07 10:30:00+03:00,36.066,33.13,2.936
2026-09-02 18:03:05.535839+03:00,2026-09-07 10:45:00+03:00,36.0822,27.44,8.642199999999999
2026-09-02 18:03:05.535839+03:00,2026-09-07 11:00:00+03:00,36.0316,43.51,7.478400000000001
2026-09-02 18:03:05.535839+03:00,2026-09-07 11:15:00+03:00,35.9736,29.07,6.903599999999997
2026-09-02 18:03:05.535839+03:00,2026-09-07 11:30:00+03:00,36.0111,29.04,6.9711
2026-09-02 18:03:05.535839+03:00,2026-09-07 11:45:00+03:00,36.0151,24.99,11.025099999999998
2026-09-02 18:03:05.535839+03:00,2026-09-07 12:00:00+03:00,35.9873,37.98,1.9926999999999992
2026-09-02 18:03:05.535839+03:00,2026-09-07 12:15:00+03:00,35.9312,32.56,3.371199999999994
2026-09-02 18:03:05.535839+03:00,2026-09-07 12:30:00+03:00,35.9597,31.72,4.239699999999999
2026-09-02 18:03:05.535839+03:00,2026-09-07 12:45:00+03:00,35.9792,29.31,6.6692
2026-09-02 18:03:05.535839+03:00,2026-09-07 13:00:00+03:00,35.9766,37.77,1.7934000000000054
2026-09-02 18:03:05.535839+03:00,2026-09-07 13:15:00+03:00,35.9384,29.99,5.948400000000003
2026-09-02 18:03:05.535839+03:00,2026-09-07 13:30:00+03:00,35.9711,27.43,8.5411
2026-09-02 18:03:05.535839+03:00,2026-09-07 13:45:00+03:00,35.9922,24.52,11.472199999999996
2026-09-02 18:03:05.535839+03:00,2026-09-07 14:00:00+03:00,36.013,38.24,2.227000000000004
2026-09-02 18:03:05.535839+03:00,2026-09-07 14:15:00+03:00,36.007,28.24,7.766999999999999
2026-09-02 18:03:05.535839+03:00,2026-09-07 14:30:00+03:00,36.0321,24.4,11.6321
2026-09-02 18:03:05.535839+03:00,2026-09-07 14:45:00+03:00,36.0603,20.45,15.6103
2026-09-02 18:03:05.535839+03:00,2026-09-07 15:00:00+03:00,36.0342,24.91,11.124199999999998
2026-09-02 18:03:05.535839+03:00,2026-09-07 15:15:00+03:00,36.1054,25.11,10.995400000000004
2026-09-02 18:03:05.535839+03:00,2026-09-07 15:30:00+03:00,36.127,25.78,10.347
2026-09-02 18:03:05.535839+03:00,2026-09-07 15:45:00+03:00,36.1321,26.33,9.802100000000005
2026-09-02 18:03:05.535839+03:00,2026-09-07 16:00:00+03:00,36.0585,24.57,11.488500000000002
2026-09-02 18:03:05.535839+03:00,2026-09-07 16:15:00+03:00,36.0807,24.93,11.1507
2026-09-02 18:03:05.535839+03:00,2026-09-07 16:30:00+03:00,36.117,25.14,10.976999999999997
2026-09-02 18:03:05.535839+03:00,2026-09-07 16:45:00+03:00,36.1136,24.47,11.6436
2026-09-02 18:03:05.535839+03:00,2026-09-07 17:00:00+03:00,36.0988,26.84,9.258799999999995
2026-09-02 18:03:05.535839+03:00,2026-09-07 17:15:00+03:00,36.1293,25.75,10.3793
2026-09-02 18:03:05.535839+03:00,2026-09-07 17:30:00+03:00,36.141,25.0,11.140999999999998
2026-09-02 18:03:05.535839+03:00,2026-09-07 17:45:00+03:00,36.1268,22.36,13.766800000000003
2026-09-02 18:03:05.535839+03:00,2026-09-07 18:00:00+03:00,36.1043,38.22,2.115699999999997
2026-09-02 18:03:05.535839+03:00,2026-09-07 18:15:00+03:00,35.9851,29.07,6.9151000000000025
2026-09-02 18:03:05.535839+03:00,2026-09-07 18:30:00+03:00,36.0413,22.59,13.4513
2026-09-02 18:03:05.535839+03:00,2026-09-07 18:45:00+03:00,36.0628,14.15,21.912800000000004
2026-09-02 18:03:05.535839+03:00,2026-09-07 19:00:00+03:00,36.0838,45.0,8.916200000000003
2026-09-02 18:03:05.535839+03:00,2026-09-07 19:15:00+03:00,35.8816,29.96,5.921599999999998
2026-09-02 18:03:05.535839+03:00,2026-09-07 19:30:00+03:00,35.5467,21.86,13.686700000000002
2026-09-02 18:03:05.535839+03:00,2026-09-07 19:45:00+03:00,35.5961,9.99,25.6061
2026-09-02 18:03:05.535839+03:00,2026-09-07 20:00:00+03:00,35.6412,32.59,3.0511999999999944
2026-09-02 18:03:05.535839+03:00,2026-09-07 20:15:00+03:00,35.3626,23.09,12.2726
2026-09-02 18:03:05.535839+03:00,2026-09-07 20:30:00+03:00,35.0058,12.62,22.385800000000003
2026-09-02 18:03:05.535839+03:00,2026-09-07 20:45:00+03:00,34.6094,8.0,26.6094
2026-09-02 18:03:05.535839+03:00,2026-09-07 21:00:00+03:00,34.1333,9.4,24.7333
2026-09-02 18:03:05.535839+03:00,2026-09-07 21:15:00+03:00,33.8234,6.58,27.2434
2026-09-02 18:03:05.535839+03:00,2026-09-07 21:30:00+03:00,33.434,4.99,28.444
2026-09-02 18:03:05.535839+03:00,2026-09-07 21:45:00+03:00,33.0167,4.38,28.6367
2026-09-02 18:03:05.535839+03:00,2026-09-07 22:00:00+03:00,33.019,5.39,27.629
2026-09-02 18:03:05.535839+03:00,2026-09-07 22:15:00+03:00,32.7568,5.37,27.3868
2026-09-02 18:03:05.535839+03:00,2026-09-07 22:30:00+03:00,32.5093,5.32,27.189300000000003
2026-09-02 18:03:05.535839+03:00,2026-09-07 22:45:00+03:00,32.2328,4.95,27.2828
2026-09-02 18:03:05.535839+03:00,2026-09-07 23:00:00+03:00,32.2978,4.05,28.2478
2026-09-02 18:03:05.535839+03:00,2026-09-07 23:15:00+03:00,32.1333,3.58,28.5533
2026-09-02 18:03:05.535839+03:00,2026-09-07 23:30:00+03:00,32.2164,3.35,28.8664
2026-09-02 18:03:05.535839+03:00,2026-09-07 23:45:00+03:00,32.269,3.2,29.069
2026-09-02 18:03:05.535839+03:00,2026-09-08 00:00:00+03:00,32.4419,2.82,29.6219
2026-09-02 18:03:05.535839+03:00,2026-09-08 00:15:00+03:00,32.4561,2.0,30.4561
2026-09-02 18:03:05.535839+03:00,2026-09-08 00:30:00+03:00,32.4899,1.99,30.4999
2026-09-02 18:03:05.535839+03:00,2026-09-08 00:45:00+03:00,32.4985,1.55,30.9485
2026-09-02 18:03:05.535839+03:00,2026-09-08 01:00:00+03:00,32.4368,2.03,30.4068
2026-09-02 18:03:05.535839+03:00,2026-09-08 01:15:00+03:00,32.3507,2.0,30.350700000000003
2026-09-02 18:03:05.535839+03:00,2026-09-08 01:30:00+03:00,32.3455,2.0,30.3455
2026-09-02 18:03:05.535839+03:00,2026-09-08 01:45:00+03:00,32.3662,1.99,30.3762
2026-09-02 18:03:05.535839+03:00,2026-09-08 02:00:00+03:00,32.4061,1.88,30.526100000000003
2026-09-02 18:03:05.535839+03:00,2026-09-08 02:15:00+03:00,32.4343,1.51,30.9243
2026-09-02 18:03:05.535839+03:00,2026-09-08 02:30:00+03:00,32.4281,1.32,31.1081
2026-09-02 18:03:05.535839+03:00,2026-09-08 02:45:00+03:00,32.4271,1.15,31.277100000000004
2026-09-02 18:03:05.535839+03:00,2026-09-08 03:00:00+03:00,32.4406,1.4,31.040600000000005
2026-09-02 18:03:05.535839+03:00,2026-09-08 03:15:00+03:00,32.4747,1.21,31.2647
2026-09-02 18:03:05.535839+03:00,2026-09-08 03:30:00+03:00,32.4737,1.5,30.9737
2026-09-02 18:03:05.535839+03:00,2026-09-08 03:45:00+03:00,32.4637,1.13,31.333700000000004
2026-09-02 18:03:05.535839+03:00,2026-09-08 04:00:00+03:00,32.5222,1.16,31.3622
2026-09-02 18:03:05.535839+03:00,2026-09-08 04:15:00+03:00,32.6522,1.47,31.1822
2026-09-02 18:03:05.535839+03:00,2026-09-08 04:30:00+03:00,33.0615,1.04,32.0215
2026-09-02 18:03:05.535839+03:00,2026-09-08 04:45:00+03:00,33.6075,1.12,32.487500000000004
2026-09-02 18:03:05.535839+03:00,2026-09-08 05:00:00+03:00,34.1382,1.96,32.1782
2026-09-02 18:03:05.535839+03:00,2026-09-08 05:15:00+03:00,34.806,1.99,32.815999999999995
2026-09-02 18:03:05.535839+03:00,2026-09-08 05:30:00+03:00,35.5683,1.99,33.5783
2026-09-02 18:03:05.535839+03:00,2026-09-08 05:45:00+03:00,36.4674,2.0,34.4674
2026-09-02 18:03:05.535839+03:00,2026-09-08 06:00:00+03:00,37.4513,2.0,35.4513
2026-09-02 18:03:05.535839+03:00,2026-09-08 06:15:00+03:00,38.6711,2.33,36.3411
2026-09-02 18:03:05.535839+03:00,2026-09-08 06:30:00+03:00,39.8087,3.5,36.3087
2026-09-02 18:03:05.535839+03:00,2026-09-08 06:45:00+03:00,40.8595,3.75,37.1095
2026-09-02 18:03:05.535839+03:00,2026-09-08 07:00:00+03:00,41.745,3.64,38.105
2026-09-02 18:03:05.535839+03:00,2026-09-08 07:15:00+03:00,42.3741,3.56,38.8141
2026-09-02 18:03:05.535839+03:00,2026-09-08 07:30:00+03:00,43.2935,3.53,39.7635
2026-09-02 18:03:05.535839+03:00,2026-09-08 07:45:00+03:00,44.0349,3.53,40.5049
2026-09-02 18:03:05.535839+03:00,2026-09-08 08:00:00+03:00,44.423,3.68,40.743
2026-09-02 18:03:05.535839+03:00,2026-09-08 08:15:00+03:00,44.9025,3.53,41.3725
2026-09-02 18:03:05.535839+03:00,2026-09-08 08:30:00+03:00,45.0895,3.52,41.5695
2026-09-02 18:03:05.535839+03:00,2026-09-08 08:45:00+03:00,44.8744,3.52,41.3544
2026-09-02 18:03:05.535839+03:00,2026-09-08 09:00:00+03:00,44.8878,4.99,39.8978
2026-09-02 18:03:05.535839+03:00,2026-09-08 09:15:00+03:00,44.416,4.94,39.476
2026-09-02 18:03:05.535839+03:00,2026-09-08 09:30:00+03:00,43.9731,4.0,39.9731
2026-09-02 18:03:05.535839+03:00,2026-09-08 09:45:00+03:00,43.4331,3.69,39.743100000000005
2026-09-02 18:03:05.535839+03:00,2026-09-08 10:00:00+03:00,42.9559,4.99,37.9659
2026-09-02 18:03:05.535839+03:00,2026-09-08 10:15:00+03:00,42.3805,4.01,38.3705
2026-09-02 18:03:05.535839+03:00,2026-09-08 10:30:00+03:00,41.886,4.0,37.886
2026-09-02 18:03:05.535839+03:00,2026-09-08 10:45:00+03:00,40.9905,3.53,37.4605
2026-09-02 18:03:05.535839+03:00,2026-09-08 11:00:00+03:00,40.5442,3.48,37.0642
2026-09-02 18:03:05.535839+03:00,2026-09-08 11:15:00+03:00,39.9875,3.24,36.7475
2026-09-02 18:03:05.535839+03:00,2026-09-08 11:30:00+03:00,39.335,3.53,35.805
2026-09-02 18:03:05.535839+03:00,2026-09-08 11:45:00+03:00,38.9204,3.55,35.370400000000004
2026-09-02 18:03:05.535839+03:00,2026-09-08 12:00:00+03:00,38.1333,3.61,34.5233
2026-09-02 18:03:05.535839+03:00,2026-09-08 12:15:00+03:00,37.53,3.69,33.84
2026-09-02 18:03:05.535839+03:00,2026-09-08 12:30:00+03:00,36.9496,4.0,32.9496
2026-09-02 18:03:05.535839+03:00,2026-09-08 12:45:00+03:00,36.5566,4.0,32.5566
2026-09-02 18:03:05.535839+03:00,2026-09-08 13:00:00+03:00,36.112,4.01,32.102000000000004
2026-09-02 18:03:05.535839+03:00,2026-09-08 13:15:00+03:00,35.5466,4.98,30.5666
2026-09-02 18:03:05.535839+03:00,2026-09-08 13:30:00+03:00,35.3834,4.99,30.3934
2026-09-02 18:03:05.535839+03:00,2026-09-08 13:45:00+03:00,35.048,5.01,30.038000000000004
2026-09-02 18:03:05.535839+03:00,2026-09-08 14:00:00+03:00,34.6735,5.0,29.6735
2026-09-02 18:03:05.535839+03:00,2026-09-08 14:15:00+03:00,34.2033,5.18,29.0233
2026-09-02 18:03:05.535839+03:00,2026-09-08 14:30:00+03:00,33.8187,5.35,28.4687
2026-09-02 18:03:05.535839+03:00,2026-09-08 14:45:00+03:00,33.4393,5.71,27.7293
2026-09-02 18:03:05.535839+03:00,2026-09-08 15:00:00+03:00,33.5457,5.29,28.2557
2026-09-02 18:03:05.535839+03:00,2026-09-08 15:15:00+03:00,33.7718,7.0,26.7718
2026-09-02 18:03:05.535839+03:00,2026-09-08 15:30:00+03:00,33.8351,9.99,23.845099999999995
2026-09-02 18:03:05.535839+03:00,2026-09-08 15:45:00+03:00,33.845,14.52,19.325
2026-09-02 18:03:05.535839+03:00,2026-09-08 16:00:00+03:00,33.8344,10.21,23.6244
2026-09-02 18:03:05.535839+03:00,2026-09-08 16:15:00+03:00,33.884,14.72,19.164
2026-09-02 18:03:05.535839+03:00,2026-09-08 16:30:00+03:00,33.8816,17.79,16.0916
2026-09-02 18:03:05.535839+03:00,2026-09-08 16:45:00+03:00,33.8748,24.01,9.8648
2026-09-02 18:03:05.535839+03:00,2026-09-08 17:00:00+03:00,33.9044,9.99,23.9144
2026-09-02 18:03:05.535839+03:00,2026-09-08 17:15:00+03:00,33.8841,17.75,16.134099999999997
2026-09-02 18:03:05.535839+03:00,2026-09-08 17:30:00+03:00,33.871,41.05,7.178999999999995
2026-09-02 18:03:05.535839+03:00,2026-09-08 17:45:00+03:00,33.8405,67.58,33.7395
2026-09-02 18:03:05.535839+03:00,2026-09-08 18:00:00+03:00,33.8309,40.05,6.219099999999997
2026-09-02 18:03:05.535839+03:00,2026-09-08 18:15:00+03:00,33.7604,50.0,16.239600000000003
2026-09-02 18:03:05.535839+03:00,2026-09-08 18:30:00+03:00,33.7997,63.02,29.2203
2026-09-02 18:03:05.535839+03:00,2026-09-08 18:45:00+03:00,33.8776,76.07,42.19239999999999
2026-09-02 18:03:05.535839+03:00,2026-09-08 19:00:00+03:00,33.8899,50.0,16.110100000000003
2026-09-02 18:03:05.535839+03:00,2026-09-08 19:15:00+03:00,33.6249,50.0,16.375100000000003
2026-09-02 18:03:05.535839+03:00,2026-09-08 19:30:00+03:00,33.6456,59.93,26.2844
2026-09-02 18:03:05.535839+03:00,2026-09-08 19:45:00+03:00,33.622,80.58,46.958
2026-09-02 18:03:05.535839+03:00,2026-09-08 20:00:00+03:00,33.6131,49.99,16.3769
2026-09-02 18:03:05.535839+03:00,2026-09-08 20:15:00+03:00,33.3623,55.58,22.2177
2026-09-02 18:03:05.535839+03:00,2026-09-08 20:30:00+03:00,32.8491,69.37,36.520900000000005
2026-09-02 18:03:05.535839+03:00,2026-09-08 20:45:00+03:00,32.5762,65.48,32.903800000000004
2026-09-02 18:03:05.535839+03:00,2026-09-08 21:00:00+03:00,32.1194,52.23,20.1106
2026-09-02 18:03:05.535839+03:00,2026-09-08 21:15:00+03:00,32.3452,50.0,17.6548
2026-09-02 18:03:05.535839+03:00,2026-09-08 21:30:00+03:00,32.4185,45.87,13.451499999999996
2026-09-02 18:03:05.535839+03:00,2026-09-08 21:45:00+03:00,32.4301,38.94,6.509899999999995
2026-09-02 18:03:05.535839+03:00,2026-09-08 22:00:00+03:00,32.4215,50.0,17.5785
2026-09-02 18:03:05.535839+03:00,2026-09-08 22:15:00+03:00,32.2794,46.37,14.090599999999997
2026-09-02 18:03:05.535839+03:00,2026-09-08 22:30:00+03:00,32.3043,38.95,6.645700000000005
2026-09-02 18:03:05.535839+03:00,2026-09-08 22:45:00+03:00,32.3349,36.16,3.825099999999999
2026-09-02 18:03:05.535839+03:00,2026-09-08 23:00:00+03:00,32.407,42.78,10.373000000000005
2026-09-02 18:03:05.535839+03:00,2026-09-08 23:15:00+03:00,32.1921,36.35,4.157899999999998
2026-09-02 18:03:05.535839+03:00,2026-09-08 23:30:00+03:00,32.2508,38.14,5.889200000000002
2026-09-02 18:03:05.535839+03:00,2026-09-08 23:45:00+03:00,32.317,37.57,5.253
2026-09-02 18:03:05.535839+03:00,2026-09-09 00:00:00+03:00,32.4482,42.96,10.5118
2026-09-02 18:03:05.535839+03:00,2026-09-09 00:15:00+03:00,32.4591,39.08,6.620899999999999
2026-09-02 18:03:05.535839+03:00,2026-09-09 00:30:00+03:00,32.4901,34.04,1.549900000000001
2026-09-02 18:03:05.535839+03:00,2026-09-09 00:45:00+03:00,32.4895,28.07,4.419499999999999
2026-09-02 18:03:05.535839+03:00,2026-09-09 01:00:00+03:00,32.4365,35.1,2.663499999999999
2026-09-02 18:03:05.535839+03:00,2026-09-09 01:15:00+03:00,32.3796,37.47,5.090399999999995
2026-09-02 18:03:05.535839+03:00,2026-09-09 01:30:00+03:00,32.3889,37.44,5.051099999999998
2026-09-02 18:03:05.535839+03:00,2026-09-09 01:45:00+03:00,32.4065,37.74,5.333500000000001
2026-09-02 18:03:05.535839+03:00,2026-09-09 02:00:00+03:00,32.4454,36.67,4.224600000000002
2026-09-02 18:03:05.535839+03:00,2026-09-09 02:15:00+03:00,32.488,37.17,4.682000000000002
2026-09-02 18:03:05.535839+03:00,2026-09-09 02:30:00+03:00,32.4962,37.33,4.8337999999999965
2026-09-02 18:03:05.535839+03:00,2026-09-09 02:45:00+03:00,32.4899,38.81,6.320100000000004
2026-09-02 18:03:05.535839+03:00,2026-09-09 03:00:00+03:00,32.4745,36.0,3.525500000000001
2026-09-02 18:03:05.535839+03:00,2026-09-09 03:15:00+03:00,32.5096,36.7,4.190400000000004
2026-09-02 18:03:05.535839+03:00,2026-09-09 03:30:00+03:00,32.5118,37.6,5.0882000000000005
2026-09-02 18:03:05.535839+03:00,2026-09-09 03:45:00+03:00,32.4996,37.5,5.000399999999999
2026-09-02 18:03:05.535839+03:00,2026-09-09 04:00:00+03:00,32.5629,34.53,1.967100000000002
2026-09-02 18:03:05.535839+03:00,2026-09-09 04:15:00+03:00,32.707,37.48,4.772999999999996
2026-09-02 18:03:05.535839+03:00,2026-09-09 04:30:00+03:00,33.1288,37.32,4.191200000000002
2026-09-02 18:03:05.535839+03:00,2026-09-09 04:45:00+03:00,33.6534,39.28,5.626600000000003
2026-09-02 18:03:05.535839+03:00,2026-09-09 05:00:00+03:00,34.1892,34.2,0.0108000000000032
2026-09-02 18:03:05.535839+03:00,2026-09-09 05:15:00+03:00,34.8967,37.15,2.253299999999996
2026-09-02 18:03:05.535839+03:00,2026-09-09 05:30:00+03:00,35.6258,40.3,4.674199999999999
2026-09-02 18:03:05.535839+03:00,2026-09-09 05:45:00+03:00,36.5502,44.32,7.769800000000004
2026-09-02 18:03:05.535839+03:00,2026-09-09 06:00:00+03:00,37.5346,30.44,7.094599999999996
2026-09-02 18:03:05.535839+03:00,2026-09-09 06:15:00+03:00,38.7598,39.12,0.3601999999999989
2026-09-02 18:03:05.535839+03:00,2026-09-09 06:30:00+03:00,39.8735,50.0,10.1265
2026-09-02 18:03:05.535839+03:00,2026-09-09 06:45:00+03:00,40.9246,61.83,20.9054
2026-09-02 18:03:05.535839+03:00,2026-09-09 07:00:00+03:00,41.7268,53.7,11.973200000000006
2026-09-02 18:03:05.535839+03:00,2026-09-09 07:15:00+03:00,42.138,61.32,19.182
2026-09-02 18:03:05.535839+03:00,2026-09-09 07:30:00+03:00,43.2559,83.06,39.804100000000005
2026-09-02 18:03:05.535839+03:00,2026-09-09 07:45:00+03:00,44.0483,96.34,52.291700000000006
2026-09-02 18:03:05.535839+03:00,2026-09-09 08:00:00+03:00,44.5065,129.29,84.78349999999999
2026-09-02 18:03:05.535839+03:00,2026-09-09 08:15:00+03:00,45.0346,130.0,84.9654
2026-09-02 18:03:05.535839+03:00,2026-09-09 08:30:00+03:00,45.1362,134.99,89.8538
2026-09-02 18:03:05.535839+03:00,2026-09-09 08:45:00+03:00,44.8898,111.41,66.52019999999999
2026-09-02 18:03:05.535839+03:00,2026-09-09 09:00:00+03:00,44.888,136.46,91.572
2026-09-02 18:03:05.535839+03:00,2026-09-09 09:15:00+03:00,44.3876,134.99,90.60240000000002
2026-09-02 18:03:05.535839+03:00,2026-09-09 09:30:00+03:00,43.9293,129.75,85.8207
2026-09-02 18:03:05.535839+03:00,2026-09-09 09:45:00+03:00,43.4492,135.09,91.6408
2026-09-02 18:03:05.535839+03:00,2026-09-09 10:00:00+03:00,43.0102,150.99,107.9798
2026-09-02 18:03:05.535839+03:00,2026-09-09 10:15:00+03:00,42.4185,137.38,94.9615
2026-09-02 18:03:05.535839+03:00,2026-09-09 10:30:00+03:00,41.895,117.51,75.61500000000001
2026-09-02 18:03:05.535839+03:00,2026-09-09 10:45:00+03:00,41.0602,126.29,85.22980000000001
2026-09-02 18:03:05.535839+03:00,2026-09-09 11:00:00+03:00,40.559,127.77,87.211
2026-09-02 18:03:05.535839+03:00,2026-09-09 11:15:00+03:00,39.9849,122.19,82.20509999999999
2026-09-02 18:03:05.535839+03:00,2026-09-09 11:30:00+03:00,39.324,106.28,66.956
2026-09-02 18:03:05.535839+03:00,2026-09-09 11:45:00+03:00,38.9046,97.56,58.6554
2026-09-02 18:03:05.535839+03:00,2026-09-09 12:00:00+03:00,38.1007,106.2,68.0993
2026-09-02 18:03:05.535839+03:00,2026-09-09 12:15:00+03:00,37.495,99.05,61.555
2026-09-02 18:03:05.535839+03:00,2026-09-09 12:30:00+03:00,36.9324,89.15,52.2176
2026-09-02 18:03:05.535839+03:00,2026-09-09 12:45:00+03:00,36.5455,77.79,41.24450000000001
2026-09-02 18:03:05.535839+03:00,2026-09-09 13:00:00+03:00,36.1218,92.93,56.80820000000001
2026-09-02 18:03:05.535839+03:00,2026-09-09 13:15:00+03:00,35.6258,84.52,48.8942
2026-09-02 18:03:05.535839+03:00,2026-09-09 13:30:00+03:00,35.5393,75.97,40.4307
2026-09-02 18:03:05.535839+03:00,2026-09-09 13:45:00+03:00,35.621,68.85,33.22899999999999
2026-09-02 18:03:05.535839+03:00,2026-09-09 14:00:00+03:00,35.6554,77.84,42.1846
2026-09-02 18:03:05.535839+03:00,2026-09-09 14:15:00+03:00,35.6752,69.67,33.994800000000005
2026-09-02 18:03:05.535839+03:00,2026-09-09 14:30:00+03:00,35.6717,61.48,25.8083
2026-09-02 18:03:05.535839+03:00,2026-09-09 14:45:00+03:00,35.6691,60.0,24.3309
2026-09-02 18:03:05.535839+03:00,2026-09-09 15:00:00+03:00,35.6604,60.0,24.3396
2026-09-02 18:03:05.535839+03:00,2026-09-09 15:15:00+03:00,35.7469,61.18,25.433100000000003
2026-09-02 18:03:05.535839+03:00,2026-09-09 15:30:00+03:00,35.7467,59.21,23.463300000000004
2026-09-02 18:03:05.535839+03:00,2026-09-09 15:45:00+03:00,35.7333,61.34,25.606700000000004
2026-09-02 18:03:05.535839+03:00,2026-09-09 16:00:00+03:00,35.7107,57.69,21.979299999999995
2026-09-02 18:03:05.535839+03:00,2026-09-09 16:15:00+03:00,35.7776,66.67,30.8924
2026-09-02 18:03:05.535839+03:00,2026-09-09 16:30:00+03:00,35.7624,74.96,39.1976
2026-09-02 18:03:05.535839+03:00,2026-09-09 16:45:00+03:00,35.7388,78.52,42.7812
2026-09-02 18:03:05.535839+03:00,2026-09-09 17:00:00+03:00,35.7829,63.49,27.707100000000004
2026-09-02 18:03:05.535839+03:00,2026-09-09 17:15:00+03:00,35.8421,83.76,47.9179
2026-09-02 18:03:05.535839+03:00,2026-09-09 17:30:00+03:00,35.8155,109.95,74.1345
2026-09-02 18:03:05.535839+03:00,2026-09-09 17:45:00+03:00,35.8078,139.99,104.1822
2026-09-02 18:03:05.535839+03:00,2026-09-09 18:00:00+03:00,35.7905,147.08,111.2895
2026-09-02 18:03:05.535839+03:00,2026-09-09 18:15:00+03:00,35.7181,214.81,179.0919
2026-09-02 18:03:05.535839+03:00,2026-09-09 18:30:00+03:00,35.7305,156.08,120.3495
2026-09-02 18:03:05.535839+03:00,2026-09-09 18:45:00+03:00,35.741,230.03,194.289
2026-09-02 18:03:05.535839+03:00,2026-09-09 19:00:00+03:00,35.7804,194.42,158.63959999999997
2026-09-02 18:03:05.535839+03:00,2026-09-09 19:15:00+03:00,35.6531,205.21,169.5569
2026-09-02 18:03:05.535839+03:00,2026-09-09 19:30:00+03:00,35.6663,198.37,162.7037
2026-09-02 18:03:05.535839+03:00,2026-09-09 19:45:00+03:00,35.701,149.99,114.28900000000002
2026-09-02 18:03:05.535839+03:00,2026-09-09 20:00:00+03:00,35.7385,184.8,149.06150000000002
2026-09-02 18:03:05.535839+03:00,2026-09-09 20:15:00+03:00,35.4444,193.22,157.7756
2026-09-02 18:03:05.535839+03:00,2026-09-09 20:30:00+03:00,35.5095,200.0,164.4905
2026-09-02 18:03:05.535839+03:00,2026-09-09 20:45:00+03:00,35.5997,221.98,186.3803
2026-09-02 18:03:05.535839+03:00,2026-09-09 21:00:00+03:00,35.5819,211.7,176.1181
2026-09-02 18:03:05.535839+03:00,2026-09-09 21:15:00+03:00,35.6152,189.26,153.64479999999998
2026-09-02 18:03:05.535839+03:00,2026-09-09 21:30:00+03:00,35.6005,223.99,188.3895
2026-09-02 18:03:05.535839+03:00,2026-09-09 21:45:00+03:00,35.6089,189.23,153.62109999999998
2026-09-02 18:03:05.535839+03:00,2026-09-09 22:00:00+03:00,35.6156,196.0,160.3844
2026-09-02 18:03:05.535839+03:00,2026-09-09 22:15:00+03:00,35.3784,190.07,154.6916
2026-09-02 18:03:05.535839+03:00,2026-09-09 22:30:00+03:00,35.0508,194.31,159.2592
2026-09-02 18:03:05.535839+03:00,2026-09-09 22:45:00+03:00,34.6246,151.0,116.3754
2026-09-02 18:03:05.535839+03:00,2026-09-09 23:00:00+03:00,34.1566,151.55,117.3934
2026-09-02 18:03:05.535839+03:00,2026-09-09 23:15:00+03:00,33.5831,118.67,85.0869
2026-09-02 18:03:05.535839+03:00,2026-09-09 23:30:00+03:00,33.1734,114.99,81.8166
2026-09-02 18:03:05.535839+03:00,2026-09-09 23:45:00+03:00,32.7549,63.12,30.3651
2026-09-03 17:56:48.637927+03:00,2026-09-04 00:00:00+03:00,14.6398,47.3,32.6602
2026-09-03 17:56:48.637927+03:00,2026-09-04 00:15:00+03:00,12.6748,38.95,26.275200000000005
2026-09-03 17:56:48.637927+03:00,2026-09-04 00:30:00+03:00,11.348,37.44,26.092
2026-09-03 17:56:48.637927+03:00,2026-09-04 00:45:00+03:00,9.2917,19.99,10.698299999999998
2026-09-03 17:56:48.637927+03:00,2026-09-04 01:00:00+03:00,7.2466,38.91,31.6634
2026-09-03 17:56:48.637927+03:00,2026-09-04 01:15:00+03:00,6.0608,34.87,28.8092
2026-09-03 17:56:48.637927+03:00,2026-09-04 01:30:00+03:00,5.3989,31.68,26.2811
2026-09-03 17:56:48.637927+03:00,2026-09-04 01:45:00+03:00,4.7781,29.2,24.4219
2026-09-03 17:56:48.637927+03:00,2026-09-04 02:00:00+03:00,3.8636,39.82,35.9564
2026-09-03 17:56:48.637927+03:00,2026-09-04 02:15:00+03:00,3.4296,35.54,32.1104
2026-09-03 17:56:48.637927+03:00,2026-09-04 02:30:00+03:00,2.9138,30.2,27.2862
2026-09-03 17:56:48.637927+03:00,2026-09-04 02:45:00+03:00,2.4073,27.83,25.4227
2026-09-03 17:56:48.637927+03:00,2026-09-04 03:00:00+03:00,1.8569,38.42,36.5631
2026-09-03 17:56:48.637927+03:00,2026-09-04 03:15:00+03:00,1.5852,37.85,36.2648
2026-09-03 17:56:48.637927+03:00,2026-09-04 03:30:00+03:00,1.4354,32.7,31.2646
2026-09-03 17:56:48.637927+03:00,2026-09-04 03:45:00+03:00,1.1501,28.0,26.8499
2026-09-03 17:56:48.637927+03:00,2026-09-04 04:00:00+03:00,1.035,30.42,29.385
2026-09-03 17:56:48.637927+03:00,2026-09-04 04:15:00+03:00,1.2734,35.63,34.3566
2026-09-03 17:56:48.637927+03:00,2026-09-04 04:30:00+03:00,1.3047,32.99,31.6853
2026-09-03 17:56:48.637927+03:00,2026-09-04 04:45:00+03:00,1.3026,34.68,33.3774
2026-09-03 17:56:48.637927+03:00,2026-09-04 05:00:00+03:00,1.5029,33.04,31.5371
2026-09-03 17:56:48.637927+03:00,2026-09-04 05:15:00+03:00,2.0712,32.77,30.6988
2026-09-03 17:56:48.637927+03:00,2026-09-04 05:30:00+03:00,2.5471,29.6,27.0529
2026-09-03 17:56:48.637927+03:00,2026-09-04 05:45:00+03:00,2.985,38.03,35.045
2026-09-03 17:56:48.637927+03:00,2026-09-04 06:00:00+03:00,3.4998,16.22,12.720199999999998
2026-09-03 17:56:48.637927+03:00,2026-09-04 06:15:00+03:00,4.5433,24.92,20.3767
2026-09-03 17:56:48.637927+03:00,2026-09-04 06:30:00+03:00,5.667,44.28,38.613
2026-09-03 17:56:48.637927+03:00,2026-09-04 06:45:00+03:00,6.7654,71.48,64.7146
2026-09-03 17:56:48.637927+03:00,2026-09-04 07:00:00+03:00,7.514,28.0,20.486
2026-09-03 17:56:48.637927+03:00,2026-09-04 07:15:00+03:00,9.5402,40.44,30.8998
2026-09-03 17:56:48.637927+03:00,2026-09-04 07:30:00+03:00,10.9262,72.37,61.4438
2026-09-03 17:56:48.637927+03:00,2026-09-04 07:45:00+03:00,12.151,86.7,74.549
2026-09-03 17:56:48.637927+03:00,2026-09-04 08:00:00+03:00,13.0974,78.74,65.64259999999999
2026-09-03 17:56:48.637927+03:00,2026-09-04 08:15:00+03:00,13.4201,94.51,81.0899
2026-09-03 17:56:48.637927+03:00,2026-09-04 08:30:00+03:00,13.718,101.81,88.092
2026-09-03 17:56:48.637927+03:00,2026-09-04 08:45:00+03:00,14.1871,112.92,98.7329
2026-09-03 17:56:48.637927+03:00,2026-09-04 09:00:00+03:00,13.9507,95.98,82.0293
2026-09-03 17:56:48.637927+03:00,2026-09-04 09:15:00+03:00,13.6104,82.89,69.2796
2026-09-03 17:56:48.637927+03:00,2026-09-04 09:30:00+03:00,13.3675,97.25,83.8825
2026-09-03 17:56:48.637927+03:00,2026-09-04 09:45:00+03:00,13.3897,95.54,82.1503
2026-09-03 17:56:48.637927+03:00,2026-09-04 10:00:00+03:00,13.384,86.02,72.636
2026-09-03 17:56:48.637927+03:00,2026-09-04 10:15:00+03:00,13.3929,90.8,77.4071
2026-09-03 17:56:48.637927+03:00,2026-09-04 10:30:00+03:00,13.4432,101.01,87.5668
2026-09-03 17:56:48.637927+03:00,2026-09-04 10:45:00+03:00,13.4486,100.62,87.1714
2026-09-03 17:56:48.637927+03:00,2026-09-04 11:00:00+03:00,13.4459,111.39,97.9441
2026-09-03 17:56:48.637927+03:00,2026-09-04 11:15:00+03:00,13.4022,100.86,87.45779999999999
2026-09-03 17:56:48.637927+03:00,2026-09-04 11:30:00+03:00,13.4263,91.85,78.4237
2026-09-03 17:56:48.637927+03:00,2026-09-04 11:45:00+03:00,13.4518,82.36,68.9082
2026-09-03 17:56:48.637927+03:00,2026-09-04 12:00:00+03:00,13.44,83.49,70.05
2026-09-03 17:56:48.637927+03:00,2026-09-04 12:15:00+03:00,13.4086,77.81,64.4014
2026-09-03 17:56:48.637927+03:00,2026-09-04 12:30:00+03:00,13.4379,68.44,55.0021
2026-09-03 17:56:48.637927+03:00,2026-09-04 12:45:00+03:00,13.4512,61.51,48.0588
2026-09-03 17:56:48.637927+03:00,2026-09-04 13:00:00+03:00,13.4411,66.68,53.23890000000001
2026-09-03 17:56:48.637927+03:00,2026-09-04 13:15:00+03:00,13.4062,60.08,46.6738
2026-09-03 17:56:48.637927+03:00,2026-09-04 13:30:00+03:00,13.4384,55.38,41.9416
2026-09-03 17:56:48.637927+03:00,2026-09-04 13:45:00+03:00,13.4523,53.61,40.1577
2026-09-03 17:56:48.637927+03:00,2026-09-04 14:00:00+03:00,13.4295,52.67,39.2405
2026-09-03 17:56:48.637927+03:00,2026-09-04 14:15:00+03:00,13.4294,51.84,38.4106
2026-09-03 17:56:48.637927+03:00,2026-09-04 14:30:00+03:00,13.4653,45.55,32.0847
2026-09-03 17:56:48.637927+03:00,2026-09-04 14:45:00+03:00,13.4626,41.62,28.1574
2026-09-03 17:56:48.637927+03:00,2026-09-04 15:00:00+03:00,13.4418,52.79,39.3482
2026-09-03 17:56:48.637927+03:00,2026-09-04 15:15:00+03:00,13.5308,48.35,34.8192
2026-09-03 17:56:48.637927+03:00,2026-09-04 15:30:00+03:00,13.5179,48.67,35.152100000000004
2026-09-03 17:56:48.637927+03:00,2026-09-04 15:45:00+03:00,13.4936,48.51,35.0164
2026-09-03 17:56:48.637927+03:00,2026-09-04 16:00:00+03:00,13.4752,40.07,26.5948
2026-09-03 17:56:48.637927+03:00,2026-09-04 16:15:00+03:00,13.5233,41.51,27.9867
2026-09-03 17:56:48.637927+03:00,2026-09-04 16:30:00+03:00,13.5223,56.79,43.2677
2026-09-03 17:56:48.637927+03:00,2026-09-04 16:45:00+03:00,13.5021,62.37,48.8679
2026-09-03 17:56:48.637927+03:00,2026-09-04 17:00:00+03:00,13.5489,58.78,45.2311
2026-09-03 17:56:48.637927+03:00,2026-09-04 17:15:00+03:00,13.6039,56.58,42.9761
2026-09-03 17:56:48.637927+03:00,2026-09-04 17:30:00+03:00,13.5952,49.99,36.3948
2026-09-03 17:56:48.637927+03:00,2026-09-04 17:45:00+03:00,13.5649,50.76,37.1951
2026-09-03 17:56:48.637927+03:00,2026-09-04 18:00:00+03:00,13.534,38.79,25.256
2026-09-03 17:56:48.637927+03:00,2026-09-04 18:15:00+03:00,13.5104,54.5,40.9896
2026-09-03 17:56:48.637927+03:00,2026-09-04 18:30:00+03:00,13.5723,70.5,56.9277
2026-09-03 17:56:48.637927+03:00,2026-09-04 18:45:00+03:00,13.5548,88.27,74.7152
2026-09-03 17:56:48.637927+03:00,2026-09-04 19:00:00+03:00,13.5125,72.16,58.6475
2026-09-03 17:56:48.637927+03:00,2026-09-04 19:15:00+03:00,13.3979,74.9,61.502100000000006
2026-09-03 17:56:48.637927+03:00,2026-09-04 19:30:00+03:00,13.4621,70.0,56.5379
2026-09-03 17:56:48.637927+03:00,2026-09-04 19:45:00+03:00,13.4863,65.5,52.0137
2026-09-03 17:56:48.637927+03:00,2026-09-04 20:00:00+03:00,13.4714,74.75,61.2786
2026-09-03 17:56:48.637927+03:00,2026-09-04 20:15:00+03:00,13.1727,59.95,46.7773
2026-09-03 17:56:48.637927+03:00,2026-09-04 20:30:00+03:00,12.582,62.19,49.608
2026-09-03 17:56:48.637927+03:00,2026-09-04 20:45:00+03:00,12.0693,50.27,38.200700000000005
2026-09-03 17:56:48.637927+03:00,2026-09-04 21:00:00+03:00,11.6508,66.19,54.5392
2026-09-03 17:56:48.637927+03:00,2026-09-04 21:15:00+03:00,11.0415,55.36,44.3185
2026-09-03 17:56:48.637927+03:00,2026-09-04 21:30:00+03:00,10.7012,38.1,27.3988
2026-09-03 17:56:48.637927+03:00,2026-09-04 21:45:00+03:00,10.1026,28.88,18.7774
2026-09-03 17:56:48.637927+03:00,2026-09-04 22:00:00+03:00,9.6752,58.67,48.9948
2026-09-03 17:56:48.637927+03:00,2026-09-04 22:15:00+03:00,8.7955,38.7,29.9045
2026-09-03 17:56:48.637927+03:00,2026-09-04 22:30:00+03:00,7.852,30.34,22.488
2026-09-03 17:56:48.637927+03:00,2026-09-04 22:45:00+03:00,6.7846,27.32,20.5354
2026-09-03 17:56:48.637927+03:00,2026-09-04 23:00:00+03:00,5.6166,47.96,42.3434
2026-09-03 17:56:48.637927+03:00,2026-09-04 23:15:00+03:00,4.9437,37.0,32.0563
2026-09-03 17:56:48.637927+03:00,2026-09-04 23:30:00+03:00,4.0881,27.99,23.9019
2026-09-03 17:56:48.637927+03:00,2026-09-04 23:45:00+03:00,3.0102,22.17,19.1598
2026-09-03 17:56:48.637927+03:00,2026-09-05 00:00:00+03:00,2.1952,37.39,35.1948
2026-09-03 17:56:48.637927+03:00,2026-09-05 00:15:00+03:00,1.8774,30.37,28.4926
2026-09-03 17:56:48.637927+03:00,2026-09-05 00:30:00+03:00,1.5298,26.44,24.9102
2026-09-03 17:56:48.637927+03:00,2026-09-05 00:45:00+03:00,1.3512,10.6,9.2488
2026-09-03 17:56:48.637927+03:00,2026-09-05 01:00:00+03:00,1.078,38.99,37.912
2026-09-03 17:56:48.637927+03:00,2026-09-05 01:15:00+03:00,1.0465,27.14,26.0935
2026-09-03 17:56:48.637927+03:00,2026-09-05 01:30:00+03:00,1.0407,20.68,19.6393
2026-09-03 17:56:48.637927+03:00,2026-09-05 01:45:00+03:00,1.0465,17.13,16.0835
2026-09-03 17:56:48.637927+03:00,2026-09-05 02:00:00+03:00,1.1177,34.01,32.8923
2026-09-03 17:56:48.637927+03:00,2026-09-05 02:15:00+03:00,1.1318,25.87,24.738200000000003
2026-09-03 17:56:48.637927+03:00,2026-09-05 02:30:00+03:00,1.1378,20.74,19.6022
2026-09-03 17:56:48.637927+03:00,2026-09-05 02:45:00+03:00,1.1301,15.89,14.7599
2026-09-03 17:56:48.637927+03:00,2026-09-05 03:00:00+03:00,1.1408,26.01,24.869200000000003
2026-09-03 17:56:48.637927+03:00,2026-09-05 03:15:00+03:00,1.1886,24.32,23.1314
2026-09-03 17:56:48.637927+03:00,2026-09-05 03:30:00+03:00,1.1663,19.79,18.6237
2026-09-03 17:56:48.637927+03:00,2026-09-05 03:45:00+03:00,1.1576,15.32,14.1624
2026-09-03 17:56:48.637927+03:00,2026-09-05 04:00:00+03:00,1.1564,23.7,22.5436
2026-09-03 17:56:48.637927+03:00,2026-09-05 04:15:00+03:00,1.2442,20.43,19.1858
2026-09-03 17:56:48.637927+03:00,2026-09-05 04:30:00+03:00,1.3217,18.42,17.098300000000002
2026-09-03 17:56:48.637927+03:00,2026-09-05 04:45:00+03:00,1.3223,14.88,13.5577
2026-09-03 17:56:48.637927+03:00,2026-09-05 05:00:00+03:00,1.3137,22.46,21.1463
2026-09-03 17:56:48.637927+03:00,2026-09-05 05:15:00+03:00,1.3921,19.07,17.6779
2026-09-03 17:56:48.637927+03:00,2026-09-05 05:30:00+03:00,1.42,16.39,14.97
2026-09-03 17:56:48.637927+03:00,2026-09-05 05:45:00+03:00,1.3842,12.21,10.8258
2026-09-03 17:56:48.637927+03:00,2026-09-05 06:00:00+03:00,1.3409,17.34,15.9991
2026-09-03 17:56:48.637927+03:00,2026-09-05 06:15:00+03:00,1.3937,17.37,15.976300000000002
2026-09-03 17:56:48.637927+03:00,2026-09-05 06:30:00+03:00,1.3782,15.86,14.4818
2026-09-03 17:56:48.637927+03:00,2026-09-05 06:45:00+03:00,1.3585,14.73,13.3715
2026-09-03 17:56:48.637927+03:00,2026-09-05 07:00:00+03:00,1.3516,17.67,16.3184
2026-09-03 17:56:48.637927+03:00,2026-09-05 07:15:00+03:00,1.3988,17.51,16.1112
2026-09-03 17:56:48.637927+03:00,2026-09-05 07:30:00+03:00,1.3838,18.04,16.6562
2026-09-03 17:56:48.637927+03:00,2026-09-05 07:45:00+03:00,1.3795,18.2,16.8205
2026-09-03 17:56:48.637927+03:00,2026-09-05 08:00:00+03:00,1.3752,17.14,15.7648
2026-09-03 17:56:48.637927+03:00,2026-09-05 08:15:00+03:00,1.4068,18.04,16.6332
2026-09-03 17:56:48.637927+03:00,2026-09-05 08:30:00+03:00,1.4188,18.83,17.411199999999997
2026-09-03 17:56:48.637927+03:00,2026-09-05 08:45:00+03:00,1.4202,19.65,18.2298
2026-09-03 17:56:48.637927+03:00,2026-09-05 09:00:00+03:00,1.3551,20.02,18.6649
2026-09-03 17:56:48.637927+03:00,2026-09-05 09:15:00+03:00,1.3553,18.04,16.6847
2026-09-03 17:56:48.637927+03:00,2026-09-05 09:30:00+03:00,1.3791,11.7,10.3209
2026-09-03 17:56:48.637927+03:00,2026-09-05 09:45:00+03:00,1.3725,8.46,7.0875
2026-09-03 17:56:48.637927+03:00,2026-09-05 10:00:00+03:00,1.3327,14.17,12.8373
2026-09-03 17:56:48.637927+03:00,2026-09-05 10:15:00+03:00,1.3529,10.85,9.4971
2026-09-03 17:56:48.637927+03:00,2026-09-05 10:30:00+03:00,1.3715,9.29,7.918499999999999
2026-09-03 17:56:48.637927+03:00,2026-09-05 10:45:00+03:00,1.3666,8.57,7.2034
2026-09-03 17:56:48.637927+03:00,2026-09-05 11:00:00+03:00,1.3262,10.4,9.0738
2026-09-03 17:56:48.637927+03:00,2026-09-05 11:15:00+03:00,1.3298,9.55,8.2202
2026-09-03 17:56:48.637927+03:00,2026-09-05 11:30:00+03:00,1.3647,8.39,7.0253000000000005
2026-09-03 17:56:48.637927+03:00,2026-09-05 11:45:00+03:00,1.3568,7.74,6.3832
2026-09-03 17:56:48.637927+03:00,2026-09-05 12:00:00+03:00,1.3235,8.69,7.366499999999999
2026-09-03 17:56:48.637927+03:00,2026-09-05 12:15:00+03:00,1.3265,8.07,6.7435
2026-09-03 17:56:48.637927+03:00,2026-09-05 12:30:00+03:00,1.3604,7.51,6.1496
2026-09-03 17:56:48.637927+03:00,2026-09-05 12:45:00+03:00,1.3543,7.0,5.6457
2026-09-03 17:56:48.637927+03:00,2026-09-05 13:00:00+03:00,1.3223,7.0,5.6777
2026-09-03 17:56:48.637927+03:00,2026-09-05 13:15:00+03:00,1.2765,6.41,5.1335
2026-09-03 17:56:48.637927+03:00,2026-09-05 13:30:00+03:00,1.2586,5.31,4.051399999999999
2026-09-03 17:56:48.637927+03:00,2026-09-05 13:45:00+03:00,1.2515,5.21,3.9585
2026-09-03 17:56:48.637927+03:00,2026-09-05 14:00:00+03:00,1.2411,5.0,3.7589
2026-09-03 17:56:48.637927+03:00,2026-09-05 14:15:00+03:00,1.3373,4.28,2.9427000000000003
2026-09-03 17:56:48.637927+03:00,2026-09-05 14:30:00+03:00,1.4165,4.0,2.5835
2026-09-03 17:56:48.637927+03:00,2026-09-05 14:45:00+03:00,1.3852,3.99,2.6048
2026-09-03 17:56:48.637927+03:00,2026-09-05 15:00:00+03:00,1.3333,3.99,2.6567000000000003
2026-09-03 17:56:48.637927+03:00,2026-09-05 15:15:00+03:00,1.4262,3.99,2.5638000000000005
2026-09-03 17:56:48.637927+03:00,2026-09-05 15:30:00+03:00,1.4122,3.64,2.2278
2026-09-03 17:56:48.637927+03:00,2026-09-05 15:45:00+03:00,1.3946,4.12,2.7254
2026-09-03 17:56:48.637927+03:00,2026-09-05 16:00:00+03:00,1.345,3.64,2.295
2026-09-03 17:56:48.637927+03:00,2026-09-05 16:15:00+03:00,1.4128,3.99,2.5772000000000004
2026-09-03 17:56:48.637927+03:00,2026-09-05 16:30:00+03:00,1.4051,3.53,2.1249
2026-09-03 17:56:48.637927+03:00,2026-09-05 16:45:00+03:00,1.386,4.01,2.624
2026-09-03 17:56:48.637927+03:00,2026-09-05 17:00:00+03:00,1.3547,4.3,2.9453
2026-09-03 17:56:48.637927+03:00,2026-09-05 17:15:00+03:00,1.4251,5.0,3.5749
2026-09-03 17:56:48.637927+03:00,2026-09-05 17:30:00+03:00,1.4068,7.04,5.6332
2026-09-03 17:56:48.637927+03:00,2026-09-05 17:45:00+03:00,1.3813,8.4,7.018700000000001
2026-09-03 17:56:48.637927+03:00,2026-09-05 18:00:00+03:00,1.3315,6.87,5.5385
2026-09-03 17:56:48.637927+03:00,2026-09-05 18:15:00+03:00,1.3475,9.04,7.692499999999999
2026-09-03 17:56:48.637927+03:00,2026-09-05 18:30:00+03:00,1.353,13.22,11.867
2026-09-03 17:56:48.637927+03:00,2026-09-05 18:45:00+03:00,1.3489,17.68,16.3311
2026-09-03 17:56:48.637927+03:00,2026-09-05 19:00:00+03:00,1.3182,8.52,7.2018
2026-09-03 17:56:48.637927+03:00,2026-09-05 19:15:00+03:00,1.2032,11.19,9.9868
2026-09-03 17:56:48.637927+03:00,2026-09-05 19:30:00+03:00,1.1821,16.45,15.2679
2026-09-03 17:56:48.637927+03:00,2026-09-05 19:45:00+03:00,1.0629,26.36,25.2971
2026-09-03 17:56:48.637927+03:00,2026-09-05 20:00:00+03:00,1.0511,20.43,19.3789
2026-09-03 17:56:48.637927+03:00,2026-09-05 20:15:00+03:00,0.9738,20.0,19.0262
2026-09-03 17:56:48.637927+03:00,2026-09-05 20:30:00+03:00,0.8527,19.54,18.6873
2026-09-03 17:56:48.637927+03:00,2026-09-05 20:45:00+03:00,0.6893,17.8,17.1107
2026-09-03 17:56:48.637927+03:00,2026-09-05 21:00:00+03:00,0.6362,20.39,19.7538
2026-09-03 17:56:48.637927+03:00,2026-09-05 21:15:00+03:00,0.5199,19.38,18.8601
2026-09-03 17:56:48.637927+03:00,2026-09-05 21:30:00+03:00,0.567,16.06,15.493
2026-09-03 17:56:48.637927+03:00,2026-09-05 21:45:00+03:00,0.5605,14.2,13.6395
2026-09-03 17:56:48.637927+03:00,2026-09-05 22:00:00+03:00,0.595,20.0,19.405
2026-09-03 17:56:48.637927+03:00,2026-09-05 22:15:00+03:00,0.5389,14.62,14.0811
2026-09-03 17:56:48.637927+03:00,2026-09-05 22:30:00+03:00,0.5848,13.19,12.6052
2026-09-03 17:56:48.637927+03:00,2026-09-05 22:45:00+03:00,0.5883,11.65,11.0617
2026-09-03 17:56:48.637927+03:00,2026-09-05 23:00:00+03:00,0.5982,16.54,15.9418
2026-09-03 17:56:48.637927+03:00,2026-09-05 23:15:00+03:00,0.5215,11.76,11.2385
2026-09-03 17:56:48.637927+03:00,2026-09-05 23:30:00+03:00,0.5836,10.0,9.4164
2026-09-03 17:56:48.637927+03:00,2026-09-05 23:45:00+03:00,0.5918,9.57,8.978200000000001
2026-09-03 17:56:48.637927+03:00,2026-09-06 00:00:00+03:00,0.609,10.0,9.391
2026-09-03 17:56:48.637927+03:00,2026-09-06 00:15:00+03:00,0.6276,9.61,8.9824
2026-09-03 17:56:48.637927+03:00,2026-09-06 00:30:00+03:00,0.6532,8.24,7.5868
2026-09-03 17:56:48.637927+03:00,2026-09-06 00:45:00+03:00,0.6416,7.16,6.5184
2026-09-03 17:56:48.637927+03:00,2026-09-06 01:00:00+03:00,0.6165,3.52,2.9035
2026-09-03 17:56:48.637927+03:00,2026-09-06 01:15:00+03:00,0.6124,3.52,2.9076
2026-09-03 17:56:48.637927+03:00,2026-09-06 01:30:00+03:00,0.6405,2.05,1.4095
2026-09-03 17:56:48.637927+03:00,2026-09-06 01:45:00+03:00,0.6348,2.0,1.3652
2026-09-03 17:56:48.637927+03:00,2026-09-06 02:00:00+03:00,0.6246,3.23,2.6054
2026-09-03 17:56:48.637927+03:00,2026-09-06 02:15:00+03:00,0.6362,2.05,1.4137999999999995
2026-09-03 17:56:48.637927+03:00,2026-09-06 02:30:00+03:00,0.6612,2.0,1.3388
2026-09-03 17:56:48.637927+03:00,2026-09-06 02:45:00+03:00,0.6482,2.0,1.3518
2026-09-03 17:56:48.637927+03:00,2026-09-06 03:00:00+03:00,0.6325,2.0,1.3675000000000002
2026-09-03 17:56:48.637927+03:00,2026-09-06 03:15:00+03:00,0.6703,2.0,1.3297
2026-09-03 17:56:48.637927+03:00,2026-09-06 03:30:00+03:00,0.6751,1.99,1.3149
2026-09-03 17:56:48.637927+03:00,2026-09-06 03:45:00+03:00,0.6604,1.99,1.3296
2026-09-03 17:56:48.637927+03:00,2026-09-06 04:00:00+03:00,0.6492,2.0,1.3508
2026-09-03 17:56:48.637927+03:00,2026-09-06 04:15:00+03:00,0.7041,1.99,1.2859
2026-09-03 17:56:48.637927+03:00,2026-09-06 04:30:00+03:00,0.8822,1.99,1.1078
2026-09-03 17:56:48.637927+03:00,2026-09-06 04:45:00+03:00,1.0679,1.99,0.9221
2026-09-03 17:56:48.637927+03:00,2026-09-06 05:00:00+03:00,1.1833,1.99,0.8067
2026-09-03 17:56:48.637927+03:00,2026-09-06 05:15:00+03:00,1.2303,1.99,0.7597
2026-09-03 17:56:48.637927+03:00,2026-09-06 05:30:00+03:00,1.3504,1.99,0.6396
2026-09-03 17:56:48.637927+03:00,2026-09-06 05:45:00+03:00,1.402,1.99,0.5880000000000001
2026-09-03 17:56:48.637927+03:00,2026-09-06 06:00:00+03:00,1.3839,2.0,0.6161000000000001
2026-09-03 17:56:48.637927+03:00,2026-09-06 06:15:00+03:00,1.3906,2.0,0.6093999999999999
2026-09-03 17:56:48.637927+03:00,2026-09-06 06:30:00+03:00,1.3739,2.0,0.6261000000000001
2026-09-03 17:56:48.637927+03:00,2026-09-06 06:45:00+03:00,1.3666,2.0,0.6334
2026-09-03 17:56:48.637927+03:00,2026-09-06 07:00:00+03:00,1.3685,2.0,0.6315
2026-09-03 17:56:48.637927+03:00,2026-09-06 07:15:00+03:00,1.4059,2.0,0.5941000000000001
2026-09-03 17:56:48.637927+03:00,2026-09-06 07:30:00+03:00,1.383,2.0,0.617
2026-09-03 17:56:48.637927+03:00,2026-09-06 07:45:00+03:00,1.3759,2.42,1.0441
2026-09-03 17:56:48.637927+03:00,2026-09-06 08:00:00+03:00,1.3959,2.03,0.6340999999999999
2026-09-03 17:56:48.637927+03:00,2026-09-06 08:15:00+03:00,1.4116,3.23,1.8184
2026-09-03 17:56:48.637927+03:00,2026-09-06 08:30:00+03:00,1.4281,3.55,2.1219
2026-09-03 17:56:48.637927+03:00,2026-09-06 08:45:00+03:00,1.4264,4.07,2.6436
2026-09-03 17:56:48.637927+03:00,2026-09-06 09:00:00+03:00,1.3456,3.69,2.3444000000000003
2026-09-03 17:56:48.637927+03:00,2026-09-06 09:15:00+03:00,1.3324,4.99,3.6576
2026-09-03 17:56:48.637927+03:00,2026-09-06 09:30:00+03:00,1.3648,5.46,4.0952
2026-09-03 17:56:48.637927+03:00,2026-09-06 09:45:00+03:00,1.36,5.45,4.09
2026-09-03 17:56:48.637927+03:00,2026-09-06 10:00:00+03:00,1.3323,5.29,3.9577
2026-09-03 17:56:48.637927+03:00,2026-09-06 10:15:00+03:00,1.3418,6.13,4.7882
2026-09-03 17:56:48.637927+03:00,2026-09-06 10:30:00+03:00,1.3649,5.79,4.4251000000000005
2026-09-03 17:56:48.637927+03:00,2026-09-06 10:45:00+03:00,1.359,3.68,2.321
2026-09-03 17:56:48.637927+03:00,2026-09-06 11:00:00+03:00,1.336,3.29,1.954
2026-09-03 17:56:48.637927+03:00,2026-09-06 11:15:00+03:00,1.3371,3.26,1.9229
2026-09-03 17:56:48.637927+03:00,2026-09-06 11:30:00+03:00,1.3683,3.23,1.8617
2026-09-03 17:56:48.637927+03:00,2026-09-06 11:45:00+03:00,1.3618,3.02,1.6582
2026-09-03 17:56:48.637927+03:00,2026-09-06 12:00:00+03:00,1.3154,3.0,1.6846
2026-09-03 17:56:48.637927+03:00,2026-09-06 12:15:00+03:00,1.2603,2.51,1.2496999999999998
2026-09-03 17:56:48.637927+03:00,2026-09-06 12:30:00+03:00,1.2492,2.22,0.9708
2026-09-03 17:56:48.637927+03:00,2026-09-06 12:45:00+03:00,1.2418,2.16,0.9182
2026-09-03 17:56:48.637927+03:00,2026-09-06 13:00:00+03:00,1.2582,2.01,0.7517999999999998
2026-09-03 17:56:48.637927+03:00,2026-09-06 13:15:00+03:00,1.2877,2.0,0.7122999999999999
2026-09-03 17:56:48.637927+03:00,2026-09-06 13:30:00+03:00,1.2738,2.0,0.7262
2026-09-03 17:56:48.637927+03:00,2026-09-06 13:45:00+03:00,1.2696,2.0,0.7303999999999999
2026-09-03 17:56:48.637927+03:00,2026-09-06 14:00:00+03:00,1.2633,1.65,0.3866999999999998
2026-09-03 17:56:48.637927+03:00,2026-09-06 14:15:00+03:00,1.3459,1.57,0.2240999999999999
2026-09-03 17:56:48.637927+03:00,2026-09-06 14:30:00+03:00,1.4226,1.89,0.4673999999999998
2026-09-03 17:56:48.637927+03:00,2026-09-06 14:45:00+03:00,1.3914,1.57,0.1786000000000001
2026-09-03 17:56:48.637927+03:00,2026-09-06 15:00:00+03:00,1.3224,1.99,0.6676
2026-09-03 17:56:48.637927+03:00,2026-09-06 15:15:00+03:00,1.3542,2.0,0.6457999999999999
2026-09-03 17:56:48.637927+03:00,2026-09-06 15:30:00+03:00,1.4261,2.43,1.0039000000000002
2026-09-03 17:56:48.637927+03:00,2026-09-06 15:45:00+03:00,1.3892,3.52,2.1308
2026-09-03 17:56:48.637927+03:00,2026-09-06 16:00:00+03:00,1.3366,3.23,1.8934
2026-09-03 17:56:48.637927+03:00,2026-09-06 16:15:00+03:00,1.3999,3.73,2.3301
2026-09-03 17:56:48.637927+03:00,2026-09-06 16:30:00+03:00,1.4053,4.29,2.8847
2026-09-03 17:56:48.637927+03:00,2026-09-06 16:45:00+03:00,1.3887,5.02,3.6313
2026-09-03 17:56:48.637927+03:00,2026-09-06 17:00:00+03:00,1.381,3.78,2.399
2026-09-03 17:56:48.637927+03:00,2026-09-06 17:15:00+03:00,1.434,5.35,3.916
2026-09-03 17:56:48.637927+03:00,2026-09-06 17:30:00+03:00,1.426,12.56,11.134
2026-09-03 17:56:48.637927+03:00,2026-09-06 17:45:00+03:00,1.4016,34.71,33.3084
2026-09-03 17:56:48.637927+03:00,2026-09-06 18:00:00+03:00,1.3454,19.34,17.9946
2026-09-03 17:56:48.637927+03:00,2026-09-06 18:15:00+03:00,1.3523,26.13,24.7777
2026-09-03 17:56:48.637927+03:00,2026-09-06 18:30:00+03:00,1.3685,33.66,32.2915
2026-09-03 17:56:48.637927+03:00,2026-09-06 18:45:00+03:00,1.3588,47.75,46.3912
2026-09-03 17:56:48.637927+03:00,2026-09-06 19:00:00+03:00,1.3365,32.38,31.0435
2026-09-03 17:56:48.637927+03:00,2026-09-06 19:15:00+03:00,1.3008,28.79,27.4892
2026-09-03 17:56:48.637927+03:00,2026-09-06 19:30:00+03:00,1.2115,32.69,31.4785
2026-09-03 17:56:48.637927+03:00,2026-09-06 19:45:00+03:00,1.2315,35.81,34.578500000000005
2026-09-03 17:56:48.637927+03:00,2026-09-06 20:00:00+03:00,1.2058,30.92,29.7142
2026-09-03 17:56:48.637927+03:00,2026-09-06 20:15:00+03:00,1.131,32.31,31.179
2026-09-03 17:56:48.637927+03:00,2026-09-06 20:30:00+03:00,1.0208,31.74,30.7192
2026-09-03 17:56:48.637927+03:00,2026-09-06 20:45:00+03:00,1.0223,31.45,30.4277
2026-09-03 17:56:48.637927+03:00,2026-09-06 21:00:00+03:00,1.0248,33.59,32.565200000000004
2026-09-03 17:56:48.637927+03:00,2026-09-06 21:15:00+03:00,1.0787,33.87,32.7913
2026-09-03 17:56:48.637927+03:00,2026-09-06 21:30:00+03:00,1.0987,32.33,31.2313
2026-09-03 17:56:48.637927+03:00,2026-09-06 21:45:00+03:00,1.0976,29.7,28.6024
2026-09-03 17:56:48.637927+03:00,2026-09-06 22:00:00+03:00,1.1032,32.07,30.9668
2026-09-03 17:56:48.637927+03:00,2026-09-06 22:15:00+03:00,1.0254,31.61,30.5846
2026-09-03 17:56:48.637927+03:00,2026-09-06 22:30:00+03:00,1.0569,29.78,28.7231
2026-09-03 17:56:48.637927+03:00,2026-09-06 22:45:00+03:00,1.0707,27.99,26.9193
2026-09-03 17:56:48.637927+03:00,2026-09-06 23:00:00+03:00,1.0991,30.29,29.1909
2026-09-03 17:56:48.637927+03:00,2026-09-06 23:15:00+03:00,0.9811,29.24,28.2589
2026-09-03 17:56:48.637927+03:00,2026-09-06 23:30:00+03:00,0.8553,26.64,25.7847
2026-09-03 17:56:48.637927+03:00,2026-09-06 23:45:00+03:00,0.6762,25.0,24.3238
2026-09-03 17:56:48.637927+03:00,2026-09-07 00:00:00+03:00,0.4361,27.69,27.2539
2026-09-03 17:56:48.637927+03:00,2026-09-07 00:15:00+03:00,0.3189,26.99,26.6711
2026-09-03 17:56:48.637927+03:00,2026-09-07 00:30:00+03:00,0.1645,25.73,25.5655
2026-09-03 17:56:48.637927+03:00,2026-09-07 00:45:00+03:00,0.0675,24.36,24.2925
2026-09-03 17:56:48.637927+03:00,2026-09-07 01:00:00+03:00,0.0074,26.1,26.0926
2026-09-03 17:56:48.637927+03:00,2026-09-07 01:15:00+03:00,-0.0466,24.99,25.0366
2026-09-03 17:56:48.637927+03:00,2026-09-07 01:30:00+03:00,-0.0676,27.96,28.0276
2026-09-03 17:56:48.637927+03:00,2026-09-07 01:45:00+03:00,-0.1044,28.0,28.1044
2026-09-03 17:56:48.637927+03:00,2026-09-07 02:00:00+03:00,-0.1697,26.51,26.6797
2026-09-03 17:56:48.637927+03:00,2026-09-07 02:15:00+03:00,-0.2034,26.76,26.9634
2026-09-03 17:56:48.637927+03:00,2026-09-07 02:30:00+03:00,-0.3068,27.2,27.5068
2026-09-03 17:56:48.637927+03:00,2026-09-07 02:45:00+03:00,-0.2957,28.85,29.1457
2026-09-03 17:56:48.637927+03:00,2026-09-07 03:00:00+03:00,-0.2499,26.25,26.4999
2026-09-03 17:56:48.637927+03:00,2026-09-07 03:15:00+03:00,-0.2735,26.88,27.1535
2026-09-03 17:56:48.637927+03:00,2026-09-07 03:30:00+03:00,-0.2439,27.38,27.6239
2026-09-03 17:56:48.637927+03:00,2026-09-07 03:45:00+03:00,-0.2379,29.94,30.1779
2026-09-03 17:56:48.637927+03:00,2026-09-07 04:00:00+03:00,-0.1984,26.02,26.2184
2026-09-03 17:56:48.637927+03:00,2026-09-07 04:15:00+03:00,-0.2212,28.67,28.8912
2026-09-03 17:56:48.637927+03:00,2026-09-07 04:30:00+03:00,-0.2203,28.0,28.2203
2026-09-03 17:56:48.637927+03:00,2026-09-07 04:45:00+03:00,-0.22,27.28,27.5
2026-09-03 17:56:48.637927+03:00,2026-09-07 05:00:00+03:00,-0.1907,29.07,29.2607
2026-09-03 17:56:48.637927+03:00,2026-09-07 05:15:00+03:00,-0.1418,28.96,29.1018
2026-09-03 17:56:48.637927+03:00,2026-09-07 05:30:00+03:00,-0.1173,30.49,30.6073
2026-09-03 17:56:48.637927+03:00,2026-09-07 05:45:00+03:00,-0.1257,32.57,32.6957
2026-09-03 17:56:48.637927+03:00,2026-09-07 06:00:00+03:00,-0.0888,33.4,33.4888
2026-09-03 17:56:48.637927+03:00,2026-09-07 06:15:00+03:00,0.0087,30.93,30.9213
2026-09-03 17:56:48.637927+03:00,2026-09-07 06:30:00+03:00,0.1944,33.82,33.6256
2026-09-03 17:56:48.637927+03:00,2026-09-07 06:45:00+03:00,0.2848,34.32,34.0352
2026-09-03 17:56:48.637927+03:00,2026-09-07 07:00:00+03:00,0.3647,34.6,34.2353
2026-09-03 17:56:48.637927+03:00,2026-09-07 07:15:00+03:00,0.7957,33.4,32.6043
2026-09-03 17:56:48.637927+03:00,2026-09-07 07:30:00+03:00,1.0401,41.0,39.9599
2026-09-03 17:56:48.637927+03:00,2026-09-07 07:45:00+03:00,1.4125,38.38,36.9675
2026-09-03 17:56:48.637927+03:00,2026-09-07 08:00:00+03:00,1.7292,39.41,37.6808
2026-09-03 17:56:48.637927+03:00,2026-09-07 08:15:00+03:00,1.923,39.7,37.777
2026-09-03 17:56:48.637927+03:00,2026-09-07 08:30:00+03:00,2.2322,35.7,33.467800000000004
2026-09-03 17:56:48.637927+03:00,2026-09-07 08:45:00+03:00,2.446,31.0,28.554
2026-09-03 17:56:48.637927+03:00,2026-09-07 09:00:00+03:00,2.6353,37.69,35.0547
2026-09-03 17:56:48.637927+03:00,2026-09-07 09:15:00+03:00,2.7377,40.02,37.282300000000006
2026-09-03 17:56:48.637927+03:00,2026-09-07 09:30:00+03:00,2.7135,33.53,30.8165
2026-09-03 17:56:48.637927+03:00,2026-09-07 09:45:00+03:00,2.6568,35.99,33.333200000000005
2026-09-03 17:56:48.637927+03:00,2026-09-07 10:00:00+03:00,2.6612,43.14,40.4788
2026-09-03 17:56:48.637927+03:00,2026-09-07 10:15:00+03:00,2.6226,38.09,35.467400000000005
2026-09-03 17:56:48.637927+03:00,2026-09-07 10:30:00+03:00,2.6472,33.13,30.4828
2026-09-03 17:56:48.637927+03:00,2026-09-07 10:45:00+03:00,2.6475,27.44,24.7925
2026-09-03 17:56:48.637927+03:00,2026-09-07 11:00:00+03:00,2.6432,43.51,40.8668
2026-09-03 17:56:48.637927+03:00,2026-09-07 11:15:00+03:00,2.6143,29.07,26.4557
2026-09-03 17:56:48.637927+03:00,2026-09-07 11:30:00+03:00,2.6444,29.04,26.3956
2026-09-03 17:56:48.637927+03:00,2026-09-07 11:45:00+03:00,2.6439,24.99,22.3461
2026-09-03 17:56:48.637927+03:00,2026-09-07 12:00:00+03:00,2.6286,37.98,35.3514
2026-09-03 17:56:48.637927+03:00,2026-09-07 12:15:00+03:00,2.6141,32.56,29.9459
2026-09-03 17:56:48.637927+03:00,2026-09-07 12:30:00+03:00,2.6325,31.72,29.0875
2026-09-03 17:56:48.637927+03:00,2026-09-07 12:45:00+03:00,2.6316,29.31,26.6784
2026-09-03 17:56:48.637927+03:00,2026-09-07 13:00:00+03:00,2.6328,37.77,35.1372
2026-09-03 17:56:48.637927+03:00,2026-09-07 13:15:00+03:00,2.6215,29.99,27.3685
2026-09-03 17:56:48.637927+03:00,2026-09-07 13:30:00+03:00,2.6359,27.43,24.7941
2026-09-03 17:56:48.637927+03:00,2026-09-07 13:45:00+03:00,2.6356,24.52,21.8844
2026-09-03 17:56:48.637927+03:00,2026-09-07 14:00:00+03:00,2.6279,38.24,35.612100000000005
2026-09-03 17:56:48.637927+03:00,2026-09-07 14:15:00+03:00,2.6363,28.24,25.6037
2026-09-03 17:56:48.637927+03:00,2026-09-07 14:30:00+03:00,2.6521,24.4,21.7479
2026-09-03 17:56:48.637927+03:00,2026-09-07 14:45:00+03:00,2.6525,20.45,17.7975
2026-09-03 17:56:48.637927+03:00,2026-09-07 15:00:00+03:00,2.6446,24.91,22.2654
2026-09-03 17:56:48.637927+03:00,2026-09-07 15:15:00+03:00,2.6649,25.11,22.4451
2026-09-03 17:56:48.637927+03:00,2026-09-07 15:30:00+03:00,2.6644,25.78,23.1156
2026-09-03 17:56:48.637927+03:00,2026-09-07 15:45:00+03:00,2.6563,26.33,23.6737
2026-09-03 17:56:48.637927+03:00,2026-09-07 16:00:00+03:00,2.6415,24.57,21.9285
2026-09-03 17:56:48.637927+03:00,2026-09-07 16:15:00+03:00,2.6492,24.93,22.2808
2026-09-03 17:56:48.637927+03:00,2026-09-07 16:30:00+03:00,2.6513,25.14,22.4887
2026-09-03 17:56:48.637927+03:00,2026-09-07 16:45:00+03:00,2.6394,24.47,21.8306
2026-09-03 17:56:48.637927+03:00,2026-09-07 17:00:00+03:00,2.6562,26.84,24.1838
2026-09-03 17:56:48.637927+03:00,2026-09-07 17:15:00+03:00,2.685,25.75,23.065
2026-09-03 17:56:48.637927+03:00,2026-09-07 17:30:00+03:00,2.6942,25.0,22.3058
2026-09-03 17:56:48.637927+03:00,2026-09-07 17:45:00+03:00,2.6799,22.36,19.6801
2026-09-03 17:56:48.637927+03:00,2026-09-07 18:00:00+03:00,2.6628,38.22,35.5572
2026-09-03 17:56:48.637927+03:00,2026-09-07 18:15:00+03:00,2.6773,29.07,26.3927
2026-09-03 17:56:48.637927+03:00,2026-09-07 18:30:00+03:00,2.6576,22.59,19.9324
2026-09-03 17:56:48.637927+03:00,2026-09-07 18:45:00+03:00,2.6572,14.15,11.4928
2026-09-03 17:56:48.637927+03:00,2026-09-07 19:00:00+03:00,2.6478,45.0,42.3522
2026-09-03 17:56:48.637927+03:00,2026-09-07 19:15:00+03:00,2.6378,29.96,27.3222
2026-09-03 17:56:48.637927+03:00,2026-09-07 19:30:00+03:00,2.6105,21.86,19.2495
2026-09-03 17:56:48.637927+03:00,2026-09-07 19:45:00+03:00,2.65,9.99,7.34
2026-09-03 17:56:48.637927+03:00,2026-09-07 20:00:00+03:00,2.6174,32.59,29.972600000000003
2026-09-03 17:56:48.637927+03:00,2026-09-07 20:15:00+03:00,2.5097,23.09,20.5803
2026-09-03 17:56:48.637927+03:00,2026-09-07 20:30:00+03:00,2.4307,12.62,10.1893
2026-09-03 17:56:48.637927+03:00,2026-09-07 20:45:00+03:00,2.2657,8.0,5.7343
2026-09-03 17:56:48.637927+03:00,2026-09-07 21:00:00+03:00,2.2627,9.4,7.1373
2026-09-03 17:56:48.637927+03:00,2026-09-07 21:15:00+03:00,2.2886,6.58,4.291399999999999
2026-09-03 17:56:48.637927+03:00,2026-09-07 21:30:00+03:00,2.349,4.99,2.641
2026-09-03 17:56:48.637927+03:00,2026-09-07 21:45:00+03:00,2.3634,4.38,2.0166
2026-09-03 17:56:48.637927+03:00,2026-09-07 22:00:00+03:00,2.3243,5.39,3.0657
2026-09-03 17:56:48.637927+03:00,2026-09-07 22:15:00+03:00,2.1329,5.37,3.2371000000000003
2026-09-03 17:56:48.637927+03:00,2026-09-07 22:30:00+03:00,2.0589,5.32,3.2611000000000003
2026-09-03 17:56:48.637927+03:00,2026-09-07 22:45:00+03:00,1.937,4.95,3.013
2026-09-03 17:56:48.637927+03:00,2026-09-07 23:00:00+03:00,1.8006,4.05,2.2494
2026-09-03 17:56:48.637927+03:00,2026-09-07 23:15:00+03:00,1.5558,3.58,2.0242
2026-09-03 17:56:48.637927+03:00,2026-09-07 23:30:00+03:00,1.3309,3.35,2.0191
2026-09-03 17:56:48.637927+03:00,2026-09-07 23:45:00+03:00,1.0527,3.2,2.1473000000000004
2026-09-03 17:56:48.637927+03:00,2026-09-08 00:00:00+03:00,0.8903,2.82,1.9297
2026-09-03 17:56:48.637927+03:00,2026-09-08 00:15:00+03:00,0.8269,2.0,1.1731
2026-09-03 17:56:48.637927+03:00,2026-09-08 00:30:00+03:00,0.6943,1.99,1.2957
2026-09-03 17:56:48.637927+03:00,2026-09-08 00:45:00+03:00,0.6982,1.55,0.8518
2026-09-03 17:56:48.637927+03:00,2026-09-08 01:00:00+03:00,0.7122,2.03,1.3177999999999996
2026-09-03 17:56:48.637927+03:00,2026-09-08 01:15:00+03:00,0.7664,2.0,1.2336
2026-09-03 17:56:48.637927+03:00,2026-09-08 01:30:00+03:00,0.8016,2.0,1.1984
2026-09-03 17:56:48.637927+03:00,2026-09-08 01:45:00+03:00,0.775,1.99,1.215
2026-09-03 17:56:48.637927+03:00,2026-09-08 02:00:00+03:00,0.7509,1.88,1.1290999999999998
2026-09-03 17:56:48.637927+03:00,2026-09-08 02:15:00+03:00,0.8024,1.51,0.7076
2026-09-03 17:56:48.637927+03:00,2026-09-08 02:30:00+03:00,0.8113,1.32,0.5087
2026-09-03 17:56:48.637927+03:00,2026-09-08 02:45:00+03:00,0.7932,1.15,0.3567999999999999
2026-09-03 17:56:48.637927+03:00,2026-09-08 03:00:00+03:00,0.7745,1.4,0.6255
2026-09-03 17:56:48.637927+03:00,2026-09-08 03:15:00+03:00,0.8453,1.21,0.3646999999999999
2026-09-03 17:56:48.637927+03:00,2026-09-08 03:30:00+03:00,0.8359,1.5,0.6641
2026-09-03 17:56:48.637927+03:00,2026-09-08 03:45:00+03:00,0.8157,1.13,0.3142999999999999
2026-09-03 17:56:48.637927+03:00,2026-09-08 04:00:00+03:00,0.8241,1.16,0.3358999999999998
2026-09-03 17:56:48.637927+03:00,2026-09-08 04:15:00+03:00,0.9122,1.47,0.5578
2026-09-03 17:56:48.637927+03:00,2026-09-08 04:30:00+03:00,1.0503,1.04,0.0102999999999999
2026-09-03 17:56:48.637927+03:00,2026-09-08 04:45:00+03:00,1.2385,1.12,0.1184999999999998
2026-09-03 17:56:48.637927+03:00,2026-09-08 05:00:00+03:00,1.3743,1.96,0.5856999999999999
2026-09-03 17:56:48.637927+03:00,2026-09-08 05:15:00+03:00,1.5019,1.99,0.4881
2026-09-03 17:56:48.637927+03:00,2026-09-08 05:30:00+03:00,1.7621,1.99,0.2279
2026-09-03 17:56:48.637927+03:00,2026-09-08 05:45:00+03:00,1.9125,2.0,0.0874999999999999
2026-09-03 17:56:48.637927+03:00,2026-09-08 06:00:00+03:00,2.0239,2.0,0.0238999999999998
2026-09-03 17:56:48.637927+03:00,2026-09-08 06:15:00+03:00,2.2206,2.33,0.1093999999999999
2026-09-03 17:56:48.637927+03:00,2026-09-08 06:30:00+03:00,2.351,3.5,1.149
2026-09-03 17:56:48.637927+03:00,2026-09-08 06:45:00+03:00,2.4479,3.75,1.3020999999999998
2026-09-03 17:56:48.637927+03:00,2026-09-08 07:00:00+03:00,2.3981,3.64,1.2419000000000002
2026-09-03 17:56:48.637927+03:00,2026-09-08 07:15:00+03:00,2.4492,3.56,1.1108000000000002
2026-09-03 17:56:48.637927+03:00,2026-09-08 07:30:00+03:00,2.3405,3.53,1.1894999999999998
2026-09-03 17:56:48.637927+03:00,2026-09-08 07:45:00+03:00,2.2767,3.53,1.2533
2026-09-03 17:56:48.637927+03:00,2026-09-08 08:00:00+03:00,2.2948,3.68,1.3852000000000002
2026-09-03 17:56:48.637927+03:00,2026-09-08 08:15:00+03:00,2.2863,3.53,1.2436999999999996
2026-09-03 17:56:48.637927+03:00,2026-09-08 08:30:00+03:00,2.3165,3.52,1.2035
2026-09-03 17:56:48.637927+03:00,2026-09-08 08:45:00+03:00,2.3229,3.52,1.1970999999999998
2026-09-03 17:56:48.637927+03:00,2026-09-08 09:00:00+03:00,2.2822,4.99,2.7078
2026-09-03 17:56:48.637927+03:00,2026-09-08 09:15:00+03:00,2.2055,4.94,2.7345000000000006
2026-09-03 17:56:48.637927+03:00,2026-09-08 09:30:00+03:00,2.1197,4.0,1.8803
2026-09-03 17:56:48.637927+03:00,2026-09-08 09:45:00+03:00,2.0181,3.69,1.6719
2026-09-03 17:56:48.637927+03:00,2026-09-08 10:00:00+03:00,2.0154,4.99,2.9746
2026-09-03 17:56:48.637927+03:00,2026-09-08 10:15:00+03:00,1.9953,4.01,2.0146999999999995
2026-09-03 17:56:48.637927+03:00,2026-09-08 10:30:00+03:00,1.8833,4.0,2.1167
2026-09-03 17:56:48.637927+03:00,2026-09-08 10:45:00+03:00,1.763,3.53,1.767
2026-09-03 17:56:48.637927+03:00,2026-09-08 11:00:00+03:00,1.7468,3.48,1.7332
2026-09-03 17:56:48.637927+03:00,2026-09-08 11:15:00+03:00,1.6128,3.24,1.6272000000000002
2026-09-03 17:56:48.637927+03:00,2026-09-08 11:30:00+03:00,1.6236,3.53,1.9064
2026-09-03 17:56:48.637927+03:00,2026-09-08 11:45:00+03:00,1.6214,3.55,1.9286
2026-09-03 17:56:48.637927+03:00,2026-09-08 12:00:00+03:00,1.6561,3.61,1.9539
2026-09-03 17:56:48.637927+03:00,2026-09-08 12:15:00+03:00,1.6557,3.69,2.0343
2026-09-03 17:56:48.637927+03:00,2026-09-08 12:30:00+03:00,1.6692,4.0,2.3308
2026-09-03 17:56:48.637927+03:00,2026-09-08 12:45:00+03:00,1.6572,4.0,2.3428
2026-09-03 17:56:48.637927+03:00,2026-09-08 13:00:00+03:00,1.6623,4.01,2.3477
2026-09-03 17:56:48.637927+03:00,2026-09-08 13:15:00+03:00,1.6515,4.98,3.3285000000000005
2026-09-03 17:56:48.637927+03:00,2026-09-08 13:30:00+03:00,1.6596,4.99,3.3304
2026-09-03 17:56:48.637927+03:00,2026-09-08 13:45:00+03:00,1.6553,5.01,3.3547
2026-09-03 17:56:48.637927+03:00,2026-09-08 14:00:00+03:00,1.6471,5.0,3.3529
2026-09-03 17:56:48.637927+03:00,2026-09-08 14:15:00+03:00,1.6764,5.18,3.5036
2026-09-03 17:56:48.637927+03:00,2026-09-08 14:30:00+03:00,1.6733,5.35,3.6767
2026-09-03 17:56:48.637927+03:00,2026-09-08 14:45:00+03:00,1.6631,5.71,4.0469
2026-09-03 17:56:48.637927+03:00,2026-09-08 15:00:00+03:00,1.6487,5.29,3.6413
2026-09-03 17:56:48.637927+03:00,2026-09-08 15:15:00+03:00,1.6954,7.0,5.3046
2026-09-03 17:56:48.637927+03:00,2026-09-08 15:30:00+03:00,1.6898,9.99,8.3002
2026-09-03 17:56:48.637927+03:00,2026-09-08 15:45:00+03:00,1.6824,14.52,12.8376
2026-09-03 17:56:48.637927+03:00,2026-09-08 16:00:00+03:00,1.657,10.21,8.553
2026-09-03 17:56:48.637927+03:00,2026-09-08 16:15:00+03:00,1.6907,14.72,13.0293
2026-09-03 17:56:48.637927+03:00,2026-09-08 16:30:00+03:00,1.676,17.79,16.114
2026-09-03 17:56:48.637927+03:00,2026-09-08 16:45:00+03:00,1.6722,24.01,22.3378
2026-09-03 17:56:48.637927+03:00,2026-09-08 17:00:00+03:00,1.6568,9.99,8.3332
2026-09-03 17:56:48.637927+03:00,2026-09-08 17:15:00+03:00,1.6917,17.75,16.0583
2026-09-03 17:56:48.637927+03:00,2026-09-08 17:30:00+03:00,1.6878,41.05,39.3622
2026-09-03 17:56:48.637927+03:00,2026-09-08 17:45:00+03:00,1.6708,67.58,65.9092
2026-09-03 17:56:48.637927+03:00,2026-09-08 18:00:00+03:00,1.6549,40.05,38.3951
2026-09-03 17:56:48.637927+03:00,2026-09-08 18:15:00+03:00,1.656,50.0,48.344
2026-09-03 17:56:48.637927+03:00,2026-09-08 18:30:00+03:00,1.662,63.02,61.358
2026-09-03 17:56:48.637927+03:00,2026-09-08 18:45:00+03:00,1.6563,76.07,74.41369999999999
2026-09-03 17:56:48.637927+03:00,2026-09-08 19:00:00+03:00,1.6539,50.0,48.3461
2026-09-03 17:56:48.637927+03:00,2026-09-08 19:15:00+03:00,1.5934,50.0,48.4066
2026-09-03 17:56:48.637927+03:00,2026-09-08 19:30:00+03:00,1.4907,59.93,58.4393
2026-09-03 17:56:48.637927+03:00,2026-09-08 19:45:00+03:00,1.5249,80.58,79.0551
2026-09-03 17:56:48.637927+03:00,2026-09-08 20:00:00+03:00,1.5008,49.99,48.4892
2026-09-03 17:56:48.637927+03:00,2026-09-08 20:15:00+03:00,1.3947,55.58,54.1853
2026-09-03 17:56:48.637927+03:00,2026-09-08 20:30:00+03:00,1.2279,69.37,68.1421
2026-09-03 17:56:48.637927+03:00,2026-09-08 20:45:00+03:00,1.0958,65.48,64.3842
2026-09-03 17:56:48.637927+03:00,2026-09-08 21:00:00+03:00,0.9681,52.23,51.2619
2026-09-03 17:56:48.637927+03:00,2026-09-08 21:15:00+03:00,0.8368,50.0,49.1632
2026-09-03 17:56:48.637927+03:00,2026-09-08 21:30:00+03:00,0.6624,45.87,45.2076
2026-09-03 17:56:48.637927+03:00,2026-09-08 21:45:00+03:00,0.4559,38.94,38.4841
2026-09-03 17:56:48.637927+03:00,2026-09-08 22:00:00+03:00,0.1907,50.0,49.8093
2026-09-03 17:56:48.637927+03:00,2026-09-08 22:15:00+03:00,0.0292,46.37,46.3408
2026-09-03 17:56:48.637927+03:00,2026-09-08 22:30:00+03:00,0.0318,38.95,38.918200000000006
2026-09-03 17:56:48.637927+03:00,2026-09-08 22:45:00+03:00,0.0304,36.16,36.1296
2026-09-03 17:56:48.637927+03:00,2026-09-08 23:00:00+03:00,0.0122,42.78,42.7678
2026-09-03 17:56:48.637927+03:00,2026-09-08 23:15:00+03:00,-0.035,36.35,36.385
2026-09-03 17:56:48.637927+03:00,2026-09-08 23:30:00+03:00,-0.1172,38.14,38.2572
2026-09-03 17:56:48.637927+03:00,2026-09-08 23:45:00+03:00,-0.2204,37.57,37.7904
2026-09-03 17:56:48.637927+03:00,2026-09-09 00:00:00+03:00,-0.31,42.96,43.27
2026-09-03 17:56:48.637927+03:00,2026-09-09 00:15:00+03:00,-0.3521,39.08,39.4321
2026-09-03 17:56:48.637927+03:00,2026-09-09 00:30:00+03:00,-0.3043,34.04,34.3443
2026-09-03 17:56:48.637927+03:00,2026-09-09 00:45:00+03:00,-0.2484,28.07,28.3184
2026-09-03 17:56:48.637927+03:00,2026-09-09 01:00:00+03:00,-0.2259,35.1,35.325900000000004
2026-09-03 17:56:48.637927+03:00,2026-09-09 01:15:00+03:00,-0.3036,37.47,37.7736
2026-09-03 17:56:48.637927+03:00,2026-09-09 01:30:00+03:00,-0.2711,37.44,37.7111
2026-09-03 17:56:48.637927+03:00,2026-09-09 01:45:00+03:00,-0.2719,37.74,38.0119
2026-09-03 17:56:48.637927+03:00,2026-09-09 02:00:00+03:00,-0.2237,36.67,36.8937
2026-09-03 17:56:48.637927+03:00,2026-09-09 02:15:00+03:00,-0.2841,37.17,37.4541
2026-09-03 17:56:48.637927+03:00,2026-09-09 02:30:00+03:00,-0.2677,37.33,37.5977
2026-09-03 17:56:48.637927+03:00,2026-09-09 02:45:00+03:00,-0.2667,38.81,39.0767
2026-09-03 17:56:48.637927+03:00,2026-09-09 03:00:00+03:00,-0.2238,36.0,36.2238
2026-09-03 17:56:48.637927+03:00,2026-09-09 03:15:00+03:00,-0.2778,36.7,36.9778
2026-09-03 17:56:48.637927+03:00,2026-09-09 03:30:00+03:00,-0.2593,37.6,37.859300000000005
2026-09-03 17:56:48.637927+03:00,2026-09-09 03:45:00+03:00,-0.2577,37.5,37.7577
2026-09-03 17:56:48.637927+03:00,2026-09-09 04:00:00+03:00,-0.2014,34.53,34.7314
2026-09-03 17:56:48.637927+03:00,2026-09-09 04:15:00+03:00,-0.2385,37.48,37.7185
2026-09-03 17:56:48.637927+03:00,2026-09-09 04:30:00+03:00,-0.2342,37.32,37.5542
2026-09-03 17:56:48.637927+03:00,2026-09-09 04:45:00+03:00,-0.2291,39.28,39.5091
2026-09-03 17:56:48.637927+03:00,2026-09-09 05:00:00+03:00,-0.1885,34.2,34.3885
2026-09-03 17:56:48.637927+03:00,2026-09-09 05:15:00+03:00,-0.1067,37.15,37.2567
2026-09-03 17:56:48.637927+03:00,2026-09-09 05:30:00+03:00,-0.1211,40.3,40.4211
2026-09-03 17:56:48.637927+03:00,2026-09-09 05:45:00+03:00,-0.1279,44.32,44.4479
2026-09-03 17:56:48.637927+03:00,2026-09-09 06:00:00+03:00,-0.0954,30.44,30.535400000000003
2026-09-03 17:56:48.637927+03:00,2026-09-09 06:15:00+03:00,-0.0507,39.12,39.1707
2026-09-03 17:56:48.637927+03:00,2026-09-09 06:30:00+03:00,-0.0334,50.0,50.0334
2026-09-03 17:56:48.637927+03:00,2026-09-09 06:45:00+03:00,-0.0251,61.83,61.8551
2026-09-03 17:56:48.637927+03:00,2026-09-09 07:00:00+03:00,-0.0253,53.7,53.7253
2026-09-03 17:56:48.637927+03:00,2026-09-09 07:15:00+03:00,-0.0132,61.32,61.3332
2026-09-03 17:56:48.637927+03:00,2026-09-09 07:30:00+03:00,-0.0291,83.06,83.0891
2026-09-03 17:56:48.637927+03:00,2026-09-09 07:45:00+03:00,-0.0401,96.34,96.3801
2026-09-03 17:56:48.637927+03:00,2026-09-09 08:00:00+03:00,-0.0278,129.29,129.3178
2026-09-03 17:56:48.637927+03:00,2026-09-09 08:15:00+03:00,-0.0425,130.0,130.0425
2026-09-03 17:56:48.637927+03:00,2026-09-09 08:30:00+03:00,-0.0345,134.99,135.02450000000002
2026-09-03 17:56:48.637927+03:00,2026-09-09 08:45:00+03:00,-0.027,111.41,111.437
2026-09-03 17:56:48.637927+03:00,2026-09-09 09:00:00+03:00,-0.0374,136.46,136.4974
2026-09-03 17:56:48.637927+03:00,2026-09-09 09:15:00+03:00,-0.0647,134.99,135.0547
2026-09-03 17:56:48.637927+03:00,2026-09-09 09:30:00+03:00,-0.1033,129.75,129.8533
2026-09-03 17:56:48.637927+03:00,2026-09-09 09:45:00+03:00,-0.168,135.09,135.258
2026-09-03 17:56:48.637927+03:00,2026-09-09 10:00:00+03:00,-0.1972,150.99,151.18720000000002
2026-09-03 17:56:48.637927+03:00,2026-09-09 10:15:00+03:00,-0.3524,137.38,137.73239999999998
2026-09-03 17:56:48.637927+03:00,2026-09-09 10:30:00+03:00,-0.3466,117.51,117.8566
2026-09-03 17:56:48.637927+03:00,2026-09-09 10:45:00+03:00,-0.3436,126.29,126.6336
2026-09-03 17:56:48.637927+03:00,2026-09-09 11:00:00+03:00,-0.2703,127.77,128.0403
2026-09-03 17:56:48.637927+03:00,2026-09-09 11:15:00+03:00,-0.303,122.19,122.493
2026-09-03 17:56:48.637927+03:00,2026-09-09 11:30:00+03:00,-0.2764,106.28,106.5564
2026-09-03 17:56:48.637927+03:00,2026-09-09 11:45:00+03:00,-0.2764,97.56,97.8364
2026-09-03 17:56:48.637927+03:00,2026-09-09 12:00:00+03:00,-0.2307,106.2,106.4307
2026-09-03 17:56:48.637927+03:00,2026-09-09 12:15:00+03:00,-0.2783,99.05,99.3283
2026-09-03 17:56:48.637927+03:00,2026-09-09 12:30:00+03:00,-0.277,89.15,89.427
2026-09-03 17:56:48.637927+03:00,2026-09-09 12:45:00+03:00,-0.2745,77.79,78.06450000000001
2026-09-03 17:56:48.637927+03:00,2026-09-09 13:00:00+03:00,-0.2368,92.93,93.1668
2026-09-03 17:56:48.637927+03:00,2026-09-09 13:15:00+03:00,-0.2805,84.52,84.8005
2026-09-03 17:56:48.637927+03:00,2026-09-09 13:30:00+03:00,-0.2791,75.97,76.2491
2026-09-03 17:56:48.637927+03:00,2026-09-09 13:45:00+03:00,-0.277,68.85,69.127
2026-09-03 17:56:48.637927+03:00,2026-09-09 14:00:00+03:00,-0.2214,77.84,78.0614
2026-09-03 17:56:48.637927+03:00,2026-09-09 14:15:00+03:00,-0.2509,69.67,69.9209
2026-09-03 17:56:48.637927+03:00,2026-09-09 14:30:00+03:00,-0.2508,61.48,61.7308
2026-09-03 17:56:48.637927+03:00,2026-09-09 14:45:00+03:00,-0.2509,60.0,60.2509
2026-09-03 17:56:48.637927+03:00,2026-09-09 15:00:00+03:00,-0.1622,60.0,60.1622
2026-09-03 17:56:48.637927+03:00,2026-09-09 15:15:00+03:00,-0.0882,61.18,61.2682
2026-09-03 17:56:48.637927+03:00,2026-09-09 15:30:00+03:00,0.0015,59.21,59.2085
2026-09-03 17:56:48.637927+03:00,2026-09-09 15:45:00+03:00,0.1933,61.34,61.1467
2026-09-03 17:56:48.637927+03:00,2026-09-09 16:00:00+03:00,0.2834,57.69,57.4066
2026-09-03 17:56:48.637927+03:00,2026-09-09 16:15:00+03:00,0.5346,66.67,66.1354
2026-09-03 17:56:48.637927+03:00,2026-09-09 16:30:00+03:00,0.9156,74.96,74.0444
2026-09-03 17:56:48.637927+03:00,2026-09-09 16:45:00+03:00,1.3542,78.52,77.16579999999999
2026-09-03 17:56:48.637927+03:00,2026-09-09 17:00:00+03:00,1.8937,63.49,61.5963
2026-09-03 17:56:48.637927+03:00,2026-09-09 17:15:00+03:00,2.4258,83.76,81.33420000000001
2026-09-03 17:56:48.637927+03:00,2026-09-09 17:30:00+03:00,2.8214,109.95,107.1286
2026-09-03 17:56:48.637927+03:00,2026-09-09 17:45:00+03:00,3.2453,139.99,136.74470000000002
2026-09-03 17:56:48.637927+03:00,2026-09-09 18:00:00+03:00,3.5403,147.08,143.5397
2026-09-03 17:56:48.637927+03:00,2026-09-09 18:15:00+03:00,3.7878,214.81,211.0222
2026-09-03 17:56:48.637927+03:00,2026-09-09 18:30:00+03:00,4.0484,156.08,152.03160000000003
2026-09-03 17:56:48.637927+03:00,2026-09-09 18:45:00+03:00,4.1223,230.03,225.9077
2026-09-03 17:56:48.637927+03:00,2026-09-09 19:00:00+03:00,4.2598,194.42,190.1602
2026-09-03 17:56:48.637927+03:00,2026-09-09 19:15:00+03:00,4.3952,205.21,200.8148
2026-09-03 17:56:48.637927+03:00,2026-09-09 19:30:00+03:00,4.2697,198.37,194.1003
2026-09-03 17:56:48.637927+03:00,2026-09-09 19:45:00+03:00,4.2704,149.99,145.7196
2026-09-03 17:56:48.637927+03:00,2026-09-09 20:00:00+03:00,4.2366,184.8,180.5634
2026-09-03 17:56:48.637927+03:00,2026-09-09 20:15:00+03:00,4.1965,193.22,189.0235
2026-09-03 17:56:48.637927+03:00,2026-09-09 20:30:00+03:00,4.0651,200.0,195.9349
2026-09-03 17:56:48.637927+03:00,2026-09-09 20:45:00+03:00,3.9212,221.98,218.0588
2026-09-03 17:56:48.637927+03:00,2026-09-09 21:00:00+03:00,3.8105,211.7,207.8895
2026-09-03 17:56:48.637927+03:00,2026-09-09 21:15:00+03:00,3.727,189.26,185.533
2026-09-03 17:56:48.637927+03:00,2026-09-09 21:30:00+03:00,3.7273,223.99,220.2627
2026-09-03 17:56:48.637927+03:00,2026-09-09 21:45:00+03:00,3.7533,189.23,185.4767
2026-09-03 17:56:48.637927+03:00,2026-09-09 22:00:00+03:00,3.7724,196.0,192.2276
2026-09-03 17:56:48.637927+03:00,2026-09-09 22:15:00+03:00,3.7564,190.07,186.3136
2026-09-03 17:56:48.637927+03:00,2026-09-09 22:30:00+03:00,3.7112,194.31,190.5988
2026-09-03 17:56:48.637927+03:00,2026-09-09 22:45:00+03:00,3.7302,151.0,147.2698
2026-09-03 17:56:48.637927+03:00,2026-09-09 23:00:00+03:00,3.74,151.55,147.81
2026-09-03 17:56:48.637927+03:00,2026-09-09 23:15:00+03:00,3.7067,118.67,114.9633
2026-09-03 17:56:48.637927+03:00,2026-09-09 23:30:00+03:00,3.6795,114.99,111.3105
2026-09-03 17:56:48.637927+03:00,2026-09-09 23:45:00+03:00,3.4347,63.12,59.6853
2026-09-03 17:56:48.637927+03:00,2026-09-10 00:00:00+03:00,3.3558,75.46,72.10419999999999
2026-09-03 17:56:48.637927+03:00,2026-09-10 00:15:00+03:00,3.2952,70.0,66.7048
2026-09-03 17:56:48.637927+03:00,2026-09-10 00:30:00+03:00,3.3012,47.34,44.0388
2026-09-03 17:56:48.637927+03:00,2026-09-10 00:45:00+03:00,3.3205,33.03,29.7095
2026-09-03 17:56:48.637927+03:00,2026-09-10 01:00:00+03:00,3.3075,135.76,132.4525
2026-09-03 17:56:48.637927+03:00,2026-09-10 01:15:00+03:00,3.3247,81.05,77.7253
2026-09-03 17:56:48.637927+03:00,2026-09-10 01:30:00+03:00,3.2936,59.45,56.156400000000005
2026-09-03 17:56:48.637927+03:00,2026-09-10 01:45:00+03:00,3.2966,34.66,31.363399999999995
2026-09-03 17:56:48.637927+03:00,2026-09-10 02:00:00+03:00,3.306,93.86,90.554
2026-09-03 17:56:48.637927+03:00,2026-09-10 02:15:00+03:00,3.3451,57.01,53.6649
2026-09-03 17:56:48.637927+03:00,2026-09-10 02:30:00+03:00,3.3182,55.09,51.771800000000006
2026-09-03 17:56:48.637927+03:00,2026-09-10 02:45:00+03:00,3.3167,34.04,30.7233
2026-09-03 17:56:48.637927+03:00,2026-09-10 03:00:00+03:00,3.3132,57.03,53.7168
2026-09-03 17:56:48.637927+03:00,2026-09-10 03:15:00+03:00,3.3557,51.76,48.4043
2026-09-03 17:56:48.637927+03:00,2026-09-10 03:30:00+03:00,3.327,39.99,36.663
2026-09-03 17:56:48.637927+03:00,2026-09-10 03:45:00+03:00,3.3244,29.99,26.6656
2026-09-03 17:56:48.637927+03:00,2026-09-10 04:00:00+03:00,3.3157,57.14,53.8243
2026-09-03 17:56:48.637927+03:00,2026-09-10 04:15:00+03:00,3.4486,55.13,51.6814
2026-09-03 17:56:48.637927+03:00,2026-09-10 04:30:00+03:00,3.4785,40.0,36.5215
2026-09-03 17:56:48.637927+03:00,2026-09-10 04:45:00+03:00,3.4743,33.52,30.045700000000004
2026-09-03 17:56:48.637927+03:00,2026-09-10 05:00:00+03:00,3.4761,28.0,24.5239
2026-09-03 17:56:48.637927+03:00,2026-09-10 05:15:00+03:00,3.8111,55.02,51.2089
2026-09-03 17:56:48.637927+03:00,2026-09-10 05:30:00+03:00,4.0601,57.95,53.8899
2026-09-03 17:56:48.637927+03:00,2026-09-10 05:45:00+03:00,4.2376,49.94,45.7024
2026-09-03 17:56:48.637927+03:00,2026-09-10 06:00:00+03:00,4.4274,27.99,23.5626
2026-09-03 17:56:48.637927+03:00,2026-09-10 06:15:00+03:00,5.3803,34.12,28.7397
2026-09-03 17:56:48.637927+03:00,2026-09-10 06:30:00+03:00,5.972,40.95,34.978
2026-09-03 17:56:48.637927+03:00,2026-09-10 06:45:00+03:00,6.6362,60.0,53.3638
2026-09-03 17:56:48.637927+03:00,2026-09-10 07:00:00+03:00,7.293,98.02,90.727
2026-09-03 17:56:48.637927+03:00,2026-09-10 07:15:00+03:00,8.8752,81.04,72.16480000000001
2026-09-03 17:56:48.637927+03:00,2026-09-10 07:30:00+03:00,10.3506,58.89,48.5394
2026-09-03 17:56:48.637927+03:00,2026-09-10 07:45:00+03:00,11.3901,54.19,42.7999
2026-09-03 17:56:48.637927+03:00,2026-09-10 08:00:00+03:00,12.5402,75.04,62.49980000000001
2026-09-03 17:56:48.637927+03:00,2026-09-10 08:15:00+03:00,12.9007,79.07,66.16929999999999
2026-09-03 17:56:48.637927+03:00,2026-09-10 08:30:00+03:00,13.1106,84.6,71.48939999999999
2026-09-03 17:56:48.637927+03:00,2026-09-10 08:45:00+03:00,13.1425,79.46,66.3175
2026-09-03 17:56:48.637927+03:00,2026-09-10 09:00:00+03:00,13.0043,102.8,89.7957
2026-09-03 17:56:48.637927+03:00,2026-09-10 09:15:00+03:00,12.826,87.39,74.564
2026-09-03 17:56:48.637927+03:00,2026-09-10 09:30:00+03:00,12.8517,74.18,61.328300000000006
2026-09-03 17:56:48.637927+03:00,2026-09-10 09:45:00+03:00,12.8767,54.91,42.0333
2026-09-03 17:56:48.637927+03:00,2026-09-10 10:00:00+03:00,12.8626,87.6,74.7374
2026-09-03 17:56:48.637927+03:00,2026-09-10 10:15:00+03:00,12.8408,50.01,37.1692
2026-09-03 17:56:48.637927+03:00,2026-09-10 10:30:00+03:00,12.8733,88.57,75.69669999999999
2026-09-03 17:56:48.637927+03:00,2026-09-10 10:45:00+03:00,12.8867,54.41,41.5233
2026-09-03 17:56:48.637927+03:00,2026-09-10 11:00:00+03:00,12.8764,77.17,64.2936
2026-09-03 17:56:48.637927+03:00,2026-09-10 11:15:00+03:00,12.8533,46.9,34.0467
2026-09-03 17:56:48.637927+03:00,2026-09-10 11:30:00+03:00,12.8815,41.28,28.3985
2026-09-03 17:56:48.637927+03:00,2026-09-10 11:45:00+03:00,12.8974,40.77,27.87260000000001
2026-09-03 17:56:48.637927+03:00,2026-09-10 12:00:00+03:00,12.88,40.85,27.97
2026-09-03 17:56:48.637927+03:00,2026-09-10 12:15:00+03:00,12.8538,40.96,28.1062
2026-09-03 17:56:48.637927+03:00,2026-09-10 12:30:00+03:00,12.8821,40.95,28.0679
2026-09-03 17:56:48.637927+03:00,2026-09-10 12:45:00+03:00,12.8991,39.34,26.440900000000003
2026-09-03 17:56:48.637927+03:00,2026-09-10 13:00:00+03:00,12.8901,47.28,34.3899
2026-09-03 17:56:48.637927+03:00,2026-09-10 13:15:00+03:00,12.8722,39.88,27.007800000000003
2026-09-03 17:56:48.637927+03:00,2026-09-10 13:30:00+03:00,12.897,35.39,22.493
2026-09-03 17:56:48.637927+03:00,2026-09-10 13:45:00+03:00,12.9175,31.4,18.4825
2026-09-03 17:56:48.637927+03:00,2026-09-10 14:00:00+03:00,12.9029,39.93,27.0271
2026-09-03 17:56:48.637927+03:00,2026-09-10 14:15:00+03:00,12.925,36.25,23.325
2026-09-03 17:56:48.637927+03:00,2026-09-10 14:30:00+03:00,12.9465,34.04,21.0935
2026-09-03 17:56:48.637927+03:00,2026-09-10 14:45:00+03:00,12.9526,35.04,22.0874
2026-09-03 17:56:48.637927+03:00,2026-09-10 15:00:00+03:00,12.9036,28.53,15.6264
2026-09-03 17:56:48.637927+03:00,2026-09-10 15:15:00+03:00,12.9918,34.77,21.778200000000005
2026-09-03 17:56:48.637927+03:00,2026-09-10 15:30:00+03:00,12.9955,41.19,28.1945
2026-09-03 17:56:48.637927+03:00,2026-09-10 15:45:00+03:00,12.9769,45.23,32.2531
2026-09-03 17:56:48.637927+03:00,2026-09-10 16:00:00+03:00,12.9415,30.62,17.6785
2026-09-03 17:56:48.637927+03:00,2026-09-10 16:15:00+03:00,13.0032,36.5,23.4968
2026-09-03 17:56:48.637927+03:00,2026-09-10 16:30:00+03:00,13.0001,40.93,27.9299
2026-09-03 17:56:48.637927+03:00,2026-09-10 16:45:00+03:00,12.9907,47.32,34.3293
2026-09-03 17:56:48.637927+03:00,2026-09-10 17:00:00+03:00,12.9576,36.45,23.492400000000004
2026-09-03 17:56:48.637927+03:00,2026-09-10 17:15:00+03:00,12.9768,39.79,26.8132
2026-09-03 17:56:48.637927+03:00,2026-09-10 17:30:00+03:00,12.9782,39.16,26.1818
2026-09-03 17:56:48.637927+03:00,2026-09-10 17:45:00+03:00,12.9667,49.99,37.023300000000006
2026-09-03 17:56:48.637927+03:00,2026-09-10 18:00:00+03:00,12.8937,28.13,15.236299999999998
2026-09-03 17:56:48.637927+03:00,2026-09-10 18:15:00+03:00,12.8733,39.59,26.716700000000003
2026-09-03 17:56:48.637927+03:00,2026-09-10 18:30:00+03:00,12.9182,50.0,37.0818
2026-09-03 17:56:48.637927+03:00,2026-09-10 18:45:00+03:00,12.9214,61.24,48.3186
2026-09-03 17:56:48.637927+03:00,2026-09-10 19:00:00+03:00,12.8837,48.38,35.496300000000005
2026-09-03 17:56:48.637927+03:00,2026-09-10 19:15:00+03:00,12.7889,49.99,37.2011
2026-09-03 17:56:48.637927+03:00,2026-09-10 19:30:00+03:00,12.8524,50.0,37.1476
2026-09-03 17:56:48.637927+03:00,2026-09-10 19:45:00+03:00,12.8662,49.99,37.1238
2026-09-03 17:56:48.637927+03:00,2026-09-10 20:00:00+03:00,12.8693,54.3,41.4307
2026-09-03 17:56:48.637927+03:00,2026-09-10 20:15:00+03:00,12.5752,50.01,37.4348
2026-09-03 17:56:48.637927+03:00,2026-09-10 20:30:00+03:00,12.032,50.0,37.968
2026-09-03 17:56:48.637927+03:00,2026-09-10 20:45:00+03:00,11.8119,42.97,31.1581
2026-09-03 17:56:48.637927+03:00,2026-09-10 21:00:00+03:00,10.9281,56.55,45.6219
2026-09-03 17:56:48.637927+03:00,2026-09-10 21:15:00+03:00,10.5765,50.99,40.4135
2026-09-03 17:56:48.637927+03:00,2026-09-10 21:30:00+03:00,9.9828,45.2,35.217200000000005
2026-09-03 17:56:48.637927+03:00,2026-09-10 21:45:00+03:00,9.1119,33.01,23.8981
2026-09-03 17:56:48.637927+03:00,2026-09-10 22:00:00+03:00,8.237,46.87,38.633
2026-09-03 17:56:48.637927+03:00,2026-09-10 22:15:00+03:00,7.1405,40.05,32.909499999999994
2026-09-03 17:56:48.637927+03:00,2026-09-10 22:30:00+03:00,6.1704,37.86,31.6896
2026-09-03 17:56:48.637927+03:00,2026-09-10 22:45:00+03:00,5.1531,31.58,26.4269
2026-09-03 17:56:48.637927+03:00,2026-09-10 23:00:00+03:00,4.1085,42.99,38.8815
2026-09-03 17:56:48.637927+03:00,2026-09-10 23:15:00+03:00,3.2267,40.19,36.9633
2026-09-03 17:56:48.637927+03:00,2026-09-10 23:30:00+03:00,2.4246,37.21,34.7854
2026-09-03 17:56:48.637927+03:00,2026-09-10 23:45:00+03:00,1.6336,29.99,28.3564
2026-09-04 17:53:53.072286+03:00,2026-09-05 00:00:00+03:00,15.6,37.39,21.79
2026-09-04 17:53:53.072286+03:00,2026-09-05 00:15:00+03:00,13.4752,30.37,16.894800000000004
2026-09-04 17:53:53.072286+03:00,2026-09-05 00:30:00+03:00,11.8546,26.44,14.585400000000002
2026-09-04 17:53:53.072286+03:00,2026-09-05 00:45:00+03:00,9.754,10.6,0.8460000000000001
2026-09-04 17:53:53.072286+03:00,2026-09-05 01:00:00+03:00,8.2352,38.99,30.754800000000003
2026-09-04 17:53:53.072286+03:00,2026-09-05 01:15:00+03:00,7.4887,27.14,19.6513
2026-09-04 17:53:53.072286+03:00,2026-09-05 01:30:00+03:00,6.522,20.68,14.158
2026-09-04 17:53:53.072286+03:00,2026-09-05 01:45:00+03:00,5.699,17.13,11.431
2026-09-04 17:53:53.072286+03:00,2026-09-05 02:00:00+03:00,4.7817,34.01,29.2283
2026-09-04 17:53:53.072286+03:00,2026-09-05 02:15:00+03:00,4.1635,25.87,21.7065
2026-09-04 17:53:53.072286+03:00,2026-09-05 02:30:00+03:00,3.5843,20.74,17.1557
2026-09-04 17:53:53.072286+03:00,2026-09-05 02:45:00+03:00,2.8134,15.89,13.0766
2026-09-04 17:53:53.072286+03:00,2026-09-05 03:00:00+03:00,2.1032,26.01,23.9068
2026-09-04 17:53:53.072286+03:00,2026-09-05 03:15:00+03:00,1.7112,24.32,22.6088
2026-09-04 17:53:53.072286+03:00,2026-09-05 03:30:00+03:00,1.4262,19.79,18.3638
2026-09-04 17:53:53.072286+03:00,2026-09-05 03:45:00+03:00,1.2731,15.32,14.0469
2026-09-04 17:53:53.072286+03:00,2026-09-05 04:00:00+03:00,1.0877,23.7,22.6123
2026-09-04 17:53:53.072286+03:00,2026-09-05 04:15:00+03:00,1.2673,20.43,19.1627
2026-09-04 17:53:53.072286+03:00,2026-09-05 04:30:00+03:00,1.2978,18.42,17.122200000000003
2026-09-04 17:53:53.072286+03:00,2026-09-05 04:45:00+03:00,1.3048,14.88,13.5752
2026-09-04 17:53:53.072286+03:00,2026-09-05 05:00:00+03:00,1.4895,22.46,20.9705
2026-09-04 17:53:53.072286+03:00,2026-09-05 05:15:00+03:00,2.0052,19.07,17.0648
2026-09-04 17:53:53.072286+03:00,2026-09-05 05:30:00+03:00,2.3833,16.39,14.0067
2026-09-04 17:53:53.072286+03:00,2026-09-05 05:45:00+03:00,2.827,12.21,9.383
2026-09-04 17:53:53.072286+03:00,2026-09-05 06:00:00+03:00,3.3246,17.34,14.0154
2026-09-04 17:53:53.072286+03:00,2026-09-05 06:15:00+03:00,4.1392,17.37,13.230800000000002
2026-09-04 17:53:53.072286+03:00,2026-09-05 06:30:00+03:00,4.9713,15.86,10.8887
2026-09-04 17:53:53.072286+03:00,2026-09-05 06:45:00+03:00,5.9217,14.73,8.8083
2026-09-04 17:53:53.072286+03:00,2026-09-05 07:00:00+03:00,6.6481,17.67,11.021900000000002
2026-09-04 17:53:53.072286+03:00,2026-09-05 07:15:00+03:00,8.2418,17.51,9.268200000000002
2026-09-04 17:53:53.072286+03:00,2026-09-05 07:30:00+03:00,9.7081,18.04,8.3319
2026-09-04 17:53:53.072286+03:00,2026-09-05 07:45:00+03:00,10.432,18.2,7.767999999999999
2026-09-04 17:53:53.072286+03:00,2026-09-05 08:00:00+03:00,10.991,17.14,6.149000000000001
2026-09-04 17:53:53.072286+03:00,2026-09-05 08:15:00+03:00,11.5945,18.04,6.445499999999999
2026-09-04 17:53:53.072286+03:00,2026-09-05 08:30:00+03:00,11.5476,18.83,7.282399999999999
2026-09-04 17:53:53.072286+03:00,2026-09-05 08:45:00+03:00,11.6797,19.65,7.970299999999998
2026-09-04 17:53:53.072286+03:00,2026-09-05 09:00:00+03:00,11.5071,20.02,8.5129
2026-09-04 17:53:53.072286+03:00,2026-09-05 09:15:00+03:00,11.2808,18.04,6.7592
2026-09-04 17:53:53.072286+03:00,2026-09-05 09:30:00+03:00,10.8945,11.7,0.8054999999999986
2026-09-04 17:53:53.072286+03:00,2026-09-05 09:45:00+03:00,10.482,8.46,2.0219999999999985
2026-09-04 17:53:53.072286+03:00,2026-09-05 10:00:00+03:00,10.0213,14.17,4.1487
2026-09-04 17:53:53.072286+03:00,2026-09-05 10:15:00+03:00,9.5797,10.85,1.2702999999999989
2026-09-04 17:53:53.072286+03:00,2026-09-05 10:30:00+03:00,9.1181,9.29,0.171899999999999
2026-09-04 17:53:53.072286+03:00,2026-09-05 10:45:00+03:00,8.6334,8.57,0.0633999999999996
2026-09-04 17:53:53.072286+03:00,2026-09-05 11:00:00+03:00,8.2575,10.4,2.1425
2026-09-04 17:53:53.072286+03:00,2026-09-05 11:15:00+03:00,7.7652,9.55,1.7848000000000006
2026-09-04 17:53:53.072286+03:00,2026-09-05 11:30:00+03:00,7.4046,8.39,0.9854000000000004
2026-09-04 17:53:53.072286+03:00,2026-09-05 11:45:00+03:00,7.2552,7.74,0.4847999999999999
2026-09-04 17:53:53.072286+03:00,2026-09-05 12:00:00+03:00,6.9844,8.69,1.7055999999999996
2026-09-04 17:53:53.072286+03:00,2026-09-05 12:15:00+03:00,7.1462,8.07,0.9238
2026-09-04 17:53:53.072286+03:00,2026-09-05 12:30:00+03:00,7.0603,7.51,0.4497
2026-09-04 17:53:53.072286+03:00,2026-09-05 12:45:00+03:00,7.083,7.0,0.0830000000000001
2026-09-04 17:53:53.072286+03:00,2026-09-05 13:00:00+03:00,7.1261,7.0,0.1261000000000001
2026-09-04 17:53:53.072286+03:00,2026-09-05 13:15:00+03:00,7.1597,6.41,0.7496999999999998
2026-09-04 17:53:53.072286+03:00,2026-09-05 13:30:00+03:00,7.1167,5.31,1.8067
2026-09-04 17:53:53.072286+03:00,2026-09-05 13:45:00+03:00,7.1339,5.21,1.9239
2026-09-04 17:53:53.072286+03:00,2026-09-05 14:00:00+03:00,7.1586,5.0,2.1586
2026-09-04 17:53:53.072286+03:00,2026-09-05 14:15:00+03:00,7.1964,4.28,2.9163999999999994
2026-09-04 17:53:53.072286+03:00,2026-09-05 14:30:00+03:00,7.1572,4.0,3.1572
2026-09-04 17:53:53.072286+03:00,2026-09-05 14:45:00+03:00,7.1556,3.99,3.1655999999999995
2026-09-04 17:53:53.072286+03:00,2026-09-05 15:00:00+03:00,7.1951,3.99,3.2051
2026-09-04 17:53:53.072286+03:00,2026-09-05 15:15:00+03:00,7.3198,3.99,3.3298
2026-09-04 17:53:53.072286+03:00,2026-09-05 15:30:00+03:00,7.5192,3.64,3.8792
2026-09-04 17:53:53.072286+03:00,2026-09-05 15:45:00+03:00,7.4571,4.12,3.3370999999999995
2026-09-04 17:53:53.072286+03:00,2026-09-05 16:00:00+03:00,7.4472,3.64,3.8072
2026-09-04 17:53:53.072286+03:00,2026-09-05 16:15:00+03:00,7.533,3.99,3.543
2026-09-04 17:53:53.072286+03:00,2026-09-05 16:30:00+03:00,7.5044,3.53,3.9744000000000006
2026-09-04 17:53:53.072286+03:00,2026-09-05 16:45:00+03:00,7.4951,4.01,3.4851
2026-09-04 17:53:53.072286+03:00,2026-09-05 17:00:00+03:00,7.513,4.3,3.213
2026-09-04 17:53:53.072286+03:00,2026-09-05 17:15:00+03:00,7.5483,5.0,2.5483
2026-09-04 17:53:53.072286+03:00,2026-09-05 17:30:00+03:00,7.5218,7.04,0.4817999999999998
2026-09-04 17:53:53.072286+03:00,2026-09-05 17:45:00+03:00,7.5052,8.4,0.8948
2026-09-04 17:53:53.072286+03:00,2026-09-05 18:00:00+03:00,7.5163,6.87,0.6463000000000001
2026-09-04 17:53:53.072286+03:00,2026-09-05 18:15:00+03:00,7.5064,9.04,1.533599999999999
2026-09-04 17:53:53.072286+03:00,2026-09-05 18:30:00+03:00,7.4956,13.22,5.724400000000001
2026-09-04 17:53:53.072286+03:00,2026-09-05 18:45:00+03:00,7.4892,17.68,10.1908
2026-09-04 17:53:53.072286+03:00,2026-09-05 19:00:00+03:00,7.5,8.52,1.0199999999999996
2026-09-04 17:53:53.072286+03:00,2026-09-05 19:15:00+03:00,7.4269,11.19,3.7631
2026-09-04 17:53:53.072286+03:00,2026-09-05 19:30:00+03:00,7.4336,16.45,9.0164
2026-09-04 17:53:53.072286+03:00,2026-09-05 19:45:00+03:00,7.4576,26.36,18.9024
2026-09-04 17:53:53.072286+03:00,2026-09-05 20:00:00+03:00,7.4587,20.43,12.9713
2026-09-04 17:53:53.072286+03:00,2026-09-05 20:15:00+03:00,7.3109,20.0,12.6891
2026-09-04 17:53:53.072286+03:00,2026-09-05 20:30:00+03:00,7.3247,19.54,12.2153
2026-09-04 17:53:53.072286+03:00,2026-09-05 20:45:00+03:00,7.3745,17.8,10.4255
2026-09-04 17:53:53.072286+03:00,2026-09-05 21:00:00+03:00,7.3954,20.39,12.9946
2026-09-04 17:53:53.072286+03:00,2026-09-05 21:15:00+03:00,7.4352,19.38,11.9448
2026-09-04 17:53:53.072286+03:00,2026-09-05 21:30:00+03:00,7.4303,16.06,8.6297
2026-09-04 17:53:53.072286+03:00,2026-09-05 21:45:00+03:00,7.447,14.2,6.752999999999999
2026-09-04 17:53:53.072286+03:00,2026-09-05 22:00:00+03:00,7.4274,20.0,12.5726
2026-09-04 17:53:53.072286+03:00,2026-09-05 22:15:00+03:00,7.3458,14.62,7.274199999999999
2026-09-04 17:53:53.072286+03:00,2026-09-05 22:30:00+03:00,7.3583,13.19,5.8317
2026-09-04 17:53:53.072286+03:00,2026-09-05 22:45:00+03:00,7.3892,11.65,4.260800000000001
2026-09-04 17:53:53.072286+03:00,2026-09-05 23:00:00+03:00,7.4174,16.54,9.122599999999998
2026-09-04 17:53:53.072286+03:00,2026-09-05 23:15:00+03:00,7.3,11.76,4.46
2026-09-04 17:53:53.072286+03:00,2026-09-05 23:30:00+03:00,7.0465,10.0,2.9535
2026-09-04 17:53:53.072286+03:00,2026-09-05 23:45:00+03:00,7.0211,9.57,2.5489000000000006
2026-09-04 17:53:53.072286+03:00,2026-09-06 00:00:00+03:00,7.0392,10.0,2.9608
2026-09-04 17:53:53.072286+03:00,2026-09-06 00:15:00+03:00,7.0384,9.61,2.571599999999999
2026-09-04 17:53:53.072286+03:00,2026-09-06 00:30:00+03:00,7.0331,8.24,1.2069
2026-09-04 17:53:53.072286+03:00,2026-09-06 00:45:00+03:00,7.0661,7.16,0.0939000000000005
2026-09-04 17:53:53.072286+03:00,2026-09-06 01:00:00+03:00,7.0909,3.52,3.5709000000000004
2026-09-04 17:53:53.072286+03:00,2026-09-06 01:15:00+03:00,7.0737,3.52,3.5537
2026-09-04 17:53:53.072286+03:00,2026-09-06 01:30:00+03:00,7.0503,2.05,5.0003
2026-09-04 17:53:53.072286+03:00,2026-09-06 01:45:00+03:00,7.0655,2.0,5.0655
2026-09-04 17:53:53.072286+03:00,2026-09-06 02:00:00+03:00,7.1085,3.23,3.8785
2026-09-04 17:53:53.072286+03:00,2026-09-06 02:15:00+03:00,7.1202,2.05,5.0702
2026-09-04 17:53:53.072286+03:00,2026-09-06 02:30:00+03:00,7.0949,2.0,5.0949
2026-09-04 17:53:53.072286+03:00,2026-09-06 02:45:00+03:00,7.0906,2.0,5.0906
2026-09-04 17:53:53.072286+03:00,2026-09-06 03:00:00+03:00,7.119,2.0,5.119
2026-09-04 17:53:53.072286+03:00,2026-09-06 03:15:00+03:00,7.1349,2.0,5.1349
2026-09-04 17:53:53.072286+03:00,2026-09-06 03:30:00+03:00,7.1093,1.99,5.1193
2026-09-04 17:53:53.072286+03:00,2026-09-06 03:45:00+03:00,7.1038,1.99,5.1138
2026-09-04 17:53:53.072286+03:00,2026-09-06 04:00:00+03:00,7.1404,2.0,5.1404
2026-09-04 17:53:53.072286+03:00,2026-09-06 04:15:00+03:00,7.1861,1.99,5.1961
2026-09-04 17:53:53.072286+03:00,2026-09-06 04:30:00+03:00,7.1614,1.99,5.1714
2026-09-04 17:53:53.072286+03:00,2026-09-06 04:45:00+03:00,7.1585,1.99,5.1685
2026-09-04 17:53:53.072286+03:00,2026-09-06 05:00:00+03:00,7.2957,1.99,5.3057
2026-09-04 17:53:53.072286+03:00,2026-09-06 05:15:00+03:00,7.5517,1.99,5.5617
2026-09-04 17:53:53.072286+03:00,2026-09-06 05:30:00+03:00,7.8314,1.99,5.8414
2026-09-04 17:53:53.072286+03:00,2026-09-06 05:45:00+03:00,8.1382,1.99,6.148199999999999
2026-09-04 17:53:53.072286+03:00,2026-09-06 06:00:00+03:00,8.4089,2.0,6.408899999999999
2026-09-04 17:53:53.072286+03:00,2026-09-06 06:15:00+03:00,8.5561,2.0,6.556100000000001
2026-09-04 17:53:53.072286+03:00,2026-09-06 06:30:00+03:00,9.0424,2.0,7.042400000000001
2026-09-04 17:53:53.072286+03:00,2026-09-06 06:45:00+03:00,9.3844,2.0,7.384399999999999
2026-09-04 17:53:53.072286+03:00,2026-09-06 07:00:00+03:00,9.7147,2.0,7.714700000000001
2026-09-04 17:53:53.072286+03:00,2026-09-06 07:15:00+03:00,9.832,2.0,7.832000000000001
2026-09-04 17:53:53.072286+03:00,2026-09-06 07:30:00+03:00,10.1994,2.0,8.1994
2026-09-04 17:53:53.072286+03:00,2026-09-06 07:45:00+03:00,10.4914,2.42,8.0714
2026-09-04 17:53:53.072286+03:00,2026-09-06 08:00:00+03:00,10.3496,2.03,8.319600000000001
2026-09-04 17:53:53.072286+03:00,2026-09-06 08:15:00+03:00,10.3563,3.23,7.126299999999999
2026-09-04 17:53:53.072286+03:00,2026-09-06 08:30:00+03:00,10.3205,3.55,6.770499999999999
2026-09-04 17:53:53.072286+03:00,2026-09-06 08:45:00+03:00,10.3253,4.07,6.2553
2026-09-04 17:53:53.072286+03:00,2026-09-06 09:00:00+03:00,10.251,3.69,6.561
2026-09-04 17:53:53.072286+03:00,2026-09-06 09:15:00+03:00,10.1301,4.99,5.1401
2026-09-04 17:53:53.072286+03:00,2026-09-06 09:30:00+03:00,10.1355,5.46,4.6755
2026-09-04 17:53:53.072286+03:00,2026-09-06 09:45:00+03:00,10.1658,5.45,4.715800000000001
2026-09-04 17:53:53.072286+03:00,2026-09-06 10:00:00+03:00,10.186,5.29,4.896
2026-09-04 17:53:53.072286+03:00,2026-09-06 10:15:00+03:00,10.1188,6.13,3.9888
2026-09-04 17:53:53.072286+03:00,2026-09-06 10:30:00+03:00,10.1249,5.79,4.3349
2026-09-04 17:53:53.072286+03:00,2026-09-06 10:45:00+03:00,10.1555,3.68,6.4755
2026-09-04 17:53:53.072286+03:00,2026-09-06 11:00:00+03:00,10.1873,3.29,6.8973
2026-09-04 17:53:53.072286+03:00,2026-09-06 11:15:00+03:00,10.1096,3.26,6.849600000000001
2026-09-04 17:53:53.072286+03:00,2026-09-06 11:30:00+03:00,10.1175,3.23,6.887499999999999
2026-09-04 17:53:53.072286+03:00,2026-09-06 11:45:00+03:00,10.1496,3.02,7.1296
2026-09-04 17:53:53.072286+03:00,2026-09-06 12:00:00+03:00,10.1784,3.0,7.1784
2026-09-04 17:53:53.072286+03:00,2026-09-06 12:15:00+03:00,10.1054,2.51,7.5954
2026-09-04 17:53:53.072286+03:00,2026-09-06 12:30:00+03:00,10.1154,2.22,7.895399999999999
2026-09-04 17:53:53.072286+03:00,2026-09-06 12:45:00+03:00,10.1474,2.16,7.987399999999999
2026-09-04 17:53:53.072286+03:00,2026-09-06 13:00:00+03:00,10.1924,2.01,8.1824
2026-09-04 17:53:53.072286+03:00,2026-09-06 13:15:00+03:00,10.128,2.0,8.128
2026-09-04 17:53:53.072286+03:00,2026-09-06 13:30:00+03:00,10.1374,2.0,8.1374
2026-09-04 17:53:53.072286+03:00,2026-09-06 13:45:00+03:00,10.1727,2.0,8.1727
2026-09-04 17:53:53.072286+03:00,2026-09-06 14:00:00+03:00,10.2052,1.65,8.5552
2026-09-04 17:53:53.072286+03:00,2026-09-06 14:15:00+03:00,10.1757,1.57,8.6057
2026-09-04 17:53:53.072286+03:00,2026-09-06 14:30:00+03:00,10.173,1.89,8.283
2026-09-04 17:53:53.072286+03:00,2026-09-06 14:45:00+03:00,10.1985,1.57,8.628499999999999
2026-09-04 17:53:53.072286+03:00,2026-09-06 15:00:00+03:00,10.2211,1.99,8.2311
2026-09-04 17:53:53.072286+03:00,2026-09-06 15:15:00+03:00,10.3217,2.0,8.3217
2026-09-04 17:53:53.072286+03:00,2026-09-06 15:30:00+03:00,10.3352,2.43,7.905200000000001
2026-09-04 17:53:53.072286+03:00,2026-09-06 15:45:00+03:00,10.2993,3.52,6.779300000000001
2026-09-04 17:53:53.072286+03:00,2026-09-06 16:00:00+03:00,10.2866,3.23,7.0566
2026-09-04 17:53:53.072286+03:00,2026-09-06 16:15:00+03:00,10.3197,3.73,6.589699999999999
2026-09-04 17:53:53.072286+03:00,2026-09-06 16:30:00+03:00,10.3364,4.29,6.046399999999999
2026-09-04 17:53:53.072286+03:00,2026-09-06 16:45:00+03:00,10.3059,5.02,5.2859
2026-09-04 17:53:53.072286+03:00,2026-09-06 17:00:00+03:00,10.3106,3.78,6.5306000000000015
2026-09-04 17:53:53.072286+03:00,2026-09-06 17:15:00+03:00,10.3227,5.35,4.9727
2026-09-04 17:53:53.072286+03:00,2026-09-06 17:30:00+03:00,10.3221,12.56,2.2379
2026-09-04 17:53:53.072286+03:00,2026-09-06 17:45:00+03:00,10.2062,34.71,24.5038
2026-09-04 17:53:53.072286+03:00,2026-09-06 18:00:00+03:00,10.1828,19.34,9.1572
2026-09-04 17:53:53.072286+03:00,2026-09-06 18:15:00+03:00,10.1673,26.13,15.9627
2026-09-04 17:53:53.072286+03:00,2026-09-06 18:30:00+03:00,10.1922,33.66,23.4678
2026-09-04 17:53:53.072286+03:00,2026-09-06 18:45:00+03:00,10.1585,47.75,37.5915
2026-09-04 17:53:53.072286+03:00,2026-09-06 19:00:00+03:00,10.133,32.38,22.247000000000003
2026-09-04 17:53:53.072286+03:00,2026-09-06 19:15:00+03:00,10.0524,28.79,18.7376
2026-09-04 17:53:53.072286+03:00,2026-09-06 19:30:00+03:00,9.6871,32.69,23.0029
2026-09-04 17:53:53.072286+03:00,2026-09-06 19:45:00+03:00,9.2349,35.81,26.575100000000003
2026-09-04 17:53:53.072286+03:00,2026-09-06 20:00:00+03:00,8.7,30.92,22.22
2026-09-04 17:53:53.072286+03:00,2026-09-06 20:15:00+03:00,7.8829,32.31,24.427100000000003
2026-09-04 17:53:53.072286+03:00,2026-09-06 20:30:00+03:00,6.8537,31.74,24.8863
2026-09-04 17:53:53.072286+03:00,2026-09-06 20:45:00+03:00,5.6775,31.45,25.7725
2026-09-04 17:53:53.072286+03:00,2026-09-06 21:00:00+03:00,4.6888,33.59,28.901200000000003
2026-09-04 17:53:53.072286+03:00,2026-09-06 21:15:00+03:00,4.2566,33.87,29.6134
2026-09-04 17:53:53.072286+03:00,2026-09-06 21:30:00+03:00,3.5505,32.33,28.7795
2026-09-04 17:53:53.072286+03:00,2026-09-06 21:45:00+03:00,2.676,29.7,27.024
2026-09-04 17:53:53.072286+03:00,2026-09-06 22:00:00+03:00,1.8945,32.07,30.1755
2026-09-04 17:53:53.072286+03:00,2026-09-06 22:15:00+03:00,1.3089,31.61,30.3011
2026-09-04 17:53:53.072286+03:00,2026-09-06 22:30:00+03:00,0.8419,29.78,28.9381
2026-09-04 17:53:53.072286+03:00,2026-09-06 22:45:00+03:00,0.3161,27.99,27.6739
2026-09-04 17:53:53.072286+03:00,2026-09-06 23:00:00+03:00,0.059,30.29,30.231
2026-09-04 17:53:53.072286+03:00,2026-09-06 23:15:00+03:00,0.0223,29.24,29.2177
2026-09-04 17:53:53.072286+03:00,2026-09-06 23:30:00+03:00,0.0066,26.64,26.6334
2026-09-04 17:53:53.072286+03:00,2026-09-06 23:45:00+03:00,-0.0151,25.0,25.0151
2026-09-04 17:53:53.072286+03:00,2026-09-07 00:00:00+03:00,-0.0563,27.69,27.7463
2026-09-04 17:53:53.072286+03:00,2026-09-07 00:15:00+03:00,-0.0788,26.99,27.0688
2026-09-04 17:53:53.072286+03:00,2026-09-07 00:30:00+03:00,-0.0871,25.73,25.8171
2026-09-04 17:53:53.072286+03:00,2026-09-07 00:45:00+03:00,-0.0802,24.36,24.4402
2026-09-04 17:53:53.072286+03:00,2026-09-07 01:00:00+03:00,-0.1022,26.1,26.2022
2026-09-04 17:53:53.072286+03:00,2026-09-07 01:15:00+03:00,-0.191,24.99,25.181
2026-09-04 17:53:53.072286+03:00,2026-09-07 01:30:00+03:00,-0.2906,27.96,28.2506
2026-09-04 17:53:53.072286+03:00,2026-09-07 01:45:00+03:00,-0.3505,28.0,28.3505
2026-09-04 17:53:53.072286+03:00,2026-09-07 02:00:00+03:00,-0.2874,26.51,26.797400000000003
2026-09-04 17:53:53.072286+03:00,2026-09-07 02:15:00+03:00,-0.296,26.76,27.056
2026-09-04 17:53:53.072286+03:00,2026-09-07 02:30:00+03:00,-0.2565,27.2,27.4565
2026-09-04 17:53:53.072286+03:00,2026-09-07 02:45:00+03:00,-0.2622,28.85,29.1122
2026-09-04 17:53:53.072286+03:00,2026-09-07 03:00:00+03:00,-0.2209,26.25,26.4709
2026-09-04 17:53:53.072286+03:00,2026-09-07 03:15:00+03:00,-0.268,26.88,27.148
2026-09-04 17:53:53.072286+03:00,2026-09-07 03:30:00+03:00,-0.2536,27.38,27.6336
2026-09-04 17:53:53.072286+03:00,2026-09-07 03:45:00+03:00,-0.2502,29.94,30.1902
2026-09-04 17:53:53.072286+03:00,2026-09-07 04:00:00+03:00,-0.1843,26.02,26.2043
2026-09-04 17:53:53.072286+03:00,2026-09-07 04:15:00+03:00,-0.1421,28.67,28.8121
2026-09-04 17:53:53.072286+03:00,2026-09-07 04:30:00+03:00,-0.1252,28.0,28.1252
2026-09-04 17:53:53.072286+03:00,2026-09-07 04:45:00+03:00,-0.1217,27.28,27.4017
2026-09-04 17:53:53.072286+03:00,2026-09-07 05:00:00+03:00,-0.0982,29.07,29.1682
2026-09-04 17:53:53.072286+03:00,2026-09-07 05:15:00+03:00,0.0203,28.96,28.9397
2026-09-04 17:53:53.072286+03:00,2026-09-07 05:30:00+03:00,0.3248,30.49,30.1652
2026-09-04 17:53:53.072286+03:00,2026-09-07 05:45:00+03:00,0.4811,32.57,32.0889
2026-09-04 17:53:53.072286+03:00,2026-09-07 06:00:00+03:00,0.6463,33.4,32.7537
2026-09-04 17:53:53.072286+03:00,2026-09-07 06:15:00+03:00,0.9883,30.93,29.9417
2026-09-04 17:53:53.072286+03:00,2026-09-07 06:30:00+03:00,1.2125,33.82,32.6075
2026-09-04 17:53:53.072286+03:00,2026-09-07 06:45:00+03:00,1.4696,34.32,32.8504
2026-09-04 17:53:53.072286+03:00,2026-09-07 07:00:00+03:00,1.5503,34.6,33.0497
2026-09-04 17:53:53.072286+03:00,2026-09-07 07:15:00+03:00,1.8732,33.4,31.5268
2026-09-04 17:53:53.072286+03:00,2026-09-07 07:30:00+03:00,1.9915,41.0,39.0085
2026-09-04 17:53:53.072286+03:00,2026-09-07 07:45:00+03:00,2.0674,38.38,36.3126
2026-09-04 17:53:53.072286+03:00,2026-09-07 08:00:00+03:00,2.25,39.41,37.16
2026-09-04 17:53:53.072286+03:00,2026-09-07 08:15:00+03:00,2.423,39.7,37.277
2026-09-04 17:53:53.072286+03:00,2026-09-07 08:30:00+03:00,2.5388,35.7,33.1612
2026-09-04 17:53:53.072286+03:00,2026-09-07 08:45:00+03:00,2.7151,31.0,28.2849
2026-09-04 17:53:53.072286+03:00,2026-09-07 09:00:00+03:00,2.7965,37.69,34.8935
2026-09-04 17:53:53.072286+03:00,2026-09-07 09:15:00+03:00,2.8449,40.02,37.1751
2026-09-04 17:53:53.072286+03:00,2026-09-07 09:30:00+03:00,2.8211,33.53,30.7089
2026-09-04 17:53:53.072286+03:00,2026-09-07 09:45:00+03:00,2.828,35.99,33.162
2026-09-04 17:53:53.072286+03:00,2026-09-07 10:00:00+03:00,2.7986,43.14,40.3414
2026-09-04 17:53:53.072286+03:00,2026-09-07 10:15:00+03:00,2.785,38.09,35.30500000000001
2026-09-04 17:53:53.072286+03:00,2026-09-07 10:30:00+03:00,2.7922,33.13,30.3378
2026-09-04 17:53:53.072286+03:00,2026-09-07 10:45:00+03:00,2.7943,27.44,24.6457
2026-09-04 17:53:53.072286+03:00,2026-09-07 11:00:00+03:00,2.7702,43.51,40.7398
2026-09-04 17:53:53.072286+03:00,2026-09-07 11:15:00+03:00,2.7661,29.07,26.3039
2026-09-04 17:53:53.072286+03:00,2026-09-07 11:30:00+03:00,2.7753,29.04,26.2647
2026-09-04 17:53:53.072286+03:00,2026-09-07 11:45:00+03:00,2.778,24.99,22.212
2026-09-04 17:53:53.072286+03:00,2026-09-07 12:00:00+03:00,2.7823,37.98,35.1977
2026-09-04 17:53:53.072286+03:00,2026-09-07 12:15:00+03:00,2.783,32.56,29.777
2026-09-04 17:53:53.072286+03:00,2026-09-07 12:30:00+03:00,2.7848,31.72,28.9352
2026-09-04 17:53:53.072286+03:00,2026-09-07 12:45:00+03:00,2.7846,29.31,26.5254
2026-09-04 17:53:53.072286+03:00,2026-09-07 13:00:00+03:00,2.7751,37.77,34.9949
2026-09-04 17:53:53.072286+03:00,2026-09-07 13:15:00+03:00,2.7769,29.99,27.2131
2026-09-04 17:53:53.072286+03:00,2026-09-07 13:30:00+03:00,2.7778,27.43,24.6522
2026-09-04 17:53:53.072286+03:00,2026-09-07 13:45:00+03:00,2.7784,24.52,21.7416
2026-09-04 17:53:53.072286+03:00,2026-09-07 14:00:00+03:00,2.7782,38.24,35.461800000000004
2026-09-04 17:53:53.072286+03:00,2026-09-07 14:15:00+03:00,2.8017,28.24,25.4383
2026-09-04 17:53:53.072286+03:00,2026-09-07 14:30:00+03:00,2.8015,24.4,21.5985
2026-09-04 17:53:53.072286+03:00,2026-09-07 14:45:00+03:00,2.8001,20.45,17.6499
2026-09-04 17:53:53.072286+03:00,2026-09-07 15:00:00+03:00,2.7763,24.91,22.1337
2026-09-04 17:53:53.072286+03:00,2026-09-07 15:15:00+03:00,2.8194,25.11,22.2906
2026-09-04 17:53:53.072286+03:00,2026-09-07 15:30:00+03:00,2.8177,25.78,22.962300000000003
2026-09-04 17:53:53.072286+03:00,2026-09-07 15:45:00+03:00,2.8119,26.33,23.5181
2026-09-04 17:53:53.072286+03:00,2026-09-07 16:00:00+03:00,2.7901,24.57,21.7799
2026-09-04 17:53:53.072286+03:00,2026-09-07 16:15:00+03:00,2.8058,24.93,22.1242
2026-09-04 17:53:53.072286+03:00,2026-09-07 16:30:00+03:00,2.7918,25.14,22.3482
2026-09-04 17:53:53.072286+03:00,2026-09-07 16:45:00+03:00,2.7815,24.47,21.6885
2026-09-04 17:53:53.072286+03:00,2026-09-07 17:00:00+03:00,2.7671,26.84,24.0729
2026-09-04 17:53:53.072286+03:00,2026-09-07 17:15:00+03:00,2.8004,25.75,22.9496
2026-09-04 17:53:53.072286+03:00,2026-09-07 17:30:00+03:00,2.7811,25.0,22.2189
2026-09-04 17:53:53.072286+03:00,2026-09-07 17:45:00+03:00,2.7591,22.36,19.6009
2026-09-04 17:53:53.072286+03:00,2026-09-07 18:00:00+03:00,2.7563,38.22,35.4637
2026-09-04 17:53:53.072286+03:00,2026-09-07 18:15:00+03:00,2.7786,29.07,26.2914
2026-09-04 17:53:53.072286+03:00,2026-09-07 18:30:00+03:00,2.7498,22.59,19.8402
2026-09-04 17:53:53.072286+03:00,2026-09-07 18:45:00+03:00,2.7478,14.15,11.4022
2026-09-04 17:53:53.072286+03:00,2026-09-07 19:00:00+03:00,2.7839,45.0,42.2161
2026-09-04 17:53:53.072286+03:00,2026-09-07 19:15:00+03:00,2.7446,29.96,27.2154
2026-09-04 17:53:53.072286+03:00,2026-09-07 19:30:00+03:00,2.5612,21.86,19.2988
2026-09-04 17:53:53.072286+03:00,2026-09-07 19:45:00+03:00,2.4703,9.99,7.5197
2026-09-04 17:53:53.072286+03:00,2026-09-07 20:00:00+03:00,2.2421,32.59,30.347900000000003
2026-09-04 17:53:53.072286+03:00,2026-09-07 20:15:00+03:00,2.0365,23.09,21.0535
2026-09-04 17:53:53.072286+03:00,2026-09-07 20:30:00+03:00,1.8535,12.62,10.7665
2026-09-04 17:53:53.072286+03:00,2026-09-07 20:45:00+03:00,1.518,8.0,6.482
2026-09-04 17:53:53.072286+03:00,2026-09-07 21:00:00+03:00,1.1572,9.4,8.2428
2026-09-04 17:53:53.072286+03:00,2026-09-07 21:15:00+03:00,0.8805,6.58,5.6995000000000005
2026-09-04 17:53:53.072286+03:00,2026-09-07 21:30:00+03:00,0.6604,4.99,4.3296
2026-09-04 17:53:53.072286+03:00,2026-09-07 21:45:00+03:00,0.2983,4.38,4.0817
2026-09-04 17:53:53.072286+03:00,2026-09-07 22:00:00+03:00,-0.0219,5.39,5.411899999999999
2026-09-04 17:53:53.072286+03:00,2026-09-07 22:15:00+03:00,-0.1553,5.37,5.5253
2026-09-04 17:53:53.072286+03:00,2026-09-07 22:30:00+03:00,-0.275,5.32,5.595000000000001
2026-09-04 17:53:53.072286+03:00,2026-09-07 22:45:00+03:00,-0.4261,4.95,5.3761
2026-09-04 17:53:53.072286+03:00,2026-09-07 23:00:00+03:00,-0.625,4.05,4.675
2026-09-04 17:53:53.072286+03:00,2026-09-07 23:15:00+03:00,-0.9586,3.58,4.5386
2026-09-04 17:53:53.072286+03:00,2026-09-07 23:30:00+03:00,-1.0533,3.35,4.4033
2026-09-04 17:53:53.072286+03:00,2026-09-07 23:45:00+03:00,-1.2876,3.2,4.4876000000000005
2026-09-04 17:53:53.072286+03:00,2026-09-08 00:00:00+03:00,-1.2343,2.82,4.0543
2026-09-04 17:53:53.072286+03:00,2026-09-08 00:15:00+03:00,-1.2576,2.0,3.2576
2026-09-04 17:53:53.072286+03:00,2026-09-08 00:30:00+03:00,-1.1988,1.99,3.1888
2026-09-04 17:53:53.072286+03:00,2026-09-08 00:45:00+03:00,-1.1976,1.55,2.7476000000000003
2026-09-04 17:53:53.072286+03:00,2026-09-08 01:00:00+03:00,-1.2103,2.03,3.2402999999999995
2026-09-04 17:53:53.072286+03:00,2026-09-08 01:15:00+03:00,-1.2473,2.0,3.2473
2026-09-04 17:53:53.072286+03:00,2026-09-08 01:30:00+03:00,-1.21,2.0,3.21
2026-09-04 17:53:53.072286+03:00,2026-09-08 01:45:00+03:00,-1.2065,1.99,3.1965
2026-09-04 17:53:53.072286+03:00,2026-09-08 02:00:00+03:00,-1.1758,1.88,3.0558
2026-09-04 17:53:53.072286+03:00,2026-09-08 02:15:00+03:00,-1.2181,1.51,2.7281
2026-09-04 17:53:53.072286+03:00,2026-09-08 02:30:00+03:00,-1.1936,1.32,2.5136000000000003
2026-09-04 17:53:53.072286+03:00,2026-09-08 02:45:00+03:00,-1.1955,1.15,2.3455
2026-09-04 17:53:53.072286+03:00,2026-09-08 03:00:00+03:00,-1.167,1.4,2.567
2026-09-04 17:53:53.072286+03:00,2026-09-08 03:15:00+03:00,-1.1914,1.21,2.4014
2026-09-04 17:53:53.072286+03:00,2026-09-08 03:30:00+03:00,-1.181,1.5,2.681
2026-09-04 17:53:53.072286+03:00,2026-09-08 03:45:00+03:00,-1.184,1.13,2.314
2026-09-04 17:53:53.072286+03:00,2026-09-08 04:00:00+03:00,-1.1357,1.16,2.2957
2026-09-04 17:53:53.072286+03:00,2026-09-08 04:15:00+03:00,-1.143,1.47,2.613
2026-09-04 17:53:53.072286+03:00,2026-09-08 04:30:00+03:00,-1.1285,1.04,2.1685
2026-09-04 17:53:53.072286+03:00,2026-09-08 04:45:00+03:00,-1.1257,1.12,2.2457000000000003
2026-09-04 17:53:53.072286+03:00,2026-09-08 05:00:00+03:00,-1.1915,1.96,3.1515
2026-09-04 17:53:53.072286+03:00,2026-09-08 05:15:00+03:00,-1.1617,1.99,3.1517
2026-09-04 17:53:53.072286+03:00,2026-09-08 05:30:00+03:00,-1.1809,1.99,3.1709
2026-09-04 17:53:53.072286+03:00,2026-09-08 05:45:00+03:00,-1.1951,2.0,3.1951
2026-09-04 17:53:53.072286+03:00,2026-09-08 06:00:00+03:00,-1.1684,2.0,3.1684
2026-09-04 17:53:53.072286+03:00,2026-09-08 06:15:00+03:00,-1.1498,2.33,3.4798
2026-09-04 17:53:53.072286+03:00,2026-09-08 06:30:00+03:00,-1.1673,3.5,4.6673
2026-09-04 17:53:53.072286+03:00,2026-09-08 06:45:00+03:00,-1.1694,3.75,4.9194
2026-09-04 17:53:53.072286+03:00,2026-09-08 07:00:00+03:00,-1.1644,3.64,4.8044
2026-09-04 17:53:53.072286+03:00,2026-09-08 07:15:00+03:00,-1.1494,3.56,4.7094000000000005
2026-09-04 17:53:53.072286+03:00,2026-09-08 07:30:00+03:00,-1.1697,3.53,4.6997
2026-09-04 17:53:53.072286+03:00,2026-09-08 07:45:00+03:00,-1.1739,3.53,4.7039
2026-09-04 17:53:53.072286+03:00,2026-09-08 08:00:00+03:00,-1.1016,3.68,4.7816
2026-09-04 17:53:53.072286+03:00,2026-09-08 08:15:00+03:00,-1.1292,3.53,4.6592
2026-09-04 17:53:53.072286+03:00,2026-09-08 08:30:00+03:00,-1.0942,3.52,4.6142
2026-09-04 17:53:53.072286+03:00,2026-09-08 08:45:00+03:00,-1.0922,3.52,4.6122
2026-09-04 17:53:53.072286+03:00,2026-09-08 09:00:00+03:00,-1.1327,4.99,6.1227
2026-09-04 17:53:53.072286+03:00,2026-09-08 09:15:00+03:00,-1.1605,4.94,6.1005
2026-09-04 17:53:53.072286+03:00,2026-09-08 09:30:00+03:00,-1.1584,4.0,5.1584
2026-09-04 17:53:53.072286+03:00,2026-09-08 09:45:00+03:00,-1.1573,3.69,4.8473
2026-09-04 17:53:53.072286+03:00,2026-09-08 10:00:00+03:00,-1.1592,4.99,6.1492
2026-09-04 17:53:53.072286+03:00,2026-09-08 10:15:00+03:00,-1.1773,4.01,5.1873
2026-09-04 17:53:53.072286+03:00,2026-09-08 10:30:00+03:00,-1.1668,4.0,5.1668
2026-09-04 17:53:53.072286+03:00,2026-09-08 10:45:00+03:00,-1.1684,3.53,4.6984
2026-09-04 17:53:53.072286+03:00,2026-09-08 11:00:00+03:00,-1.1619,3.48,4.6419
2026-09-04 17:53:53.072286+03:00,2026-09-08 11:15:00+03:00,-1.1886,3.24,4.4286
2026-09-04 17:53:53.072286+03:00,2026-09-08 11:30:00+03:00,-1.1771,3.53,4.7071
2026-09-04 17:53:53.072286+03:00,2026-09-08 11:45:00+03:00,-1.1773,3.55,4.7273
2026-09-04 17:53:53.072286+03:00,2026-09-08 12:00:00+03:00,-1.1616,3.61,4.771599999999999
2026-09-04 17:53:53.072286+03:00,2026-09-08 12:15:00+03:00,-1.1794,3.69,4.8694
2026-09-04 17:53:53.072286+03:00,2026-09-08 12:30:00+03:00,-1.1705,4.0,5.1705000000000005
2026-09-04 17:53:53.072286+03:00,2026-09-08 12:45:00+03:00,-1.1752,4.0,5.1752
2026-09-04 17:53:53.072286+03:00,2026-09-08 13:00:00+03:00,-1.1662,4.01,5.1762
2026-09-04 17:53:53.072286+03:00,2026-09-08 13:15:00+03:00,-1.1828,4.98,6.162800000000001
2026-09-04 17:53:53.072286+03:00,2026-09-08 13:30:00+03:00,-1.1753,4.99,6.1653
2026-09-04 17:53:53.072286+03:00,2026-09-08 13:45:00+03:00,-1.1791,5.01,6.1891
2026-09-04 17:53:53.072286+03:00,2026-09-08 14:00:00+03:00,-1.1728,5.0,6.1728000000000005
2026-09-04 17:53:53.072286+03:00,2026-09-08 14:15:00+03:00,-1.1752,5.18,6.3552
2026-09-04 17:53:53.072286+03:00,2026-09-08 14:30:00+03:00,-1.1584,5.35,6.5084
2026-09-04 17:53:53.072286+03:00,2026-09-08 14:45:00+03:00,-1.1595,5.71,6.8695
2026-09-04 17:53:53.072286+03:00,2026-09-08 15:00:00+03:00,-1.1228,5.29,6.4128
2026-09-04 17:53:53.072286+03:00,2026-09-08 15:15:00+03:00,-1.1029,7.0,8.1029
2026-09-04 17:53:53.072286+03:00,2026-09-08 15:30:00+03:00,-1.0843,9.99,11.0743
2026-09-04 17:53:53.072286+03:00,2026-09-08 15:45:00+03:00,-1.081,14.52,15.601
2026-09-04 17:53:53.072286+03:00,2026-09-08 16:00:00+03:00,-1.0811,10.21,11.2911
2026-09-04 17:53:53.072286+03:00,2026-09-08 16:15:00+03:00,-1.0839,14.72,15.8039
2026-09-04 17:53:53.072286+03:00,2026-09-08 16:30:00+03:00,-1.0603,17.79,18.8503
2026-09-04 17:53:53.072286+03:00,2026-09-08 16:45:00+03:00,-1.0607,24.01,25.0707
2026-09-04 17:53:53.072286+03:00,2026-09-08 17:00:00+03:00,-1.0678,9.99,11.0578
2026-09-04 17:53:53.072286+03:00,2026-09-08 17:15:00+03:00,-1.0615,17.75,18.8115
2026-09-04 17:53:53.072286+03:00,2026-09-08 17:30:00+03:00,-1.039,41.05,42.089
2026-09-04 17:53:53.072286+03:00,2026-09-08 17:45:00+03:00,-0.8239,67.58,68.4039
2026-09-04 17:53:53.072286+03:00,2026-09-08 18:00:00+03:00,-0.8344,40.05,40.8844
2026-09-04 17:53:53.072286+03:00,2026-09-08 18:15:00+03:00,-0.874,50.0,50.874
2026-09-04 17:53:53.072286+03:00,2026-09-08 18:30:00+03:00,-0.8046,63.02,63.8246
2026-09-04 17:53:53.072286+03:00,2026-09-08 18:45:00+03:00,-0.5963,76.07,76.66629999999999
2026-09-04 17:53:53.072286+03:00,2026-09-08 19:00:00+03:00,-0.5834,50.0,50.5834
2026-09-04 17:53:53.072286+03:00,2026-09-08 19:15:00+03:00,-0.6735,50.0,50.6735
2026-09-04 17:53:53.072286+03:00,2026-09-08 19:30:00+03:00,-0.562,59.93,60.492
2026-09-04 17:53:53.072286+03:00,2026-09-08 19:45:00+03:00,-0.4096,80.58,80.9896
2026-09-04 17:53:53.072286+03:00,2026-09-08 20:00:00+03:00,-0.4027,49.99,50.392700000000005
2026-09-04 17:53:53.072286+03:00,2026-09-08 20:15:00+03:00,-0.5352,55.58,56.1152
2026-09-04 17:53:53.072286+03:00,2026-09-08 20:30:00+03:00,-0.4663,69.37,69.83630000000001
2026-09-04 17:53:53.072286+03:00,2026-09-08 20:45:00+03:00,-0.4739,65.48,65.9539
2026-09-04 17:53:53.072286+03:00,2026-09-08 21:00:00+03:00,-0.5545,52.23,52.7845
2026-09-04 17:53:53.072286+03:00,2026-09-08 21:15:00+03:00,-0.5928,50.0,50.5928
2026-09-04 17:53:53.072286+03:00,2026-09-08 21:30:00+03:00,-0.7192,45.87,46.5892
2026-09-04 17:53:53.072286+03:00,2026-09-08 21:45:00+03:00,-0.7202,38.94,39.6602
2026-09-04 17:53:53.072286+03:00,2026-09-08 22:00:00+03:00,-0.7717,50.0,50.7717
2026-09-04 17:53:53.072286+03:00,2026-09-08 22:15:00+03:00,-0.8708,46.37,47.2408
2026-09-04 17:53:53.072286+03:00,2026-09-08 22:30:00+03:00,-0.9836,38.95,39.933600000000006
2026-09-04 17:53:53.072286+03:00,2026-09-08 22:45:00+03:00,-1.0006,36.16,37.1606
2026-09-04 17:53:53.072286+03:00,2026-09-08 23:00:00+03:00,-0.9995,42.78,43.7795
2026-09-04 17:53:53.072286+03:00,2026-09-08 23:15:00+03:00,-1.1299,36.35,37.4799
2026-09-04 17:53:53.072286+03:00,2026-09-08 23:30:00+03:00,-1.2784,38.14,39.4184
2026-09-04 17:53:53.072286+03:00,2026-09-08 23:45:00+03:00,-1.273,37.57,38.843
2026-09-04 17:53:53.072286+03:00,2026-09-09 00:00:00+03:00,-1.2109,42.96,44.1709
2026-09-04 17:53:53.072286+03:00,2026-09-09 00:15:00+03:00,-1.236,39.08,40.316
2026-09-04 17:53:53.072286+03:00,2026-09-09 00:30:00+03:00,-1.1986,34.04,35.2386
2026-09-04 17:53:53.072286+03:00,2026-09-09 00:45:00+03:00,-1.1988,28.07,29.2688
2026-09-04 17:53:53.072286+03:00,2026-09-09 01:00:00+03:00,-1.19,35.1,36.29
2026-09-04 17:53:53.072286+03:00,2026-09-09 01:15:00+03:00,-1.2436,37.47,38.7136
2026-09-04 17:53:53.072286+03:00,2026-09-09 01:30:00+03:00,-1.2169,37.44,38.6569
2026-09-04 17:53:53.072286+03:00,2026-09-09 01:45:00+03:00,-1.2155,37.74,38.9555
2026-09-04 17:53:53.072286+03:00,2026-09-09 02:00:00+03:00,-1.1578,36.67,37.8278
2026-09-04 17:53:53.072286+03:00,2026-09-09 02:15:00+03:00,-1.2248,37.17,38.3948
2026-09-04 17:53:53.072286+03:00,2026-09-09 02:30:00+03:00,-1.2024,37.33,38.5324
2026-09-04 17:53:53.072286+03:00,2026-09-09 02:45:00+03:00,-1.2046,38.81,40.0146
2026-09-04 17:53:53.072286+03:00,2026-09-09 03:00:00+03:00,-1.1597,36.0,37.1597
2026-09-04 17:53:53.072286+03:00,2026-09-09 03:15:00+03:00,-1.21,36.7,37.91
2026-09-04 17:53:53.072286+03:00,2026-09-09 03:30:00+03:00,-1.1986,37.6,38.7986
2026-09-04 17:53:53.072286+03:00,2026-09-09 03:45:00+03:00,-1.2007,37.5,38.7007
2026-09-04 17:53:53.072286+03:00,2026-09-09 04:00:00+03:00,-1.1351,34.53,35.6651
2026-09-04 17:53:53.072286+03:00,2026-09-09 04:15:00+03:00,-1.1427,37.48,38.6227
2026-09-04 17:53:53.072286+03:00,2026-09-09 04:30:00+03:00,-1.135,37.32,38.455
2026-09-04 17:53:53.072286+03:00,2026-09-09 04:45:00+03:00,-1.1353,39.28,40.4153
2026-09-04 17:53:53.072286+03:00,2026-09-09 05:00:00+03:00,-1.1906,34.2,35.390600000000006
2026-09-04 17:53:53.072286+03:00,2026-09-09 05:15:00+03:00,-1.1631,37.15,38.3131
2026-09-04 17:53:53.072286+03:00,2026-09-09 05:30:00+03:00,-1.1853,40.3,41.4853
2026-09-04 17:53:53.072286+03:00,2026-09-09 05:45:00+03:00,-1.1973,44.32,45.5173
2026-09-04 17:53:53.072286+03:00,2026-09-09 06:00:00+03:00,-1.1711,30.44,31.6111
2026-09-04 17:53:53.072286+03:00,2026-09-09 06:15:00+03:00,-1.1551,39.12,40.2751
2026-09-04 17:53:53.072286+03:00,2026-09-09 06:30:00+03:00,-1.1715,50.0,51.1715
2026-09-04 17:53:53.072286+03:00,2026-09-09 06:45:00+03:00,-1.169,61.83,62.999
2026-09-04 17:53:53.072286+03:00,2026-09-09 07:00:00+03:00,-1.1686,53.7,54.8686
2026-09-04 17:53:53.072286+03:00,2026-09-09 07:15:00+03:00,-1.1664,61.32,62.4864
2026-09-04 17:53:53.072286+03:00,2026-09-09 07:30:00+03:00,-1.1798,83.06,84.2398
2026-09-04 17:53:53.072286+03:00,2026-09-09 07:45:00+03:00,-1.1812,96.34,97.5212
2026-09-04 17:53:53.072286+03:00,2026-09-09 08:00:00+03:00,-1.1098,129.29,130.3998
2026-09-04 17:53:53.072286+03:00,2026-09-09 08:15:00+03:00,-1.1427,130.0,131.1427
2026-09-04 17:53:53.072286+03:00,2026-09-09 08:30:00+03:00,-1.0974,134.99,136.0874
2026-09-04 17:53:53.072286+03:00,2026-09-09 08:45:00+03:00,-1.0932,111.41,112.5032
2026-09-04 17:53:53.072286+03:00,2026-09-09 09:00:00+03:00,-1.1165,136.46,137.5765
2026-09-04 17:53:53.072286+03:00,2026-09-09 09:15:00+03:00,-1.1692,134.99,136.1592
2026-09-04 17:53:53.072286+03:00,2026-09-09 09:30:00+03:00,-1.1518,129.75,130.9018
2026-09-04 17:53:53.072286+03:00,2026-09-09 09:45:00+03:00,-1.15,135.09,136.24
2026-09-04 17:53:53.072286+03:00,2026-09-09 10:00:00+03:00,-1.1653,150.99,152.1553
2026-09-04 17:53:53.072286+03:00,2026-09-09 10:15:00+03:00,-1.195,137.38,138.575
2026-09-04 17:53:53.072286+03:00,2026-09-09 10:30:00+03:00,-1.1659,117.51,118.6759
2026-09-04 17:53:53.072286+03:00,2026-09-09 10:45:00+03:00,-1.1638,126.29,127.4538
2026-09-04 17:53:53.072286+03:00,2026-09-09 11:00:00+03:00,-1.1706,127.77,128.9406
2026-09-04 17:53:53.072286+03:00,2026-09-09 11:15:00+03:00,-1.1942,122.19,123.3842
2026-09-04 17:53:53.072286+03:00,2026-09-09 11:30:00+03:00,-1.1758,106.28,107.4558
2026-09-04 17:53:53.072286+03:00,2026-09-09 11:45:00+03:00,-1.1788,97.56,98.7388
2026-09-04 17:53:53.072286+03:00,2026-09-09 12:00:00+03:00,-1.1643,106.2,107.3643
2026-09-04 17:53:53.072286+03:00,2026-09-09 12:15:00+03:00,-1.1865,99.05,100.2365
2026-09-04 17:53:53.072286+03:00,2026-09-09 12:30:00+03:00,-1.1752,89.15,90.3252
2026-09-04 17:53:53.072286+03:00,2026-09-09 12:45:00+03:00,-1.1732,77.79,78.9632
2026-09-04 17:53:53.072286+03:00,2026-09-09 13:00:00+03:00,-1.1692,92.93,94.0992
2026-09-04 17:53:53.072286+03:00,2026-09-09 13:15:00+03:00,-1.1945,84.52,85.7145
2026-09-04 17:53:53.072286+03:00,2026-09-09 13:30:00+03:00,-1.1847,75.97,77.1547
2026-09-04 17:53:53.072286+03:00,2026-09-09 13:45:00+03:00,-1.1808,68.85,70.0308
2026-09-04 17:53:53.072286+03:00,2026-09-09 14:00:00+03:00,-1.1721,77.84,79.0121
2026-09-04 17:53:53.072286+03:00,2026-09-09 14:15:00+03:00,-1.1733,69.67,70.8433
2026-09-04 17:53:53.072286+03:00,2026-09-09 14:30:00+03:00,-1.1656,61.48,62.6456
2026-09-04 17:53:53.072286+03:00,2026-09-09 14:45:00+03:00,-1.1646,60.0,61.1646
2026-09-04 17:53:53.072286+03:00,2026-09-09 15:00:00+03:00,-1.116,60.0,61.116
2026-09-04 17:53:53.072286+03:00,2026-09-09 15:15:00+03:00,-1.0976,61.18,62.2776
2026-09-04 17:53:53.072286+03:00,2026-09-09 15:30:00+03:00,-1.087,59.21,60.297
2026-09-04 17:53:53.072286+03:00,2026-09-09 15:45:00+03:00,-1.084,61.34,62.42400000000001
2026-09-04 17:53:53.072286+03:00,2026-09-09 16:00:00+03:00,-1.0579,57.69,58.7479
2026-09-04 17:53:53.072286+03:00,2026-09-09 16:15:00+03:00,-1.0551,66.67,67.7251
2026-09-04 17:53:53.072286+03:00,2026-09-09 16:30:00+03:00,-1.0411,74.96,76.0011
2026-09-04 17:53:53.072286+03:00,2026-09-09 16:45:00+03:00,-0.8185,78.52,79.3385
2026-09-04 17:53:53.072286+03:00,2026-09-09 17:00:00+03:00,-0.8089,63.49,64.2989
2026-09-04 17:53:53.072286+03:00,2026-09-09 17:15:00+03:00,-0.6486,83.76,84.4086
2026-09-04 17:53:53.072286+03:00,2026-09-09 17:30:00+03:00,-0.5053,109.95,110.4553
2026-09-04 17:53:53.072286+03:00,2026-09-09 17:45:00+03:00,-0.3429,139.99,140.3329
2026-09-04 17:53:53.072286+03:00,2026-09-09 18:00:00+03:00,-0.071,147.08,147.151
2026-09-04 17:53:53.072286+03:00,2026-09-09 18:15:00+03:00,0.0063,214.81,214.8037
2026-09-04 17:53:53.072286+03:00,2026-09-09 18:30:00+03:00,0.1834,156.08,155.8966
2026-09-04 17:53:53.072286+03:00,2026-09-09 18:45:00+03:00,0.21,230.03,229.82
2026-09-04 17:53:53.072286+03:00,2026-09-09 19:00:00+03:00,0.3931,194.42,194.0269
2026-09-04 17:53:53.072286+03:00,2026-09-09 19:15:00+03:00,0.634,205.21,204.576
2026-09-04 17:53:53.072286+03:00,2026-09-09 19:30:00+03:00,0.7936,198.37,197.5764
2026-09-04 17:53:53.072286+03:00,2026-09-09 19:45:00+03:00,0.9989,149.99,148.99110000000002
2026-09-04 17:53:53.072286+03:00,2026-09-09 20:00:00+03:00,1.0688,184.8,183.7312
2026-09-04 17:53:53.072286+03:00,2026-09-09 20:15:00+03:00,1.1318,193.22,192.0882
2026-09-04 17:53:53.072286+03:00,2026-09-09 20:30:00+03:00,1.1224,200.0,198.8776
2026-09-04 17:53:53.072286+03:00,2026-09-09 20:45:00+03:00,1.1357,221.98,220.8443
2026-09-04 17:53:53.072286+03:00,2026-09-09 21:00:00+03:00,1.1378,211.7,210.5622
2026-09-04 17:53:53.072286+03:00,2026-09-09 21:15:00+03:00,1.1221,189.26,188.1379
2026-09-04 17:53:53.072286+03:00,2026-09-09 21:30:00+03:00,1.1297,223.99,222.8603
2026-09-04 17:53:53.072286+03:00,2026-09-09 21:45:00+03:00,1.1299,189.23,188.1001
2026-09-04 17:53:53.072286+03:00,2026-09-09 22:00:00+03:00,1.2781,196.0,194.7219
2026-09-04 17:53:53.072286+03:00,2026-09-09 22:15:00+03:00,1.2612,190.07,188.8088
2026-09-04 17:53:53.072286+03:00,2026-09-09 22:30:00+03:00,1.3076,194.31,193.0024
2026-09-04 17:53:53.072286+03:00,2026-09-09 22:45:00+03:00,1.3297,151.0,149.6703
2026-09-04 17:53:53.072286+03:00,2026-09-09 23:00:00+03:00,1.4629,151.55,150.08710000000002
2026-09-04 17:53:53.072286+03:00,2026-09-09 23:15:00+03:00,1.278,118.67,117.392
2026-09-04 17:53:53.072286+03:00,2026-09-09 23:30:00+03:00,1.2631,114.99,113.7269
2026-09-04 17:53:53.072286+03:00,2026-09-09 23:45:00+03:00,1.2967,63.12,61.8233
2026-09-04 17:53:53.072286+03:00,2026-09-10 00:00:00+03:00,1.3717,75.46,74.08829999999999
2026-09-04 17:53:53.072286+03:00,2026-09-10 00:15:00+03:00,1.439,70.0,68.561
2026-09-04 17:53:53.072286+03:00,2026-09-10 00:30:00+03:00,1.4877,47.34,45.85230000000001
2026-09-04 17:53:53.072286+03:00,2026-09-10 00:45:00+03:00,1.7403,33.03,31.2897
2026-09-04 17:53:53.072286+03:00,2026-09-10 01:00:00+03:00,1.8737,135.76,133.88629999999998
2026-09-04 17:53:53.072286+03:00,2026-09-10 01:15:00+03:00,1.9609,81.05,79.0891
2026-09-04 17:53:53.072286+03:00,2026-09-10 01:30:00+03:00,2.1108,59.45,57.339200000000005
2026-09-04 17:53:53.072286+03:00,2026-09-10 01:45:00+03:00,2.2506,34.66,32.4094
2026-09-04 17:53:53.072286+03:00,2026-09-10 02:00:00+03:00,2.3693,93.86,91.4907
2026-09-04 17:53:53.072286+03:00,2026-09-10 02:15:00+03:00,2.4325,57.01,54.5775
2026-09-04 17:53:53.072286+03:00,2026-09-10 02:30:00+03:00,2.4382,55.09,52.6518
2026-09-04 17:53:53.072286+03:00,2026-09-10 02:45:00+03:00,2.39,34.04,31.65
2026-09-04 17:53:53.072286+03:00,2026-09-10 03:00:00+03:00,2.3797,57.03,54.6503
2026-09-04 17:53:53.072286+03:00,2026-09-10 03:15:00+03:00,2.3756,51.76,49.3844
2026-09-04 17:53:53.072286+03:00,2026-09-10 03:30:00+03:00,2.3839,39.99,37.606100000000005
2026-09-04 17:53:53.072286+03:00,2026-09-10 03:45:00+03:00,2.3832,29.99,27.6068
2026-09-04 17:53:53.072286+03:00,2026-09-10 04:00:00+03:00,2.381,57.14,54.759
2026-09-04 17:53:53.072286+03:00,2026-09-10 04:15:00+03:00,2.4427,55.13,52.6873
2026-09-04 17:53:53.072286+03:00,2026-09-10 04:30:00+03:00,2.4253,40.0,37.5747
2026-09-04 17:53:53.072286+03:00,2026-09-10 04:45:00+03:00,2.4191,33.52,31.100900000000003
2026-09-04 17:53:53.072286+03:00,2026-09-10 05:00:00+03:00,2.3998,28.0,25.6002
2026-09-04 17:53:53.072286+03:00,2026-09-10 05:15:00+03:00,2.5983,55.02,52.4217
2026-09-04 17:53:53.072286+03:00,2026-09-10 05:30:00+03:00,2.6894,57.95,55.2606
2026-09-04 17:53:53.072286+03:00,2026-09-10 05:45:00+03:00,2.8126,49.94,47.1274
2026-09-04 17:53:53.072286+03:00,2026-09-10 06:00:00+03:00,2.9871,27.99,25.0029
2026-09-04 17:53:53.072286+03:00,2026-09-10 06:15:00+03:00,3.4768,34.12,30.6432
2026-09-04 17:53:53.072286+03:00,2026-09-10 06:30:00+03:00,3.9036,40.95,37.046400000000006
2026-09-04 17:53:53.072286+03:00,2026-09-10 06:45:00+03:00,4.3927,60.0,55.6073
2026-09-04 17:53:53.072286+03:00,2026-09-10 07:00:00+03:00,4.588,98.02,93.432
2026-09-04 17:53:53.072286+03:00,2026-09-10 07:15:00+03:00,5.7358,81.04,75.30420000000001
2026-09-04 17:53:53.072286+03:00,2026-09-10 07:30:00+03:00,6.6575,58.89,52.2325
2026-09-04 17:53:53.072286+03:00,2026-09-10 07:45:00+03:00,7.5255,54.19,46.6645
2026-09-04 17:53:53.072286+03:00,2026-09-10 08:00:00+03:00,8.2913,75.04,66.74870000000001
2026-09-04 17:53:53.072286+03:00,2026-09-10 08:15:00+03:00,8.7203,79.07,70.3497
2026-09-04 17:53:53.072286+03:00,2026-09-10 08:30:00+03:00,9.1483,84.6,75.45169999999999
2026-09-04 17:53:53.072286+03:00,2026-09-10 08:45:00+03:00,9.4719,79.46,69.98809999999999
2026-09-04 17:53:53.072286+03:00,2026-09-10 09:00:00+03:00,9.7966,102.8,93.0034
2026-09-04 17:53:53.072286+03:00,2026-09-10 09:15:00+03:00,9.9009,87.39,77.48910000000001
2026-09-04 17:53:53.072286+03:00,2026-09-10 09:30:00+03:00,9.7492,74.18,64.4308
2026-09-04 17:53:53.072286+03:00,2026-09-10 09:45:00+03:00,9.7901,54.91,45.1199
2026-09-04 17:53:53.072286+03:00,2026-09-10 10:00:00+03:00,9.816,87.6,77.78399999999999
2026-09-04 17:53:53.072286+03:00,2026-09-10 10:15:00+03:00,9.7212,50.01,40.2888
2026-09-04 17:53:53.072286+03:00,2026-09-10 10:30:00+03:00,9.3205,88.57,79.2495
2026-09-04 17:53:53.072286+03:00,2026-09-10 10:45:00+03:00,9.332,54.41,45.078
2026-09-04 17:53:53.072286+03:00,2026-09-10 11:00:00+03:00,9.3205,77.17,67.8495
2026-09-04 17:53:53.072286+03:00,2026-09-10 11:15:00+03:00,9.2529,46.9,37.6471
2026-09-04 17:53:53.072286+03:00,2026-09-10 11:30:00+03:00,8.8122,41.28,32.4678
2026-09-04 17:53:53.072286+03:00,2026-09-10 11:45:00+03:00,8.4068,40.77,32.363200000000006
2026-09-04 17:53:53.072286+03:00,2026-09-10 12:00:00+03:00,7.8332,40.85,33.0168
2026-09-04 17:53:53.072286+03:00,2026-09-10 12:15:00+03:00,7.2635,40.96,33.6965
2026-09-04 17:53:53.072286+03:00,2026-09-10 12:30:00+03:00,6.5132,40.95,34.436800000000005
2026-09-04 17:53:53.072286+03:00,2026-09-10 12:45:00+03:00,5.6555,39.34,33.6845
2026-09-04 17:53:53.072286+03:00,2026-09-10 13:00:00+03:00,4.7003,47.28,42.5797
2026-09-04 17:53:53.072286+03:00,2026-09-10 13:15:00+03:00,4.0015,39.88,35.8785
2026-09-04 17:53:53.072286+03:00,2026-09-10 13:30:00+03:00,3.4085,35.39,31.9815
2026-09-04 17:53:53.072286+03:00,2026-09-10 13:45:00+03:00,2.7398,31.4,28.6602
2026-09-04 17:53:53.072286+03:00,2026-09-10 14:00:00+03:00,1.9672,39.93,37.9628
2026-09-04 17:53:53.072286+03:00,2026-09-10 14:15:00+03:00,1.6188,36.25,34.6312
2026-09-04 17:53:53.072286+03:00,2026-09-10 14:30:00+03:00,1.4483,34.04,32.5917
2026-09-04 17:53:53.072286+03:00,2026-09-10 14:45:00+03:00,1.2233,35.04,33.8167
2026-09-04 17:53:53.072286+03:00,2026-09-10 15:00:00+03:00,1.0749,28.53,27.4551
2026-09-04 17:53:53.072286+03:00,2026-09-10 15:15:00+03:00,1.2416,34.77,33.528400000000005
2026-09-04 17:53:53.072286+03:00,2026-09-10 15:30:00+03:00,1.2701,41.19,39.9199
2026-09-04 17:53:53.072286+03:00,2026-09-10 15:45:00+03:00,1.2841,45.23,43.9459
2026-09-04 17:53:53.072286+03:00,2026-09-10 16:00:00+03:00,1.2633,30.62,29.3567
2026-09-04 17:53:53.072286+03:00,2026-09-10 16:15:00+03:00,1.4013,36.5,35.0987
2026-09-04 17:53:53.072286+03:00,2026-09-10 16:30:00+03:00,1.462,40.93,39.468
2026-09-04 17:53:53.072286+03:00,2026-09-10 16:45:00+03:00,1.4221,47.32,45.8979
2026-09-04 17:53:53.072286+03:00,2026-09-10 17:00:00+03:00,1.3519,36.45,35.0981
2026-09-04 17:53:53.072286+03:00,2026-09-10 17:15:00+03:00,1.4698,39.79,38.3202
2026-09-04 17:53:53.072286+03:00,2026-09-10 17:30:00+03:00,1.43,39.16,37.73
2026-09-04 17:53:53.072286+03:00,2026-09-10 17:45:00+03:00,1.4064,49.99,48.5836
2026-09-04 17:53:53.072286+03:00,2026-09-10 18:00:00+03:00,1.3674,28.13,26.7626
2026-09-04 17:53:53.072286+03:00,2026-09-10 18:15:00+03:00,1.4129,39.59,38.1771
2026-09-04 17:53:53.072286+03:00,2026-09-10 18:30:00+03:00,1.4033,50.0,48.5967
2026-09-04 17:53:53.072286+03:00,2026-09-10 18:45:00+03:00,1.3976,61.24,59.842400000000005
2026-09-04 17:53:53.072286+03:00,2026-09-10 19:00:00+03:00,1.3762,48.38,47.003800000000005
2026-09-04 17:53:53.072286+03:00,2026-09-10 19:15:00+03:00,1.3585,49.99,48.6315
2026-09-04 17:53:53.072286+03:00,2026-09-10 19:30:00+03:00,1.3613,50.0,48.6387
2026-09-04 17:53:53.072286+03:00,2026-09-10 19:45:00+03:00,1.3849,49.99,48.6051
2026-09-04 17:53:53.072286+03:00,2026-09-10 20:00:00+03:00,1.3235,54.3,52.9765
2026-09-04 17:53:53.072286+03:00,2026-09-10 20:15:00+03:00,1.2327,50.01,48.7773
2026-09-04 17:53:53.072286+03:00,2026-09-10 20:30:00+03:00,1.1629,50.0,48.8371
2026-09-04 17:53:53.072286+03:00,2026-09-10 20:45:00+03:00,1.0437,42.97,41.9263
2026-09-04 17:53:53.072286+03:00,2026-09-10 21:00:00+03:00,1.0533,56.55,55.4967
2026-09-04 17:53:53.072286+03:00,2026-09-10 21:15:00+03:00,1.109,50.99,49.881
2026-09-04 17:53:53.072286+03:00,2026-09-10 21:30:00+03:00,1.1206,45.2,44.0794
2026-09-04 17:53:53.072286+03:00,2026-09-10 21:45:00+03:00,1.1107,33.01,31.8993
2026-09-04 17:53:53.072286+03:00,2026-09-10 22:00:00+03:00,1.1241,46.87,45.7459
2026-09-04 17:53:53.072286+03:00,2026-09-10 22:15:00+03:00,1.0442,40.05,39.0058
2026-09-04 17:53:53.072286+03:00,2026-09-10 22:30:00+03:00,1.0745,37.86,36.7855
2026-09-04 17:53:53.072286+03:00,2026-09-10 22:45:00+03:00,1.0858,31.58,30.4942
2026-09-04 17:53:53.072286+03:00,2026-09-10 23:00:00+03:00,1.101,42.99,41.889
2026-09-04 17:53:53.072286+03:00,2026-09-10 23:15:00+03:00,0.9788,40.19,39.2112
2026-09-04 17:53:53.072286+03:00,2026-09-10 23:30:00+03:00,0.8568,37.21,36.3532
2026-09-04 17:53:53.072286+03:00,2026-09-10 23:45:00+03:00,0.6787,29.99,29.3113
2026-09-04 17:53:53.072286+03:00,2026-09-11 00:00:00+03:00,0.4857,39.98,39.4943
2026-09-04 17:53:53.072286+03:00,2026-09-11 00:15:00+03:00,0.3625,38.12,37.7575
2026-09-04 17:53:53.072286+03:00,2026-09-11 00:30:00+03:00,0.3598,35.92,35.5602
2026-09-04 17:53:53.072286+03:00,2026-09-11 00:45:00+03:00,0.37,29.99,29.619999999999997
2026-09-04 17:53:53.072286+03:00,2026-09-11 01:00:00+03:00,0.3946,27.65,27.255399999999998
2026-09-04 17:53:53.072286+03:00,2026-09-11 01:15:00+03:00,0.3856,26.92,26.5344
2026-09-04 17:53:53.072286+03:00,2026-09-11 01:30:00+03:00,0.4175,37.16,36.7425
2026-09-04 17:53:53.072286+03:00,2026-09-11 01:45:00+03:00,0.4054,35.01,34.6046
2026-09-04 17:53:53.072286+03:00,2026-09-11 02:00:00+03:00,0.4083,28.52,28.1117
2026-09-04 17:53:53.072286+03:00,2026-09-11 02:15:00+03:00,0.421,28.0,27.579
2026-09-04 17:53:53.072286+03:00,2026-09-11 02:30:00+03:00,0.4381,35.94,35.5019
2026-09-04 17:53:53.072286+03:00,2026-09-11 02:45:00+03:00,0.4137,35.58,35.1663
2026-09-04 17:53:53.072286+03:00,2026-09-11 03:00:00+03:00,0.4113,33.64,33.2287
2026-09-04 17:53:53.072286+03:00,2026-09-11 03:15:00+03:00,0.4291,32.08,31.6509
2026-09-04 17:53:53.072286+03:00,2026-09-11 03:30:00+03:00,0.4467,31.28,30.8333
2026-09-04 17:53:53.072286+03:00,2026-09-11 03:45:00+03:00,0.419,31.42,31.001
2026-09-04 17:53:53.072286+03:00,2026-09-11 04:00:00+03:00,0.4228,28.63,28.2072
2026-09-04 17:53:53.072286+03:00,2026-09-11 04:15:00+03:00,0.4781,30.0,29.5219
2026-09-04 17:53:53.072286+03:00,2026-09-11 04:30:00+03:00,0.4543,34.1,33.6457
2026-09-04 17:53:53.072286+03:00,2026-09-11 04:45:00+03:00,0.4294,35.73,35.300599999999996
2026-09-04 17:53:53.072286+03:00,2026-09-11 05:00:00+03:00,0.5779,26.89,26.3121
2026-09-04 17:53:53.072286+03:00,2026-09-11 05:15:00+03:00,0.8661,31.51,30.643900000000002
2026-09-04 17:53:53.072286+03:00,2026-09-11 05:30:00+03:00,1.108,32.57,31.462
2026-09-04 17:53:53.072286+03:00,2026-09-11 05:45:00+03:00,1.4663,44.07,42.6037
2026-09-04 17:53:53.072286+03:00,2026-09-11 06:00:00+03:00,1.6327,23.12,21.4873
2026-09-04 17:53:53.072286+03:00,2026-09-11 06:15:00+03:00,2.0749,35.0,32.9251
2026-09-04 17:53:53.072286+03:00,2026-09-11 06:30:00+03:00,2.4276,37.4,34.9724
2026-09-04 17:53:53.072286+03:00,2026-09-11 06:45:00+03:00,2.6715,50.0,47.3285
2026-09-04 17:53:53.072286+03:00,2026-09-11 07:00:00+03:00,3.1136,30.05,26.9364
2026-09-04 17:53:53.072286+03:00,2026-09-11 07:15:00+03:00,3.8421,49.99,46.1479
2026-09-04 17:53:53.072286+03:00,2026-09-11 07:30:00+03:00,4.5104,52.07,47.5596
2026-09-04 17:53:53.072286+03:00,2026-09-11 07:45:00+03:00,5.186,75.29,70.10400000000001
2026-09-04 17:53:53.072286+03:00,2026-09-11 08:00:00+03:00,5.7306,54.45,48.7194
2026-09-04 17:53:53.072286+03:00,2026-09-11 08:15:00+03:00,6.1237,60.43,54.3063
2026-09-04 17:53:53.072286+03:00,2026-09-11 08:30:00+03:00,6.6068,69.84,63.233200000000004
2026-09-04 17:53:53.072286+03:00,2026-09-11 08:45:00+03:00,6.9555,71.94,64.9845
2026-09-04 17:53:53.072286+03:00,2026-09-11 09:00:00+03:00,7.5563,75.36,67.80369999999999
2026-09-04 17:53:53.072286+03:00,2026-09-11 09:15:00+03:00,7.7499,74.63,66.8801
2026-09-04 17:53:53.072286+03:00,2026-09-11 09:30:00+03:00,8.0032,75.17,67.1668
2026-09-04 17:53:53.072286+03:00,2026-09-11 09:45:00+03:00,7.9049,68.42,60.515100000000004
2026-09-04 17:53:53.072286+03:00,2026-09-11 10:00:00+03:00,7.945,70.56,62.615
2026-09-04 17:53:53.072286+03:00,2026-09-11 10:15:00+03:00,7.8242,62.72,54.8958
2026-09-04 17:53:53.072286+03:00,2026-09-11 10:30:00+03:00,7.8411,66.05,58.2089
2026-09-04 17:53:53.072286+03:00,2026-09-11 10:45:00+03:00,7.8715,58.14,50.2685
2026-09-04 17:53:53.072286+03:00,2026-09-11 11:00:00+03:00,7.8602,67.45,59.589800000000004
2026-09-04 17:53:53.072286+03:00,2026-09-11 11:15:00+03:00,7.8139,56.0,48.186099999999996
2026-09-04 17:53:53.072286+03:00,2026-09-11 11:30:00+03:00,7.82,53.86,46.04
2026-09-04 17:53:53.072286+03:00,2026-09-11 11:45:00+03:00,7.8399,49.35,41.5101
2026-09-04 17:53:53.072286+03:00,2026-09-11 12:00:00+03:00,7.8343,51.6,43.7657
2026-09-04 17:53:53.072286+03:00,2026-09-11 12:15:00+03:00,7.8028,49.97,42.1672
2026-09-04 17:53:53.072286+03:00,2026-09-11 12:30:00+03:00,7.818,48.13,40.312000000000005
2026-09-04 17:53:53.072286+03:00,2026-09-11 12:45:00+03:00,7.8351,48.3,40.4649
2026-09-04 17:53:53.072286+03:00,2026-09-11 13:00:00+03:00,7.8601,51.27,43.4099
2026-09-04 17:53:53.072286+03:00,2026-09-11 13:15:00+03:00,7.8356,49.98,42.1444
2026-09-04 17:53:53.072286+03:00,2026-09-11 13:30:00+03:00,7.8527,48.63,40.777300000000004
2026-09-04 17:53:53.072286+03:00,2026-09-11 13:45:00+03:00,7.8645,49.28,41.4155
2026-09-04 17:53:53.072286+03:00,2026-09-11 14:00:00+03:00,7.8709,49.98,42.1091
2026-09-04 17:53:53.072286+03:00,2026-09-11 14:15:00+03:00,7.8439,47.63,39.786100000000005
2026-09-04 17:53:53.072286+03:00,2026-09-11 14:30:00+03:00,7.8502,50.52,42.6698
2026-09-04 17:53:53.072286+03:00,2026-09-11 14:45:00+03:00,7.8611,50.39,42.5289
2026-09-04 17:53:53.072286+03:00,2026-09-11 15:00:00+03:00,7.8848,45.6,37.7152
2026-09-04 17:53:53.072286+03:00,2026-09-11 15:15:00+03:00,7.9736,47.58,39.6064
2026-09-04 17:53:53.072286+03:00,2026-09-11 15:30:00+03:00,7.9446,49.99,42.0454
2026-09-04 17:53:53.072286+03:00,2026-09-11 15:45:00+03:00,7.9192,50.48,42.5608
2026-09-04 17:53:53.072286+03:00,2026-09-11 16:00:00+03:00,7.9126,33.75,25.8374
2026-09-04 17:53:53.072286+03:00,2026-09-11 16:15:00+03:00,7.9842,49.98,41.995799999999996
2026-09-04 17:53:53.072286+03:00,2026-09-11 16:30:00+03:00,7.9802,55.9,47.919799999999995
2026-09-04 17:53:53.072286+03:00,2026-09-11 16:45:00+03:00,7.9471,61.99,54.0429
2026-09-04 17:53:53.072286+03:00,2026-09-11 17:00:00+03:00,7.9774,41.47,33.492599999999996
2026-09-04 17:53:53.072286+03:00,2026-09-11 17:15:00+03:00,8.0411,54.37,46.3289
2026-09-04 17:53:53.072286+03:00,2026-09-11 17:30:00+03:00,8.0164,65.2,57.1836
2026-09-04 17:53:53.072286+03:00,2026-09-11 17:45:00+03:00,7.962,87.14,79.178
2026-09-04 17:53:53.072286+03:00,2026-09-11 18:00:00+03:00,7.9516,85.9,77.9484
2026-09-04 17:53:53.072286+03:00,2026-09-11 18:15:00+03:00,7.9768,106.6,98.6232
2026-09-04 17:53:53.072286+03:00,2026-09-11 18:30:00+03:00,7.9671,129.39,121.42289999999998
2026-09-04 17:53:53.072286+03:00,2026-09-11 18:45:00+03:00,7.9276,138.08,130.1524
2026-09-04 17:53:53.072286+03:00,2026-09-11 19:00:00+03:00,7.8757,135.47,127.5943
2026-09-04 17:53:53.072286+03:00,2026-09-11 19:15:00+03:00,7.8116,129.39,121.57839999999999
2026-09-04 17:53:53.072286+03:00,2026-09-11 19:30:00+03:00,7.7973,129.37,121.5727
2026-09-04 17:53:53.072286+03:00,2026-09-11 19:45:00+03:00,7.8226,136.56,128.7374
2026-09-04 17:53:53.072286+03:00,2026-09-11 20:00:00+03:00,7.8376,137.99,130.1524
2026-09-04 17:53:53.072286+03:00,2026-09-11 20:15:00+03:00,7.6564,142.1,134.4436
2026-09-04 17:53:53.072286+03:00,2026-09-11 20:30:00+03:00,7.3495,142.61,135.2605
2026-09-04 17:53:53.072286+03:00,2026-09-11 20:45:00+03:00,7.3358,149.94,142.6042
2026-09-04 17:53:53.072286+03:00,2026-09-11 21:00:00+03:00,7.3719,129.38,122.0081
2026-09-04 17:53:53.072286+03:00,2026-09-11 21:15:00+03:00,7.4067,129.87,122.4633
2026-09-04 17:53:53.072286+03:00,2026-09-11 21:30:00+03:00,7.4444,129.37,121.9256
2026-09-04 17:53:53.072286+03:00,2026-09-11 21:45:00+03:00,7.4446,129.36,121.91540000000002
2026-09-04 17:53:53.072286+03:00,2026-09-11 22:00:00+03:00,7.4347,129.86,122.42530000000001
2026-09-04 17:53:53.072286+03:00,2026-09-11 22:15:00+03:00,7.367,149.93,142.56300000000002
2026-09-04 17:53:53.072286+03:00,2026-09-11 22:30:00+03:00,7.38,129.37,121.99000000000001
2026-09-04 17:53:53.072286+03:00,2026-09-11 22:45:00+03:00,7.3944,111.18,103.7856
2026-09-04 17:53:53.072286+03:00,2026-09-11 23:00:00+03:00,7.405,124.89,117.485
2026-09-04 17:53:53.072286+03:00,2026-09-11 23:15:00+03:00,7.2941,102.52,95.2259
2026-09-04 17:53:53.072286+03:00,2026-09-11 23:30:00+03:00,7.0294,69.0,61.9706
2026-09-04 17:53:53.072286+03:00,2026-09-11 23:45:00+03:00,7.0001,53.34,46.3399
2026-09-05 16:49:21.419027+03:00,2026-09-06 00:00:00+03:00,7.5832,10.0,2.4168000000000003
2026-09-05 16:49:21.419027+03:00,2026-09-06 00:15:00+03:00,6.1699,9.61,3.4401
2026-09-05 16:49:21.419027+03:00,2026-09-06 00:30:00+03:00,5.1897,8.24,3.0503
2026-09-05 16:49:21.419027+03:00,2026-09-06 00:45:00+03:00,4.1445,7.16,3.0155000000000003
2026-09-05 16:49:21.419027+03:00,2026-09-06 01:00:00+03:00,2.8765,3.52,0.6435
2026-09-05 16:49:21.419027+03:00,2026-09-06 01:15:00+03:00,2.4847,3.52,1.0353
2026-09-05 16:49:21.419027+03:00,2026-09-06 01:30:00+03:00,2.1596,2.05,0.1096000000000003
2026-09-05 16:49:21.419027+03:00,2026-09-06 01:45:00+03:00,1.6728,2.0,0.3271999999999999
2026-09-05 16:49:21.419027+03:00,2026-09-06 02:00:00+03:00,1.3168,3.23,1.9132
2026-09-05 16:49:21.419027+03:00,2026-09-06 02:15:00+03:00,1.0586,2.05,0.9913999999999998
2026-09-05 16:49:21.419027+03:00,2026-09-06 02:30:00+03:00,0.8904,2.0,1.1096
2026-09-05 16:49:21.419027+03:00,2026-09-06 02:45:00+03:00,0.8558,2.0,1.1442
2026-09-05 16:49:21.419027+03:00,2026-09-06 03:00:00+03:00,0.6192,2.0,1.3808
2026-09-05 16:49:21.419027+03:00,2026-09-06 03:15:00+03:00,0.6106,2.0,1.3894
2026-09-05 16:49:21.419027+03:00,2026-09-06 03:30:00+03:00,0.6133,1.99,1.3767
2026-09-05 16:49:21.419027+03:00,2026-09-06 03:45:00+03:00,0.6187,1.99,1.3713
2026-09-05 16:49:21.419027+03:00,2026-09-06 04:00:00+03:00,0.6277,2.0,1.3723
2026-09-05 16:49:21.419027+03:00,2026-09-06 04:15:00+03:00,0.7179,1.99,1.2721
2026-09-05 16:49:21.419027+03:00,2026-09-06 04:30:00+03:00,0.8929,1.99,1.0971
2026-09-05 16:49:21.419027+03:00,2026-09-06 04:45:00+03:00,1.0573,1.99,0.9327
2026-09-05 16:49:21.419027+03:00,2026-09-06 05:00:00+03:00,1.2634,1.99,0.7265999999999999
2026-09-05 16:49:21.419027+03:00,2026-09-06 05:15:00+03:00,1.4808,1.99,0.5092000000000001
2026-09-05 16:49:21.419027+03:00,2026-09-06 05:30:00+03:00,1.8179,1.99,0.1720999999999999
2026-09-05 16:49:21.419027+03:00,2026-09-06 05:45:00+03:00,2.016,1.99,0.026
2026-09-05 16:49:21.419027+03:00,2026-09-06 06:00:00+03:00,2.2332,2.0,0.2332
2026-09-05 16:49:21.419027+03:00,2026-09-06 06:15:00+03:00,2.4472,2.0,0.4472
2026-09-05 16:49:21.419027+03:00,2026-09-06 06:30:00+03:00,2.505,2.0,0.5049999999999999
2026-09-05 16:49:21.419027+03:00,2026-09-06 06:45:00+03:00,2.6177,2.0,0.6177000000000001
2026-09-05 16:49:21.419027+03:00,2026-09-06 07:00:00+03:00,2.8496,2.0,0.8496000000000001
2026-09-05 16:49:21.419027+03:00,2026-09-06 07:15:00+03:00,2.9961,2.0,0.9961000000000002
2026-09-05 16:49:21.419027+03:00,2026-09-06 07:30:00+03:00,3.1911,2.0,1.1911
2026-09-05 16:49:21.419027+03:00,2026-09-06 07:45:00+03:00,3.3564,2.42,0.9364
2026-09-05 16:49:21.419027+03:00,2026-09-06 08:00:00+03:00,3.4428,2.03,1.4128000000000005
2026-09-05 16:49:21.419027+03:00,2026-09-06 08:15:00+03:00,3.6084,3.23,0.3784
2026-09-05 16:49:21.419027+03:00,2026-09-06 08:30:00+03:00,3.6235,3.55,0.0735000000000001
2026-09-05 16:49:21.419027+03:00,2026-09-06 08:45:00+03:00,3.5961,4.07,0.4739000000000004
2026-09-05 16:49:21.419027+03:00,2026-09-06 09:00:00+03:00,3.5772,3.69,0.1128
2026-09-05 16:49:21.419027+03:00,2026-09-06 09:15:00+03:00,3.5587,4.99,1.4313000000000002
2026-09-05 16:49:21.419027+03:00,2026-09-06 09:30:00+03:00,3.5409,5.46,1.9191
2026-09-05 16:49:21.419027+03:00,2026-09-06 09:45:00+03:00,3.5507,5.45,1.8993
2026-09-05 16:49:21.419027+03:00,2026-09-06 10:00:00+03:00,3.5506,5.29,1.7393999999999998
2026-09-05 16:49:21.419027+03:00,2026-09-06 10:15:00+03:00,3.5608,6.13,2.5692
2026-09-05 16:49:21.419027+03:00,2026-09-06 10:30:00+03:00,3.5473,5.79,2.2427
2026-09-05 16:49:21.419027+03:00,2026-09-06 10:45:00+03:00,3.5441,3.68,0.1359000000000003
2026-09-05 16:49:21.419027+03:00,2026-09-06 11:00:00+03:00,3.5495,3.29,0.2595
2026-09-05 16:49:21.419027+03:00,2026-09-06 11:15:00+03:00,3.5544,3.26,0.2944
2026-09-05 16:49:21.419027+03:00,2026-09-06 11:30:00+03:00,3.542,3.23,0.3119999999999998
2026-09-05 16:49:21.419027+03:00,2026-09-06 11:45:00+03:00,3.5424,3.02,0.5224000000000002
2026-09-05 16:49:21.419027+03:00,2026-09-06 12:00:00+03:00,3.551,3.0,0.5510000000000002
2026-09-05 16:49:21.419027+03:00,2026-09-06 12:15:00+03:00,3.5534,2.51,1.0434
2026-09-05 16:49:21.419027+03:00,2026-09-06 12:30:00+03:00,3.54,2.22,1.3199999999999998
2026-09-05 16:49:21.419027+03:00,2026-09-06 12:45:00+03:00,3.3945,2.16,1.2344999999999997
2026-09-05 16:49:21.419027+03:00,2026-09-06 13:00:00+03:00,3.2765,2.01,1.2665000000000002
2026-09-05 16:49:21.419027+03:00,2026-09-06 13:15:00+03:00,3.3013,2.0,1.3013
2026-09-05 16:49:21.419027+03:00,2026-09-06 13:30:00+03:00,3.3024,2.0,1.3024
2026-09-05 16:49:21.419027+03:00,2026-09-06 13:45:00+03:00,3.3137,2.0,1.3137
2026-09-05 16:49:21.419027+03:00,2026-09-06 14:00:00+03:00,3.2885,1.65,1.6385
2026-09-05 16:49:21.419027+03:00,2026-09-06 14:15:00+03:00,3.333,1.57,1.763
2026-09-05 16:49:21.419027+03:00,2026-09-06 14:30:00+03:00,3.3213,1.89,1.4313
2026-09-05 16:49:21.419027+03:00,2026-09-06 14:45:00+03:00,3.3252,1.57,1.7552
2026-09-05 16:49:21.419027+03:00,2026-09-06 15:00:00+03:00,3.3303,1.99,1.3402999999999998
2026-09-05 16:49:21.419027+03:00,2026-09-06 15:15:00+03:00,3.4162,2.0,1.4162
2026-09-05 16:49:21.419027+03:00,2026-09-06 15:30:00+03:00,3.4854,2.43,1.0553999999999997
2026-09-05 16:49:21.419027+03:00,2026-09-06 15:45:00+03:00,3.4638,3.52,0.0562
2026-09-05 16:49:21.419027+03:00,2026-09-06 16:00:00+03:00,3.4348,3.23,0.2048000000000001
2026-09-05 16:49:21.419027+03:00,2026-09-06 16:15:00+03:00,3.5419,3.73,0.1880999999999999
2026-09-05 16:49:21.419027+03:00,2026-09-06 16:30:00+03:00,3.5771,4.29,0.7128999999999999
2026-09-05 16:49:21.419027+03:00,2026-09-06 16:45:00+03:00,3.572,5.02,1.4479999999999995
2026-09-05 16:49:21.419027+03:00,2026-09-06 17:00:00+03:00,3.5771,3.78,0.2028999999999996
2026-09-05 16:49:21.419027+03:00,2026-09-06 17:15:00+03:00,3.6784,5.35,1.6715999999999998
2026-09-05 16:49:21.419027+03:00,2026-09-06 17:30:00+03:00,3.6021,12.56,8.9579
2026-09-05 16:49:21.419027+03:00,2026-09-06 17:45:00+03:00,3.5861,34.71,31.1239
2026-09-05 16:49:21.419027+03:00,2026-09-06 18:00:00+03:00,3.5702,19.34,15.7698
2026-09-05 16:49:21.419027+03:00,2026-09-06 18:15:00+03:00,3.6134,26.13,22.5166
2026-09-05 16:49:21.419027+03:00,2026-09-06 18:30:00+03:00,3.5692,33.66,30.0908
2026-09-05 16:49:21.419027+03:00,2026-09-06 18:45:00+03:00,3.5663,47.75,44.1837
2026-09-05 16:49:21.419027+03:00,2026-09-06 19:00:00+03:00,3.6022,32.38,28.777800000000003
2026-09-05 16:49:21.419027+03:00,2026-09-06 19:15:00+03:00,3.6223,28.79,25.1677
2026-09-05 16:49:21.419027+03:00,2026-09-06 19:30:00+03:00,3.5458,32.69,29.1442
2026-09-05 16:49:21.419027+03:00,2026-09-06 19:45:00+03:00,3.5677,35.81,32.2423
2026-09-05 16:49:21.419027+03:00,2026-09-06 20:00:00+03:00,3.5354,30.92,27.3846
2026-09-05 16:49:21.419027+03:00,2026-09-06 20:15:00+03:00,3.3527,32.31,28.957300000000004
2026-09-05 16:49:21.419027+03:00,2026-09-06 20:30:00+03:00,3.2187,31.74,28.5213
2026-09-05 16:49:21.419027+03:00,2026-09-06 20:45:00+03:00,3.0425,31.45,28.4075
2026-09-05 16:49:21.419027+03:00,2026-09-06 21:00:00+03:00,2.8508,33.59,30.739200000000004
2026-09-05 16:49:21.419027+03:00,2026-09-06 21:15:00+03:00,2.686,33.87,31.184
2026-09-05 16:49:21.419027+03:00,2026-09-06 21:30:00+03:00,2.5211,32.33,29.8089
2026-09-05 16:49:21.419027+03:00,2026-09-06 21:45:00+03:00,2.4468,29.7,27.2532
2026-09-05 16:49:21.419027+03:00,2026-09-06 22:00:00+03:00,2.2623,32.07,29.8077
2026-09-05 16:49:21.419027+03:00,2026-09-06 22:15:00+03:00,2.1397,31.61,29.4703
2026-09-05 16:49:21.419027+03:00,2026-09-06 22:30:00+03:00,2.0713,29.78,27.7087
2026-09-05 16:49:21.419027+03:00,2026-09-06 22:45:00+03:00,1.9814,27.99,26.0086
2026-09-05 16:49:21.419027+03:00,2026-09-06 23:00:00+03:00,1.8634,30.29,28.4266
2026-09-05 16:49:21.419027+03:00,2026-09-06 23:15:00+03:00,1.6669,29.24,27.5731
2026-09-05 16:49:21.419027+03:00,2026-09-06 23:30:00+03:00,1.5384,26.64,25.1016
2026-09-05 16:49:21.419027+03:00,2026-09-06 23:45:00+03:00,1.4391,25.0,23.5609
2026-09-05 16:49:21.419027+03:00,2026-09-07 00:00:00+03:00,1.1736,27.69,26.5164
2026-09-05 16:49:21.419027+03:00,2026-09-07 00:15:00+03:00,1.0209,26.99,25.9691
2026-09-05 16:49:21.419027+03:00,2026-09-07 00:30:00+03:00,0.9907,25.73,24.7393
2026-09-05 16:49:21.419027+03:00,2026-09-07 00:45:00+03:00,0.8339,24.36,23.5261
2026-09-05 16:49:21.419027+03:00,2026-09-07 01:00:00+03:00,0.6617,26.1,25.4383
2026-09-05 16:49:21.419027+03:00,2026-09-07 01:15:00+03:00,0.5201,24.99,24.4699
2026-09-05 16:49:21.419027+03:00,2026-09-07 01:30:00+03:00,0.5353,27.96,27.4247
2026-09-05 16:49:21.419027+03:00,2026-09-07 01:45:00+03:00,0.5559,28.0,27.4441
2026-09-05 16:49:21.419027+03:00,2026-09-07 02:00:00+03:00,0.5915,26.51,25.9185
2026-09-05 16:49:21.419027+03:00,2026-09-07 02:15:00+03:00,0.6204,26.76,26.1396
2026-09-05 16:49:21.419027+03:00,2026-09-07 02:30:00+03:00,0.6506,27.2,26.5494
2026-09-05 16:49:21.419027+03:00,2026-09-07 02:45:00+03:00,0.6393,28.85,28.210700000000003
2026-09-05 16:49:21.419027+03:00,2026-09-07 03:00:00+03:00,0.6153,26.25,25.6347
2026-09-05 16:49:21.419027+03:00,2026-09-07 03:15:00+03:00,0.6785,26.88,26.2015
2026-09-05 16:49:21.419027+03:00,2026-09-07 03:30:00+03:00,0.6615,27.38,26.7185
2026-09-05 16:49:21.419027+03:00,2026-09-07 03:45:00+03:00,0.646,29.94,29.294
2026-09-05 16:49:21.419027+03:00,2026-09-07 04:00:00+03:00,0.6775,26.02,25.3425
2026-09-05 16:49:21.419027+03:00,2026-09-07 04:15:00+03:00,0.766,28.67,27.904000000000003
2026-09-05 16:49:21.419027+03:00,2026-09-07 04:30:00+03:00,0.9084,28.0,27.0916
2026-09-05 16:49:21.419027+03:00,2026-09-07 04:45:00+03:00,1.0893,27.28,26.1907
2026-09-05 16:49:21.419027+03:00,2026-09-07 05:00:00+03:00,1.3366,29.07,27.7334
2026-09-05 16:49:21.419027+03:00,2026-09-07 05:15:00+03:00,1.7042,28.96,27.2558
2026-09-05 16:49:21.419027+03:00,2026-09-07 05:30:00+03:00,2.058,30.49,28.432
2026-09-05 16:49:21.419027+03:00,2026-09-07 05:45:00+03:00,2.4374,32.57,30.1326
2026-09-05 16:49:21.419027+03:00,2026-09-07 06:00:00+03:00,2.6178,33.4,30.7822
2026-09-05 16:49:21.419027+03:00,2026-09-07 06:15:00+03:00,3.2817,30.93,27.6483
2026-09-05 16:49:21.419027+03:00,2026-09-07 06:30:00+03:00,3.7938,33.82,30.0262
2026-09-05 16:49:21.419027+03:00,2026-09-07 06:45:00+03:00,4.3182,34.32,30.0018
2026-09-05 16:49:21.419027+03:00,2026-09-07 07:00:00+03:00,4.7864,34.6,29.8136
2026-09-05 16:49:21.419027+03:00,2026-09-07 07:15:00+03:00,5.6726,33.4,27.7274
2026-09-05 16:49:21.419027+03:00,2026-09-07 07:30:00+03:00,6.5542,41.0,34.4458
2026-09-05 16:49:21.419027+03:00,2026-09-07 07:45:00+03:00,7.2721,38.38,31.1079
2026-09-05 16:49:21.419027+03:00,2026-09-07 08:00:00+03:00,7.7188,39.41,31.691199999999995
2026-09-05 16:49:21.419027+03:00,2026-09-07 08:15:00+03:00,8.3786,39.7,31.321400000000004
2026-09-05 16:49:21.419027+03:00,2026-09-07 08:30:00+03:00,8.5671,35.7,27.132900000000003
2026-09-05 16:49:21.419027+03:00,2026-09-07 08:45:00+03:00,9.1457,31.0,21.8543
2026-09-05 16:49:21.419027+03:00,2026-09-07 09:00:00+03:00,9.4988,37.69,28.1912
2026-09-05 16:49:21.419027+03:00,2026-09-07 09:15:00+03:00,9.5697,40.02,30.45030000000001
2026-09-05 16:49:21.419027+03:00,2026-09-07 09:30:00+03:00,9.467,33.53,24.063
2026-09-05 16:49:21.419027+03:00,2026-09-07 09:45:00+03:00,9.4014,35.99,26.5886
2026-09-05 16:49:21.419027+03:00,2026-09-07 10:00:00+03:00,9.4121,43.14,33.7279
2026-09-05 16:49:21.419027+03:00,2026-09-07 10:15:00+03:00,9.3495,38.09,28.740500000000004
2026-09-05 16:49:21.419027+03:00,2026-09-07 10:30:00+03:00,9.3739,33.13,23.756100000000004
2026-09-05 16:49:21.419027+03:00,2026-09-07 10:45:00+03:00,9.4101,27.44,18.0299
2026-09-05 16:49:21.419027+03:00,2026-09-07 11:00:00+03:00,9.4006,43.51,34.109399999999994
2026-09-05 16:49:21.419027+03:00,2026-09-07 11:15:00+03:00,9.3473,29.07,19.7227
2026-09-05 16:49:21.419027+03:00,2026-09-07 11:30:00+03:00,9.3614,29.04,19.6786
2026-09-05 16:49:21.419027+03:00,2026-09-07 11:45:00+03:00,9.3801,24.99,15.609899999999998
2026-09-05 16:49:21.419027+03:00,2026-09-07 12:00:00+03:00,9.3717,37.98,28.6083
2026-09-05 16:49:21.419027+03:00,2026-09-07 12:15:00+03:00,9.323,32.56,23.237
2026-09-05 16:49:21.419027+03:00,2026-09-07 12:30:00+03:00,9.3234,31.72,22.3966
2026-09-05 16:49:21.419027+03:00,2026-09-07 12:45:00+03:00,9.3556,29.31,19.9544
2026-09-05 16:49:21.419027+03:00,2026-09-07 13:00:00+03:00,9.3648,37.77,28.4052
2026-09-05 16:49:21.419027+03:00,2026-09-07 13:15:00+03:00,9.33,29.99,20.66
2026-09-05 16:49:21.419027+03:00,2026-09-07 13:30:00+03:00,9.3428,27.43,18.0872
2026-09-05 16:49:21.419027+03:00,2026-09-07 13:45:00+03:00,9.3667,24.52,15.1533
2026-09-05 16:49:21.419027+03:00,2026-09-07 14:00:00+03:00,9.3681,38.24,28.871900000000004
2026-09-05 16:49:21.419027+03:00,2026-09-07 14:15:00+03:00,9.3561,28.24,18.8839
2026-09-05 16:49:21.419027+03:00,2026-09-07 14:30:00+03:00,9.3681,24.4,15.031899999999998
2026-09-05 16:49:21.419027+03:00,2026-09-07 14:45:00+03:00,9.3825,20.45,11.0675
2026-09-05 16:49:21.419027+03:00,2026-09-07 15:00:00+03:00,9.3551,24.91,15.5549
2026-09-05 16:49:21.419027+03:00,2026-09-07 15:15:00+03:00,9.4362,25.11,15.6738
2026-09-05 16:49:21.419027+03:00,2026-09-07 15:30:00+03:00,9.4491,25.78,16.3309
2026-09-05 16:49:21.419027+03:00,2026-09-07 15:45:00+03:00,9.4457,26.33,16.884299999999996
2026-09-05 16:49:21.419027+03:00,2026-09-07 16:00:00+03:00,9.4133,24.57,15.1567
2026-09-05 16:49:21.419027+03:00,2026-09-07 16:15:00+03:00,9.4186,24.93,15.5114
2026-09-05 16:49:21.419027+03:00,2026-09-07 16:30:00+03:00,9.4383,25.14,15.7017
2026-09-05 16:49:21.419027+03:00,2026-09-07 16:45:00+03:00,9.4222,24.47,15.0478
2026-09-05 16:49:21.419027+03:00,2026-09-07 17:00:00+03:00,9.4167,26.84,17.423299999999998
2026-09-05 16:49:21.419027+03:00,2026-09-07 17:15:00+03:00,9.4238,25.75,16.3262
2026-09-05 16:49:21.419027+03:00,2026-09-07 17:30:00+03:00,9.4079,25.0,15.5921
2026-09-05 16:49:21.419027+03:00,2026-09-07 17:45:00+03:00,9.3605,22.36,12.9995
2026-09-05 16:49:21.419027+03:00,2026-09-07 18:00:00+03:00,9.3253,38.22,28.8947
2026-09-05 16:49:21.419027+03:00,2026-09-07 18:15:00+03:00,9.2958,29.07,19.7742
2026-09-05 16:49:21.419027+03:00,2026-09-07 18:30:00+03:00,8.8632,22.59,13.7268
2026-09-05 16:49:21.419027+03:00,2026-09-07 18:45:00+03:00,8.4328,14.15,5.7172
2026-09-05 16:49:21.419027+03:00,2026-09-07 19:00:00+03:00,7.7822,45.0,37.2178
2026-09-05 16:49:21.419027+03:00,2026-09-07 19:15:00+03:00,7.066,29.96,22.894
2026-09-05 16:49:21.419027+03:00,2026-09-07 19:30:00+03:00,6.3481,21.86,15.5119
2026-09-05 16:49:21.419027+03:00,2026-09-07 19:45:00+03:00,5.6084,9.99,4.381600000000001
2026-09-05 16:49:21.419027+03:00,2026-09-07 20:00:00+03:00,4.7736,32.59,27.8164
2026-09-05 16:49:21.419027+03:00,2026-09-07 20:15:00+03:00,3.781,23.09,19.309
2026-09-05 16:49:21.419027+03:00,2026-09-07 20:30:00+03:00,2.9466,12.62,9.6734
2026-09-05 16:49:21.419027+03:00,2026-09-07 20:45:00+03:00,2.022,8.0,5.978
2026-09-05 16:49:21.419027+03:00,2026-09-07 21:00:00+03:00,1.2458,9.4,8.1542
2026-09-05 16:49:21.419027+03:00,2026-09-07 21:15:00+03:00,1.0101,6.58,5.5699000000000005
2026-09-05 16:49:21.419027+03:00,2026-09-07 21:30:00+03:00,0.3921,4.99,4.5979
2026-09-05 16:49:21.419027+03:00,2026-09-07 21:45:00+03:00,0.2924,4.38,4.0876
2026-09-05 16:49:21.419027+03:00,2026-09-07 22:00:00+03:00,-0.0041,5.39,5.3941
2026-09-05 16:49:21.419027+03:00,2026-09-07 22:15:00+03:00,-0.1102,5.37,5.4802
2026-09-05 16:49:21.419027+03:00,2026-09-07 22:30:00+03:00,-0.2284,5.32,5.5484
2026-09-05 16:49:21.419027+03:00,2026-09-07 22:45:00+03:00,-0.3924,4.95,5.3424000000000005
2026-09-05 16:49:21.419027+03:00,2026-09-07 23:00:00+03:00,-0.6149,4.05,4.664899999999999
2026-09-05 16:49:21.419027+03:00,2026-09-07 23:15:00+03:00,-0.9523,3.58,4.5323
2026-09-05 16:49:21.419027+03:00,2026-09-07 23:30:00+03:00,-1.0475,3.35,4.3975
2026-09-05 16:49:21.419027+03:00,2026-09-07 23:45:00+03:00,-1.0312,3.2,4.2312
2026-09-05 16:49:21.419027+03:00,2026-09-08 00:00:00+03:00,-0.981,2.82,3.801
2026-09-05 16:49:21.419027+03:00,2026-09-08 00:15:00+03:00,-1.0033,2.0,3.0033000000000003
2026-09-05 16:49:21.419027+03:00,2026-09-08 00:30:00+03:00,-0.9386,1.99,2.9286
2026-09-05 16:49:21.419027+03:00,2026-09-08 00:45:00+03:00,-0.9386,1.55,2.4886
2026-09-05 16:49:21.419027+03:00,2026-09-08 01:00:00+03:00,-0.9655,2.03,2.9955
2026-09-05 16:49:21.419027+03:00,2026-09-08 01:15:00+03:00,-1.0065,2.0,3.0065
2026-09-05 16:49:21.419027+03:00,2026-09-08 01:30:00+03:00,-0.9538,2.0,2.9538
2026-09-05 16:49:21.419027+03:00,2026-09-08 01:45:00+03:00,-0.9512,1.99,2.9412000000000003
2026-09-05 16:49:21.419027+03:00,2026-09-08 02:00:00+03:00,-0.9564,1.88,2.8364
2026-09-05 16:49:21.419027+03:00,2026-09-08 02:15:00+03:00,-0.9938,1.51,2.5038
2026-09-05 16:49:21.419027+03:00,2026-09-08 02:30:00+03:00,-0.9474,1.32,2.2674000000000003
2026-09-05 16:49:21.419027+03:00,2026-09-08 02:45:00+03:00,-0.9503,1.15,2.1003
2026-09-05 16:49:21.419027+03:00,2026-09-08 03:00:00+03:00,-0.9492,1.4,2.3492
2026-09-05 16:49:21.419027+03:00,2026-09-08 03:15:00+03:00,-0.9776,1.21,2.1876
2026-09-05 16:49:21.419027+03:00,2026-09-08 03:30:00+03:00,-0.9366,1.5,2.4366
2026-09-05 16:49:21.419027+03:00,2026-09-08 03:45:00+03:00,-0.9379,1.13,2.0679
2026-09-05 16:49:21.419027+03:00,2026-09-08 04:00:00+03:00,-0.9342,1.16,2.0942
2026-09-05 16:49:21.419027+03:00,2026-09-08 04:15:00+03:00,-0.9465,1.47,2.4165
2026-09-05 16:49:21.419027+03:00,2026-09-08 04:30:00+03:00,-0.9042,1.04,1.9442
2026-09-05 16:49:21.419027+03:00,2026-09-08 04:45:00+03:00,-0.9009,1.12,2.0209
2026-09-05 16:49:21.419027+03:00,2026-09-08 05:00:00+03:00,-0.8638,1.96,2.8238
2026-09-05 16:49:21.419027+03:00,2026-09-08 05:15:00+03:00,-0.8147,1.99,2.8047
2026-09-05 16:49:21.419027+03:00,2026-09-08 05:30:00+03:00,-0.6774,1.99,2.6674
2026-09-05 16:49:21.419027+03:00,2026-09-08 05:45:00+03:00,-0.6408,2.0,2.6408
2026-09-05 16:49:21.419027+03:00,2026-09-08 06:00:00+03:00,-0.6026,2.0,2.6026
2026-09-05 16:49:21.419027+03:00,2026-09-08 06:15:00+03:00,-0.55,2.33,2.88
2026-09-05 16:49:21.419027+03:00,2026-09-08 06:30:00+03:00,-0.4186,3.5,3.9186
2026-09-05 16:49:21.419027+03:00,2026-09-08 06:45:00+03:00,-0.3887,3.75,4.1387
2026-09-05 16:49:21.419027+03:00,2026-09-08 07:00:00+03:00,-0.3227,3.64,3.9627
2026-09-05 16:49:21.419027+03:00,2026-09-08 07:15:00+03:00,-0.1604,3.56,3.7204
2026-09-05 16:49:21.419027+03:00,2026-09-08 07:30:00+03:00,-0.1059,3.53,3.6359
2026-09-05 16:49:21.419027+03:00,2026-09-08 07:45:00+03:00,-0.1076,3.53,3.6376
2026-09-05 16:49:21.419027+03:00,2026-09-08 08:00:00+03:00,-0.1162,3.68,3.7962
2026-09-05 16:49:21.419027+03:00,2026-09-08 08:15:00+03:00,-0.1695,3.53,3.6995
2026-09-05 16:49:21.419027+03:00,2026-09-08 08:30:00+03:00,-0.141,3.52,3.661
2026-09-05 16:49:21.419027+03:00,2026-09-08 08:45:00+03:00,-0.1395,3.52,3.6595
2026-09-05 16:49:21.419027+03:00,2026-09-08 09:00:00+03:00,-0.1531,4.99,5.1431
2026-09-05 16:49:21.419027+03:00,2026-09-08 09:15:00+03:00,-0.1987,4.94,5.1387
2026-09-05 16:49:21.419027+03:00,2026-09-08 09:30:00+03:00,-0.3007,4.0,4.3007
2026-09-05 16:49:21.419027+03:00,2026-09-08 09:45:00+03:00,-0.3211,3.69,4.0111
2026-09-05 16:49:21.419027+03:00,2026-09-08 10:00:00+03:00,-0.282,4.99,5.272
2026-09-05 16:49:21.419027+03:00,2026-09-08 10:15:00+03:00,-0.3036,4.01,4.3136
2026-09-05 16:49:21.419027+03:00,2026-09-08 10:30:00+03:00,-0.288,4.0,4.288
2026-09-05 16:49:21.419027+03:00,2026-09-08 10:45:00+03:00,-0.2875,3.53,3.8175
2026-09-05 16:49:21.419027+03:00,2026-09-08 11:00:00+03:00,-0.25,3.48,3.73
2026-09-05 16:49:21.419027+03:00,2026-09-08 11:15:00+03:00,-0.2958,3.24,3.5358
2026-09-05 16:49:21.419027+03:00,2026-09-08 11:30:00+03:00,-0.2921,3.53,3.8221
2026-09-05 16:49:21.419027+03:00,2026-09-08 11:45:00+03:00,-0.2894,3.55,3.8394
2026-09-05 16:49:21.419027+03:00,2026-09-08 12:00:00+03:00,-0.2371,3.61,3.8471
2026-09-05 16:49:21.419027+03:00,2026-09-08 12:15:00+03:00,-0.2867,3.69,3.9767
2026-09-05 16:49:21.419027+03:00,2026-09-08 12:30:00+03:00,-0.2831,4.0,4.2831
2026-09-05 16:49:21.419027+03:00,2026-09-08 12:45:00+03:00,-0.2869,4.0,4.2869
2026-09-05 16:49:21.419027+03:00,2026-09-08 13:00:00+03:00,-0.2472,4.01,4.2572
2026-09-05 16:49:21.419027+03:00,2026-09-08 13:15:00+03:00,-0.2999,4.98,5.2799000000000005
2026-09-05 16:49:21.419027+03:00,2026-09-08 13:30:00+03:00,-0.2951,4.99,5.2851
2026-09-05 16:49:21.419027+03:00,2026-09-08 13:45:00+03:00,-0.2955,5.01,5.305499999999999
2026-09-05 16:49:21.419027+03:00,2026-09-08 14:00:00+03:00,-0.2528,5.0,5.2528
2026-09-05 16:49:21.419027+03:00,2026-09-08 14:15:00+03:00,-0.282,5.18,5.462
2026-09-05 16:49:21.419027+03:00,2026-09-08 14:30:00+03:00,-0.2798,5.35,5.6298
2026-09-05 16:49:21.419027+03:00,2026-09-08 14:45:00+03:00,-0.2783,5.71,5.9883
2026-09-05 16:49:21.419027+03:00,2026-09-08 15:00:00+03:00,-0.2351,5.29,5.5251
2026-09-05 16:49:21.419027+03:00,2026-09-08 15:15:00+03:00,-0.2555,7.0,7.2555
2026-09-05 16:49:21.419027+03:00,2026-09-08 15:30:00+03:00,-0.2609,9.99,10.2509
2026-09-05 16:49:21.419027+03:00,2026-09-08 15:45:00+03:00,-0.2638,14.52,14.7838
2026-09-05 16:49:21.419027+03:00,2026-09-08 16:00:00+03:00,-0.1727,10.21,10.382700000000002
2026-09-05 16:49:21.419027+03:00,2026-09-08 16:15:00+03:00,-0.1092,14.72,14.8292
2026-09-05 16:49:21.419027+03:00,2026-09-08 16:30:00+03:00,-0.0801,17.79,17.8701
2026-09-05 16:49:21.419027+03:00,2026-09-08 16:45:00+03:00,-0.0217,24.01,24.0317
2026-09-05 16:49:21.419027+03:00,2026-09-08 17:00:00+03:00,0.0217,9.99,9.9683
2026-09-05 16:49:21.419027+03:00,2026-09-08 17:15:00+03:00,0.3634,17.75,17.3866
2026-09-05 16:49:21.419027+03:00,2026-09-08 17:30:00+03:00,0.7604,41.05,40.2896
2026-09-05 16:49:21.419027+03:00,2026-09-08 17:45:00+03:00,1.0774,67.58,66.5026
2026-09-05 16:49:21.419027+03:00,2026-09-08 18:00:00+03:00,1.4883,40.05,38.5617
2026-09-05 16:49:21.419027+03:00,2026-09-08 18:15:00+03:00,1.8696,50.0,48.1304
2026-09-05 16:49:21.419027+03:00,2026-09-08 18:30:00+03:00,1.9731,63.02,61.0469
2026-09-05 16:49:21.419027+03:00,2026-09-08 18:45:00+03:00,2.0548,76.07,74.0152
2026-09-05 16:49:21.419027+03:00,2026-09-08 19:00:00+03:00,2.1424,50.0,47.8576
2026-09-05 16:49:21.419027+03:00,2026-09-08 19:15:00+03:00,2.0914,50.0,47.9086
2026-09-05 16:49:21.419027+03:00,2026-09-08 19:30:00+03:00,2.0178,59.93,57.9122
2026-09-05 16:49:21.419027+03:00,2026-09-08 19:45:00+03:00,2.0379,80.58,78.5421
2026-09-05 16:49:21.419027+03:00,2026-09-08 20:00:00+03:00,2.0306,49.99,47.9594
2026-09-05 16:49:21.419027+03:00,2026-09-08 20:15:00+03:00,1.9159,55.58,53.6641
2026-09-05 16:49:21.419027+03:00,2026-09-08 20:30:00+03:00,1.8045,69.37,67.5655
2026-09-05 16:49:21.419027+03:00,2026-09-08 20:45:00+03:00,1.6816,65.48,63.7984
2026-09-05 16:49:21.419027+03:00,2026-09-08 21:00:00+03:00,1.5327,52.23,50.6973
2026-09-05 16:49:21.419027+03:00,2026-09-08 21:15:00+03:00,1.4293,50.0,48.5707
2026-09-05 16:49:21.419027+03:00,2026-09-08 21:30:00+03:00,1.2373,45.87,44.6327
2026-09-05 16:49:21.419027+03:00,2026-09-08 21:45:00+03:00,1.1118,38.94,37.8282
2026-09-05 16:49:21.419027+03:00,2026-09-08 22:00:00+03:00,0.9877,50.0,49.0123
2026-09-05 16:49:21.419027+03:00,2026-09-08 22:15:00+03:00,0.733,46.37,45.637
2026-09-05 16:49:21.419027+03:00,2026-09-08 22:30:00+03:00,0.6052,38.95,38.344800000000006
2026-09-05 16:49:21.419027+03:00,2026-09-08 22:45:00+03:00,0.4133,36.16,35.7467
2026-09-05 16:49:21.419027+03:00,2026-09-08 23:00:00+03:00,0.1888,42.78,42.5912
2026-09-05 16:49:21.419027+03:00,2026-09-08 23:15:00+03:00,-0.0024,36.35,36.3524
2026-09-05 16:49:21.419027+03:00,2026-09-08 23:30:00+03:00,-0.0802,38.14,38.2202
2026-09-05 16:49:21.419027+03:00,2026-09-08 23:45:00+03:00,-0.189,37.57,37.759
2026-09-05 16:49:21.419027+03:00,2026-09-09 00:00:00+03:00,-0.2038,42.96,43.1638
2026-09-05 16:49:21.419027+03:00,2026-09-09 00:15:00+03:00,-0.347,39.08,39.427
2026-09-05 16:49:21.419027+03:00,2026-09-09 00:30:00+03:00,-0.3448,34.04,34.3848
2026-09-05 16:49:21.419027+03:00,2026-09-09 00:45:00+03:00,-0.3023,28.07,28.3723
2026-09-05 16:49:21.419027+03:00,2026-09-09 01:00:00+03:00,-0.2456,35.1,35.345600000000005
2026-09-05 16:49:21.419027+03:00,2026-09-09 01:15:00+03:00,-0.2964,37.47,37.7664
2026-09-05 16:49:21.419027+03:00,2026-09-09 01:30:00+03:00,-0.2855,37.44,37.7255
2026-09-05 16:49:21.419027+03:00,2026-09-09 01:45:00+03:00,-0.2766,37.74,38.0166
2026-09-05 16:49:21.419027+03:00,2026-09-09 02:00:00+03:00,-0.22,36.67,36.89
2026-09-05 16:49:21.419027+03:00,2026-09-09 02:15:00+03:00,-0.2781,37.17,37.4481
2026-09-05 16:49:21.419027+03:00,2026-09-09 02:30:00+03:00,-0.2655,37.33,37.5955
2026-09-05 16:49:21.419027+03:00,2026-09-09 02:45:00+03:00,-0.2658,38.81,39.0758
2026-09-05 16:49:21.419027+03:00,2026-09-09 03:00:00+03:00,-0.2258,36.0,36.2258
2026-09-05 16:49:21.419027+03:00,2026-09-09 03:15:00+03:00,-0.2788,36.7,36.9788
2026-09-05 16:49:21.419027+03:00,2026-09-09 03:30:00+03:00,-0.2677,37.6,37.8677
2026-09-05 16:49:21.419027+03:00,2026-09-09 03:45:00+03:00,-0.2659,37.5,37.7659
2026-09-05 16:49:21.419027+03:00,2026-09-09 04:00:00+03:00,-0.2051,34.53,34.7351
2026-09-05 16:49:21.419027+03:00,2026-09-09 04:15:00+03:00,-0.2409,37.48,37.7209
2026-09-05 16:49:21.419027+03:00,2026-09-09 04:30:00+03:00,-0.2428,37.32,37.5628
2026-09-05 16:49:21.419027+03:00,2026-09-09 04:45:00+03:00,-0.2392,39.28,39.5192
2026-09-05 16:49:21.419027+03:00,2026-09-09 05:00:00+03:00,-0.1999,34.2,34.3999
2026-09-05 16:49:21.419027+03:00,2026-09-09 05:15:00+03:00,-0.1817,37.15,37.3317
2026-09-05 16:49:21.419027+03:00,2026-09-09 05:30:00+03:00,-0.1306,40.3,40.4306
2026-09-05 16:49:21.419027+03:00,2026-09-09 05:45:00+03:00,-0.1349,44.32,44.4549
2026-09-05 16:49:21.419027+03:00,2026-09-09 06:00:00+03:00,-0.095,30.44,30.535
2026-09-05 16:49:21.419027+03:00,2026-09-09 06:15:00+03:00,-0.0502,39.12,39.1702
2026-09-05 16:49:21.419027+03:00,2026-09-09 06:30:00+03:00,-0.0304,50.0,50.0304
2026-09-05 16:49:21.419027+03:00,2026-09-09 06:45:00+03:00,-0.0206,61.83,61.8506
2026-09-05 16:49:21.419027+03:00,2026-09-09 07:00:00+03:00,-0.0148,53.7,53.7148
2026-09-05 16:49:21.419027+03:00,2026-09-09 07:15:00+03:00,-0.0135,61.32,61.3335
2026-09-05 16:49:21.419027+03:00,2026-09-09 07:30:00+03:00,-0.0269,83.06,83.0869
2026-09-05 16:49:21.419027+03:00,2026-09-09 07:45:00+03:00,-0.0372,96.34,96.3772
2026-09-05 16:49:21.419027+03:00,2026-09-09 08:00:00+03:00,-0.029,129.29,129.319
2026-09-05 16:49:21.419027+03:00,2026-09-09 08:15:00+03:00,-0.0412,130.0,130.0412
2026-09-05 16:49:21.419027+03:00,2026-09-09 08:30:00+03:00,-0.0365,134.99,135.0265
2026-09-05 16:49:21.419027+03:00,2026-09-09 08:45:00+03:00,-0.0297,111.41,111.4397
2026-09-05 16:49:21.419027+03:00,2026-09-09 09:00:00+03:00,-0.0333,136.46,136.4933
2026-09-05 16:49:21.419027+03:00,2026-09-09 09:15:00+03:00,-0.0605,134.99,135.0505
2026-09-05 16:49:21.419027+03:00,2026-09-09 09:30:00+03:00,-0.0998,129.75,129.8498
2026-09-05 16:49:21.419027+03:00,2026-09-09 09:45:00+03:00,-0.1026,135.09,135.1926
2026-09-05 16:49:21.419027+03:00,2026-09-09 10:00:00+03:00,-0.1871,150.99,151.1771
2026-09-05 16:49:21.419027+03:00,2026-09-09 10:15:00+03:00,-0.2374,137.38,137.6174
2026-09-05 16:49:21.419027+03:00,2026-09-09 10:30:00+03:00,-0.3673,117.51,117.8773
2026-09-05 16:49:21.419027+03:00,2026-09-09 10:45:00+03:00,-0.3623,126.29,126.6523
2026-09-05 16:49:21.419027+03:00,2026-09-09 11:00:00+03:00,-0.3104,127.77,128.0804
2026-09-05 16:49:21.419027+03:00,2026-09-09 11:15:00+03:00,-0.3309,122.19,122.5209
2026-09-05 16:49:21.419027+03:00,2026-09-09 11:30:00+03:00,-0.2844,106.28,106.5644
2026-09-05 16:49:21.419027+03:00,2026-09-09 11:45:00+03:00,-0.2857,97.56,97.8457
2026-09-05 16:49:21.419027+03:00,2026-09-09 12:00:00+03:00,-0.2343,106.2,106.4343
2026-09-05 16:49:21.419027+03:00,2026-09-09 12:15:00+03:00,-0.2818,99.05,99.3318
2026-09-05 16:49:21.419027+03:00,2026-09-09 12:30:00+03:00,-0.2786,89.15,89.4286
2026-09-05 16:49:21.419027+03:00,2026-09-09 12:45:00+03:00,-0.2761,77.79,78.0661
2026-09-05 16:49:21.419027+03:00,2026-09-09 13:00:00+03:00,-0.2377,92.93,93.1677
2026-09-05 16:49:21.419027+03:00,2026-09-09 13:15:00+03:00,-0.2813,84.52,84.8013
2026-09-05 16:49:21.419027+03:00,2026-09-09 13:30:00+03:00,-0.2844,75.97,76.2544
2026-09-05 16:49:21.419027+03:00,2026-09-09 13:45:00+03:00,-0.2809,68.85,69.1309
2026-09-05 16:49:21.419027+03:00,2026-09-09 14:00:00+03:00,-0.2295,77.84,78.0695
2026-09-05 16:49:21.419027+03:00,2026-09-09 14:15:00+03:00,-0.2555,69.67,69.9255
2026-09-05 16:49:21.419027+03:00,2026-09-09 14:30:00+03:00,-0.2603,61.48,61.7403
2026-09-05 16:49:21.419027+03:00,2026-09-09 14:45:00+03:00,-0.2589,60.0,60.2589
2026-09-05 16:49:21.419027+03:00,2026-09-09 15:00:00+03:00,-0.2086,60.0,60.2086
2026-09-05 16:49:21.419027+03:00,2026-09-09 15:15:00+03:00,-0.2136,61.18,61.3936
2026-09-05 16:49:21.419027+03:00,2026-09-09 15:30:00+03:00,-0.2258,59.21,59.4358
2026-09-05 16:49:21.419027+03:00,2026-09-09 15:45:00+03:00,-0.2255,61.34,61.5655
2026-09-05 16:49:21.419027+03:00,2026-09-09 16:00:00+03:00,-0.1454,57.69,57.8354
2026-09-05 16:49:21.419027+03:00,2026-09-09 16:15:00+03:00,-0.0654,66.67,66.7354
2026-09-05 16:49:21.419027+03:00,2026-09-09 16:30:00+03:00,0.017,74.96,74.943
2026-09-05 16:49:21.419027+03:00,2026-09-09 16:45:00+03:00,0.2854,78.52,78.2346
2026-09-05 16:49:21.419027+03:00,2026-09-09 17:00:00+03:00,0.4267,63.49,63.063300000000005
2026-09-05 16:49:21.419027+03:00,2026-09-09 17:15:00+03:00,0.7116,83.76,83.0484
2026-09-05 16:49:21.419027+03:00,2026-09-09 17:30:00+03:00,1.1358,109.95,108.8142
2026-09-05 16:49:21.419027+03:00,2026-09-09 17:45:00+03:00,1.5386,139.99,138.4514
2026-09-05 16:49:21.419027+03:00,2026-09-09 18:00:00+03:00,1.955,147.08,145.125
2026-09-05 16:49:21.419027+03:00,2026-09-09 18:15:00+03:00,2.09,214.81,212.72
2026-09-05 16:49:21.419027+03:00,2026-09-09 18:30:00+03:00,2.2473,156.08,153.83270000000002
2026-09-05 16:49:21.419027+03:00,2026-09-09 18:45:00+03:00,2.3662,230.03,227.6638
2026-09-05 16:49:21.419027+03:00,2026-09-09 19:00:00+03:00,2.4856,194.42,191.9344
2026-09-05 16:49:21.419027+03:00,2026-09-09 19:15:00+03:00,2.565,205.21,202.645
2026-09-05 16:49:21.419027+03:00,2026-09-09 19:30:00+03:00,2.5475,198.37,195.8225
2026-09-05 16:49:21.419027+03:00,2026-09-09 19:45:00+03:00,2.5387,149.99,147.4513
2026-09-05 16:49:21.419027+03:00,2026-09-09 20:00:00+03:00,2.5367,184.8,182.2633
2026-09-05 16:49:21.419027+03:00,2026-09-09 20:15:00+03:00,2.4353,193.22,190.7847
2026-09-05 16:49:21.419027+03:00,2026-09-09 20:30:00+03:00,2.2488,200.0,197.7512
2026-09-05 16:49:21.419027+03:00,2026-09-09 20:45:00+03:00,2.1484,221.98,219.8316
2026-09-05 16:49:21.419027+03:00,2026-09-09 21:00:00+03:00,2.0487,211.7,209.6513
2026-09-05 16:49:21.419027+03:00,2026-09-09 21:15:00+03:00,1.946,189.26,187.314
2026-09-05 16:49:21.419027+03:00,2026-09-09 21:30:00+03:00,1.8522,223.99,222.1378
2026-09-05 16:49:21.419027+03:00,2026-09-09 21:45:00+03:00,1.733,189.23,187.497
2026-09-05 16:49:21.419027+03:00,2026-09-09 22:00:00+03:00,1.6313,196.0,194.3687
2026-09-05 16:49:21.419027+03:00,2026-09-09 22:15:00+03:00,1.5313,190.07,188.5387
2026-09-05 16:49:21.419027+03:00,2026-09-09 22:30:00+03:00,1.4726,194.31,192.8374
2026-09-05 16:49:21.419027+03:00,2026-09-09 22:45:00+03:00,1.2909,151.0,149.7091
2026-09-05 16:49:21.419027+03:00,2026-09-09 23:00:00+03:00,1.1594,151.55,150.3906
2026-09-05 16:49:21.419027+03:00,2026-09-09 23:15:00+03:00,0.9314,118.67,117.7386
2026-09-05 16:49:21.419027+03:00,2026-09-09 23:30:00+03:00,0.7814,114.99,114.2086
2026-09-05 16:49:21.419027+03:00,2026-09-09 23:45:00+03:00,0.6383,63.12,62.4817
2026-09-05 16:49:21.419027+03:00,2026-09-10 00:00:00+03:00,0.4849,75.46,74.9751
2026-09-05 16:49:21.419027+03:00,2026-09-10 00:15:00+03:00,0.3964,70.0,69.6036
2026-09-05 16:49:21.419027+03:00,2026-09-10 00:30:00+03:00,0.3927,47.34,46.947300000000006
2026-09-05 16:49:21.419027+03:00,2026-09-10 00:45:00+03:00,0.3967,33.03,32.6333
2026-09-05 16:49:21.419027+03:00,2026-09-10 01:00:00+03:00,0.3828,135.76,135.3772
2026-09-05 16:49:21.419027+03:00,2026-09-10 01:15:00+03:00,0.3772,81.05,80.6728
2026-09-05 16:49:21.419027+03:00,2026-09-10 01:30:00+03:00,0.4081,59.45,59.041900000000005
2026-09-05 16:49:21.419027+03:00,2026-09-10 01:45:00+03:00,0.4033,34.66,34.256699999999995
2026-09-05 16:49:21.419027+03:00,2026-09-10 02:00:00+03:00,0.4007,93.86,93.4593
2026-09-05 16:49:21.419027+03:00,2026-09-10 02:15:00+03:00,0.4095,57.01,56.6005
2026-09-05 16:49:21.419027+03:00,2026-09-10 02:30:00+03:00,0.427,55.09,54.663
2026-09-05 16:49:21.419027+03:00,2026-09-10 02:45:00+03:00,0.4122,34.04,33.6278
2026-09-05 16:49:21.419027+03:00,2026-09-10 03:00:00+03:00,0.399,57.03,56.631
2026-09-05 16:49:21.419027+03:00,2026-09-10 03:15:00+03:00,0.4166,51.76,51.3434
2026-09-05 16:49:21.419027+03:00,2026-09-10 03:30:00+03:00,0.4333,39.99,39.5567
2026-09-05 16:49:21.419027+03:00,2026-09-10 03:45:00+03:00,0.4147,29.99,29.5753
2026-09-05 16:49:21.419027+03:00,2026-09-10 04:00:00+03:00,0.4145,57.14,56.7255
2026-09-05 16:49:21.419027+03:00,2026-09-10 04:15:00+03:00,0.4629,55.13,54.667100000000005
2026-09-05 16:49:21.419027+03:00,2026-09-10 04:30:00+03:00,0.4365,40.0,39.5635
2026-09-05 16:49:21.419027+03:00,2026-09-10 04:45:00+03:00,0.4203,33.52,33.099700000000006
2026-09-05 16:49:21.419027+03:00,2026-09-10 05:00:00+03:00,0.457,28.0,27.543
2026-09-05 16:49:21.419027+03:00,2026-09-10 05:15:00+03:00,0.66,55.02,54.36000000000001
2026-09-05 16:49:21.419027+03:00,2026-09-10 05:30:00+03:00,0.6975,57.95,57.252500000000005
2026-09-05 16:49:21.419027+03:00,2026-09-10 05:45:00+03:00,0.8761,49.94,49.0639
2026-09-05 16:49:21.419027+03:00,2026-09-10 06:00:00+03:00,1.0547,27.99,26.9353
2026-09-05 16:49:21.419027+03:00,2026-09-10 06:15:00+03:00,1.3004,34.12,32.819599999999994
2026-09-05 16:49:21.419027+03:00,2026-09-10 06:30:00+03:00,1.4662,40.95,39.4838
2026-09-05 16:49:21.419027+03:00,2026-09-10 06:45:00+03:00,1.534,60.0,58.466
2026-09-05 16:49:21.419027+03:00,2026-09-10 07:00:00+03:00,1.7312,98.02,96.2888
2026-09-05 16:49:21.419027+03:00,2026-09-10 07:15:00+03:00,1.8425,81.04,79.1975
2026-09-05 16:49:21.419027+03:00,2026-09-10 07:30:00+03:00,1.9207,58.89,56.9693
2026-09-05 16:49:21.419027+03:00,2026-09-10 07:45:00+03:00,2.0467,54.19,52.1433
2026-09-05 16:49:21.419027+03:00,2026-09-10 08:00:00+03:00,2.1866,75.04,72.85340000000001
2026-09-05 16:49:21.419027+03:00,2026-09-10 08:15:00+03:00,2.2851,79.07,76.7849
2026-09-05 16:49:21.419027+03:00,2026-09-10 08:30:00+03:00,2.4228,84.6,82.1772
2026-09-05 16:49:21.419027+03:00,2026-09-10 08:45:00+03:00,2.5228,79.46,76.93719999999999
2026-09-05 16:49:21.419027+03:00,2026-09-10 09:00:00+03:00,2.6809,102.8,100.1191
2026-09-05 16:49:21.419027+03:00,2026-09-10 09:15:00+03:00,2.6641,87.39,84.7259
2026-09-05 16:49:21.419027+03:00,2026-09-10 09:30:00+03:00,2.6488,74.18,71.53120000000001
2026-09-05 16:49:21.419027+03:00,2026-09-10 09:45:00+03:00,2.6431,54.91,52.2669
2026-09-05 16:49:21.419027+03:00,2026-09-10 10:00:00+03:00,2.6455,87.6,84.9545
2026-09-05 16:49:21.419027+03:00,2026-09-10 10:15:00+03:00,2.6076,50.01,47.4024
2026-09-05 16:49:21.419027+03:00,2026-09-10 10:30:00+03:00,2.5157,88.57,86.0543
2026-09-05 16:49:21.419027+03:00,2026-09-10 10:45:00+03:00,2.5394,54.41,51.8706
2026-09-05 16:49:21.419027+03:00,2026-09-10 11:00:00+03:00,2.5493,77.17,74.6207
2026-09-05 16:49:21.419027+03:00,2026-09-10 11:15:00+03:00,2.5384,46.9,44.3616
2026-09-05 16:49:21.419027+03:00,2026-09-10 11:30:00+03:00,2.5469,41.28,38.7331
2026-09-05 16:49:21.419027+03:00,2026-09-10 11:45:00+03:00,2.546,40.77,38.224
2026-09-05 16:49:21.419027+03:00,2026-09-10 12:00:00+03:00,2.569,40.85,38.281
2026-09-05 16:49:21.419027+03:00,2026-09-10 12:15:00+03:00,2.5526,40.96,38.4074
2026-09-05 16:49:21.419027+03:00,2026-09-10 12:30:00+03:00,2.5618,40.95,38.388200000000005
2026-09-05 16:49:21.419027+03:00,2026-09-10 12:45:00+03:00,2.5599,39.34,36.7801
2026-09-05 16:49:21.419027+03:00,2026-09-10 13:00:00+03:00,2.5658,47.28,44.7142
2026-09-05 16:49:21.419027+03:00,2026-09-10 13:15:00+03:00,2.5542,39.88,37.3258
2026-09-05 16:49:21.419027+03:00,2026-09-10 13:30:00+03:00,2.5627,35.39,32.8273
2026-09-05 16:49:21.419027+03:00,2026-09-10 13:45:00+03:00,2.5613,31.4,28.8387
2026-09-05 16:49:21.419027+03:00,2026-09-10 14:00:00+03:00,2.5587,39.93,37.3713
2026-09-05 16:49:21.419027+03:00,2026-09-10 14:15:00+03:00,2.5715,36.25,33.6785
2026-09-05 16:49:21.419027+03:00,2026-09-10 14:30:00+03:00,2.5771,34.04,31.4629
2026-09-05 16:49:21.419027+03:00,2026-09-10 14:45:00+03:00,2.5734,35.04,32.4666
2026-09-05 16:49:21.419027+03:00,2026-09-10 15:00:00+03:00,2.5686,28.53,25.9614
2026-09-05 16:49:21.419027+03:00,2026-09-10 15:15:00+03:00,2.5799,34.77,32.1901
2026-09-05 16:49:21.419027+03:00,2026-09-10 15:30:00+03:00,2.5775,41.19,38.6125
2026-09-05 16:49:21.419027+03:00,2026-09-10 15:45:00+03:00,2.5711,45.23,42.6589
2026-09-05 16:49:21.419027+03:00,2026-09-10 16:00:00+03:00,2.5715,30.62,28.0485
2026-09-05 16:49:21.419027+03:00,2026-09-10 16:15:00+03:00,2.5766,36.5,33.9234
2026-09-05 16:49:21.419027+03:00,2026-09-10 16:30:00+03:00,2.5775,40.93,38.3525
2026-09-05 16:49:21.419027+03:00,2026-09-10 16:45:00+03:00,2.5684,47.32,44.7516
2026-09-05 16:49:21.419027+03:00,2026-09-10 17:00:00+03:00,2.5648,36.45,33.885200000000005
2026-09-05 16:49:21.419027+03:00,2026-09-10 17:15:00+03:00,2.5924,39.79,37.1976
2026-09-05 16:49:21.419027+03:00,2026-09-10 17:30:00+03:00,2.5787,39.16,36.5813
2026-09-05 16:49:21.419027+03:00,2026-09-10 17:45:00+03:00,2.5678,49.99,47.4222
2026-09-05 16:49:21.419027+03:00,2026-09-10 18:00:00+03:00,2.5661,28.13,25.5639
2026-09-05 16:49:21.419027+03:00,2026-09-10 18:15:00+03:00,2.5888,39.59,37.0012
2026-09-05 16:49:21.419027+03:00,2026-09-10 18:30:00+03:00,2.5645,50.0,47.4355
2026-09-05 16:49:21.419027+03:00,2026-09-10 18:45:00+03:00,2.5693,61.24,58.6707
2026-09-05 16:49:21.419027+03:00,2026-09-10 19:00:00+03:00,2.5879,48.38,45.792100000000005
2026-09-05 16:49:21.419027+03:00,2026-09-10 19:15:00+03:00,2.5679,49.99,47.4221
2026-09-05 16:49:21.419027+03:00,2026-09-10 19:30:00+03:00,2.5372,50.0,47.4628
2026-09-05 16:49:21.419027+03:00,2026-09-10 19:45:00+03:00,2.5593,49.99,47.4307
2026-09-05 16:49:21.419027+03:00,2026-09-10 20:00:00+03:00,2.5602,54.3,51.7398
2026-09-05 16:49:21.419027+03:00,2026-09-10 20:15:00+03:00,2.4459,50.01,47.5641
2026-09-05 16:49:21.419027+03:00,2026-09-10 20:30:00+03:00,2.2685,50.0,47.7315
2026-09-05 16:49:21.419027+03:00,2026-09-10 20:45:00+03:00,2.1926,42.97,40.7774
2026-09-05 16:49:21.419027+03:00,2026-09-10 21:00:00+03:00,2.0828,56.55,54.4672
2026-09-05 16:49:21.419027+03:00,2026-09-10 21:15:00+03:00,2.0028,50.99,48.9872
2026-09-05 16:49:21.419027+03:00,2026-09-10 21:30:00+03:00,1.8947,45.2,43.3053
2026-09-05 16:49:21.419027+03:00,2026-09-10 21:45:00+03:00,1.7697,33.01,31.2403
2026-09-05 16:49:21.419027+03:00,2026-09-10 22:00:00+03:00,1.749,46.87,45.121
2026-09-05 16:49:21.419027+03:00,2026-09-10 22:15:00+03:00,1.5475,40.05,38.5025
2026-09-05 16:49:21.419027+03:00,2026-09-10 22:30:00+03:00,1.4485,37.86,36.4115
2026-09-05 16:49:21.419027+03:00,2026-09-10 22:45:00+03:00,1.2415,31.58,30.3385
2026-09-05 16:49:21.419027+03:00,2026-09-10 23:00:00+03:00,1.1154,42.99,41.8746
2026-09-05 16:49:21.419027+03:00,2026-09-10 23:15:00+03:00,0.9029,40.19,39.2871
2026-09-05 16:49:21.419027+03:00,2026-09-10 23:30:00+03:00,0.7537,37.21,36.4563
2026-09-05 16:49:21.419027+03:00,2026-09-10 23:45:00+03:00,0.6006,29.99,29.3894
2026-09-05 16:49:21.419027+03:00,2026-09-11 00:00:00+03:00,0.4295,39.98,39.5505
2026-09-05 16:49:21.419027+03:00,2026-09-11 00:15:00+03:00,0.3446,38.12,37.7754
2026-09-05 16:49:21.419027+03:00,2026-09-11 00:30:00+03:00,0.3435,35.92,35.5765
2026-09-05 16:49:21.419027+03:00,2026-09-11 00:45:00+03:00,0.3487,29.99,29.641299999999998
2026-09-05 16:49:21.419027+03:00,2026-09-11 01:00:00+03:00,0.3763,27.65,27.273699999999998
2026-09-05 16:49:21.419027+03:00,2026-09-11 01:15:00+03:00,0.3796,26.92,26.5404
2026-09-05 16:49:21.419027+03:00,2026-09-11 01:30:00+03:00,0.4092,37.16,36.7508
2026-09-05 16:49:21.419027+03:00,2026-09-11 01:45:00+03:00,0.396,35.01,34.614
2026-09-05 16:49:21.419027+03:00,2026-09-11 02:00:00+03:00,0.4002,28.52,28.119799999999998
2026-09-05 16:49:21.419027+03:00,2026-09-11 02:15:00+03:00,0.4156,28.0,27.5844
2026-09-05 16:49:21.419027+03:00,2026-09-11 02:30:00+03:00,0.4318,35.94,35.508199999999995
2026-09-05 16:49:21.419027+03:00,2026-09-11 02:45:00+03:00,0.4089,35.58,35.171099999999996
2026-09-05 16:49:21.419027+03:00,2026-09-11 03:00:00+03:00,0.4062,33.64,33.2338
2026-09-05 16:49:21.419027+03:00,2026-09-11 03:15:00+03:00,0.4268,32.08,31.6532
2026-09-05 16:49:21.419027+03:00,2026-09-11 03:30:00+03:00,0.441,31.28,30.839000000000002
2026-09-05 16:49:21.419027+03:00,2026-09-11 03:45:00+03:00,0.4135,31.42,31.006500000000003
2026-09-05 16:49:21.419027+03:00,2026-09-11 04:00:00+03:00,0.4123,28.63,28.2177
2026-09-05 16:49:21.419027+03:00,2026-09-11 04:15:00+03:00,0.469,30.0,29.531
2026-09-05 16:49:21.419027+03:00,2026-09-11 04:30:00+03:00,0.4395,34.1,33.6605
2026-09-05 16:49:21.419027+03:00,2026-09-11 04:45:00+03:00,0.4177,35.73,35.31229999999999
2026-09-05 16:49:21.419027+03:00,2026-09-11 05:00:00+03:00,0.5829,26.89,26.307100000000002
2026-09-05 16:49:21.419027+03:00,2026-09-11 05:15:00+03:00,0.9043,31.51,30.605700000000002
2026-09-05 16:49:21.419027+03:00,2026-09-11 05:30:00+03:00,1.2681,32.57,31.3019
2026-09-05 16:49:21.419027+03:00,2026-09-11 05:45:00+03:00,1.662,44.07,42.408
2026-09-05 16:49:21.419027+03:00,2026-09-11 06:00:00+03:00,2.0456,23.12,21.0744
2026-09-05 16:49:21.419027+03:00,2026-09-11 06:15:00+03:00,2.4372,35.0,32.5628
2026-09-05 16:49:21.419027+03:00,2026-09-11 06:30:00+03:00,2.6784,37.4,34.721599999999995
2026-09-05 16:49:21.419027+03:00,2026-09-11 06:45:00+03:00,3.1026,50.0,46.8974
2026-09-05 16:49:21.419027+03:00,2026-09-11 07:00:00+03:00,3.5344,30.05,26.5156
2026-09-05 16:49:21.419027+03:00,2026-09-11 07:15:00+03:00,4.2086,49.99,45.781400000000005
2026-09-05 16:49:21.419027+03:00,2026-09-11 07:30:00+03:00,4.5635,52.07,47.5065
2026-09-05 16:49:21.419027+03:00,2026-09-11 07:45:00+03:00,4.8811,75.29,70.4089
2026-09-05 16:49:21.419027+03:00,2026-09-11 08:00:00+03:00,5.2383,54.45,49.2117
2026-09-05 16:49:21.419027+03:00,2026-09-11 08:15:00+03:00,5.4717,60.43,54.9583
2026-09-05 16:49:21.419027+03:00,2026-09-11 08:30:00+03:00,5.4866,69.84,64.35340000000001
2026-09-05 16:49:21.419027+03:00,2026-09-11 08:45:00+03:00,5.4251,71.94,66.5149
2026-09-05 16:49:21.419027+03:00,2026-09-11 09:00:00+03:00,5.3821,75.36,69.9779
2026-09-05 16:49:21.419027+03:00,2026-09-11 09:15:00+03:00,5.3216,74.63,69.30839999999999
2026-09-05 16:49:21.419027+03:00,2026-09-11 09:30:00+03:00,5.3094,75.17,69.8606
2026-09-05 16:49:21.419027+03:00,2026-09-11 09:45:00+03:00,5.3256,68.42,63.0944
2026-09-05 16:49:21.419027+03:00,2026-09-11 10:00:00+03:00,5.4621,70.56,65.0979
2026-09-05 16:49:21.419027+03:00,2026-09-11 10:15:00+03:00,5.5023,62.72,57.2177
2026-09-05 16:49:21.419027+03:00,2026-09-11 10:30:00+03:00,5.4576,66.05,60.5924
2026-09-05 16:49:21.419027+03:00,2026-09-11 10:45:00+03:00,5.43,58.14,52.71
2026-09-05 16:49:21.419027+03:00,2026-09-11 11:00:00+03:00,5.4076,67.45,62.0424
2026-09-05 16:49:21.419027+03:00,2026-09-11 11:15:00+03:00,5.4605,56.0,50.539500000000004
2026-09-05 16:49:21.419027+03:00,2026-09-11 11:30:00+03:00,5.403,53.86,48.457
2026-09-05 16:49:21.419027+03:00,2026-09-11 11:45:00+03:00,5.4126,49.35,43.937400000000004
2026-09-05 16:49:21.419027+03:00,2026-09-11 12:00:00+03:00,5.2817,51.6,46.3183
2026-09-05 16:49:21.419027+03:00,2026-09-11 12:15:00+03:00,5.3497,49.97,44.6203
2026-09-05 16:49:21.419027+03:00,2026-09-11 12:30:00+03:00,5.3066,48.13,42.8234
2026-09-05 16:49:21.419027+03:00,2026-09-11 12:45:00+03:00,5.319,48.3,42.980999999999995
2026-09-05 16:49:21.419027+03:00,2026-09-11 13:00:00+03:00,5.3312,51.27,45.9388
2026-09-05 16:49:21.419027+03:00,2026-09-11 13:15:00+03:00,5.3787,49.98,44.601299999999995
2026-09-05 16:49:21.419027+03:00,2026-09-11 13:30:00+03:00,5.327,48.63,43.303000000000004
2026-09-05 16:49:21.419027+03:00,2026-09-11 13:45:00+03:00,5.3311,49.28,43.9489
2026-09-05 16:49:21.419027+03:00,2026-09-11 14:00:00+03:00,5.3412,49.98,44.638799999999996
2026-09-05 16:49:21.419027+03:00,2026-09-11 14:15:00+03:00,5.4047,47.63,42.225300000000004
2026-09-05 16:49:21.419027+03:00,2026-09-11 14:30:00+03:00,5.3518,50.52,45.168200000000006
2026-09-05 16:49:21.419027+03:00,2026-09-11 14:45:00+03:00,5.353,50.39,45.037
2026-09-05 16:49:21.419027+03:00,2026-09-11 15:00:00+03:00,5.3777,45.6,40.222300000000004
2026-09-05 16:49:21.419027+03:00,2026-09-11 15:15:00+03:00,5.5038,47.58,42.0762
2026-09-05 16:49:21.419027+03:00,2026-09-11 15:30:00+03:00,5.4037,49.99,44.5863
2026-09-05 16:49:21.419027+03:00,2026-09-11 15:45:00+03:00,5.4078,50.48,45.072199999999995
2026-09-05 16:49:21.419027+03:00,2026-09-11 16:00:00+03:00,5.372,33.75,28.378
2026-09-05 16:49:21.419027+03:00,2026-09-11 16:15:00+03:00,5.4922,49.98,44.48779999999999
2026-09-05 16:49:21.419027+03:00,2026-09-11 16:30:00+03:00,5.3969,55.9,50.503099999999996
2026-09-05 16:49:21.419027+03:00,2026-09-11 16:45:00+03:00,5.4303,61.99,56.5597
2026-09-05 16:49:21.419027+03:00,2026-09-11 17:00:00+03:00,5.3914,41.47,36.0786
2026-09-05 16:49:21.419027+03:00,2026-09-11 17:15:00+03:00,5.5029,54.37,48.86709999999999
2026-09-05 16:49:21.419027+03:00,2026-09-11 17:30:00+03:00,5.4019,65.2,59.798100000000005
2026-09-05 16:49:21.419027+03:00,2026-09-11 17:45:00+03:00,5.3917,87.14,81.7483
2026-09-05 16:49:21.419027+03:00,2026-09-11 18:00:00+03:00,5.3676,85.9,80.53240000000001
2026-09-05 16:49:21.419027+03:00,2026-09-11 18:15:00+03:00,5.4598,106.6,101.1402
2026-09-05 16:49:21.419027+03:00,2026-09-11 18:30:00+03:00,5.4134,129.39,123.97659999999999
2026-09-05 16:49:21.419027+03:00,2026-09-11 18:45:00+03:00,5.4126,138.08,132.66740000000001
2026-09-05 16:49:21.419027+03:00,2026-09-11 19:00:00+03:00,5.4014,135.47,130.0686
2026-09-05 16:49:21.419027+03:00,2026-09-11 19:15:00+03:00,5.3773,129.39,124.01269999999998
2026-09-05 16:49:21.419027+03:00,2026-09-11 19:30:00+03:00,5.3716,129.37,123.9984
2026-09-05 16:49:21.419027+03:00,2026-09-11 19:45:00+03:00,5.3932,136.56,131.1668
2026-09-05 16:49:21.419027+03:00,2026-09-11 20:00:00+03:00,5.3769,137.99,132.6131
2026-09-05 16:49:21.419027+03:00,2026-09-11 20:15:00+03:00,5.3173,142.1,136.7827
2026-09-05 16:49:21.419027+03:00,2026-09-11 20:30:00+03:00,5.3167,142.61,137.29330000000002
2026-09-05 16:49:21.419027+03:00,2026-09-11 20:45:00+03:00,5.3459,149.94,144.5941
2026-09-05 16:49:21.419027+03:00,2026-09-11 21:00:00+03:00,5.3357,129.38,124.04429999999999
2026-09-05 16:49:21.419027+03:00,2026-09-11 21:15:00+03:00,5.3898,129.87,124.48020000000001
2026-09-05 16:49:21.419027+03:00,2026-09-11 21:30:00+03:00,5.3649,129.37,124.0051
2026-09-05 16:49:21.419027+03:00,2026-09-11 21:45:00+03:00,5.3599,129.36,124.00010000000002
2026-09-05 16:49:21.419027+03:00,2026-09-11 22:00:00+03:00,5.3431,129.86,124.51690000000002
2026-09-05 16:49:21.419027+03:00,2026-09-11 22:15:00+03:00,5.3275,149.93,144.60250000000002
2026-09-05 16:49:21.419027+03:00,2026-09-11 22:30:00+03:00,5.3181,129.37,124.0519
2026-09-05 16:49:21.419027+03:00,2026-09-11 22:45:00+03:00,5.3274,111.18,105.85260000000001
2026-09-05 16:49:21.419027+03:00,2026-09-11 23:00:00+03:00,5.3207,124.89,119.5693
2026-09-05 16:49:21.419027+03:00,2026-09-11 23:15:00+03:00,5.2841,102.52,97.2359
2026-09-05 16:49:21.419027+03:00,2026-09-11 23:30:00+03:00,5.2848,69.0,63.7152
2026-09-05 16:49:21.419027+03:00,2026-09-11 23:45:00+03:00,5.3043,53.34,48.035700000000006
2026-09-05 16:49:21.419027+03:00,2026-09-12 00:00:00+03:00,5.2987,53.36,48.0613
2026-09-05 16:49:21.419027+03:00,2026-09-12 00:15:00+03:00,5.337,,
2026-09-05 16:49:21.419027+03:00,2026-09-12 00:30:00+03:00,5.3108,,
2026-09-05 16:49:21.419027+03:00,2026-09-12 00:45:00+03:00,5.3251,,
2026-09-05 16:49:21.419027+03:00,2026-09-12 01:00:00+03:00,5.3123,,
2026-09-05 16:49:21.419027+03:00,2026-09-12 01:15:00+03:00,5.317,,
2026-09-05 16:49:21.419027+03:00,2026-09-12 01:30:00+03:00,5.2939,,
2026-09-05 16:49:21.419027+03:00,2026-09-12 01:45:00+03:00,5.3008,,
2026-09-05 16:49:21.419027+03:00,2026-09-12 02:00:00+03:00,5.3077,,
2026-09-05 16:49:21.419027+03:00,2026-09-12 02:15:00+03:00,5.331,,
2026-09-05 16:49:21.419027+03:00,2026-09-12 02:30:00+03:00,5.3091,,
2026-09-05 16:49:21.419027+03:00,2026-09-12 02:45:00+03:00,5.309,,
2026-09-05 16:49:21.419027+03:00,2026-09-12 03:00:00+03:00,5.3065,,
2026-09-05 16:49:21.419027+03:00,2026-09-12 03:15:00+03:00,5.3403,,
2026-09-05 16:49:21.419027+03:00,2026-09-12 03:30:00+03:00,5.3155,,
2026-09-05 16:49:21.419027+03:00,2026-09-12 03:45:00+03:00,5.3133,,
2026-09-05 16:49:21.419027+03:00,2026-09-12 04:00:00+03:00,5.2966,,
2026-09-05 16:49:21.419027+03:00,2026-09-12 04:15:00+03:00,5.3578,,
2026-09-05 16:49:21.419027+03:00,2026-09-12 04:30:00+03:00,5.3391,,
2026-09-05 16:49:21.419027+03:00,2026-09-12 04:45:00+03:00,5.3478,,
2026-09-05 16:49:21.419027+03:00,2026-09-12 05:00:00+03:00,5.4073,,
2026-09-05 16:49:21.419027+03:00,2026-09-12 05:15:00+03:00,5.7003,,
2026-09-05 16:49:21.419027+03:00,2026-09-12 05:30:00+03:00,5.9124,,
2026-09-05 16:49:21.419027+03:00,2026-09-12 05:45:00+03:00,6.2185,,
2026-09-05 16:49:21.419027+03:00,2026-09-12 06:00:00+03:00,6.404,,
2026-09-05 16:49:21.419027+03:00,2026-09-12 06:15:00+03:00,7.0225,,
2026-09-05 16:49:21.419027+03:00,2026-09-12 06:30:00+03:00,7.8517,,
2026-09-05 16:49:21.419027+03:00,2026-09-12 06:45:00+03:00,8.5956,,
2026-09-05 16:49:21.419027+03:00,2026-09-12 07:00:00+03:00,9.4047,,
2026-09-05 16:49:21.419027+03:00,2026-09-12 07:15:00+03:00,10.2331,,
2026-09-05 16:49:21.419027+03:00,2026-09-12 07:30:00+03:00,10.8414,,
2026-09-05 16:49:21.419027+03:00,2026-09-12 07:45:00+03:00,11.139,,
2026-09-05 16:49:21.419027+03:00,2026-09-12 08:00:00+03:00,11.4254,,
2026-09-05 16:49:21.419027+03:00,2026-09-12 08:15:00+03:00,11.7261,,
2026-09-05 16:49:21.419027+03:00,2026-09-12 08:30:00+03:00,11.561,,
2026-09-05 16:49:21.419027+03:00,2026-09-12 08:45:00+03:00,11.5278,,
2026-09-05 16:49:21.419027+03:00,2026-09-12 09:00:00+03:00,11.4515,,
2026-09-05 16:49:21.419027+03:00,2026-09-12 09:15:00+03:00,11.3425,,
2026-09-05 16:49:21.419027+03:00,2026-09-12 09:30:00+03:00,10.9649,,
2026-09-05 16:49:21.419027+03:00,2026-09-12 09:45:00+03:00,10.9893,,
2026-09-05 16:49:21.419027+03:00,2026-09-12 10:00:00+03:00,10.9797,,
2026-09-05 16:49:21.419027+03:00,2026-09-12 10:15:00+03:00,10.9483,,
2026-09-05 16:49:21.419027+03:00,2026-09-12 10:30:00+03:00,10.9917,,
2026-09-05 16:49:21.419027+03:00,2026-09-12 10:45:00+03:00,10.9994,,
2026-09-05 16:49:21.419027+03:00,2026-09-12 11:00:00+03:00,11.0007,,
2026-09-05 16:49:21.419027+03:00,2026-09-12 11:15:00+03:00,10.9461,,
2026-09-05 16:49:21.419027+03:00,2026-09-12 11:30:00+03:00,10.9811,,
2026-09-05 16:49:21.419027+03:00,2026-09-12 11:45:00+03:00,10.9959,,
2026-09-05 16:49:21.419027+03:00,2026-09-12 12:00:00+03:00,10.9805,,
2026-09-05 16:49:21.419027+03:00,2026-09-12 12:15:00+03:00,10.9298,,
2026-09-05 16:49:21.419027+03:00,2026-09-12 12:30:00+03:00,10.9694,,
2026-09-05 16:49:21.419027+03:00,2026-09-12 12:45:00+03:00,10.9838,,
2026-09-05 16:49:21.419027+03:00,2026-09-12 13:00:00+03:00,10.9933,,
2026-09-05 16:49:21.419027+03:00,2026-09-12 13:15:00+03:00,10.9473,,
2026-09-05 16:49:21.419027+03:00,2026-09-12 13:30:00+03:00,10.9843,,
2026-09-05 16:49:21.419027+03:00,2026-09-12 13:45:00+03:00,10.9977,,
2026-09-05 16:49:21.419027+03:00,2026-09-12 14:00:00+03:00,10.9991,,
2026-09-05 16:49:21.419027+03:00,2026-09-12 14:15:00+03:00,10.9895,,
2026-09-05 16:49:21.419027+03:00,2026-09-12 14:30:00+03:00,11.0165,,
2026-09-05 16:49:21.419027+03:00,2026-09-12 14:45:00+03:00,11.0264,,
2026-09-05 16:49:21.419027+03:00,2026-09-12 15:00:00+03:00,11.0073,,
2026-09-05 16:49:21.419027+03:00,2026-09-12 15:15:00+03:00,11.0749,,
2026-09-05 16:49:21.419027+03:00,2026-09-12 15:30:00+03:00,11.0848,,
2026-09-05 16:49:21.419027+03:00,2026-09-12 15:45:00+03:00,11.0708,,
2026-09-05 16:49:21.419027+03:00,2026-09-12 16:00:00+03:00,11.0313,,
2026-09-05 16:49:21.419027+03:00,2026-09-12 16:15:00+03:00,11.0807,,
2026-09-05 16:49:21.419027+03:00,2026-09-12 16:30:00+03:00,11.0939,,
2026-09-05 16:49:21.419027+03:00,2026-09-12 16:45:00+03:00,11.0641,,
2026-09-05 16:49:21.419027+03:00,2026-09-12 17:00:00+03:00,11.0681,,
2026-09-05 16:49:21.419027+03:00,2026-09-12 17:15:00+03:00,11.0719,,
2026-09-05 16:49:21.419027+03:00,2026-09-12 17:30:00+03:00,11.1072,,
2026-09-05 16:49:21.419027+03:00,2026-09-12 17:45:00+03:00,11.0945,,
2026-09-05 16:49:21.419027+03:00,2026-09-12 18:00:00+03:00,11.0438,,
2026-09-05 16:49:21.419027+03:00,2026-09-12 18:15:00+03:00,11.0295,,
2026-09-05 16:49:21.419027+03:00,2026-09-12 18:30:00+03:00,11.0806,,
2026-09-05 16:49:21.419027+03:00,2026-09-12 18:45:00+03:00,11.0549,,
2026-09-05 16:49:21.419027+03:00,2026-09-12 19:00:00+03:00,11.051,,
2026-09-05 16:49:21.419027+03:00,2026-09-12 19:15:00+03:00,10.9253,,
2026-09-05 16:49:21.419027+03:00,2026-09-12 19:30:00+03:00,10.9862,,
2026-09-05 16:49:21.419027+03:00,2026-09-12 19:45:00+03:00,10.9806,,
2026-09-05 16:49:21.419027+03:00,2026-09-12 20:00:00+03:00,10.9645,,
2026-09-05 16:49:21.419027+03:00,2026-09-12 20:15:00+03:00,10.6902,,
2026-09-05 16:49:21.419027+03:00,2026-09-12 20:30:00+03:00,10.2728,,
2026-09-05 16:49:21.419027+03:00,2026-09-12 20:45:00+03:00,9.8132,,
2026-09-05 16:49:21.419027+03:00,2026-09-12 21:00:00+03:00,9.4469,,
2026-09-05 16:49:21.419027+03:00,2026-09-12 21:15:00+03:00,9.0136,,
2026-09-05 16:49:21.419027+03:00,2026-09-12 21:30:00+03:00,8.5573,,
2026-09-05 16:49:21.419027+03:00,2026-09-12 21:45:00+03:00,8.2005,,
2026-09-05 16:49:21.419027+03:00,2026-09-12 22:00:00+03:00,7.6706,,
2026-09-05 16:49:21.419027+03:00,2026-09-12 22:15:00+03:00,6.8525,,
2026-09-05 16:49:21.419027+03:00,2026-09-12 22:30:00+03:00,5.7881,,
2026-09-05 16:49:21.419027+03:00,2026-09-12 22:45:00+03:00,5.027,,
2026-09-05 16:49:21.419027+03:00,2026-09-12 23:00:00+03:00,4.0341,,
2026-09-05 16:49:21.419027+03:00,2026-09-12 23:15:00+03:00,3.204,,
2026-09-05 16:49:21.419027+03:00,2026-09-12 23:30:00+03:00,2.3495,,
2026-09-05 16:49:21.419027+03:00,2026-09-12 23:45:00+03:00,1.4702,,
2026-09-07 19:21:33.800438+03:00,2026-09-08 00:00:00+03:00,2.8917,2.82,0.0717000000000003
2026-09-07 19:21:33.800438+03:00,2026-09-08 00:15:00+03:00,2.7864,2.0,0.7864
2026-09-07 19:21:33.800438+03:00,2026-09-08 00:30:00+03:00,2.6675,1.99,0.6775
2026-09-07 19:21:33.800438+03:00,2026-09-08 00:45:00+03:00,2.5597,1.55,1.0096999999999998
2026-09-07 19:21:33.800438+03:00,2026-09-08 01:00:00+03:00,2.4527,2.03,0.4227000000000003
2026-09-07 19:21:33.800438+03:00,2026-09-08 01:15:00+03:00,2.2282,2.0,0.2282000000000001
2026-09-07 19:21:33.800438+03:00,2026-09-08 01:30:00+03:00,2.0503,2.0,0.0503
2026-09-07 19:21:33.800438+03:00,2026-09-08 01:45:00+03:00,1.9585,1.99,0.0315
2026-09-07 19:21:33.800438+03:00,2026-09-08 02:00:00+03:00,1.8114,1.88,0.0686
2026-09-07 19:21:33.800438+03:00,2026-09-08 02:15:00+03:00,1.7073,1.51,0.1973
2026-09-07 19:21:33.800438+03:00,2026-09-08 02:30:00+03:00,1.605,1.32,0.2849999999999999
2026-09-07 19:21:33.800438+03:00,2026-09-08 02:45:00+03:00,1.6029,1.15,0.4529000000000001
2026-09-07 19:21:33.800438+03:00,2026-09-08 03:00:00+03:00,1.61,1.4,0.2100000000000002
2026-09-07 19:21:33.800438+03:00,2026-09-08 03:15:00+03:00,1.6903,1.21,0.4802999999999999
2026-09-07 19:21:33.800438+03:00,2026-09-08 03:30:00+03:00,1.6945,1.5,0.1944999999999999
2026-09-07 19:21:33.800438+03:00,2026-09-08 03:45:00+03:00,1.6844,1.13,0.5544
2026-09-07 19:21:33.800438+03:00,2026-09-08 04:00:00+03:00,1.688,1.16,0.528
2026-09-07 19:21:33.800438+03:00,2026-09-08 04:15:00+03:00,1.7828,1.47,0.3127999999999999
2026-09-07 19:21:33.800438+03:00,2026-09-08 04:30:00+03:00,1.9079,1.04,0.8678999999999999
2026-09-07 19:21:33.800438+03:00,2026-09-08 04:45:00+03:00,2.0429,1.12,0.9228999999999998
2026-09-07 19:21:33.800438+03:00,2026-09-08 05:00:00+03:00,2.1295,1.96,0.1695000000000002
2026-09-07 19:21:33.800438+03:00,2026-09-08 05:15:00+03:00,2.4666,1.99,0.4766000000000001
2026-09-07 19:21:33.800438+03:00,2026-09-08 05:30:00+03:00,2.5198,1.99,0.5298
2026-09-07 19:21:33.800438+03:00,2026-09-08 05:45:00+03:00,2.6472,2.0,0.6472000000000002
2026-09-07 19:21:33.800438+03:00,2026-09-08 06:00:00+03:00,2.7959,2.0,0.7959
2026-09-07 19:21:33.800438+03:00,2026-09-08 06:15:00+03:00,3.1349,2.33,0.8049
2026-09-07 19:21:33.800438+03:00,2026-09-08 06:30:00+03:00,3.3036,3.5,0.1964000000000001
2026-09-07 19:21:33.800438+03:00,2026-09-08 06:45:00+03:00,3.5375,3.75,0.2124999999999999
2026-09-07 19:21:33.800438+03:00,2026-09-08 07:00:00+03:00,3.6863,3.64,0.0463
2026-09-07 19:21:33.800438+03:00,2026-09-08 07:15:00+03:00,3.9219,3.56,0.3618999999999999
2026-09-07 19:21:33.800438+03:00,2026-09-08 07:30:00+03:00,4.0791,3.53,0.5491000000000006
2026-09-07 19:21:33.800438+03:00,2026-09-08 07:45:00+03:00,4.1283,3.53,0.5983000000000005
2026-09-07 19:21:33.800438+03:00,2026-09-08 08:00:00+03:00,4.2838,3.68,0.6038000000000001
2026-09-07 19:21:33.800438+03:00,2026-09-08 08:15:00+03:00,4.4531,3.53,0.9231000000000004
2026-09-07 19:21:33.800438+03:00,2026-09-08 08:30:00+03:00,4.6169,3.52,1.0969000000000002
2026-09-07 19:21:33.800438+03:00,2026-09-08 08:45:00+03:00,4.8134,3.52,1.2933999999999997
2026-09-07 19:21:33.800438+03:00,2026-09-08 09:00:00+03:00,4.8614,4.99,0.1286000000000005
2026-09-07 19:21:33.800438+03:00,2026-09-08 09:15:00+03:00,4.7855,4.94,0.1545000000000005
2026-09-07 19:21:33.800438+03:00,2026-09-08 09:30:00+03:00,4.6081,4.0,0.6081000000000003
2026-09-07 19:21:33.800438+03:00,2026-09-08 09:45:00+03:00,4.645,3.69,0.9549999999999996
2026-09-07 19:21:33.800438+03:00,2026-09-08 10:00:00+03:00,4.6378,4.99,0.3521999999999998
2026-09-07 19:21:33.800438+03:00,2026-09-08 10:15:00+03:00,4.6659,4.01,0.6558999999999999
2026-09-07 19:21:33.800438+03:00,2026-09-08 10:30:00+03:00,4.6517,4.0,0.6517
2026-09-07 19:21:33.800438+03:00,2026-09-08 10:45:00+03:00,4.6579,3.53,1.1279
2026-09-07 19:21:33.800438+03:00,2026-09-08 11:00:00+03:00,4.6549,3.48,1.1748999999999996
2026-09-07 19:21:33.800438+03:00,2026-09-08 11:15:00+03:00,4.6687,3.24,1.4287
2026-09-07 19:21:33.800438+03:00,2026-09-08 11:30:00+03:00,4.6461,3.53,1.1161
2026-09-07 19:21:33.800438+03:00,2026-09-08 11:45:00+03:00,4.6599,3.55,1.1099000000000006
2026-09-07 19:21:33.800438+03:00,2026-09-08 12:00:00+03:00,4.6785,3.61,1.0684999999999998
2026-09-07 19:21:33.800438+03:00,2026-09-08 12:15:00+03:00,4.6915,3.69,1.0014999999999996
2026-09-07 19:21:33.800438+03:00,2026-09-08 12:30:00+03:00,4.6677,4.0,0.6677
2026-09-07 19:21:33.800438+03:00,2026-09-08 12:45:00+03:00,4.6645,4.0,0.6645000000000003
2026-09-07 19:21:33.800438+03:00,2026-09-08 13:00:00+03:00,4.6741,4.01,0.6641000000000004
2026-09-07 19:21:33.800438+03:00,2026-09-08 13:15:00+03:00,4.6874,4.98,0.2926000000000002
2026-09-07 19:21:33.800438+03:00,2026-09-08 13:30:00+03:00,4.6692,4.99,0.3208000000000002
2026-09-07 19:21:33.800438+03:00,2026-09-08 13:45:00+03:00,4.68,5.01,0.33
2026-09-07 19:21:33.800438+03:00,2026-09-08 14:00:00+03:00,4.6662,5.0,0.3338000000000001
2026-09-07 19:21:33.800438+03:00,2026-09-08 14:15:00+03:00,4.7016,5.18,0.4783999999999997
2026-09-07 19:21:33.800438+03:00,2026-09-08 14:30:00+03:00,4.681,5.35,0.6689999999999996
2026-09-07 19:21:33.800438+03:00,2026-09-08 14:45:00+03:00,4.685,5.71,1.0250000000000004
2026-09-07 19:21:33.800438+03:00,2026-09-08 15:00:00+03:00,4.676,5.29,0.6139999999999999
2026-09-07 19:21:33.800438+03:00,2026-09-08 15:15:00+03:00,4.7442,7.0,2.2558
2026-09-07 19:21:33.800438+03:00,2026-09-08 15:30:00+03:00,4.6975,9.99,5.2925
2026-09-07 19:21:33.800438+03:00,2026-09-08 15:45:00+03:00,4.7011,14.52,9.8189
2026-09-07 19:21:33.800438+03:00,2026-09-08 16:00:00+03:00,4.7073,10.21,5.502700000000001
2026-09-07 19:21:33.800438+03:00,2026-09-08 16:15:00+03:00,4.7682,14.72,9.9518
2026-09-07 19:21:33.800438+03:00,2026-09-08 16:30:00+03:00,4.7236,17.79,13.066399999999998
2026-09-07 19:21:33.800438+03:00,2026-09-08 16:45:00+03:00,4.7279,24.01,19.2821
2026-09-07 19:21:33.800438+03:00,2026-09-08 17:00:00+03:00,4.7373,9.99,5.2527
2026-09-07 19:21:33.800438+03:00,2026-09-08 17:15:00+03:00,4.8042,17.75,12.9458
2026-09-07 19:21:33.800438+03:00,2026-09-08 17:30:00+03:00,4.9357,41.05,36.1143
2026-09-07 19:21:33.800438+03:00,2026-09-08 17:45:00+03:00,4.9249,67.58,62.6551
2026-09-07 19:21:33.800438+03:00,2026-09-08 18:00:00+03:00,4.9122,40.05,35.1378
2026-09-07 19:21:33.800438+03:00,2026-09-08 18:15:00+03:00,4.9103,50.0,45.0897
2026-09-07 19:21:33.800438+03:00,2026-09-08 18:30:00+03:00,4.8712,63.02,58.1488
2026-09-07 19:21:33.800438+03:00,2026-09-08 18:45:00+03:00,4.8989,76.07,71.1711
2026-09-07 19:21:33.800438+03:00,2026-09-08 19:00:00+03:00,4.8882,50.0,45.1118
2026-09-07 19:21:33.800438+03:00,2026-09-08 19:15:00+03:00,4.8557,50.0,45.1443
2026-09-07 19:21:33.800438+03:00,2026-09-08 19:30:00+03:00,4.8439,59.93,55.0861
2026-09-07 19:21:33.800438+03:00,2026-09-08 19:45:00+03:00,4.8714,80.58,75.7086
2026-09-07 19:21:33.800438+03:00,2026-09-08 20:00:00+03:00,4.8686,49.99,45.1214
2026-09-07 19:21:33.800438+03:00,2026-09-08 20:15:00+03:00,4.7754,55.58,50.8046
2026-09-07 19:21:33.800438+03:00,2026-09-08 20:30:00+03:00,4.5974,69.37,64.77260000000001
2026-09-07 19:21:33.800438+03:00,2026-09-08 20:45:00+03:00,4.6178,65.48,60.8622
2026-09-07 19:21:33.800438+03:00,2026-09-08 21:00:00+03:00,4.6128,52.23,47.6172
2026-09-07 19:21:33.800438+03:00,2026-09-08 21:15:00+03:00,4.6672,50.0,45.3328
2026-09-07 19:21:33.800438+03:00,2026-09-08 21:30:00+03:00,4.659,45.87,41.211
2026-09-07 19:21:33.800438+03:00,2026-09-08 21:45:00+03:00,4.66,38.94,34.28
2026-09-07 19:21:33.800438+03:00,2026-09-08 22:00:00+03:00,4.6493,50.0,45.3507
2026-09-07 19:21:33.800438+03:00,2026-09-08 22:15:00+03:00,4.635,46.37,41.735
2026-09-07 19:21:33.800438+03:00,2026-09-08 22:30:00+03:00,4.63,38.95,34.32
2026-09-07 19:21:33.800438+03:00,2026-09-08 22:45:00+03:00,4.6393,36.16,31.5207
2026-09-07 19:21:33.800438+03:00,2026-09-08 23:00:00+03:00,4.6565,42.78,38.1235
2026-09-07 19:21:33.800438+03:00,2026-09-08 23:15:00+03:00,4.5961,36.35,31.7539
2026-09-07 19:21:33.800438+03:00,2026-09-08 23:30:00+03:00,4.6103,38.14,33.5297
2026-09-07 19:21:33.800438+03:00,2026-09-08 23:45:00+03:00,4.6349,37.57,32.9351
2026-09-07 19:21:33.800438+03:00,2026-09-09 00:00:00+03:00,4.636,42.96,38.324
2026-09-07 19:21:33.800438+03:00,2026-09-09 00:15:00+03:00,4.651,39.08,34.429
2026-09-07 19:21:33.800438+03:00,2026-09-09 00:30:00+03:00,4.6412,34.04,29.3988
2026-09-07 19:21:33.800438+03:00,2026-09-09 00:45:00+03:00,4.6562,28.07,23.4138
2026-09-07 19:21:33.800438+03:00,2026-09-09 01:00:00+03:00,4.6529,35.1,30.4471
2026-09-07 19:21:33.800438+03:00,2026-09-09 01:15:00+03:00,4.6554,37.47,32.8146
2026-09-07 19:21:33.800438+03:00,2026-09-09 01:30:00+03:00,4.635,37.44,32.805
2026-09-07 19:21:33.800438+03:00,2026-09-09 01:45:00+03:00,4.6498,37.74,33.0902
2026-09-07 19:21:33.800438+03:00,2026-09-09 02:00:00+03:00,4.6773,36.67,31.992700000000003
2026-09-07 19:21:33.800438+03:00,2026-09-09 02:15:00+03:00,4.7001,37.17,32.4699
2026-09-07 19:21:33.800438+03:00,2026-09-09 02:30:00+03:00,4.6844,37.33,32.6456
2026-09-07 19:21:33.800438+03:00,2026-09-09 02:45:00+03:00,4.6799,38.81,34.1301
2026-09-07 19:21:33.800438+03:00,2026-09-09 03:00:00+03:00,4.6741,36.0,31.3259
2026-09-07 19:21:33.800438+03:00,2026-09-09 03:15:00+03:00,4.7075,36.7,31.992500000000003
2026-09-07 19:21:33.800438+03:00,2026-09-09 03:30:00+03:00,4.685,37.6,32.915
2026-09-07 19:21:33.800438+03:00,2026-09-09 03:45:00+03:00,4.685,37.5,32.815
2026-09-07 19:21:33.800438+03:00,2026-09-09 04:00:00+03:00,4.6757,34.53,29.8543
2026-09-07 19:21:33.800438+03:00,2026-09-09 04:15:00+03:00,4.8071,37.48,32.6729
2026-09-07 19:21:33.800438+03:00,2026-09-09 04:30:00+03:00,4.9401,37.32,32.3799
2026-09-07 19:21:33.800438+03:00,2026-09-09 04:45:00+03:00,4.9112,39.28,34.3688
2026-09-07 19:21:33.800438+03:00,2026-09-09 05:00:00+03:00,4.9492,34.2,29.2508
2026-09-07 19:21:33.800438+03:00,2026-09-09 05:15:00+03:00,5.6544,37.15,31.4956
2026-09-07 19:21:33.800438+03:00,2026-09-09 05:30:00+03:00,6.3119,40.3,33.9881
2026-09-07 19:21:33.800438+03:00,2026-09-09 05:45:00+03:00,7.2496,44.32,37.0704
2026-09-07 19:21:33.800438+03:00,2026-09-09 06:00:00+03:00,7.9416,30.44,22.4984
2026-09-07 19:21:33.800438+03:00,2026-09-09 06:15:00+03:00,9.4741,39.12,29.6459
2026-09-07 19:21:33.800438+03:00,2026-09-09 06:30:00+03:00,10.9347,50.0,39.0653
2026-09-07 19:21:33.800438+03:00,2026-09-09 06:45:00+03:00,11.7728,61.83,50.0572
2026-09-07 19:21:33.800438+03:00,2026-09-09 07:00:00+03:00,12.3984,53.7,41.3016
2026-09-07 19:21:33.800438+03:00,2026-09-09 07:15:00+03:00,13.2188,61.32,48.1012
2026-09-07 19:21:33.800438+03:00,2026-09-09 07:30:00+03:00,14.0563,83.06,69.00370000000001
2026-09-07 19:21:33.800438+03:00,2026-09-09 07:45:00+03:00,14.2339,96.34,82.1061
2026-09-07 19:21:33.800438+03:00,2026-09-09 08:00:00+03:00,15.04,129.29,114.25
2026-09-07 19:21:33.800438+03:00,2026-09-09 08:15:00+03:00,15.5914,130.0,114.4086
2026-09-07 19:21:33.800438+03:00,2026-09-09 08:30:00+03:00,15.8104,134.99,119.1796
2026-09-07 19:21:33.800438+03:00,2026-09-09 08:45:00+03:00,16.5129,111.41,94.8971
2026-09-07 19:21:33.800438+03:00,2026-09-09 09:00:00+03:00,16.8072,136.46,119.6528
2026-09-07 19:21:33.800438+03:00,2026-09-09 09:15:00+03:00,17.0092,134.99,117.98080000000002
2026-09-07 19:21:33.800438+03:00,2026-09-09 09:30:00+03:00,16.9251,129.75,112.8249
2026-09-07 19:21:33.800438+03:00,2026-09-09 09:45:00+03:00,16.7899,135.09,118.3001
2026-09-07 19:21:33.800438+03:00,2026-09-09 10:00:00+03:00,16.8116,150.99,134.1784
2026-09-07 19:21:33.800438+03:00,2026-09-09 10:15:00+03:00,16.7586,137.38,120.6214
2026-09-07 19:21:33.800438+03:00,2026-09-09 10:30:00+03:00,16.7981,117.51,100.7119
2026-09-07 19:21:33.800438+03:00,2026-09-09 10:45:00+03:00,16.8011,126.29,109.4889
2026-09-07 19:21:33.800438+03:00,2026-09-09 11:00:00+03:00,16.8255,127.77,110.9445
2026-09-07 19:21:33.800438+03:00,2026-09-09 11:15:00+03:00,16.7686,122.19,105.4214
2026-09-07 19:21:33.800438+03:00,2026-09-09 11:30:00+03:00,16.8002,106.28,89.4798
2026-09-07 19:21:33.800438+03:00,2026-09-09 11:45:00+03:00,16.7968,97.56,80.7632
2026-09-07 19:21:33.800438+03:00,2026-09-09 12:00:00+03:00,16.8172,106.2,89.3828
2026-09-07 19:21:33.800438+03:00,2026-09-09 12:15:00+03:00,16.7539,99.05,82.2961
2026-09-07 19:21:33.800438+03:00,2026-09-09 12:30:00+03:00,16.7851,89.15,72.3649
2026-09-07 19:21:33.800438+03:00,2026-09-09 12:45:00+03:00,16.7898,77.79,61.00020000000001
2026-09-07 19:21:33.800438+03:00,2026-09-09 13:00:00+03:00,16.8212,92.93,76.1088
2026-09-07 19:21:33.800438+03:00,2026-09-09 13:15:00+03:00,16.7707,84.52,67.74929999999999
2026-09-07 19:21:33.800438+03:00,2026-09-09 13:30:00+03:00,16.7969,75.97,59.1731
2026-09-07 19:21:33.800438+03:00,2026-09-09 13:45:00+03:00,16.798,68.85,52.05199999999999
2026-09-07 19:21:33.800438+03:00,2026-09-09 14:00:00+03:00,16.815,77.84,61.025000000000006
2026-09-07 19:21:33.800438+03:00,2026-09-09 14:15:00+03:00,16.7999,69.67,52.8701
2026-09-07 19:21:33.800438+03:00,2026-09-09 14:30:00+03:00,16.8284,61.48,44.6516
2026-09-07 19:21:33.800438+03:00,2026-09-09 14:45:00+03:00,16.8153,60.0,43.1847
2026-09-07 19:21:33.800438+03:00,2026-09-09 15:00:00+03:00,16.8189,60.0,43.1811
2026-09-07 19:21:33.800438+03:00,2026-09-09 15:15:00+03:00,16.8515,61.18,44.3285
2026-09-07 19:21:33.800438+03:00,2026-09-09 15:30:00+03:00,16.8697,59.21,42.3403
2026-09-07 19:21:33.800438+03:00,2026-09-09 15:45:00+03:00,16.8684,61.34,44.4716
2026-09-07 19:21:33.800438+03:00,2026-09-09 16:00:00+03:00,16.8356,57.69,40.8544
2026-09-07 19:21:33.800438+03:00,2026-09-09 16:15:00+03:00,16.8357,66.67,49.8343
2026-09-07 19:21:33.800438+03:00,2026-09-09 16:30:00+03:00,16.8737,74.96,58.0863
2026-09-07 19:21:33.800438+03:00,2026-09-09 16:45:00+03:00,16.8724,78.52,61.6476
2026-09-07 19:21:33.800438+03:00,2026-09-09 17:00:00+03:00,16.8767,63.49,46.6133
2026-09-07 19:21:33.800438+03:00,2026-09-09 17:15:00+03:00,16.8632,83.76,66.89680000000001
2026-09-07 19:21:33.800438+03:00,2026-09-09 17:30:00+03:00,16.8622,109.95,93.0878
2026-09-07 19:21:33.800438+03:00,2026-09-09 17:45:00+03:00,16.8749,139.99,123.1151
2026-09-07 19:21:33.800438+03:00,2026-09-09 18:00:00+03:00,16.833,147.08,130.247
2026-09-07 19:21:33.800438+03:00,2026-09-09 18:15:00+03:00,16.817,214.81,197.993
2026-09-07 19:21:33.800438+03:00,2026-09-09 18:30:00+03:00,16.8266,156.08,139.2534
2026-09-07 19:21:33.800438+03:00,2026-09-09 18:45:00+03:00,16.8306,230.03,213.1994
2026-09-07 19:21:33.800438+03:00,2026-09-09 19:00:00+03:00,16.8404,194.42,177.5796
2026-09-07 19:21:33.800438+03:00,2026-09-09 19:15:00+03:00,16.7149,205.21,188.4951
2026-09-07 19:21:33.800438+03:00,2026-09-09 19:30:00+03:00,16.3616,198.37,182.0084
2026-09-07 19:21:33.800438+03:00,2026-09-09 19:45:00+03:00,16.3466,149.99,133.6434
2026-09-07 19:21:33.800438+03:00,2026-09-09 20:00:00+03:00,16.332,184.8,168.46800000000002
2026-09-07 19:21:33.800438+03:00,2026-09-09 20:15:00+03:00,16.0517,193.22,177.1683
2026-09-07 19:21:33.800438+03:00,2026-09-09 20:30:00+03:00,15.8161,200.0,184.1839
2026-09-07 19:21:33.800438+03:00,2026-09-09 20:45:00+03:00,15.8551,221.98,206.1249
2026-09-07 19:21:33.800438+03:00,2026-09-09 21:00:00+03:00,15.9243,211.7,195.7757
2026-09-07 19:21:33.800438+03:00,2026-09-09 21:15:00+03:00,15.9554,189.26,173.3046
2026-09-07 19:21:33.800438+03:00,2026-09-09 21:30:00+03:00,15.9998,223.99,207.9902
2026-09-07 19:21:33.800438+03:00,2026-09-09 21:45:00+03:00,16.009,189.23,173.221
2026-09-07 19:21:33.800438+03:00,2026-09-09 22:00:00+03:00,16.0072,196.0,179.9928
2026-09-07 19:21:33.800438+03:00,2026-09-09 22:15:00+03:00,15.8633,190.07,174.20669999999998
2026-09-07 19:21:33.800438+03:00,2026-09-09 22:30:00+03:00,15.9183,194.31,178.3917
2026-09-07 19:21:33.800438+03:00,2026-09-09 22:45:00+03:00,15.9498,151.0,135.0502
2026-09-07 19:21:33.800438+03:00,2026-09-09 23:00:00+03:00,16.0287,151.55,135.5213
2026-09-07 19:21:33.800438+03:00,2026-09-09 23:15:00+03:00,15.7583,118.67,102.9117
2026-09-07 19:21:33.800438+03:00,2026-09-09 23:30:00+03:00,15.285,114.99,99.705
2026-09-07 19:21:33.800438+03:00,2026-09-09 23:45:00+03:00,15.016,63.12,48.104
2026-09-07 19:21:33.800438+03:00,2026-09-10 00:00:00+03:00,14.9095,75.46,60.55049999999999
2026-09-07 19:21:33.800438+03:00,2026-09-10 00:15:00+03:00,15.0285,70.0,54.9715
2026-09-07 19:21:33.800438+03:00,2026-09-10 00:30:00+03:00,15.0865,47.34,32.2535
2026-09-07 19:21:33.800438+03:00,2026-09-10 00:45:00+03:00,15.1282,33.03,17.9018
2026-09-07 19:21:33.800438+03:00,2026-09-10 01:00:00+03:00,15.1315,135.76,120.6285
2026-09-07 19:21:33.800438+03:00,2026-09-10 01:15:00+03:00,15.0498,81.05,66.00019999999999
2026-09-07 19:21:33.800438+03:00,2026-09-10 01:30:00+03:00,15.0795,59.45,44.37050000000001
2026-09-07 19:21:33.800438+03:00,2026-09-10 01:45:00+03:00,15.0953,34.66,19.564699999999995
2026-09-07 19:21:33.800438+03:00,2026-09-10 02:00:00+03:00,15.0951,93.86,78.7649
2026-09-07 19:21:33.800438+03:00,2026-09-10 02:15:00+03:00,15.1074,57.01,41.9026
2026-09-07 19:21:33.800438+03:00,2026-09-10 02:30:00+03:00,15.1301,55.09,39.959900000000005
2026-09-07 19:21:33.800438+03:00,2026-09-10 02:45:00+03:00,15.1406,34.04,18.8994
2026-09-07 19:21:33.800438+03:00,2026-09-10 03:00:00+03:00,15.1378,57.03,41.8922
2026-09-07 19:21:33.800438+03:00,2026-09-10 03:15:00+03:00,15.1489,51.76,36.6111
2026-09-07 19:21:33.800438+03:00,2026-09-10 03:30:00+03:00,15.1692,39.99,24.8208
2026-09-07 19:21:33.800438+03:00,2026-09-10 03:45:00+03:00,15.1701,29.99,14.8199
2026-09-07 19:21:33.800438+03:00,2026-09-10 04:00:00+03:00,15.2063,57.14,41.9337
2026-09-07 19:21:33.800438+03:00,2026-09-10 04:15:00+03:00,15.3465,55.13,39.7835
2026-09-07 19:21:33.800438+03:00,2026-09-10 04:30:00+03:00,15.6362,40.0,24.3638
2026-09-07 19:21:33.800438+03:00,2026-09-10 04:45:00+03:00,15.5956,33.52,17.924400000000006
2026-09-07 19:21:33.800438+03:00,2026-09-10 05:00:00+03:00,15.5743,28.0,12.4257
2026-09-07 19:21:33.800438+03:00,2026-09-10 05:15:00+03:00,15.8868,55.02,39.1332
2026-09-07 19:21:33.800438+03:00,2026-09-10 05:30:00+03:00,16.3098,57.95,41.64020000000001
2026-09-07 19:21:33.800438+03:00,2026-09-10 05:45:00+03:00,16.5499,49.94,33.3901
2026-09-07 19:21:33.800438+03:00,2026-09-10 06:00:00+03:00,16.4966,27.99,11.493399999999998
2026-09-07 19:21:33.800438+03:00,2026-09-10 06:15:00+03:00,16.8126,34.12,17.307399999999998
2026-09-07 19:21:33.800438+03:00,2026-09-10 06:30:00+03:00,17.1142,40.95,23.835800000000003
2026-09-07 19:21:33.800438+03:00,2026-09-10 06:45:00+03:00,17.0555,60.0,42.944500000000005
2026-09-07 19:21:33.800438+03:00,2026-09-10 07:00:00+03:00,16.984,98.02,81.036
2026-09-07 19:21:33.800438+03:00,2026-09-10 07:15:00+03:00,17.2052,81.04,63.8348
2026-09-07 19:21:33.800438+03:00,2026-09-10 07:30:00+03:00,17.5842,58.89,41.305800000000005
2026-09-07 19:21:33.800438+03:00,2026-09-10 07:45:00+03:00,17.5942,54.19,36.5958
2026-09-07 19:21:33.800438+03:00,2026-09-10 08:00:00+03:00,17.5103,75.04,57.529700000000005
2026-09-07 19:21:33.800438+03:00,2026-09-10 08:15:00+03:00,17.5192,79.07,61.5508
2026-09-07 19:21:33.800438+03:00,2026-09-10 08:30:00+03:00,17.4791,84.6,67.12089999999999
2026-09-07 19:21:33.800438+03:00,2026-09-10 08:45:00+03:00,17.5085,79.46,61.9515
2026-09-07 19:21:33.800438+03:00,2026-09-10 09:00:00+03:00,17.452,102.8,85.348
2026-09-07 19:21:33.800438+03:00,2026-09-10 09:15:00+03:00,17.2763,87.39,70.1137
2026-09-07 19:21:33.800438+03:00,2026-09-10 09:30:00+03:00,17.314,74.18,56.86600000000001
2026-09-07 19:21:33.800438+03:00,2026-09-10 09:45:00+03:00,17.3609,54.91,37.5491
2026-09-07 19:21:33.800438+03:00,2026-09-10 10:00:00+03:00,17.3836,87.6,70.2164
2026-09-07 19:21:33.800438+03:00,2026-09-10 10:15:00+03:00,17.3237,50.01,32.6863
2026-09-07 19:21:33.800438+03:00,2026-09-10 10:30:00+03:00,17.3685,88.57,71.2015
2026-09-07 19:21:33.800438+03:00,2026-09-10 10:45:00+03:00,17.3745,54.41,37.0355
2026-09-07 19:21:33.800438+03:00,2026-09-10 11:00:00+03:00,17.3954,77.17,59.77460000000001
2026-09-07 19:21:33.800438+03:00,2026-09-10 11:15:00+03:00,17.3138,46.9,29.5862
2026-09-07 19:21:33.800438+03:00,2026-09-10 11:30:00+03:00,17.356,41.28,23.924
2026-09-07 19:21:33.800438+03:00,2026-09-10 11:45:00+03:00,17.3584,40.77,23.411600000000004
2026-09-07 19:21:33.800438+03:00,2026-09-10 12:00:00+03:00,17.3657,40.85,23.4843
2026-09-07 19:21:33.800438+03:00,2026-09-10 12:15:00+03:00,17.2874,40.96,23.6726
2026-09-07 19:21:33.800438+03:00,2026-09-10 12:30:00+03:00,17.3264,40.95,23.623600000000003
2026-09-07 19:21:33.800438+03:00,2026-09-10 12:45:00+03:00,17.3225,39.34,22.0175
2026-09-07 19:21:33.800438+03:00,2026-09-10 13:00:00+03:00,17.3514,47.28,29.9286
2026-09-07 19:21:33.800438+03:00,2026-09-10 13:15:00+03:00,17.3031,39.88,22.5769
2026-09-07 19:21:33.800438+03:00,2026-09-10 13:30:00+03:00,17.3418,35.39,18.0482
2026-09-07 19:21:33.800438+03:00,2026-09-10 13:45:00+03:00,17.3511,31.4,14.0489
2026-09-07 19:21:33.800438+03:00,2026-09-10 14:00:00+03:00,17.3653,39.93,22.5647
2026-09-07 19:21:33.800438+03:00,2026-09-10 14:15:00+03:00,17.3299,36.25,18.9201
2026-09-07 19:21:33.800438+03:00,2026-09-10 14:30:00+03:00,17.365,34.04,16.675
2026-09-07 19:21:33.800438+03:00,2026-09-10 14:45:00+03:00,17.363,35.04,17.677
2026-09-07 19:21:33.800438+03:00,2026-09-10 15:00:00+03:00,17.3407,28.53,11.189300000000005
2026-09-07 19:21:33.800438+03:00,2026-09-10 15:15:00+03:00,17.3914,34.77,17.378600000000002
2026-09-07 19:21:33.800438+03:00,2026-09-10 15:30:00+03:00,17.4074,41.19,23.7826
2026-09-07 19:21:33.800438+03:00,2026-09-10 15:45:00+03:00,17.413,45.23,27.817
2026-09-07 19:21:33.800438+03:00,2026-09-10 16:00:00+03:00,17.3613,30.62,13.2587
2026-09-07 19:21:33.800438+03:00,2026-09-10 16:15:00+03:00,17.3802,36.5,19.1198
2026-09-07 19:21:33.800438+03:00,2026-09-10 16:30:00+03:00,17.4126,40.93,23.5174
2026-09-07 19:21:33.800438+03:00,2026-09-10 16:45:00+03:00,17.4181,47.32,29.9019
2026-09-07 19:21:33.800438+03:00,2026-09-10 17:00:00+03:00,17.4129,36.45,19.0371
2026-09-07 19:21:33.800438+03:00,2026-09-10 17:15:00+03:00,17.4068,39.79,22.3832
2026-09-07 19:21:33.800438+03:00,2026-09-10 17:30:00+03:00,17.4108,39.16,21.7492
2026-09-07 19:21:33.800438+03:00,2026-09-10 17:45:00+03:00,17.4003,49.99,32.5897
2026-09-07 19:21:33.800438+03:00,2026-09-10 18:00:00+03:00,17.3787,28.13,10.7513
2026-09-07 19:21:33.800438+03:00,2026-09-10 18:15:00+03:00,17.3497,39.59,22.240300000000005
2026-09-07 19:21:33.800438+03:00,2026-09-10 18:30:00+03:00,17.3856,50.0,32.6144
2026-09-07 19:21:33.800438+03:00,2026-09-10 18:45:00+03:00,17.3961,61.24,43.843900000000005
2026-09-07 19:21:33.800438+03:00,2026-09-10 19:00:00+03:00,17.3957,48.38,30.9843
2026-09-07 19:21:33.800438+03:00,2026-09-10 19:15:00+03:00,17.2844,49.99,32.705600000000004
2026-09-07 19:21:33.800438+03:00,2026-09-10 19:30:00+03:00,17.3309,50.0,32.6691
2026-09-07 19:21:33.800438+03:00,2026-09-10 19:45:00+03:00,17.351,49.99,32.639
2026-09-07 19:21:33.800438+03:00,2026-09-10 20:00:00+03:00,17.33,54.3,36.97
2026-09-07 19:21:33.800438+03:00,2026-09-10 20:15:00+03:00,17.0376,50.01,32.97239999999999
2026-09-07 19:21:33.800438+03:00,2026-09-10 20:30:00+03:00,16.6221,50.0,33.3779
2026-09-07 19:21:33.800438+03:00,2026-09-10 20:45:00+03:00,16.2471,42.97,26.7229
2026-09-07 19:21:33.800438+03:00,2026-09-10 21:00:00+03:00,15.7732,56.55,40.7768
2026-09-07 19:21:33.800438+03:00,2026-09-10 21:15:00+03:00,15.0772,50.99,35.912800000000004
2026-09-07 19:21:33.800438+03:00,2026-09-10 21:30:00+03:00,14.6486,45.2,30.5514
2026-09-07 19:21:33.800438+03:00,2026-09-10 21:45:00+03:00,13.983,33.01,19.027
2026-09-07 19:21:33.800438+03:00,2026-09-10 22:00:00+03:00,13.3823,46.87,33.4877
2026-09-07 19:21:33.800438+03:00,2026-09-10 22:15:00+03:00,12.9242,40.05,27.1258
2026-09-07 19:21:33.800438+03:00,2026-09-10 22:30:00+03:00,12.2665,37.86,25.5935
2026-09-07 19:21:33.800438+03:00,2026-09-10 22:45:00+03:00,11.4195,31.58,20.1605
2026-09-07 19:21:33.800438+03:00,2026-09-10 23:00:00+03:00,10.7685,42.99,32.221500000000006
2026-09-07 19:21:33.800438+03:00,2026-09-10 23:15:00+03:00,9.7392,40.19,30.4508
2026-09-07 19:21:33.800438+03:00,2026-09-10 23:30:00+03:00,8.5158,37.21,28.6942
2026-09-07 19:21:33.800438+03:00,2026-09-10 23:45:00+03:00,7.3029,29.99,22.6871
2026-09-07 19:21:33.800438+03:00,2026-09-11 00:00:00+03:00,5.678,39.98,34.302
2026-09-07 19:21:33.800438+03:00,2026-09-11 00:15:00+03:00,5.0459,38.12,33.0741
2026-09-07 19:21:33.800438+03:00,2026-09-11 00:30:00+03:00,4.6033,35.92,31.3167
2026-09-07 19:21:33.800438+03:00,2026-09-11 00:45:00+03:00,4.2585,29.99,25.731499999999997
2026-09-07 19:21:33.800438+03:00,2026-09-11 01:00:00+03:00,3.8375,27.65,23.8125
2026-09-07 19:21:33.800438+03:00,2026-09-11 01:15:00+03:00,3.7996,26.92,23.120400000000004
2026-09-07 19:21:33.800438+03:00,2026-09-11 01:30:00+03:00,3.7091,37.16,33.4509
2026-09-07 19:21:33.800438+03:00,2026-09-11 01:45:00+03:00,3.6588,35.01,31.3512
2026-09-07 19:21:33.800438+03:00,2026-09-11 02:00:00+03:00,3.5048,28.52,25.0152
2026-09-07 19:21:33.800438+03:00,2026-09-11 02:15:00+03:00,3.4423,28.0,24.5577
2026-09-07 19:21:33.800438+03:00,2026-09-11 02:30:00+03:00,3.4444,35.94,32.495599999999996
2026-09-07 19:21:33.800438+03:00,2026-09-11 02:45:00+03:00,3.4266,35.58,32.1534
2026-09-07 19:21:33.800438+03:00,2026-09-11 03:00:00+03:00,3.451,33.64,30.189
2026-09-07 19:21:33.800438+03:00,2026-09-11 03:15:00+03:00,3.5083,32.08,28.5717
2026-09-07 19:21:33.800438+03:00,2026-09-11 03:30:00+03:00,3.4662,31.28,27.8138
2026-09-07 19:21:33.800438+03:00,2026-09-11 03:45:00+03:00,3.4551,31.42,27.9649
2026-09-07 19:21:33.800438+03:00,2026-09-11 04:00:00+03:00,3.4488,28.63,25.1812
2026-09-07 19:21:33.800438+03:00,2026-09-11 04:15:00+03:00,3.5946,30.0,26.4054
2026-09-07 19:21:33.800438+03:00,2026-09-11 04:30:00+03:00,3.6186,34.1,30.4814
2026-09-07 19:21:33.800438+03:00,2026-09-11 04:45:00+03:00,3.6029,35.73,32.1271
2026-09-07 19:21:33.800438+03:00,2026-09-11 05:00:00+03:00,3.5885,26.89,23.3015
2026-09-07 19:21:33.800438+03:00,2026-09-11 05:15:00+03:00,3.9553,31.51,27.5547
2026-09-07 19:21:33.800438+03:00,2026-09-11 05:30:00+03:00,4.1559,32.57,28.4141
2026-09-07 19:21:33.800438+03:00,2026-09-11 05:45:00+03:00,4.3063,44.07,39.7637
2026-09-07 19:21:33.800438+03:00,2026-09-11 06:00:00+03:00,4.276,23.12,18.844
2026-09-07 19:21:33.800438+03:00,2026-09-11 06:15:00+03:00,4.9081,35.0,30.0919
2026-09-07 19:21:33.800438+03:00,2026-09-11 06:30:00+03:00,5.3351,37.4,32.0649
2026-09-07 19:21:33.800438+03:00,2026-09-11 06:45:00+03:00,5.6863,50.0,44.3137
2026-09-07 19:21:33.800438+03:00,2026-09-11 07:00:00+03:00,6.0417,30.05,24.008300000000002
2026-09-07 19:21:33.800438+03:00,2026-09-11 07:15:00+03:00,7.6169,49.99,42.3731
2026-09-07 19:21:33.800438+03:00,2026-09-11 07:30:00+03:00,8.9117,52.07,43.1583
2026-09-07 19:21:33.800438+03:00,2026-09-11 07:45:00+03:00,10.011,75.29,65.27900000000001
2026-09-07 19:21:33.800438+03:00,2026-09-11 08:00:00+03:00,10.7876,54.45,43.662400000000005
2026-09-07 19:21:33.800438+03:00,2026-09-11 08:15:00+03:00,11.3766,60.43,49.053399999999996
2026-09-07 19:21:33.800438+03:00,2026-09-11 08:30:00+03:00,11.6161,69.84,58.2239
2026-09-07 19:21:33.800438+03:00,2026-09-11 08:45:00+03:00,11.6341,71.94,60.305899999999994
2026-09-07 19:21:33.800438+03:00,2026-09-11 09:00:00+03:00,11.5615,75.36,63.7985
2026-09-07 19:21:33.800438+03:00,2026-09-11 09:15:00+03:00,11.2378,74.63,63.392199999999995
2026-09-07 19:21:33.800438+03:00,2026-09-11 09:30:00+03:00,10.8763,75.17,64.2937
2026-09-07 19:21:33.800438+03:00,2026-09-11 09:45:00+03:00,10.4794,68.42,57.9406
2026-09-07 19:21:33.800438+03:00,2026-09-11 10:00:00+03:00,9.9504,70.56,60.6096
2026-09-07 19:21:33.800438+03:00,2026-09-11 10:15:00+03:00,9.581,62.72,53.138999999999996
2026-09-07 19:21:33.800438+03:00,2026-09-11 10:30:00+03:00,9.0957,66.05,56.954299999999996
2026-09-07 19:21:33.800438+03:00,2026-09-11 10:45:00+03:00,8.5977,58.14,49.5423
2026-09-07 19:21:33.800438+03:00,2026-09-11 11:00:00+03:00,8.2532,67.45,59.1968
2026-09-07 19:21:33.800438+03:00,2026-09-11 11:15:00+03:00,7.7548,56.0,48.2452
2026-09-07 19:21:33.800438+03:00,2026-09-11 11:30:00+03:00,7.3933,53.86,46.4667
2026-09-07 19:21:33.800438+03:00,2026-09-11 11:45:00+03:00,7.2365,49.35,42.1135
2026-09-07 19:21:33.800438+03:00,2026-09-11 12:00:00+03:00,7.0059,51.6,44.594100000000005
2026-09-07 19:21:33.800438+03:00,2026-09-11 12:15:00+03:00,7.1684,49.97,42.8016
2026-09-07 19:21:33.800438+03:00,2026-09-11 12:30:00+03:00,7.0653,48.13,41.0647
2026-09-07 19:21:33.800438+03:00,2026-09-11 12:45:00+03:00,7.0996,48.3,41.200399999999995
2026-09-07 19:21:33.800438+03:00,2026-09-11 13:00:00+03:00,7.1146,51.27,44.1554
2026-09-07 19:21:33.800438+03:00,2026-09-11 13:15:00+03:00,7.161,49.98,42.818999999999996
2026-09-07 19:21:33.800438+03:00,2026-09-11 13:30:00+03:00,7.1039,48.63,41.5261
2026-09-07 19:21:33.800438+03:00,2026-09-11 13:45:00+03:00,7.1092,49.28,42.1708
2026-09-07 19:21:33.800438+03:00,2026-09-11 14:00:00+03:00,7.1322,49.98,42.8478
2026-09-07 19:21:33.800438+03:00,2026-09-11 14:15:00+03:00,7.1794,47.63,40.4506
2026-09-07 19:21:33.800438+03:00,2026-09-11 14:30:00+03:00,7.1173,50.52,43.4027
2026-09-07 19:21:33.800438+03:00,2026-09-11 14:45:00+03:00,7.113,50.39,43.277
2026-09-07 19:21:33.800438+03:00,2026-09-11 15:00:00+03:00,7.1708,45.6,38.4292
2026-09-07 19:21:33.800438+03:00,2026-09-11 15:15:00+03:00,7.3003,47.58,40.2797
2026-09-07 19:21:33.800438+03:00,2026-09-11 15:30:00+03:00,7.1847,49.99,42.8053
2026-09-07 19:21:33.800438+03:00,2026-09-11 15:45:00+03:00,7.1476,50.48,43.3324
2026-09-07 19:21:33.800438+03:00,2026-09-11 16:00:00+03:00,7.1595,33.75,26.5905
2026-09-07 19:21:33.800438+03:00,2026-09-11 16:15:00+03:00,7.2982,49.98,42.681799999999996
2026-09-07 19:21:33.800438+03:00,2026-09-11 16:30:00+03:00,7.2033,55.9,48.6967
2026-09-07 19:21:33.800438+03:00,2026-09-11 16:45:00+03:00,7.1695,61.99,54.8205
2026-09-07 19:21:33.800438+03:00,2026-09-11 17:00:00+03:00,7.1929,41.47,34.2771
2026-09-07 19:21:33.800438+03:00,2026-09-11 17:15:00+03:00,7.3281,54.37,47.0419
2026-09-07 19:21:33.800438+03:00,2026-09-11 17:30:00+03:00,7.536,65.2,57.664
2026-09-07 19:21:33.800438+03:00,2026-09-11 17:45:00+03:00,7.4591,87.14,79.6809
2026-09-07 19:21:33.800438+03:00,2026-09-11 18:00:00+03:00,7.4612,85.9,78.4388
2026-09-07 19:21:33.800438+03:00,2026-09-11 18:15:00+03:00,7.5172,106.6,99.08279999999999
2026-09-07 19:21:33.800438+03:00,2026-09-11 18:30:00+03:00,7.4922,129.39,121.89779999999999
2026-09-07 19:21:33.800438+03:00,2026-09-11 18:45:00+03:00,7.4686,138.08,130.6114
2026-09-07 19:21:33.800438+03:00,2026-09-11 19:00:00+03:00,7.4797,135.47,127.9903
2026-09-07 19:21:33.800438+03:00,2026-09-11 19:15:00+03:00,7.462,129.39,121.92799999999998
2026-09-07 19:21:33.800438+03:00,2026-09-11 19:30:00+03:00,7.4334,129.37,121.9366
2026-09-07 19:21:33.800438+03:00,2026-09-11 19:45:00+03:00,7.4526,136.56,129.1074
2026-09-07 19:21:33.800438+03:00,2026-09-11 20:00:00+03:00,7.4397,137.99,130.55030000000002
2026-09-07 19:21:33.800438+03:00,2026-09-11 20:15:00+03:00,7.2995,142.1,134.8005
2026-09-07 19:21:33.800438+03:00,2026-09-11 20:30:00+03:00,7.0399,142.61,135.57010000000002
2026-09-07 19:21:33.800438+03:00,2026-09-11 20:45:00+03:00,7.0116,149.94,142.9284
2026-09-07 19:21:33.800438+03:00,2026-09-11 21:00:00+03:00,7.0711,129.38,122.3089
2026-09-07 19:21:33.800438+03:00,2026-09-11 21:15:00+03:00,7.1434,129.87,122.7266
2026-09-07 19:21:33.800438+03:00,2026-09-11 21:30:00+03:00,7.1194,129.37,122.2506
2026-09-07 19:21:33.800438+03:00,2026-09-11 21:45:00+03:00,7.1124,129.36,122.24760000000002
2026-09-07 19:21:33.800438+03:00,2026-09-11 22:00:00+03:00,7.131,129.86,122.72900000000001
2026-09-07 19:21:33.800438+03:00,2026-09-11 22:15:00+03:00,7.0925,149.93,142.8375
2026-09-07 19:21:33.800438+03:00,2026-09-11 22:30:00+03:00,7.074,129.37,122.296
2026-09-07 19:21:33.800438+03:00,2026-09-11 22:45:00+03:00,7.0839,111.18,104.0961
2026-09-07 19:21:33.800438+03:00,2026-09-11 23:00:00+03:00,7.0896,124.89,117.8004
2026-09-07 19:21:33.800438+03:00,2026-09-11 23:15:00+03:00,7.0156,102.52,95.50439999999999
2026-09-07 19:21:33.800438+03:00,2026-09-11 23:30:00+03:00,7.0135,69.0,61.9865
2026-09-07 19:21:33.800438+03:00,2026-09-11 23:45:00+03:00,7.0378,53.34,46.302200000000006
2026-09-07 19:21:33.800438+03:00,2026-09-12 00:00:00+03:00,7.0633,53.36,46.2967
2026-09-07 19:21:33.800438+03:00,2026-09-12 00:15:00+03:00,7.0837,,
2026-09-07 19:21:33.800438+03:00,2026-09-12 00:30:00+03:00,7.0398,,
2026-09-07 19:21:33.800438+03:00,2026-09-12 00:45:00+03:00,7.0555,,
2026-09-07 19:21:33.800438+03:00,2026-09-12 01:00:00+03:00,7.1046,,
2026-09-07 19:21:33.800438+03:00,2026-09-12 01:15:00+03:00,7.087,,
2026-09-07 19:21:33.800438+03:00,2026-09-12 01:30:00+03:00,7.0531,,
2026-09-07 19:21:33.800438+03:00,2026-09-12 01:45:00+03:00,7.069,,
2026-09-07 19:21:33.800438+03:00,2026-09-12 02:00:00+03:00,7.1037,,
2026-09-07 19:21:33.800438+03:00,2026-09-12 02:15:00+03:00,7.1141,,
2026-09-07 19:21:33.800438+03:00,2026-09-12 02:30:00+03:00,7.0858,,
2026-09-07 19:21:33.800438+03:00,2026-09-12 02:45:00+03:00,7.0755,,
2026-09-07 19:21:33.800438+03:00,2026-09-12 03:00:00+03:00,7.1081,,
2026-09-07 19:21:33.800438+03:00,2026-09-12 03:15:00+03:00,7.1243,,
2026-09-07 19:21:33.800438+03:00,2026-09-12 03:30:00+03:00,7.0969,,
2026-09-07 19:21:33.800438+03:00,2026-09-12 03:45:00+03:00,7.088,,
2026-09-07 19:21:33.800438+03:00,2026-09-12 04:00:00+03:00,7.1397,,
2026-09-07 19:21:33.800438+03:00,2026-09-12 04:15:00+03:00,7.1814,,
2026-09-07 19:21:33.800438+03:00,2026-09-12 04:30:00+03:00,7.1622,,
2026-09-07 19:21:33.800438+03:00,2026-09-12 04:45:00+03:00,7.1552,,
2026-09-07 19:21:33.800438+03:00,2026-09-12 05:00:00+03:00,7.3112,,
2026-09-07 19:21:33.800438+03:00,2026-09-12 05:15:00+03:00,7.8582,,
2026-09-07 19:21:33.800438+03:00,2026-09-12 05:30:00+03:00,8.3333,,
2026-09-07 19:21:33.800438+03:00,2026-09-12 05:45:00+03:00,8.863,,
2026-09-07 19:21:33.800438+03:00,2026-09-12 06:00:00+03:00,9.1566,,
2026-09-07 19:21:33.800438+03:00,2026-09-12 06:15:00+03:00,9.7111,,
2026-09-07 19:21:33.800438+03:00,2026-09-12 06:30:00+03:00,9.9789,,
2026-09-07 19:21:33.800438+03:00,2026-09-12 06:45:00+03:00,10.2607,,
2026-09-07 19:21:33.800438+03:00,2026-09-12 07:00:00+03:00,10.5023,,
2026-09-07 19:21:33.800438+03:00,2026-09-12 07:15:00+03:00,10.9951,,
2026-09-07 19:21:33.800438+03:00,2026-09-12 07:30:00+03:00,11.5088,,
2026-09-07 19:21:33.800438+03:00,2026-09-12 07:45:00+03:00,11.9602,,
2026-09-07 19:21:33.800438+03:00,2026-09-12 08:00:00+03:00,12.6161,,
2026-09-07 19:21:33.800438+03:00,2026-09-12 08:15:00+03:00,12.7803,,
2026-09-07 19:21:33.800438+03:00,2026-09-12 08:30:00+03:00,13.271,,
2026-09-07 19:21:33.800438+03:00,2026-09-12 08:45:00+03:00,13.7913,,
2026-09-07 19:21:33.800438+03:00,2026-09-12 09:00:00+03:00,14.2603,,
2026-09-07 19:21:33.800438+03:00,2026-09-12 09:15:00+03:00,14.7134,,
2026-09-07 19:21:33.800438+03:00,2026-09-12 09:30:00+03:00,14.7397,,
2026-09-07 19:21:33.800438+03:00,2026-09-12 09:45:00+03:00,14.4176,,
2026-09-07 19:21:33.800438+03:00,2026-09-12 10:00:00+03:00,14.4507,,
2026-09-07 19:21:33.800438+03:00,2026-09-12 10:15:00+03:00,14.404,,
2026-09-07 19:21:33.800438+03:00,2026-09-12 10:30:00+03:00,14.4393,,
2026-09-07 19:21:33.800438+03:00,2026-09-12 10:45:00+03:00,14.4498,,
2026-09-07 19:21:33.800438+03:00,2026-09-12 11:00:00+03:00,14.4616,,
2026-09-07 19:21:33.800438+03:00,2026-09-12 11:15:00+03:00,14.4044,,
2026-09-07 19:21:33.800438+03:00,2026-09-12 11:30:00+03:00,14.4414,,
2026-09-07 19:21:33.800438+03:00,2026-09-12 11:45:00+03:00,14.4405,,
2026-09-07 19:21:33.800438+03:00,2026-09-12 12:00:00+03:00,14.4458,,
2026-09-07 19:21:33.800438+03:00,2026-09-12 12:15:00+03:00,14.3993,,
2026-09-07 19:21:33.800438+03:00,2026-09-12 12:30:00+03:00,14.4348,,
2026-09-07 19:21:33.800438+03:00,2026-09-12 12:45:00+03:00,14.4399,,
2026-09-07 19:21:33.800438+03:00,2026-09-12 13:00:00+03:00,14.4435,,
2026-09-07 19:21:33.800438+03:00,2026-09-12 13:15:00+03:00,14.4095,,
2026-09-07 19:21:33.800438+03:00,2026-09-12 13:30:00+03:00,14.4377,,
2026-09-07 19:21:33.800438+03:00,2026-09-12 13:45:00+03:00,14.4374,,
2026-09-07 19:21:33.800438+03:00,2026-09-12 14:00:00+03:00,14.4773,,
2026-09-07 19:21:33.800438+03:00,2026-09-12 14:15:00+03:00,14.486,,
2026-09-07 19:21:33.800438+03:00,2026-09-12 14:30:00+03:00,14.5141,,
2026-09-07 19:21:33.800438+03:00,2026-09-12 14:45:00+03:00,14.5084,,
2026-09-07 19:21:33.800438+03:00,2026-09-12 15:00:00+03:00,14.5005,,
2026-09-07 19:21:33.800438+03:00,2026-09-12 15:15:00+03:00,14.5692,,
2026-09-07 19:21:33.800438+03:00,2026-09-12 15:30:00+03:00,14.5854,,
2026-09-07 19:21:33.800438+03:00,2026-09-12 15:45:00+03:00,14.5711,,
2026-09-07 19:21:33.800438+03:00,2026-09-12 16:00:00+03:00,14.5377,,
2026-09-07 19:21:33.800438+03:00,2026-09-12 16:15:00+03:00,14.5709,,
2026-09-07 19:21:33.800438+03:00,2026-09-12 16:30:00+03:00,14.5723,,
2026-09-07 19:21:33.800438+03:00,2026-09-12 16:45:00+03:00,14.5662,,
2026-09-07 19:21:33.800438+03:00,2026-09-12 17:00:00+03:00,14.5859,,
2026-09-07 19:21:33.800438+03:00,2026-09-12 17:15:00+03:00,14.5799,,
2026-09-07 19:21:33.800438+03:00,2026-09-12 17:30:00+03:00,14.5814,,
2026-09-07 19:21:33.800438+03:00,2026-09-12 17:45:00+03:00,14.5757,,
2026-09-07 19:21:33.800438+03:00,2026-09-12 18:00:00+03:00,14.5602,,
2026-09-07 19:21:33.800438+03:00,2026-09-12 18:15:00+03:00,14.519,,
2026-09-07 19:21:33.800438+03:00,2026-09-12 18:30:00+03:00,14.5783,,
2026-09-07 19:21:33.800438+03:00,2026-09-12 18:45:00+03:00,14.5728,,
2026-09-07 19:21:33.800438+03:00,2026-09-12 19:00:00+03:00,14.569,,
2026-09-07 19:21:33.800438+03:00,2026-09-12 19:15:00+03:00,14.4185,,
2026-09-07 19:21:33.800438+03:00,2026-09-12 19:30:00+03:00,14.483,,
2026-09-07 19:21:33.800438+03:00,2026-09-12 19:45:00+03:00,14.4978,,
2026-09-07 19:21:33.800438+03:00,2026-09-12 20:00:00+03:00,14.482,,
2026-09-07 19:21:33.800438+03:00,2026-09-12 20:15:00+03:00,14.1811,,
2026-09-07 19:21:33.800438+03:00,2026-09-12 20:30:00+03:00,13.5475,,
2026-09-07 19:21:33.800438+03:00,2026-09-12 20:45:00+03:00,13.1973,,
2026-09-07 19:21:33.800438+03:00,2026-09-12 21:00:00+03:00,13.1077,,
2026-09-07 19:21:33.800438+03:00,2026-09-12 21:15:00+03:00,12.693,,
2026-09-07 19:21:33.800438+03:00,2026-09-12 21:30:00+03:00,12.2274,,
2026-09-07 19:21:33.800438+03:00,2026-09-12 21:45:00+03:00,11.9476,,
2026-09-07 19:21:33.800438+03:00,2026-09-12 22:00:00+03:00,11.9107,,
2026-09-07 19:21:33.800438+03:00,2026-09-12 22:15:00+03:00,11.8406,,
2026-09-07 19:21:33.800438+03:00,2026-09-12 22:30:00+03:00,11.8627,,
2026-09-07 19:21:33.800438+03:00,2026-09-12 22:45:00+03:00,11.9369,,
2026-09-07 19:21:33.800438+03:00,2026-09-12 23:00:00+03:00,11.9678,,
2026-09-07 19:21:33.800438+03:00,2026-09-12 23:15:00+03:00,11.7748,,
2026-09-07 19:21:33.800438+03:00,2026-09-12 23:30:00+03:00,11.0376,,
2026-09-07 19:21:33.800438+03:00,2026-09-12 23:45:00+03:00,10.5982,,
2026-09-07 19:21:33.800438+03:00,2026-09-13 00:00:00+03:00,10.0043,,
2026-09-07 19:21:33.800438+03:00,2026-09-13 00:15:00+03:00,9.4576,,
2026-09-07 19:21:33.800438+03:00,2026-09-13 00:30:00+03:00,9.1278,,
2026-09-07 19:21:33.800438+03:00,2026-09-13 00:45:00+03:00,8.5565,,
2026-09-07 19:21:33.800438+03:00,2026-09-13 01:00:00+03:00,8.2331,,
2026-09-07 19:21:33.800438+03:00,2026-09-13 01:15:00+03:00,7.7461,,
2026-09-07 19:21:33.800438+03:00,2026-09-13 01:30:00+03:00,7.3139,,
2026-09-07 19:21:33.800438+03:00,2026-09-13 01:45:00+03:00,7.1392,,
2026-09-07 19:21:33.800438+03:00,2026-09-13 02:00:00+03:00,6.8732,,
2026-09-07 19:21:33.800438+03:00,2026-09-13 02:15:00+03:00,6.5267,,
2026-09-07 19:21:33.800438+03:00,2026-09-13 02:30:00+03:00,6.1921,,
2026-09-07 19:21:33.800438+03:00,2026-09-13 02:45:00+03:00,5.9281,,
2026-09-07 19:21:33.800438+03:00,2026-09-13 03:00:00+03:00,5.6731,,
2026-09-07 19:21:33.800438+03:00,2026-09-13 03:15:00+03:00,5.5337,,
2026-09-07 19:21:33.800438+03:00,2026-09-13 03:30:00+03:00,5.5155,,
2026-09-07 19:21:33.800438+03:00,2026-09-13 03:45:00+03:00,5.2001,,
2026-09-07 19:21:33.800438+03:00,2026-09-13 04:00:00+03:00,5.0314,,
2026-09-07 19:21:33.800438+03:00,2026-09-13 04:15:00+03:00,5.023,,
2026-09-07 19:21:33.800438+03:00,2026-09-13 04:30:00+03:00,4.9861,,
2026-09-07 19:21:33.800438+03:00,2026-09-13 04:45:00+03:00,5.0558,,
2026-09-07 19:21:33.800438+03:00,2026-09-13 05:00:00+03:00,5.1764,,
2026-09-07 19:21:33.800438+03:00,2026-09-13 05:15:00+03:00,5.5581,,
2026-09-07 19:21:33.800438+03:00,2026-09-13 05:30:00+03:00,6.0388,,
2026-09-07 19:21:33.800438+03:00,2026-09-13 05:45:00+03:00,6.6675,,
2026-09-07 19:21:33.800438+03:00,2026-09-13 06:00:00+03:00,7.1484,,
2026-09-07 19:21:33.800438+03:00,2026-09-13 06:15:00+03:00,8.1097,,
2026-09-07 19:21:33.800438+03:00,2026-09-13 06:30:00+03:00,9.3565,,
2026-09-07 19:21:33.800438+03:00,2026-09-13 06:45:00+03:00,10.4335,,
2026-09-07 19:21:33.800438+03:00,2026-09-13 07:00:00+03:00,11.1309,,
2026-09-07 19:21:33.800438+03:00,2026-09-13 07:15:00+03:00,11.9436,,
2026-09-07 19:21:33.800438+03:00,2026-09-13 07:30:00+03:00,12.8085,,
2026-09-07 19:21:33.800438+03:00,2026-09-13 07:45:00+03:00,13.4867,,
2026-09-07 19:21:33.800438+03:00,2026-09-13 08:00:00+03:00,14.0293,,
2026-09-07 19:21:33.800438+03:00,2026-09-13 08:15:00+03:00,14.0128,,
2026-09-07 19:21:33.800438+03:00,2026-09-13 08:30:00+03:00,14.2346,,
2026-09-07 19:21:33.800438+03:00,2026-09-13 08:45:00+03:00,14.5307,,
2026-09-07 19:21:33.800438+03:00,2026-09-13 09:00:00+03:00,14.5872,,
2026-09-07 19:21:33.800438+03:00,2026-09-13 09:15:00+03:00,14.4127,,
2026-09-07 19:21:33.800438+03:00,2026-09-13 09:30:00+03:00,14.4129,,
2026-09-07 19:21:33.800438+03:00,2026-09-13 09:45:00+03:00,14.4336,,
2026-09-07 19:21:33.800438+03:00,2026-09-13 10:00:00+03:00,14.4635,,
2026-09-07 19:21:33.800438+03:00,2026-09-13 10:15:00+03:00,14.4259,,
2026-09-07 19:21:33.800438+03:00,2026-09-13 10:30:00+03:00,14.4637,,
2026-09-07 19:21:33.800438+03:00,2026-09-13 10:45:00+03:00,14.4669,,
2026-09-07 19:21:33.800438+03:00,2026-09-13 11:00:00+03:00,14.4804,,
2026-09-07 19:21:33.800438+03:00,2026-09-13 11:15:00+03:00,14.4401,,
2026-09-07 19:21:33.800438+03:00,2026-09-13 11:30:00+03:00,14.464,,
2026-09-07 19:21:33.800438+03:00,2026-09-13 11:45:00+03:00,14.4635,,
2026-09-07 19:21:33.800438+03:00,2026-09-13 12:00:00+03:00,14.4628,,
2026-09-07 19:21:33.800438+03:00,2026-09-13 12:15:00+03:00,14.432,,
2026-09-07 19:21:33.800438+03:00,2026-09-13 12:30:00+03:00,14.4585,,
2026-09-07 19:21:33.800438+03:00,2026-09-13 12:45:00+03:00,14.4635,,
2026-09-07 19:21:33.800438+03:00,2026-09-13 13:00:00+03:00,14.4602,,
2026-09-07 19:21:33.800438+03:00,2026-09-13 13:15:00+03:00,14.4459,,
2026-09-07 19:21:33.800438+03:00,2026-09-13 13:30:00+03:00,14.476,,
2026-09-07 19:21:33.800438+03:00,2026-09-13 13:45:00+03:00,14.4759,,
2026-09-07 19:21:33.800438+03:00,2026-09-13 14:00:00+03:00,14.4581,,
2026-09-07 19:21:33.800438+03:00,2026-09-13 14:15:00+03:00,14.4755,,
2026-09-07 19:21:33.800438+03:00,2026-09-13 14:30:00+03:00,14.5246,,
2026-09-07 19:21:33.800438+03:00,2026-09-13 14:45:00+03:00,14.5215,,
2026-09-07 19:21:33.800438+03:00,2026-09-13 15:00:00+03:00,14.5232,,
2026-09-07 19:21:33.800438+03:00,2026-09-13 15:15:00+03:00,14.6039,,
2026-09-07 19:21:33.800438+03:00,2026-09-13 15:30:00+03:00,14.602,,
2026-09-07 19:21:33.800438+03:00,2026-09-13 15:45:00+03:00,14.5918,,
2026-09-07 19:21:33.800438+03:00,2026-09-13 16:00:00+03:00,14.5627,,
2026-09-07 19:21:33.800438+03:00,2026-09-13 16:15:00+03:00,14.5851,,
2026-09-07 19:21:33.800438+03:00,2026-09-13 16:30:00+03:00,14.5946,,
2026-09-07 19:21:33.800438+03:00,2026-09-13 16:45:00+03:00,14.5889,,
2026-09-07 19:21:33.800438+03:00,2026-09-13 17:00:00+03:00,14.5966,,
2026-09-07 19:21:33.800438+03:00,2026-09-13 17:15:00+03:00,14.5873,,
2026-09-07 19:21:33.800438+03:00,2026-09-13 17:30:00+03:00,14.5969,,
2026-09-07 19:21:33.800438+03:00,2026-09-13 17:45:00+03:00,14.5754,,
2026-09-07 19:21:33.800438+03:00,2026-09-13 18:00:00+03:00,14.5575,,
2026-09-07 19:21:33.800438+03:00,2026-09-13 18:15:00+03:00,14.5115,,
2026-09-07 19:21:33.800438+03:00,2026-09-13 18:30:00+03:00,14.5566,,
2026-09-07 19:21:33.800438+03:00,2026-09-13 18:45:00+03:00,14.5548,,
2026-09-07 19:21:33.800438+03:00,2026-09-13 19:00:00+03:00,14.5558,,
2026-09-07 19:21:33.800438+03:00,2026-09-13 19:15:00+03:00,14.3902,,
2026-09-07 19:21:33.800438+03:00,2026-09-13 19:30:00+03:00,14.4559,,
2026-09-07 19:21:33.800438+03:00,2026-09-13 19:45:00+03:00,14.4736,,
2026-09-07 19:21:33.800438+03:00,2026-09-13 20:00:00+03:00,14.463,,
2026-09-07 19:21:33.800438+03:00,2026-09-13 20:15:00+03:00,14.1599,,
2026-09-07 19:21:33.800438+03:00,2026-09-13 20:30:00+03:00,13.529,,
2026-09-07 19:21:33.800438+03:00,2026-09-13 20:45:00+03:00,13.1409,,
2026-09-07 19:21:33.800438+03:00,2026-09-13 21:00:00+03:00,12.2852,,
2026-09-07 19:21:33.800438+03:00,2026-09-13 21:15:00+03:00,11.5415,,
2026-09-07 19:21:33.800438+03:00,2026-09-13 21:30:00+03:00,10.7899,,
2026-09-07 19:21:33.800438+03:00,2026-09-13 21:45:00+03:00,9.7801,,
2026-09-07 19:21:33.800438+03:00,2026-09-13 22:00:00+03:00,9.1239,,
2026-09-07 19:21:33.800438+03:00,2026-09-13 22:15:00+03:00,8.1077,,
2026-09-07 19:21:33.800438+03:00,2026-09-13 22:30:00+03:00,7.1661,,
2026-09-07 19:21:33.800438+03:00,2026-09-13 22:45:00+03:00,6.0183,,
2026-09-07 19:21:33.800438+03:00,2026-09-13 23:00:00+03:00,4.987,,
2026-09-07 19:21:33.800438+03:00,2026-09-13 23:15:00+03:00,4.322,,
2026-09-07 19:21:33.800438+03:00,2026-09-13 23:30:00+03:00,3.2507,,
2026-09-07 19:21:33.800438+03:00,2026-09-13 23:45:00+03:00,2.1796,,
2026-09-07 19:21:33.800438+03:00,2026-09-14 00:00:00+03:00,1.3212,,
2026-09-07 19:21:33.800438+03:00,2026-09-14 00:15:00+03:00,1.1511,,
2026-09-07 19:21:33.800438+03:00,2026-09-14 00:30:00+03:00,0.8412,,
2026-09-07 19:21:33.800438+03:00,2026-09-14 00:45:00+03:00,0.5127,,
2026-09-07 19:21:33.800438+03:00,2026-09-14 01:00:00+03:00,0.3957,,
2026-09-07 19:21:33.800438+03:00,2026-09-14 01:15:00+03:00,0.348,,
2026-09-07 19:21:33.800438+03:00,2026-09-14 01:30:00+03:00,0.3434,,
2026-09-07 19:21:33.800438+03:00,2026-09-14 01:45:00+03:00,0.3607,,
2026-09-07 19:21:33.800438+03:00,2026-09-14 02:00:00+03:00,0.3828,,
2026-09-07 19:21:33.800438+03:00,2026-09-14 02:15:00+03:00,0.4006,,
2026-09-07 19:21:33.800438+03:00,2026-09-14 02:30:00+03:00,0.4425,,
2026-09-07 19:21:33.800438+03:00,2026-09-14 02:45:00+03:00,0.4182,,
2026-09-07 19:21:33.800438+03:00,2026-09-14 03:00:00+03:00,0.3988,,
2026-09-07 19:21:33.800438+03:00,2026-09-14 03:15:00+03:00,0.4281,,
2026-09-07 19:21:33.800438+03:00,2026-09-14 03:30:00+03:00,0.4487,,
2026-09-07 19:21:33.800438+03:00,2026-09-14 03:45:00+03:00,0.4267,,
2026-09-07 19:21:33.800438+03:00,2026-09-14 04:00:00+03:00,0.4182,,
2026-09-07 19:21:33.800438+03:00,2026-09-14 04:15:00+03:00,0.4986,,
2026-09-07 19:21:33.800438+03:00,2026-09-14 04:30:00+03:00,0.7096,,
2026-09-07 19:21:33.800438+03:00,2026-09-14 04:45:00+03:00,0.9233,,
2026-09-07 19:21:33.800438+03:00,2026-09-14 05:00:00+03:00,1.0838,,
2026-09-07 19:21:33.800438+03:00,2026-09-14 05:15:00+03:00,1.3884,,
2026-09-07 19:21:33.800438+03:00,2026-09-14 05:30:00+03:00,1.6159,,
2026-09-07 19:21:33.800438+03:00,2026-09-14 05:45:00+03:00,1.9134,,
2026-09-07 19:21:33.800438+03:00,2026-09-14 06:00:00+03:00,2.1206,,
2026-09-07 19:21:33.800438+03:00,2026-09-14 06:15:00+03:00,2.5993,,
2026-09-07 19:21:33.800438+03:00,2026-09-14 06:30:00+03:00,2.9225,,
2026-09-07 19:21:33.800438+03:00,2026-09-14 06:45:00+03:00,3.3958,,
2026-09-07 19:21:33.800438+03:00,2026-09-14 07:00:00+03:00,3.7934,,
2026-09-07 19:21:33.800438+03:00,2026-09-14 07:15:00+03:00,4.8492,,
2026-09-07 19:21:33.800438+03:00,2026-09-14 07:30:00+03:00,5.8989,,
2026-09-07 19:21:33.800438+03:00,2026-09-14 07:45:00+03:00,6.7228,,
2026-09-07 19:21:33.800438+03:00,2026-09-14 08:00:00+03:00,7.3664,,
2026-09-07 19:21:33.800438+03:00,2026-09-14 08:15:00+03:00,7.9853,,
2026-09-07 19:21:33.800438+03:00,2026-09-14 08:30:00+03:00,8.3435,,
2026-09-07 19:21:33.800438+03:00,2026-09-14 08:45:00+03:00,8.5058,,
2026-09-07 19:21:33.800438+03:00,2026-09-14 09:00:00+03:00,8.4069,,
2026-09-07 19:21:33.800438+03:00,2026-09-14 09:15:00+03:00,8.1934,,
2026-09-07 19:21:33.800438+03:00,2026-09-14 09:30:00+03:00,8.1856,,
2026-09-07 19:21:33.800438+03:00,2026-09-14 09:45:00+03:00,8.186,,
2026-09-07 19:21:33.800438+03:00,2026-09-14 10:00:00+03:00,8.1797,,
2026-09-07 19:21:33.800438+03:00,2026-09-14 10:15:00+03:00,8.1376,,
2026-09-07 19:21:33.800438+03:00,2026-09-14 10:30:00+03:00,8.2026,,
2026-09-07 19:21:33.800438+03:00,2026-09-14 10:45:00+03:00,8.2069,,
2026-09-07 19:21:33.800438+03:00,2026-09-14 11:00:00+03:00,8.1751,,
2026-09-07 19:21:33.800438+03:00,2026-09-14 11:15:00+03:00,8.1407,,
2026-09-07 19:21:33.800438+03:00,2026-09-14 11:30:00+03:00,8.1952,,
2026-09-07 19:21:33.800438+03:00,2026-09-14 11:45:00+03:00,8.1989,,
2026-09-07 19:21:33.800438+03:00,2026-09-14 12:00:00+03:00,8.1871,,
2026-09-07 19:21:33.800438+03:00,2026-09-14 12:15:00+03:00,8.133,,
2026-09-07 19:21:33.800438+03:00,2026-09-14 12:30:00+03:00,8.1965,,
2026-09-07 19:21:33.800438+03:00,2026-09-14 12:45:00+03:00,8.2073,,
2026-09-07 19:21:33.800438+03:00,2026-09-14 13:00:00+03:00,8.1964,,
2026-09-07 19:21:33.800438+03:00,2026-09-14 13:15:00+03:00,8.1507,,
2026-09-07 19:21:33.800438+03:00,2026-09-14 13:30:00+03:00,8.2055,,
2026-09-07 19:21:33.800438+03:00,2026-09-14 13:45:00+03:00,8.2112,,
2026-09-07 19:21:33.800438+03:00,2026-09-14 14:00:00+03:00,8.1997,,
2026-09-07 19:21:33.800438+03:00,2026-09-14 14:15:00+03:00,8.1668,,
2026-09-07 19:21:33.800438+03:00,2026-09-14 14:30:00+03:00,8.2214,,
2026-09-07 19:21:33.800438+03:00,2026-09-14 14:45:00+03:00,8.2305,,
2026-09-07 19:21:33.800438+03:00,2026-09-14 15:00:00+03:00,8.203,,
2026-09-07 19:21:33.800438+03:00,2026-09-14 15:15:00+03:00,8.2904,,
2026-09-07 19:21:33.800438+03:00,2026-09-14 15:30:00+03:00,8.3327,,
2026-09-07 19:21:33.800438+03:00,2026-09-14 15:45:00+03:00,8.2801,,
2026-09-07 19:21:33.800438+03:00,2026-09-14 16:00:00+03:00,8.2587,,
2026-09-07 19:21:33.800438+03:00,2026-09-14 16:15:00+03:00,8.3099,,
2026-09-07 19:21:33.800438+03:00,2026-09-14 16:30:00+03:00,8.3544,,
2026-09-07 19:21:33.800438+03:00,2026-09-14 16:45:00+03:00,8.2973,,
2026-09-07 19:21:33.800438+03:00,2026-09-14 17:00:00+03:00,8.2867,,
2026-09-07 19:21:33.800438+03:00,2026-09-14 17:15:00+03:00,8.2899,,
2026-09-07 19:21:33.800438+03:00,2026-09-14 17:30:00+03:00,8.3371,,
2026-09-07 19:21:33.800438+03:00,2026-09-14 17:45:00+03:00,8.2386,,
2026-09-07 19:21:33.800438+03:00,2026-09-14 18:00:00+03:00,8.1928,,
2026-09-07 19:21:33.800438+03:00,2026-09-14 18:15:00+03:00,8.1513,,
2026-09-07 19:21:33.800438+03:00,2026-09-14 18:30:00+03:00,8.1973,,
2026-09-07 19:21:33.800438+03:00,2026-09-14 18:45:00+03:00,8.1752,,
2026-09-07 19:21:33.800438+03:00,2026-09-14 19:00:00+03:00,8.2362,,
2026-09-07 19:21:33.800438+03:00,2026-09-14 19:15:00+03:00,8.124,,
2026-09-07 19:21:33.800438+03:00,2026-09-14 19:30:00+03:00,8.1725,,
2026-09-07 19:21:33.800438+03:00,2026-09-14 19:45:00+03:00,8.1889,,
2026-09-07 19:21:33.800438+03:00,2026-09-14 20:00:00+03:00,8.0687,,
2026-09-07 19:21:33.800438+03:00,2026-09-14 20:15:00+03:00,7.517,,
2026-09-07 19:21:33.800438+03:00,2026-09-14 20:30:00+03:00,7.0351,,
2026-09-07 19:21:33.800438+03:00,2026-09-14 20:45:00+03:00,6.7969,,
2026-09-07 19:21:33.800438+03:00,2026-09-14 21:00:00+03:00,6.0939,,
2026-09-07 19:21:33.800438+03:00,2026-09-14 21:15:00+03:00,5.7704,,
2026-09-07 19:21:33.800438+03:00,2026-09-14 21:30:00+03:00,5.4634,,
2026-09-07 19:21:33.800438+03:00,2026-09-14 21:45:00+03:00,4.8979,,
2026-09-07 19:21:33.800438+03:00,2026-09-14 22:00:00+03:00,4.492,,
2026-09-07 19:21:33.800438+03:00,2026-09-14 22:15:00+03:00,4.0784,,
2026-09-07 19:21:33.800438+03:00,2026-09-14 22:30:00+03:00,3.5073,,
2026-09-07 19:21:33.800438+03:00,2026-09-14 22:45:00+03:00,2.9538,,
2026-09-07 19:21:33.800438+03:00,2026-09-14 23:00:00+03:00,2.3183,,
2026-09-07 19:21:33.800438+03:00,2026-09-14 23:15:00+03:00,1.6988,,
2026-09-07 19:21:33.800438+03:00,2026-09-14 23:30:00+03:00,1.2093,,
2026-09-07 19:21:33.800438+03:00,2026-09-14 23:45:00+03:00,1.0947,,
2026-09-08 18:02:03.402458+03:00,2026-09-09 00:00:00+03:00,35.954,42.96,7.006
2026-09-08 18:02:03.402458+03:00,2026-09-09 00:15:00+03:00,35.8717,39.08,3.2083000000000013
2026-09-08 18:02:03.402458+03:00,2026-09-09 00:30:00+03:00,35.0886,34.04,1.0486000000000004
2026-09-08 18:02:03.402458+03:00,2026-09-09 00:45:00+03:00,34.918,28.07,6.847999999999999
2026-09-08 18:02:03.402458+03:00,2026-09-09 01:00:00+03:00,34.7448,35.1,0.3552000000000035
2026-09-08 18:02:03.402458+03:00,2026-09-09 01:15:00+03:00,34.508,37.47,2.961999999999996
2026-09-08 18:02:03.402458+03:00,2026-09-09 01:30:00+03:00,34.3467,37.44,3.0932999999999997
2026-09-08 18:02:03.402458+03:00,2026-09-09 01:45:00+03:00,34.3761,37.74,3.363900000000001
2026-09-08 18:02:03.402458+03:00,2026-09-09 02:00:00+03:00,34.4457,36.67,2.2242999999999995
2026-09-08 18:02:03.402458+03:00,2026-09-09 02:15:00+03:00,34.4746,37.17,2.6954
2026-09-08 18:02:03.402458+03:00,2026-09-09 02:30:00+03:00,34.4834,37.33,2.846599999999995
2026-09-08 18:02:03.402458+03:00,2026-09-09 02:45:00+03:00,34.4871,38.81,4.322900000000004
2026-09-08 18:02:03.402458+03:00,2026-09-09 03:00:00+03:00,34.5405,36.0,1.4594999999999985
2026-09-08 18:02:03.402458+03:00,2026-09-09 03:15:00+03:00,34.5693,36.7,2.1307000000000045
2026-09-08 18:02:03.402458+03:00,2026-09-09 03:30:00+03:00,34.5698,37.6,3.0302000000000007
2026-09-08 18:02:03.402458+03:00,2026-09-09 03:45:00+03:00,34.5685,37.5,2.9315
2026-09-08 18:02:03.402458+03:00,2026-09-09 04:00:00+03:00,34.5597,34.53,0.0296999999999982
2026-09-08 18:02:03.402458+03:00,2026-09-09 04:15:00+03:00,34.712,37.48,2.7679999999999936
2026-09-08 18:02:03.402458+03:00,2026-09-09 04:30:00+03:00,35.0022,37.32,2.3177999999999983
2026-09-08 18:02:03.402458+03:00,2026-09-09 04:45:00+03:00,34.983,39.28,4.297000000000004
2026-09-08 18:02:03.402458+03:00,2026-09-09 05:00:00+03:00,34.8788,34.2,0.6787999999999954
2026-09-08 18:02:03.402458+03:00,2026-09-09 05:15:00+03:00,35.1936,37.15,1.956399999999995
2026-09-08 18:02:03.402458+03:00,2026-09-09 05:30:00+03:00,35.5244,40.3,4.775599999999997
2026-09-08 18:02:03.402458+03:00,2026-09-09 05:45:00+03:00,35.9196,44.32,8.400399999999998
2026-09-08 18:02:03.402458+03:00,2026-09-09 06:00:00+03:00,36.1861,30.44,5.746100000000002
2026-09-08 18:02:03.402458+03:00,2026-09-09 06:15:00+03:00,36.3972,39.12,2.7227999999999994
2026-09-08 18:02:03.402458+03:00,2026-09-09 06:30:00+03:00,37.035,50.0,12.965000000000003
2026-09-08 18:02:03.402458+03:00,2026-09-09 06:45:00+03:00,37.3885,61.83,24.4415
2026-09-08 18:02:03.402458+03:00,2026-09-09 07:00:00+03:00,37.9528,53.7,15.7472
2026-09-08 18:02:03.402458+03:00,2026-09-09 07:15:00+03:00,38.4738,61.32,22.846200000000003
2026-09-08 18:02:03.402458+03:00,2026-09-09 07:30:00+03:00,38.721,83.06,44.339000000000006
2026-09-08 18:02:03.402458+03:00,2026-09-09 07:45:00+03:00,39.1176,96.34,57.2224
2026-09-08 18:02:03.402458+03:00,2026-09-09 08:00:00+03:00,39.4369,129.29,89.85309999999998
2026-09-08 18:02:03.402458+03:00,2026-09-09 08:15:00+03:00,39.4156,130.0,90.5844
2026-09-08 18:02:03.402458+03:00,2026-09-09 08:30:00+03:00,39.4056,134.99,95.58440000000002
2026-09-08 18:02:03.402458+03:00,2026-09-09 08:45:00+03:00,39.3552,111.41,72.0548
2026-09-08 18:02:03.402458+03:00,2026-09-09 09:00:00+03:00,39.3032,136.46,97.1568
2026-09-08 18:02:03.402458+03:00,2026-09-09 09:15:00+03:00,38.9801,134.99,96.00990000000002
2026-09-08 18:02:03.402458+03:00,2026-09-09 09:30:00+03:00,38.4143,129.75,91.3357
2026-09-08 18:02:03.402458+03:00,2026-09-09 09:45:00+03:00,38.019,135.09,97.071
2026-09-08 18:02:03.402458+03:00,2026-09-09 10:00:00+03:00,37.917,150.99,113.073
2026-09-08 18:02:03.402458+03:00,2026-09-09 10:15:00+03:00,37.4134,137.38,99.9666
2026-09-08 18:02:03.402458+03:00,2026-09-09 10:30:00+03:00,37.4122,117.51,80.0978
2026-09-08 18:02:03.402458+03:00,2026-09-09 10:45:00+03:00,37.5155,126.29,88.7745
2026-09-08 18:02:03.402458+03:00,2026-09-09 11:00:00+03:00,37.6007,127.77,90.1693
2026-09-08 18:02:03.402458+03:00,2026-09-09 11:15:00+03:00,37.5497,122.19,84.6403
2026-09-08 18:02:03.402458+03:00,2026-09-09 11:30:00+03:00,37.5352,106.28,68.7448
2026-09-08 18:02:03.402458+03:00,2026-09-09 11:45:00+03:00,37.5403,97.56,60.0197
2026-09-08 18:02:03.402458+03:00,2026-09-09 12:00:00+03:00,37.5928,106.2,68.6072
2026-09-08 18:02:03.402458+03:00,2026-09-09 12:15:00+03:00,37.5455,99.05,61.5045
2026-09-08 18:02:03.402458+03:00,2026-09-09 12:30:00+03:00,37.5442,89.15,51.60580000000001
2026-09-08 18:02:03.402458+03:00,2026-09-09 12:45:00+03:00,37.5661,77.79,40.22390000000001
2026-09-08 18:02:03.402458+03:00,2026-09-09 13:00:00+03:00,37.6019,92.93,55.328100000000006
2026-09-08 18:02:03.402458+03:00,2026-09-09 13:15:00+03:00,37.5617,84.52,46.9583
2026-09-08 18:02:03.402458+03:00,2026-09-09 13:30:00+03:00,37.57,75.97,38.4
2026-09-08 18:02:03.402458+03:00,2026-09-09 13:45:00+03:00,37.5774,68.85,31.2726
2026-09-08 18:02:03.402458+03:00,2026-09-09 14:00:00+03:00,37.5942,77.84,40.2458
2026-09-08 18:02:03.402458+03:00,2026-09-09 14:15:00+03:00,37.5954,69.67,32.074600000000004
2026-09-08 18:02:03.402458+03:00,2026-09-09 14:30:00+03:00,37.5886,61.48,23.8914
2026-09-08 18:02:03.402458+03:00,2026-09-09 14:45:00+03:00,37.5929,60.0,22.4071
2026-09-08 18:02:03.402458+03:00,2026-09-09 15:00:00+03:00,37.6214,60.0,22.3786
2026-09-08 18:02:03.402458+03:00,2026-09-09 15:15:00+03:00,37.7107,61.18,23.4693
2026-09-08 18:02:03.402458+03:00,2026-09-09 15:30:00+03:00,37.6916,59.21,21.5184
2026-09-08 18:02:03.402458+03:00,2026-09-09 15:45:00+03:00,37.6818,61.34,23.6582
2026-09-08 18:02:03.402458+03:00,2026-09-09 16:00:00+03:00,37.6585,57.69,20.0315
2026-09-08 18:02:03.402458+03:00,2026-09-09 16:15:00+03:00,37.6808,66.67,28.989200000000004
2026-09-08 18:02:03.402458+03:00,2026-09-09 16:30:00+03:00,37.6637,74.96,37.2963
2026-09-08 18:02:03.402458+03:00,2026-09-09 16:45:00+03:00,37.6451,78.52,40.8749
2026-09-08 18:02:03.402458+03:00,2026-09-09 17:00:00+03:00,37.6547,63.49,25.835300000000004
2026-09-08 18:02:03.402458+03:00,2026-09-09 17:15:00+03:00,37.6812,83.76,46.07880000000001
2026-09-08 18:02:03.402458+03:00,2026-09-09 17:30:00+03:00,37.6325,109.95,72.3175
2026-09-08 18:02:03.402458+03:00,2026-09-09 17:45:00+03:00,37.6291,139.99,102.36090000000002
2026-09-08 18:02:03.402458+03:00,2026-09-09 18:00:00+03:00,37.6382,147.08,109.4418
2026-09-08 18:02:03.402458+03:00,2026-09-09 18:15:00+03:00,37.5141,214.81,177.29590000000002
2026-09-08 18:02:03.402458+03:00,2026-09-09 18:30:00+03:00,37.5317,156.08,118.5483
2026-09-08 18:02:03.402458+03:00,2026-09-09 18:45:00+03:00,37.5399,230.03,192.4901
2026-09-08 18:02:03.402458+03:00,2026-09-09 19:00:00+03:00,37.6045,194.42,156.8155
2026-09-08 18:02:03.402458+03:00,2026-09-09 19:15:00+03:00,37.4205,205.21,167.7895
2026-09-08 18:02:03.402458+03:00,2026-09-09 19:30:00+03:00,37.4546,198.37,160.9154
2026-09-08 18:02:03.402458+03:00,2026-09-09 19:45:00+03:00,37.5024,149.99,112.4876
2026-09-08 18:02:03.402458+03:00,2026-09-09 20:00:00+03:00,37.5657,184.8,147.23430000000002
2026-09-08 18:02:03.402458+03:00,2026-09-09 20:15:00+03:00,37.1561,193.22,156.0639
2026-09-08 18:02:03.402458+03:00,2026-09-09 20:30:00+03:00,36.677,200.0,163.323
2026-09-08 18:02:03.402458+03:00,2026-09-09 20:45:00+03:00,36.3422,221.98,185.6378
2026-09-08 18:02:03.402458+03:00,2026-09-09 21:00:00+03:00,35.6727,211.7,176.0273
2026-09-08 18:02:03.402458+03:00,2026-09-09 21:15:00+03:00,35.387,189.26,153.873
2026-09-08 18:02:03.402458+03:00,2026-09-09 21:30:00+03:00,34.9103,223.99,189.0797
2026-09-08 18:02:03.402458+03:00,2026-09-09 21:45:00+03:00,34.493,189.23,154.737
2026-09-08 18:02:03.402458+03:00,2026-09-09 22:00:00+03:00,34.1403,196.0,161.8597
2026-09-08 18:02:03.402458+03:00,2026-09-09 22:15:00+03:00,33.64,190.07,156.43
2026-09-08 18:02:03.402458+03:00,2026-09-09 22:30:00+03:00,33.2759,194.31,161.0341
2026-09-08 18:02:03.402458+03:00,2026-09-09 22:45:00+03:00,32.8656,151.0,118.1344
2026-09-08 18:02:03.402458+03:00,2026-09-09 23:00:00+03:00,32.5137,151.55,119.0363
2026-09-08 18:02:03.402458+03:00,2026-09-09 23:15:00+03:00,31.9475,118.67,86.7225
2026-09-08 18:02:03.402458+03:00,2026-09-09 23:30:00+03:00,31.3728,114.99,83.6172
2026-09-08 18:02:03.402458+03:00,2026-09-09 23:45:00+03:00,30.9155,63.12,32.2045
2026-09-08 18:02:03.402458+03:00,2026-09-10 00:00:00+03:00,30.4171,75.46,45.04289999999999
2026-09-08 18:02:03.402458+03:00,2026-09-10 00:15:00+03:00,30.4024,70.0,39.5976
2026-09-08 18:02:03.402458+03:00,2026-09-10 00:30:00+03:00,30.393,47.34,16.947000000000003
2026-09-08 18:02:03.402458+03:00,2026-09-10 00:45:00+03:00,30.0695,33.03,2.9605
2026-09-08 18:02:03.402458+03:00,2026-09-10 01:00:00+03:00,30.0723,135.76,105.6877
2026-09-08 18:02:03.402458+03:00,2026-09-10 01:15:00+03:00,29.9981,81.05,51.0519
2026-09-08 18:02:03.402458+03:00,2026-09-10 01:30:00+03:00,29.7348,59.45,29.715200000000003
2026-09-08 18:02:03.402458+03:00,2026-09-10 01:45:00+03:00,29.7493,34.66,4.910699999999995
2026-09-08 18:02:03.402458+03:00,2026-09-10 02:00:00+03:00,29.7364,93.86,64.1236
2026-09-08 18:02:03.402458+03:00,2026-09-10 02:15:00+03:00,29.7905,57.01,27.2195
2026-09-08 18:02:03.402458+03:00,2026-09-10 02:30:00+03:00,29.8018,55.09,25.288200000000003
2026-09-08 18:02:03.402458+03:00,2026-09-10 02:45:00+03:00,29.8036,34.04,4.2364
2026-09-08 18:02:03.402458+03:00,2026-09-10 03:00:00+03:00,29.8422,57.03,27.187800000000003
2026-09-08 18:02:03.402458+03:00,2026-09-10 03:15:00+03:00,29.8778,51.76,21.8822
2026-09-08 18:02:03.402458+03:00,2026-09-10 03:30:00+03:00,29.8807,39.99,10.1093
2026-09-08 18:02:03.402458+03:00,2026-09-10 03:45:00+03:00,29.8701,29.99,0.1198999999999976
2026-09-08 18:02:03.402458+03:00,2026-09-10 04:00:00+03:00,29.8305,57.14,27.3095
2026-09-08 18:02:03.402458+03:00,2026-09-10 04:15:00+03:00,30.0055,55.13,25.1245
2026-09-08 18:02:03.402458+03:00,2026-09-10 04:30:00+03:00,30.2847,40.0,9.7153
2026-09-08 18:02:03.402458+03:00,2026-09-10 04:45:00+03:00,30.2517,33.52,3.2683000000000035
2026-09-08 18:02:03.402458+03:00,2026-09-10 05:00:00+03:00,30.4126,28.0,2.412600000000001
2026-09-08 18:02:03.402458+03:00,2026-09-10 05:15:00+03:00,31.162,55.02,23.858000000000004
2026-09-08 18:02:03.402458+03:00,2026-09-10 05:30:00+03:00,31.5565,57.95,26.393500000000003
2026-09-08 18:02:03.402458+03:00,2026-09-10 05:45:00+03:00,32.0293,49.94,17.9107
2026-09-08 18:02:03.402458+03:00,2026-09-10 06:00:00+03:00,32.4622,27.99,4.472200000000004
2026-09-08 18:02:03.402458+03:00,2026-09-10 06:15:00+03:00,32.9816,34.12,1.1383999999999972
2026-09-08 18:02:03.402458+03:00,2026-09-10 06:30:00+03:00,33.1762,40.95,7.773800000000001
2026-09-08 18:02:03.402458+03:00,2026-09-10 06:45:00+03:00,33.6711,60.0,26.3289
2026-09-08 18:02:03.402458+03:00,2026-09-10 07:00:00+03:00,34.2031,98.02,63.8169
2026-09-08 18:02:03.402458+03:00,2026-09-10 07:15:00+03:00,34.6164,81.04,46.42360000000001
2026-09-08 18:02:03.402458+03:00,2026-09-10 07:30:00+03:00,35.0354,58.89,23.8546
2026-09-08 18:02:03.402458+03:00,2026-09-10 07:45:00+03:00,35.0812,54.19,19.108799999999995
2026-09-08 18:02:03.402458+03:00,2026-09-10 08:00:00+03:00,35.4481,75.04,39.59190000000001
2026-09-08 18:02:03.402458+03:00,2026-09-10 08:15:00+03:00,35.9413,79.07,43.1287
2026-09-08 18:02:03.402458+03:00,2026-09-10 08:30:00+03:00,36.3325,84.6,48.26749999999999
2026-09-08 18:02:03.402458+03:00,2026-09-10 08:45:00+03:00,36.3079,79.46,43.1521
2026-09-08 18:02:03.402458+03:00,2026-09-10 09:00:00+03:00,36.2999,102.8,66.5001
2026-09-08 18:02:03.402458+03:00,2026-09-10 09:15:00+03:00,35.9931,87.39,51.3969
2026-09-08 18:02:03.402458+03:00,2026-09-10 09:30:00+03:00,36.022,74.18,38.15800000000001
2026-09-08 18:02:03.402458+03:00,2026-09-10 09:45:00+03:00,36.0832,54.91,18.8268
2026-09-08 18:02:03.402458+03:00,2026-09-10 10:00:00+03:00,36.0781,87.6,51.5219
2026-09-08 18:02:03.402458+03:00,2026-09-10 10:15:00+03:00,36.0188,50.01,13.9912
2026-09-08 18:02:03.402458+03:00,2026-09-10 10:30:00+03:00,36.055,88.57,52.51499999999999
2026-09-08 18:02:03.402458+03:00,2026-09-10 10:45:00+03:00,36.0679,54.41,18.342099999999995
2026-09-08 18:02:03.402458+03:00,2026-09-10 11:00:00+03:00,36.0162,77.17,41.1538
2026-09-08 18:02:03.402458+03:00,2026-09-10 11:15:00+03:00,35.9439,46.9,10.9561
2026-09-08 18:02:03.402458+03:00,2026-09-10 11:30:00+03:00,35.9799,41.28,5.3001000000000005
2026-09-08 18:02:03.402458+03:00,2026-09-10 11:45:00+03:00,35.9988,40.77,4.7712
2026-09-08 18:02:03.402458+03:00,2026-09-10 12:00:00+03:00,36.0183,40.85,4.831699999999998
2026-09-08 18:02:03.402458+03:00,2026-09-10 12:15:00+03:00,35.9566,40.96,5.003399999999999
2026-09-08 18:02:03.402458+03:00,2026-09-10 12:30:00+03:00,36.0004,40.95,4.949600000000004
2026-09-08 18:02:03.402458+03:00,2026-09-10 12:45:00+03:00,36.0204,39.34,3.319600000000001
2026-09-08 18:02:03.402458+03:00,2026-09-10 13:00:00+03:00,35.9981,47.28,11.2819
2026-09-08 18:02:03.402458+03:00,2026-09-10 13:15:00+03:00,35.9448,39.88,3.935200000000002
2026-09-08 18:02:03.402458+03:00,2026-09-10 13:30:00+03:00,35.993,35.39,0.6030000000000015
2026-09-08 18:02:03.402458+03:00,2026-09-10 13:45:00+03:00,36.0128,31.4,4.6128
2026-09-08 18:02:03.402458+03:00,2026-09-10 14:00:00+03:00,36.0332,39.93,3.896799999999999
2026-09-08 18:02:03.402458+03:00,2026-09-10 14:15:00+03:00,36.0292,36.25,0.220799999999997
2026-09-08 18:02:03.402458+03:00,2026-09-10 14:30:00+03:00,36.0476,34.04,2.007600000000004
2026-09-08 18:02:03.402458+03:00,2026-09-10 14:45:00+03:00,36.0629,35.04,1.0229
2026-09-08 18:02:03.402458+03:00,2026-09-10 15:00:00+03:00,36.0743,28.53,7.5443
2026-09-08 18:02:03.402458+03:00,2026-09-10 15:15:00+03:00,36.1917,34.77,1.4216999999999942
2026-09-08 18:02:03.402458+03:00,2026-09-10 15:30:00+03:00,36.2008,41.19,4.989199999999997
2026-09-08 18:02:03.402458+03:00,2026-09-10 15:45:00+03:00,36.1883,45.23,9.0417
2026-09-08 18:02:03.402458+03:00,2026-09-10 16:00:00+03:00,36.1035,30.62,5.483499999999996
2026-09-08 18:02:03.402458+03:00,2026-09-10 16:15:00+03:00,36.1814,36.5,0.3186000000000035
2026-09-08 18:02:03.402458+03:00,2026-09-10 16:30:00+03:00,36.198,40.93,4.731999999999999
2026-09-08 18:02:03.402458+03:00,2026-09-10 16:45:00+03:00,36.1805,47.32,11.139499999999998
2026-09-08 18:02:03.402458+03:00,2026-09-10 17:00:00+03:00,36.1683,36.45,0.2817000000000007
2026-09-08 18:02:03.402458+03:00,2026-09-10 17:15:00+03:00,36.2305,39.79,3.5595
2026-09-08 18:02:03.402458+03:00,2026-09-10 17:30:00+03:00,36.2542,39.16,2.9057999999999997
2026-09-08 18:02:03.402458+03:00,2026-09-10 17:45:00+03:00,36.2141,49.99,13.7759
2026-09-08 18:02:03.402458+03:00,2026-09-10 18:00:00+03:00,36.1758,28.13,8.045800000000003
2026-09-08 18:02:03.402458+03:00,2026-09-10 18:15:00+03:00,36.0738,39.59,3.516200000000005
2026-09-08 18:02:03.402458+03:00,2026-09-10 18:30:00+03:00,36.122,50.0,13.878
2026-09-08 18:02:03.402458+03:00,2026-09-10 18:45:00+03:00,36.1402,61.24,25.0998
2026-09-08 18:02:03.402458+03:00,2026-09-10 19:00:00+03:00,36.1227,48.38,12.2573
2026-09-08 18:02:03.402458+03:00,2026-09-10 19:15:00+03:00,35.9713,49.99,14.018700000000004
2026-09-08 18:02:03.402458+03:00,2026-09-10 19:30:00+03:00,36.0141,50.0,13.9859
2026-09-08 18:02:03.402458+03:00,2026-09-10 19:45:00+03:00,36.0691,49.99,13.920900000000003
2026-09-08 18:02:03.402458+03:00,2026-09-10 20:00:00+03:00,36.0643,54.3,18.235699999999994
2026-09-08 18:02:03.402458+03:00,2026-09-10 20:15:00+03:00,35.7671,50.01,14.2429
2026-09-08 18:02:03.402458+03:00,2026-09-10 20:30:00+03:00,35.4432,50.0,14.556800000000004
2026-09-08 18:02:03.402458+03:00,2026-09-10 20:45:00+03:00,35.5403,42.97,7.429699999999997
2026-09-08 18:02:03.402458+03:00,2026-09-10 21:00:00+03:00,35.5658,56.55,20.984199999999998
2026-09-08 18:02:03.402458+03:00,2026-09-10 21:15:00+03:00,35.6309,50.99,15.359100000000003
2026-09-08 18:02:03.402458+03:00,2026-09-10 21:30:00+03:00,35.6386,45.2,9.561400000000006
2026-09-08 18:02:03.402458+03:00,2026-09-10 21:45:00+03:00,35.6246,33.01,2.614600000000003
2026-09-08 18:02:03.402458+03:00,2026-09-10 22:00:00+03:00,35.583,46.87,11.287
2026-09-08 18:02:03.402458+03:00,2026-09-10 22:15:00+03:00,35.3574,40.05,4.692599999999999
2026-09-08 18:02:03.402458+03:00,2026-09-10 22:30:00+03:00,35.0283,37.86,2.831699999999998
2026-09-08 18:02:03.402458+03:00,2026-09-10 22:45:00+03:00,34.6055,31.58,3.025500000000001
2026-09-08 18:02:03.402458+03:00,2026-09-10 23:00:00+03:00,34.1663,42.99,8.823700000000002
2026-09-08 18:02:03.402458+03:00,2026-09-10 23:15:00+03:00,33.5895,40.19,6.600499999999997
2026-09-08 18:02:03.402458+03:00,2026-09-10 23:30:00+03:00,33.1955,37.21,4.014499999999998
2026-09-08 18:02:03.402458+03:00,2026-09-10 23:45:00+03:00,32.7384,29.99,2.7484
2026-09-08 18:02:03.402458+03:00,2026-09-11 00:00:00+03:00,32.5032,39.98,7.476799999999997
2026-09-08 18:02:03.402458+03:00,2026-09-11 00:15:00+03:00,32.3467,38.12,5.773299999999999
2026-09-08 18:02:03.402458+03:00,2026-09-11 00:30:00+03:00,32.4708,35.92,3.4492000000000047
2026-09-08 18:02:03.402458+03:00,2026-09-11 00:45:00+03:00,32.5277,29.99,2.5377000000000045
2026-09-08 18:02:03.402458+03:00,2026-09-11 01:00:00+03:00,32.4967,27.65,4.8466999999999985
2026-09-08 18:02:03.402458+03:00,2026-09-11 01:15:00+03:00,32.3544,26.92,5.434399999999997
2026-09-08 18:02:03.402458+03:00,2026-09-11 01:30:00+03:00,32.3423,37.16,4.817699999999995
2026-09-08 18:02:03.402458+03:00,2026-09-11 01:45:00+03:00,32.3588,35.01,2.651199999999996
2026-09-08 18:02:03.402458+03:00,2026-09-11 02:00:00+03:00,32.3995,28.52,3.8795000000000037
2026-09-08 18:02:03.402458+03:00,2026-09-11 02:15:00+03:00,32.4452,28.0,4.4452
2026-09-08 18:02:03.402458+03:00,2026-09-11 02:30:00+03:00,32.439,35.94,3.5009999999999977
2026-09-08 18:02:03.402458+03:00,2026-09-11 02:45:00+03:00,32.4361,35.58,3.143899999999995
2026-09-08 18:02:03.402458+03:00,2026-09-11 03:00:00+03:00,32.4442,33.64,1.1957999999999984
2026-09-08 18:02:03.402458+03:00,2026-09-11 03:15:00+03:00,32.4738,32.08,0.3937999999999988
2026-09-08 18:02:03.402458+03:00,2026-09-11 03:30:00+03:00,32.4778,31.28,1.1978000000000009
2026-09-08 18:02:03.402458+03:00,2026-09-11 03:45:00+03:00,32.4639,31.42,1.0439000000000007
2026-09-08 18:02:03.402458+03:00,2026-09-11 04:00:00+03:00,32.509,28.63,3.8790000000000013
2026-09-08 18:02:03.402458+03:00,2026-09-11 04:15:00+03:00,32.6525,30.0,2.6525000000000034
2026-09-08 18:02:03.402458+03:00,2026-09-11 04:30:00+03:00,33.0739,34.1,1.0260999999999996
2026-09-08 18:02:03.402458+03:00,2026-09-11 04:45:00+03:00,33.6288,35.73,2.1011999999999986
2026-09-08 18:02:03.402458+03:00,2026-09-11 05:00:00+03:00,34.1924,26.89,7.302399999999999
2026-09-08 18:02:03.402458+03:00,2026-09-11 05:15:00+03:00,34.8905,31.51,3.3805000000000014
2026-09-08 18:02:03.402458+03:00,2026-09-11 05:30:00+03:00,35.5856,32.57,3.015599999999999
2026-09-08 18:02:03.402458+03:00,2026-09-11 05:45:00+03:00,36.3799,44.07,7.690100000000001
2026-09-08 18:02:03.402458+03:00,2026-09-11 06:00:00+03:00,37.4258,23.12,14.305800000000001
2026-09-08 18:02:03.402458+03:00,2026-09-11 06:15:00+03:00,38.6856,35.0,3.685600000000001
2026-09-08 18:02:03.402458+03:00,2026-09-11 06:30:00+03:00,39.797,37.4,2.3969999999999985
2026-09-08 18:02:03.402458+03:00,2026-09-11 06:45:00+03:00,40.8211,50.0,9.178899999999999
2026-09-08 18:02:03.402458+03:00,2026-09-11 07:00:00+03:00,41.5982,30.05,11.548199999999998
2026-09-08 18:02:03.402458+03:00,2026-09-11 07:15:00+03:00,42.0539,49.99,7.936100000000003
2026-09-08 18:02:03.402458+03:00,2026-09-11 07:30:00+03:00,43.1707,52.07,8.899300000000004
2026-09-08 18:02:03.402458+03:00,2026-09-11 07:45:00+03:00,44.013,75.29,31.277000000000008
2026-09-08 18:02:03.402458+03:00,2026-09-11 08:00:00+03:00,44.4838,54.45,9.9662
2026-09-08 18:02:03.402458+03:00,2026-09-11 08:15:00+03:00,44.9842,60.43,15.445799999999998
2026-09-08 18:02:03.402458+03:00,2026-09-11 08:30:00+03:00,45.0938,69.84,24.7462
2026-09-08 18:02:03.402458+03:00,2026-09-11 08:45:00+03:00,44.8695,71.94,27.070499999999996
2026-09-08 18:02:03.402458+03:00,2026-09-11 09:00:00+03:00,44.9136,75.36,30.446399999999997
2026-09-08 18:02:03.402458+03:00,2026-09-11 09:15:00+03:00,44.4336,74.63,30.196399999999997
2026-09-08 18:02:03.402458+03:00,2026-09-11 09:30:00+03:00,43.9293,75.17,31.240700000000004
2026-09-08 18:02:03.402458+03:00,2026-09-11 09:45:00+03:00,43.4423,68.42,24.9777
2026-09-08 18:02:03.402458+03:00,2026-09-11 10:00:00+03:00,43.0023,70.56,27.557700000000004
2026-09-08 18:02:03.402458+03:00,2026-09-11 10:15:00+03:00,42.3849,62.72,20.335099999999997
2026-09-08 18:02:03.402458+03:00,2026-09-11 10:30:00+03:00,41.8907,66.05,24.159299999999995
2026-09-08 18:02:03.402458+03:00,2026-09-11 10:45:00+03:00,41.0718,58.14,17.068199999999997
2026-09-08 18:02:03.402458+03:00,2026-09-11 11:00:00+03:00,40.6217,67.45,26.828300000000006
2026-09-08 18:02:03.402458+03:00,2026-09-11 11:15:00+03:00,40.0515,56.0,15.948500000000003
2026-09-08 18:02:03.402458+03:00,2026-09-11 11:30:00+03:00,40.0967,53.86,13.763300000000001
2026-09-08 18:02:03.402458+03:00,2026-09-11 11:45:00+03:00,39.9878,49.35,9.362200000000001
2026-09-08 18:02:03.402458+03:00,2026-09-11 12:00:00+03:00,39.549,51.6,12.051000000000002
2026-09-08 18:02:03.402458+03:00,2026-09-11 12:15:00+03:00,38.992,49.97,10.978000000000002
2026-09-08 18:02:03.402458+03:00,2026-09-11 12:30:00+03:00,38.3,48.13,9.830000000000005
2026-09-08 18:02:03.402458+03:00,2026-09-11 12:45:00+03:00,37.5237,48.3,10.776299999999999
2026-09-08 18:02:03.402458+03:00,2026-09-11 13:00:00+03:00,36.9517,51.27,14.3183
2026-09-08 18:02:03.402458+03:00,2026-09-11 13:15:00+03:00,36.5836,49.98,13.3964
2026-09-08 18:02:03.402458+03:00,2026-09-11 13:30:00+03:00,36.0933,48.63,12.536700000000003
2026-09-08 18:02:03.402458+03:00,2026-09-11 13:45:00+03:00,35.5697,49.28,13.710300000000004
2026-09-08 18:02:03.402458+03:00,2026-09-11 14:00:00+03:00,35.4053,49.98,14.5747
2026-09-08 18:02:03.402458+03:00,2026-09-11 14:15:00+03:00,35.2209,47.63,12.409100000000002
2026-09-08 18:02:03.402458+03:00,2026-09-11 14:30:00+03:00,35.2746,50.52,15.245400000000004
2026-09-08 18:02:03.402458+03:00,2026-09-11 14:45:00+03:00,35.2917,50.39,15.098300000000002
2026-09-08 18:02:03.402458+03:00,2026-09-11 15:00:00+03:00,35.322,45.6,10.277999999999999
2026-09-08 18:02:03.402458+03:00,2026-09-11 15:15:00+03:00,35.3762,47.58,12.203800000000001
2026-09-08 18:02:03.402458+03:00,2026-09-11 15:30:00+03:00,35.3531,49.99,14.636900000000004
2026-09-08 18:02:03.402458+03:00,2026-09-11 15:45:00+03:00,35.3406,50.48,15.139399999999995
2026-09-08 18:02:03.402458+03:00,2026-09-11 16:00:00+03:00,35.3522,33.75,1.6022000000000034
2026-09-08 18:02:03.402458+03:00,2026-09-11 16:15:00+03:00,35.3894,49.98,14.590599999999995
2026-09-08 18:02:03.402458+03:00,2026-09-11 16:30:00+03:00,35.3739,55.9,20.5261
2026-09-08 18:02:03.402458+03:00,2026-09-11 16:45:00+03:00,35.351,61.99,26.639000000000003
2026-09-08 18:02:03.402458+03:00,2026-09-11 17:00:00+03:00,35.4189,41.47,6.051099999999998
2026-09-08 18:02:03.402458+03:00,2026-09-11 17:15:00+03:00,35.4573,54.37,18.9127
2026-09-08 18:02:03.402458+03:00,2026-09-11 17:30:00+03:00,35.8365,65.2,29.363500000000002
2026-09-08 18:02:03.402458+03:00,2026-09-11 17:45:00+03:00,35.7774,87.14,51.3626
2026-09-08 18:02:03.402458+03:00,2026-09-11 18:00:00+03:00,35.8008,85.9,50.0992
2026-09-08 18:02:03.402458+03:00,2026-09-11 18:15:00+03:00,35.6667,106.6,70.9333
2026-09-08 18:02:03.402458+03:00,2026-09-11 18:30:00+03:00,35.6898,129.39,93.7002
2026-09-08 18:02:03.402458+03:00,2026-09-11 18:45:00+03:00,35.6834,138.08,102.3966
2026-09-08 18:02:03.402458+03:00,2026-09-11 19:00:00+03:00,35.7426,135.47,99.72739999999999
2026-09-08 18:02:03.402458+03:00,2026-09-11 19:15:00+03:00,35.5725,129.39,93.8175
2026-09-08 18:02:03.402458+03:00,2026-09-11 19:30:00+03:00,35.582,129.37,93.78800000000001
2026-09-08 18:02:03.402458+03:00,2026-09-11 19:45:00+03:00,35.6173,136.56,100.9427
2026-09-08 18:02:03.402458+03:00,2026-09-11 20:00:00+03:00,35.69,137.99,102.30000000000001
2026-09-08 18:02:03.402458+03:00,2026-09-11 20:15:00+03:00,35.3773,142.1,106.7227
2026-09-08 18:02:03.402458+03:00,2026-09-11 20:30:00+03:00,35.0465,142.61,107.5635
2026-09-08 18:02:03.402458+03:00,2026-09-11 20:45:00+03:00,34.6386,149.94,115.3014
2026-09-08 18:02:03.402458+03:00,2026-09-11 21:00:00+03:00,34.1751,129.38,95.2049
2026-09-08 18:02:03.402458+03:00,2026-09-11 21:15:00+03:00,33.8821,129.87,95.9879
2026-09-08 18:02:03.402458+03:00,2026-09-11 21:30:00+03:00,33.4748,129.37,95.8952
2026-09-08 18:02:03.402458+03:00,2026-09-11 21:45:00+03:00,33.5632,129.36,95.79680000000002
2026-09-08 18:02:03.402458+03:00,2026-09-11 22:00:00+03:00,33.5808,129.86,96.2792
2026-09-08 18:02:03.402458+03:00,2026-09-11 22:15:00+03:00,33.3455,149.93,116.5845
2026-09-08 18:02:03.402458+03:00,2026-09-11 22:30:00+03:00,32.8882,129.37,96.4818
2026-09-08 18:02:03.402458+03:00,2026-09-11 22:45:00+03:00,32.562,111.18,78.61800000000001
2026-09-08 18:02:03.402458+03:00,2026-09-11 23:00:00+03:00,32.1313,124.89,92.7587
2026-09-08 18:02:03.402458+03:00,2026-09-11 23:15:00+03:00,32.0445,102.52,70.4755
2026-09-08 18:02:03.402458+03:00,2026-09-11 23:30:00+03:00,31.5342,69.0,37.4658
2026-09-08 18:02:03.402458+03:00,2026-09-11 23:45:00+03:00,31.1882,53.34,22.151800000000005
2026-09-08 18:02:03.402458+03:00,2026-09-12 00:00:00+03:00,30.704,53.36,22.656
2026-09-08 18:02:03.402458+03:00,2026-09-12 00:15:00+03:00,30.4236,,
2026-09-08 18:02:03.402458+03:00,2026-09-12 00:30:00+03:00,30.3976,,
2026-09-08 18:02:03.402458+03:00,2026-09-12 00:45:00+03:00,30.0578,,
2026-09-08 18:02:03.402458+03:00,2026-09-12 01:00:00+03:00,30.1169,,
2026-09-08 18:02:03.402458+03:00,2026-09-12 01:15:00+03:00,30.0273,,
2026-09-08 18:02:03.402458+03:00,2026-09-12 01:30:00+03:00,30.0473,,
2026-09-08 18:02:03.402458+03:00,2026-09-12 01:45:00+03:00,30.0561,,
2026-09-08 18:02:03.402458+03:00,2026-09-12 02:00:00+03:00,30.0846,,
2026-09-08 18:02:03.402458+03:00,2026-09-12 02:15:00+03:00,30.1367,,
2026-09-08 18:02:03.402458+03:00,2026-09-12 02:30:00+03:00,30.1429,,
2026-09-08 18:02:03.402458+03:00,2026-09-12 02:45:00+03:00,30.144,,
2026-09-08 18:02:03.402458+03:00,2026-09-12 03:00:00+03:00,30.0982,,
2026-09-08 18:02:03.402458+03:00,2026-09-12 03:15:00+03:00,30.1423,,
2026-09-08 18:02:03.402458+03:00,2026-09-12 03:30:00+03:00,30.1478,,
2026-09-08 18:02:03.402458+03:00,2026-09-12 03:45:00+03:00,30.1375,,
2026-09-08 18:02:03.402458+03:00,2026-09-12 04:00:00+03:00,30.0917,,
2026-09-08 18:02:03.402458+03:00,2026-09-12 04:15:00+03:00,30.1706,,
2026-09-08 18:02:03.402458+03:00,2026-09-12 04:30:00+03:00,30.1718,,
2026-09-08 18:02:03.402458+03:00,2026-09-12 04:45:00+03:00,30.1511,,
2026-09-08 18:02:03.402458+03:00,2026-09-12 05:00:00+03:00,30.3514,,
2026-09-08 18:02:03.402458+03:00,2026-09-12 05:15:00+03:00,30.5024,,
2026-09-08 18:02:03.402458+03:00,2026-09-12 05:30:00+03:00,30.9995,,
2026-09-08 18:02:03.402458+03:00,2026-09-12 05:45:00+03:00,31.4747,,
2026-09-08 18:02:03.402458+03:00,2026-09-12 06:00:00+03:00,31.9421,,
2026-09-08 18:02:03.402458+03:00,2026-09-12 06:15:00+03:00,32.4946,,
2026-09-08 18:02:03.402458+03:00,2026-09-12 06:30:00+03:00,32.8294,,
2026-09-08 18:02:03.402458+03:00,2026-09-12 06:45:00+03:00,33.1888,,
2026-09-08 18:02:03.402458+03:00,2026-09-12 07:00:00+03:00,33.6788,,
2026-09-08 18:02:03.402458+03:00,2026-09-12 07:15:00+03:00,34.0841,,
2026-09-08 18:02:03.402458+03:00,2026-09-12 07:30:00+03:00,34.5314,,
2026-09-08 18:02:03.402458+03:00,2026-09-12 07:45:00+03:00,34.7634,,
2026-09-08 18:02:03.402458+03:00,2026-09-12 08:00:00+03:00,35.0424,,
2026-09-08 18:02:03.402458+03:00,2026-09-12 08:15:00+03:00,34.9987,,
2026-09-08 18:02:03.402458+03:00,2026-09-12 08:30:00+03:00,34.9928,,
2026-09-08 18:02:03.402458+03:00,2026-09-12 08:45:00+03:00,34.9831,,
2026-09-08 18:02:03.402458+03:00,2026-09-12 09:00:00+03:00,35.0577,,
2026-09-08 18:02:03.402458+03:00,2026-09-12 09:15:00+03:00,35.2034,,
2026-09-08 18:02:03.402458+03:00,2026-09-12 09:30:00+03:00,35.3491,,
2026-09-08 18:02:03.402458+03:00,2026-09-12 09:45:00+03:00,35.4153,,
2026-09-08 18:02:03.402458+03:00,2026-09-12 10:00:00+03:00,35.4163,,
2026-09-08 18:02:03.402458+03:00,2026-09-12 10:15:00+03:00,35.315,,
2026-09-08 18:02:03.402458+03:00,2026-09-12 10:30:00+03:00,35.3242,,
2026-09-08 18:02:03.402458+03:00,2026-09-12 10:45:00+03:00,35.3213,,
2026-09-08 18:02:03.402458+03:00,2026-09-12 11:00:00+03:00,35.3266,,
2026-09-08 18:02:03.402458+03:00,2026-09-12 11:15:00+03:00,35.2629,,
2026-09-08 18:02:03.402458+03:00,2026-09-12 11:30:00+03:00,35.268,,
2026-09-08 18:02:03.402458+03:00,2026-09-12 11:45:00+03:00,35.2661,,
2026-09-08 18:02:03.402458+03:00,2026-09-12 12:00:00+03:00,35.2967,,
2026-09-08 18:02:03.402458+03:00,2026-09-12 12:15:00+03:00,35.2584,,
2026-09-08 18:02:03.402458+03:00,2026-09-12 12:30:00+03:00,35.2632,,
2026-09-08 18:02:03.402458+03:00,2026-09-12 12:45:00+03:00,35.2635,,
2026-09-08 18:02:03.402458+03:00,2026-09-12 13:00:00+03:00,35.3004,,
2026-09-08 18:02:03.402458+03:00,2026-09-12 13:15:00+03:00,35.258,,
2026-09-08 18:02:03.402458+03:00,2026-09-12 13:30:00+03:00,35.2684,,
2026-09-08 18:02:03.402458+03:00,2026-09-12 13:45:00+03:00,35.2697,,
2026-09-08 18:02:03.402458+03:00,2026-09-12 14:00:00+03:00,35.32,,
2026-09-08 18:02:03.402458+03:00,2026-09-12 14:15:00+03:00,35.348,,
2026-09-08 18:02:03.402458+03:00,2026-09-12 14:30:00+03:00,35.3403,,
2026-09-08 18:02:03.402458+03:00,2026-09-12 14:45:00+03:00,35.3328,,
2026-09-08 18:02:03.402458+03:00,2026-09-12 15:00:00+03:00,35.3301,,
2026-09-08 18:02:03.402458+03:00,2026-09-12 15:15:00+03:00,35.4105,,
2026-09-08 18:02:03.402458+03:00,2026-09-12 15:30:00+03:00,35.4031,,
2026-09-08 18:02:03.402458+03:00,2026-09-12 15:45:00+03:00,35.3832,,
2026-09-08 18:02:03.402458+03:00,2026-09-12 16:00:00+03:00,35.356,,
2026-09-08 18:02:03.402458+03:00,2026-09-12 16:15:00+03:00,35.4236,,
2026-09-08 18:02:03.402458+03:00,2026-09-12 16:30:00+03:00,35.403,,
2026-09-08 18:02:03.402458+03:00,2026-09-12 16:45:00+03:00,35.3858,,
2026-09-08 18:02:03.402458+03:00,2026-09-12 17:00:00+03:00,35.4341,,
2026-09-08 18:02:03.402458+03:00,2026-09-12 17:15:00+03:00,35.4933,,
2026-09-08 18:02:03.402458+03:00,2026-09-12 17:30:00+03:00,35.8769,,
2026-09-08 18:02:03.402458+03:00,2026-09-12 17:45:00+03:00,35.7881,,
2026-09-08 18:02:03.402458+03:00,2026-09-12 18:00:00+03:00,35.7813,,
2026-09-08 18:02:03.402458+03:00,2026-09-12 18:15:00+03:00,35.6818,,
2026-09-08 18:02:03.402458+03:00,2026-09-12 18:30:00+03:00,35.716,,
2026-09-08 18:02:03.402458+03:00,2026-09-12 18:45:00+03:00,35.7136,,
2026-09-08 18:02:03.402458+03:00,2026-09-12 19:00:00+03:00,35.7423,,
2026-09-08 18:02:03.402458+03:00,2026-09-12 19:15:00+03:00,35.5667,,
2026-09-08 18:02:03.402458+03:00,2026-09-12 19:30:00+03:00,35.605,,
2026-09-08 18:02:03.402458+03:00,2026-09-12 19:45:00+03:00,35.6426,,
2026-09-08 18:02:03.402458+03:00,2026-09-12 20:00:00+03:00,35.6675,,
2026-09-08 18:02:03.402458+03:00,2026-09-12 20:15:00+03:00,35.3574,,
2026-09-08 18:02:03.402458+03:00,2026-09-12 20:30:00+03:00,35.0139,,
2026-09-08 18:02:03.402458+03:00,2026-09-12 20:45:00+03:00,34.6371,,
2026-09-08 18:02:03.402458+03:00,2026-09-12 21:00:00+03:00,34.162,,
2026-09-08 18:02:03.402458+03:00,2026-09-12 21:15:00+03:00,33.9109,,
2026-09-08 18:02:03.402458+03:00,2026-09-12 21:30:00+03:00,34.097,,
2026-09-08 18:02:03.402458+03:00,2026-09-12 21:45:00+03:00,34.1571,,
2026-09-08 18:02:03.402458+03:00,2026-09-12 22:00:00+03:00,34.0689,,
2026-09-08 18:02:03.402458+03:00,2026-09-12 22:15:00+03:00,33.9006,,
2026-09-08 18:02:03.402458+03:00,2026-09-12 22:30:00+03:00,33.3966,,
2026-09-08 18:02:03.402458+03:00,2026-09-12 22:45:00+03:00,32.8974,,
2026-09-08 18:02:03.402458+03:00,2026-09-12 23:00:00+03:00,32.3637,,
2026-09-08 18:02:03.402458+03:00,2026-09-12 23:15:00+03:00,31.8753,,
2026-09-08 18:02:03.402458+03:00,2026-09-12 23:30:00+03:00,31.2858,,
2026-09-08 18:02:03.402458+03:00,2026-09-12 23:45:00+03:00,30.9077,,
2026-09-08 18:02:03.402458+03:00,2026-09-13 00:00:00+03:00,30.4507,,
2026-09-08 18:02:03.402458+03:00,2026-09-13 00:15:00+03:00,30.3524,,
2026-09-08 18:02:03.402458+03:00,2026-09-13 00:30:00+03:00,30.0129,,
2026-09-08 18:02:03.402458+03:00,2026-09-13 00:45:00+03:00,30.04,,
2026-09-08 18:02:03.402458+03:00,2026-09-13 01:00:00+03:00,30.0212,,
2026-09-08 18:02:03.402458+03:00,2026-09-13 01:15:00+03:00,29.9908,,
2026-09-08 18:02:03.402458+03:00,2026-09-13 01:30:00+03:00,29.7011,,
2026-09-08 18:02:03.402458+03:00,2026-09-13 01:45:00+03:00,29.6931,,
2026-09-08 18:02:03.402458+03:00,2026-09-13 02:00:00+03:00,29.7351,,
2026-09-08 18:02:03.402458+03:00,2026-09-13 02:15:00+03:00,29.7748,,
2026-09-08 18:02:03.402458+03:00,2026-09-13 02:30:00+03:00,29.7881,,
2026-09-08 18:02:03.402458+03:00,2026-09-13 02:45:00+03:00,29.7941,,
2026-09-08 18:02:03.402458+03:00,2026-09-13 03:00:00+03:00,29.7847,,
2026-09-08 18:02:03.402458+03:00,2026-09-13 03:15:00+03:00,29.8081,,
2026-09-08 18:02:03.402458+03:00,2026-09-13 03:30:00+03:00,29.8216,,
2026-09-08 18:02:03.402458+03:00,2026-09-13 03:45:00+03:00,29.8158,,
2026-09-08 18:02:03.402458+03:00,2026-09-13 04:00:00+03:00,29.7777,,
2026-09-08 18:02:03.402458+03:00,2026-09-13 04:15:00+03:00,29.835,,
2026-09-08 18:02:03.402458+03:00,2026-09-13 04:30:00+03:00,29.8331,,
2026-09-08 18:02:03.402458+03:00,2026-09-13 04:45:00+03:00,29.8266,,
2026-09-08 18:02:03.402458+03:00,2026-09-13 05:00:00+03:00,29.9963,,
2026-09-08 18:02:03.402458+03:00,2026-09-13 05:15:00+03:00,30.1161,,
2026-09-08 18:02:03.402458+03:00,2026-09-13 05:30:00+03:00,30.4998,,
2026-09-08 18:02:03.402458+03:00,2026-09-13 05:45:00+03:00,30.9747,,
2026-09-08 18:02:03.402458+03:00,2026-09-13 06:00:00+03:00,31.4125,,
2026-09-08 18:02:03.402458+03:00,2026-09-13 06:15:00+03:00,31.9137,,
2026-09-08 18:02:03.402458+03:00,2026-09-13 06:30:00+03:00,32.393,,
2026-09-08 18:02:03.402458+03:00,2026-09-13 06:45:00+03:00,32.7061,,
2026-09-08 18:02:03.402458+03:00,2026-09-13 07:00:00+03:00,33.1431,,
2026-09-08 18:02:03.402458+03:00,2026-09-13 07:15:00+03:00,33.6243,,
2026-09-08 18:02:03.402458+03:00,2026-09-13 07:30:00+03:00,34.2152,,
2026-09-08 18:02:03.402458+03:00,2026-09-13 07:45:00+03:00,34.6082,,
2026-09-08 18:02:03.402458+03:00,2026-09-13 08:00:00+03:00,35.0025,,
2026-09-08 18:02:03.402458+03:00,2026-09-13 08:15:00+03:00,35.1358,,
2026-09-08 18:02:03.402458+03:00,2026-09-13 08:30:00+03:00,35.4021,,
2026-09-08 18:02:03.402458+03:00,2026-09-13 08:45:00+03:00,35.4643,,
2026-09-08 18:02:03.402458+03:00,2026-09-13 09:00:00+03:00,35.8842,,
2026-09-08 18:02:03.402458+03:00,2026-09-13 09:15:00+03:00,35.6309,,
2026-09-08 18:02:03.402458+03:00,2026-09-13 09:30:00+03:00,35.6511,,
2026-09-08 18:02:03.402458+03:00,2026-09-13 09:45:00+03:00,35.6799,,
2026-09-08 18:02:03.402458+03:00,2026-09-13 10:00:00+03:00,35.724,,
2026-09-08 18:02:03.402458+03:00,2026-09-13 10:15:00+03:00,35.6856,,
2026-09-08 18:02:03.402458+03:00,2026-09-13 10:30:00+03:00,35.7011,,
2026-09-08 18:02:03.402458+03:00,2026-09-13 10:45:00+03:00,35.6979,,
2026-09-08 18:02:03.402458+03:00,2026-09-13 11:00:00+03:00,35.6585,,
2026-09-08 18:02:03.402458+03:00,2026-09-13 11:15:00+03:00,35.6207,,
2026-09-08 18:02:03.402458+03:00,2026-09-13 11:30:00+03:00,35.6258,,
2026-09-08 18:02:03.402458+03:00,2026-09-13 11:45:00+03:00,35.6286,,
2026-09-08 18:02:03.402458+03:00,2026-09-13 12:00:00+03:00,35.6356,,
2026-09-08 18:02:03.402458+03:00,2026-09-13 12:15:00+03:00,35.5989,,
2026-09-08 18:02:03.402458+03:00,2026-09-13 12:30:00+03:00,35.5982,,
2026-09-08 18:02:03.402458+03:00,2026-09-13 12:45:00+03:00,35.5985,,
2026-09-08 18:02:03.402458+03:00,2026-09-13 13:00:00+03:00,35.6077,,
2026-09-08 18:02:03.402458+03:00,2026-09-13 13:15:00+03:00,35.587,,
2026-09-08 18:02:03.402458+03:00,2026-09-13 13:30:00+03:00,35.5966,,
2026-09-08 18:02:03.402458+03:00,2026-09-13 13:45:00+03:00,35.5969,,
2026-09-08 18:02:03.402458+03:00,2026-09-13 14:00:00+03:00,35.6595,,
2026-09-08 18:02:03.402458+03:00,2026-09-13 14:15:00+03:00,35.6951,,
2026-09-08 18:02:03.402458+03:00,2026-09-13 14:30:00+03:00,35.676,,
2026-09-08 18:02:03.402458+03:00,2026-09-13 14:45:00+03:00,35.6742,,
2026-09-08 18:02:03.402458+03:00,2026-09-13 15:00:00+03:00,35.6514,,
2026-09-08 18:02:03.402458+03:00,2026-09-13 15:15:00+03:00,35.7408,,
2026-09-08 18:02:03.402458+03:00,2026-09-13 15:30:00+03:00,35.7241,,
2026-09-08 18:02:03.402458+03:00,2026-09-13 15:45:00+03:00,35.7211,,
2026-09-08 18:02:03.402458+03:00,2026-09-13 16:00:00+03:00,35.6961,,
2026-09-08 18:02:03.402458+03:00,2026-09-13 16:15:00+03:00,35.7756,,
2026-09-08 18:02:03.402458+03:00,2026-09-13 16:30:00+03:00,35.7569,,
2026-09-08 18:02:03.402458+03:00,2026-09-13 16:45:00+03:00,35.7404,,
2026-09-08 18:02:03.402458+03:00,2026-09-13 17:00:00+03:00,35.8055,,
2026-09-08 18:02:03.402458+03:00,2026-09-13 17:15:00+03:00,35.8777,,
2026-09-08 18:02:03.402458+03:00,2026-09-13 17:30:00+03:00,35.8821,,
2026-09-08 18:02:03.402458+03:00,2026-09-13 17:45:00+03:00,35.8312,,
2026-09-08 18:02:03.402458+03:00,2026-09-13 18:00:00+03:00,35.8273,,
2026-09-08 18:02:03.402458+03:00,2026-09-13 18:15:00+03:00,35.75,,
2026-09-08 18:02:03.402458+03:00,2026-09-13 18:30:00+03:00,35.7741,,
2026-09-08 18:02:03.402458+03:00,2026-09-13 18:45:00+03:00,35.7707,,
2026-09-08 18:02:03.402458+03:00,2026-09-13 19:00:00+03:00,35.8158,,
2026-09-08 18:02:03.402458+03:00,2026-09-13 19:15:00+03:00,35.6583,,
2026-09-08 18:02:03.402458+03:00,2026-09-13 19:30:00+03:00,35.6903,,
2026-09-08 18:02:03.402458+03:00,2026-09-13 19:45:00+03:00,35.7192,,
2026-09-08 18:02:03.402458+03:00,2026-09-13 20:00:00+03:00,35.7562,,
2026-09-08 18:02:03.402458+03:00,2026-09-13 20:15:00+03:00,35.4173,,
2026-09-08 18:02:03.402458+03:00,2026-09-13 20:30:00+03:00,35.0334,,
2026-09-08 18:02:03.402458+03:00,2026-09-13 20:45:00+03:00,34.673,,
2026-09-08 18:02:03.402458+03:00,2026-09-13 21:00:00+03:00,34.1548,,
2026-09-08 18:02:03.402458+03:00,2026-09-13 21:15:00+03:00,33.9464,,
2026-09-08 18:02:03.402458+03:00,2026-09-13 21:30:00+03:00,34.1294,,
2026-09-08 18:02:03.402458+03:00,2026-09-13 21:45:00+03:00,34.1719,,
2026-09-08 18:02:03.402458+03:00,2026-09-13 22:00:00+03:00,34.0984,,
2026-09-08 18:02:03.402458+03:00,2026-09-13 22:15:00+03:00,33.9136,,
2026-09-08 18:02:03.402458+03:00,2026-09-13 22:30:00+03:00,33.9705,,
2026-09-08 18:02:03.402458+03:00,2026-09-13 22:45:00+03:00,34.012,,
2026-09-08 18:02:03.402458+03:00,2026-09-13 23:00:00+03:00,34.021,,
2026-09-08 18:02:03.402458+03:00,2026-09-13 23:15:00+03:00,33.8299,,
2026-09-08 18:02:03.402458+03:00,2026-09-13 23:30:00+03:00,33.3591,,
2026-09-08 18:02:03.402458+03:00,2026-09-13 23:45:00+03:00,32.884,,
2026-09-08 18:02:03.402458+03:00,2026-09-14 00:00:00+03:00,32.51,,
2026-09-08 18:02:03.402458+03:00,2026-09-14 00:15:00+03:00,32.2065,,
2026-09-08 18:02:03.402458+03:00,2026-09-14 00:30:00+03:00,32.3567,,
2026-09-08 18:02:03.402458+03:00,2026-09-14 00:45:00+03:00,32.4765,,
2026-09-08 18:02:03.402458+03:00,2026-09-14 01:00:00+03:00,32.4728,,
2026-09-08 18:02:03.402458+03:00,2026-09-14 01:15:00+03:00,32.3888,,
2026-09-08 18:02:03.402458+03:00,2026-09-14 01:30:00+03:00,32.4104,,
2026-09-08 18:02:03.402458+03:00,2026-09-14 01:45:00+03:00,32.4234,,
2026-09-08 18:02:03.402458+03:00,2026-09-14 02:00:00+03:00,32.4607,,
2026-09-08 18:02:03.402458+03:00,2026-09-14 02:15:00+03:00,32.5084,,
2026-09-08 18:02:03.402458+03:00,2026-09-14 02:30:00+03:00,32.5143,,
2026-09-08 18:02:03.402458+03:00,2026-09-14 02:45:00+03:00,32.498,,
2026-09-08 18:02:03.402458+03:00,2026-09-14 03:00:00+03:00,32.5026,,
2026-09-08 18:02:03.402458+03:00,2026-09-14 03:15:00+03:00,32.5391,,
2026-09-08 18:02:03.402458+03:00,2026-09-14 03:30:00+03:00,32.543,,
2026-09-08 18:02:03.402458+03:00,2026-09-14 03:45:00+03:00,32.5279,,
2026-09-08 18:02:03.402458+03:00,2026-09-14 04:00:00+03:00,32.5779,,
2026-09-08 18:02:03.402458+03:00,2026-09-14 04:15:00+03:00,32.7113,,
2026-09-08 18:02:03.402458+03:00,2026-09-14 04:30:00+03:00,33.1349,,
2026-09-08 18:02:03.402458+03:00,2026-09-14 04:45:00+03:00,33.6556,,
2026-09-08 18:02:03.402458+03:00,2026-09-14 05:00:00+03:00,34.1954,,
2026-09-08 18:02:03.402458+03:00,2026-09-14 05:15:00+03:00,34.9035,,
2026-09-08 18:02:03.402458+03:00,2026-09-14 05:30:00+03:00,35.6798,,
2026-09-08 18:02:03.402458+03:00,2026-09-14 05:45:00+03:00,36.5682,,
2026-09-08 18:02:03.402458+03:00,2026-09-14 06:00:00+03:00,37.527,,
2026-09-08 18:02:03.402458+03:00,2026-09-14 06:15:00+03:00,38.6876,,
2026-09-08 18:02:03.402458+03:00,2026-09-14 06:30:00+03:00,39.6384,,
2026-09-08 18:02:03.402458+03:00,2026-09-14 06:45:00+03:00,40.8636,,
2026-09-08 18:02:03.402458+03:00,2026-09-14 07:00:00+03:00,41.7151,,
2026-09-08 18:02:03.402458+03:00,2026-09-14 07:15:00+03:00,42.3225,,
2026-09-08 18:02:03.402458+03:00,2026-09-14 07:30:00+03:00,43.3846,,
2026-09-08 18:02:03.402458+03:00,2026-09-14 07:45:00+03:00,44.0937,,
2026-09-08 18:02:03.402458+03:00,2026-09-14 08:00:00+03:00,44.4906,,
2026-09-08 18:02:03.402458+03:00,2026-09-14 08:15:00+03:00,44.9158,,
2026-09-08 18:02:03.402458+03:00,2026-09-14 08:30:00+03:00,45.1188,,
2026-09-08 18:02:03.402458+03:00,2026-09-14 08:45:00+03:00,44.8722,,
2026-09-08 18:02:03.402458+03:00,2026-09-14 09:00:00+03:00,44.9108,,
2026-09-08 18:02:03.402458+03:00,2026-09-14 09:15:00+03:00,44.3938,,
2026-09-08 18:02:03.402458+03:00,2026-09-14 09:30:00+03:00,43.9497,,
2026-09-08 18:02:03.402458+03:00,2026-09-14 09:45:00+03:00,43.4299,,
2026-09-08 18:02:03.402458+03:00,2026-09-14 10:00:00+03:00,43.0022,,
2026-09-08 18:02:03.402458+03:00,2026-09-14 10:15:00+03:00,42.4273,,
2026-09-08 18:02:03.402458+03:00,2026-09-14 10:30:00+03:00,41.9461,,
2026-09-08 18:02:03.402458+03:00,2026-09-14 10:45:00+03:00,42.1444,,
2026-09-08 18:02:03.402458+03:00,2026-09-14 11:00:00+03:00,42.3032,,
2026-09-08 18:02:03.402458+03:00,2026-09-14 11:15:00+03:00,42.2971,,
2026-09-08 18:02:03.402458+03:00,2026-09-14 11:30:00+03:00,42.2996,,
2026-09-08 18:02:03.402458+03:00,2026-09-14 11:45:00+03:00,42.3096,,
2026-09-08 18:02:03.402458+03:00,2026-09-14 12:00:00+03:00,42.3526,,
2026-09-08 18:02:03.402458+03:00,2026-09-14 12:15:00+03:00,42.3175,,
2026-09-08 18:02:03.402458+03:00,2026-09-14 12:30:00+03:00,42.2875,,
2026-09-08 18:02:03.402458+03:00,2026-09-14 12:45:00+03:00,42.3025,,
2026-09-08 18:02:03.402458+03:00,2026-09-14 13:00:00+03:00,42.3133,,
2026-09-08 18:02:03.402458+03:00,2026-09-14 13:15:00+03:00,42.2942,,
2026-09-08 18:02:03.402458+03:00,2026-09-14 13:30:00+03:00,42.2711,,
2026-09-08 18:02:03.402458+03:00,2026-09-14 13:45:00+03:00,42.2791,,
2026-09-08 18:02:03.402458+03:00,2026-09-14 14:00:00+03:00,42.3063,,
2026-09-08 18:02:03.402458+03:00,2026-09-14 14:15:00+03:00,42.3477,,
2026-09-08 18:02:03.402458+03:00,2026-09-14 14:30:00+03:00,42.3072,,
2026-09-08 18:02:03.402458+03:00,2026-09-14 14:45:00+03:00,42.2964,,
2026-09-08 18:02:03.402458+03:00,2026-09-14 15:00:00+03:00,42.3175,,
2026-09-08 18:02:03.402458+03:00,2026-09-14 15:15:00+03:00,42.4154,,
2026-09-08 18:02:03.402458+03:00,2026-09-14 15:30:00+03:00,42.376,,
2026-09-08 18:02:03.402458+03:00,2026-09-14 15:45:00+03:00,42.3601,,
2026-09-08 18:02:03.402458+03:00,2026-09-14 16:00:00+03:00,42.3419,,
2026-09-08 18:02:03.402458+03:00,2026-09-14 16:15:00+03:00,42.4025,,
2026-09-08 18:02:03.402458+03:00,2026-09-14 16:30:00+03:00,42.3622,,
2026-09-08 18:02:03.402458+03:00,2026-09-14 16:45:00+03:00,42.3483,,
2026-09-08 18:02:03.402458+03:00,2026-09-14 17:00:00+03:00,42.3807,,
2026-09-08 18:02:03.402458+03:00,2026-09-14 17:15:00+03:00,42.4738,,
2026-09-08 18:02:03.402458+03:00,2026-09-14 17:30:00+03:00,42.4304,,
2026-09-08 18:02:03.402458+03:00,2026-09-14 17:45:00+03:00,42.3815,,
2026-09-08 18:02:03.402458+03:00,2026-09-14 18:00:00+03:00,42.3841,,
2026-09-08 18:02:03.402458+03:00,2026-09-14 18:15:00+03:00,42.3114,,
2026-09-08 18:02:03.402458+03:00,2026-09-14 18:30:00+03:00,42.3089,,
2026-09-08 18:02:03.402458+03:00,2026-09-14 18:45:00+03:00,42.3177,,
2026-09-08 18:02:03.402458+03:00,2026-09-14 19:00:00+03:00,42.3535,,
2026-09-08 18:02:03.402458+03:00,2026-09-14 19:15:00+03:00,42.1995,,
2026-09-08 18:02:03.402458+03:00,2026-09-14 19:30:00+03:00,42.2048,,
2026-09-08 18:02:03.402458+03:00,2026-09-14 19:45:00+03:00,42.2372,,
2026-09-08 18:02:03.402458+03:00,2026-09-14 20:00:00+03:00,42.2641,,
2026-09-08 18:02:03.402458+03:00,2026-09-14 20:15:00+03:00,41.5849,,
2026-09-08 18:02:03.402458+03:00,2026-09-14 20:30:00+03:00,40.5355,,
2026-09-08 18:02:03.402458+03:00,2026-09-14 20:45:00+03:00,39.3739,,
2026-09-08 18:02:03.402458+03:00,2026-09-14 21:00:00+03:00,38.1415,,
2026-09-08 18:02:03.402458+03:00,2026-09-14 21:15:00+03:00,37.1567,,
2026-09-08 18:02:03.402458+03:00,2026-09-14 21:30:00+03:00,36.1119,,
2026-09-08 18:02:03.402458+03:00,2026-09-14 21:45:00+03:00,35.393,,
2026-09-08 18:02:03.402458+03:00,2026-09-14 22:00:00+03:00,34.6153,,
2026-09-08 18:02:03.402458+03:00,2026-09-14 22:15:00+03:00,33.786,,
2026-09-08 18:02:03.402458+03:00,2026-09-14 22:30:00+03:00,32.9237,,
2026-09-08 18:02:03.402458+03:00,2026-09-14 22:45:00+03:00,32.0835,,
2026-09-08 18:02:03.402458+03:00,2026-09-14 23:00:00+03:00,31.0498,,
2026-09-08 18:02:03.402458+03:00,2026-09-14 23:15:00+03:00,30.1519,,
2026-09-08 18:02:03.402458+03:00,2026-09-14 23:30:00+03:00,29.1847,,
2026-09-08 18:02:03.402458+03:00,2026-09-14 23:45:00+03:00,28.1628,,
2026-09-08 18:02:03.402458+03:00,2026-09-15 00:00:00+03:00,27.0629,,
2026-09-08 18:02:03.402458+03:00,2026-09-15 00:15:00+03:00,26.9255,,
2026-09-08 18:02:03.402458+03:00,2026-09-15 00:30:00+03:00,26.3786,,
2026-09-08 18:02:03.402458+03:00,2026-09-15 00:45:00+03:00,25.8275,,
2026-09-08 18:02:03.402458+03:00,2026-09-15 01:00:00+03:00,25.4716,,
2026-09-08 18:02:03.402458+03:00,2026-09-15 01:15:00+03:00,25.1002,,
2026-09-08 18:02:03.402458+03:00,2026-09-15 01:30:00+03:00,24.6437,,
2026-09-08 18:02:03.402458+03:00,2026-09-15 01:45:00+03:00,24.4821,,
2026-09-08 18:02:03.402458+03:00,2026-09-15 02:00:00+03:00,24.2203,,
2026-09-08 18:02:03.402458+03:00,2026-09-15 02:15:00+03:00,24.2234,,
2026-09-08 18:02:03.402458+03:00,2026-09-15 02:30:00+03:00,24.3238,,
2026-09-08 18:02:03.402458+03:00,2026-09-15 02:45:00+03:00,24.3231,,
2026-09-08 18:02:03.402458+03:00,2026-09-15 03:00:00+03:00,24.3363,,
2026-09-08 18:02:03.402458+03:00,2026-09-15 03:15:00+03:00,24.3485,,
2026-09-08 18:02:03.402458+03:00,2026-09-15 03:30:00+03:00,24.3635,,
2026-09-08 18:02:03.402458+03:00,2026-09-15 03:45:00+03:00,24.3544,,
2026-09-08 18:02:03.402458+03:00,2026-09-15 04:00:00+03:00,24.399,,
2026-09-08 18:02:03.402458+03:00,2026-09-15 04:15:00+03:00,24.6098,,
2026-09-08 18:02:03.402458+03:00,2026-09-15 04:30:00+03:00,24.9104,,
2026-09-08 18:02:03.402458+03:00,2026-09-15 04:45:00+03:00,24.9068,,
2026-09-08 18:02:03.402458+03:00,2026-09-15 05:00:00+03:00,24.8726,,
2026-09-08 18:02:03.402458+03:00,2026-09-15 05:15:00+03:00,25.1877,,
2026-09-08 18:02:03.402458+03:00,2026-09-15 05:30:00+03:00,25.2777,,
2026-09-08 18:02:03.402458+03:00,2026-09-15 05:45:00+03:00,25.6957,,
2026-09-08 18:02:03.402458+03:00,2026-09-15 06:00:00+03:00,26.0997,,
2026-09-08 18:02:03.402458+03:00,2026-09-15 06:15:00+03:00,26.5837,,
2026-09-08 18:02:03.402458+03:00,2026-09-15 06:30:00+03:00,26.7972,,
2026-09-08 18:02:03.402458+03:00,2026-09-15 06:45:00+03:00,27.1872,,
2026-09-08 18:02:03.402458+03:00,2026-09-15 07:00:00+03:00,27.7311,,
2026-09-08 18:02:03.402458+03:00,2026-09-15 07:15:00+03:00,28.2586,,
2026-09-08 18:02:03.402458+03:00,2026-09-15 07:30:00+03:00,29.0652,,
2026-09-08 18:02:03.402458+03:00,2026-09-15 07:45:00+03:00,29.7524,,
2026-09-08 18:02:03.402458+03:00,2026-09-15 08:00:00+03:00,30.4944,,
2026-09-08 18:02:03.402458+03:00,2026-09-15 08:15:00+03:00,31.0959,,
2026-09-08 18:02:03.402458+03:00,2026-09-15 08:30:00+03:00,31.4595,,
2026-09-08 18:02:03.402458+03:00,2026-09-15 08:45:00+03:00,31.9523,,
2026-09-08 18:02:03.402458+03:00,2026-09-15 09:00:00+03:00,32.4754,,
2026-09-08 18:02:03.402458+03:00,2026-09-15 09:15:00+03:00,32.6071,,
2026-09-08 18:02:03.402458+03:00,2026-09-15 09:30:00+03:00,33.0084,,
2026-09-08 18:02:03.402458+03:00,2026-09-15 09:45:00+03:00,33.5566,,
2026-09-08 18:02:03.402458+03:00,2026-09-15 10:00:00+03:00,34.0658,,
2026-09-08 18:02:03.402458+03:00,2026-09-15 10:15:00+03:00,34.4865,,
2026-09-08 18:02:03.402458+03:00,2026-09-15 10:30:00+03:00,34.9319,,
2026-09-08 18:02:03.402458+03:00,2026-09-15 10:45:00+03:00,35.0913,,
2026-09-08 18:02:03.402458+03:00,2026-09-15 11:00:00+03:00,35.3179,,
2026-09-08 18:02:03.402458+03:00,2026-09-15 11:15:00+03:00,35.2868,,
2026-09-08 18:02:03.402458+03:00,2026-09-15 11:30:00+03:00,35.3034,,
2026-09-08 18:02:03.402458+03:00,2026-09-15 11:45:00+03:00,35.3403,,
2026-09-08 18:02:03.402458+03:00,2026-09-15 12:00:00+03:00,35.3231,,
2026-09-08 18:02:03.402458+03:00,2026-09-15 12:15:00+03:00,35.2708,,
2026-09-08 18:02:03.402458+03:00,2026-09-15 12:30:00+03:00,35.2729,,
2026-09-08 18:02:03.402458+03:00,2026-09-15 12:45:00+03:00,35.2779,,
2026-09-08 18:02:03.402458+03:00,2026-09-15 13:00:00+03:00,35.3019,,
2026-09-08 18:02:03.402458+03:00,2026-09-15 13:15:00+03:00,35.2698,,
2026-09-08 18:02:03.402458+03:00,2026-09-15 13:30:00+03:00,35.2804,,
2026-09-08 18:02:03.402458+03:00,2026-09-15 13:45:00+03:00,35.2835,,
2026-09-08 18:02:03.402458+03:00,2026-09-15 14:00:00+03:00,35.3295,,
2026-09-08 18:02:03.402458+03:00,2026-09-15 14:15:00+03:00,35.3435,,
2026-09-08 18:02:03.402458+03:00,2026-09-15 14:30:00+03:00,35.3333,,
2026-09-08 18:02:03.402458+03:00,2026-09-15 14:45:00+03:00,35.3345,,
2026-09-08 18:02:03.402458+03:00,2026-09-15 15:00:00+03:00,35.3104,,
2026-09-08 18:02:03.402458+03:00,2026-09-15 15:15:00+03:00,35.4276,,
2026-09-08 18:02:03.402458+03:00,2026-09-15 15:30:00+03:00,35.4152,,
2026-09-08 18:02:03.402458+03:00,2026-09-15 15:45:00+03:00,35.3954,,
2026-09-08 18:02:03.402458+03:00,2026-09-15 16:00:00+03:00,35.3565,,
2026-09-08 18:02:03.402458+03:00,2026-09-15 16:15:00+03:00,35.4423,,
2026-09-08 18:02:03.402458+03:00,2026-09-15 16:30:00+03:00,35.8556,,
2026-09-08 18:02:03.402458+03:00,2026-09-15 16:45:00+03:00,35.808,,
2026-09-08 18:02:03.402458+03:00,2026-09-15 17:00:00+03:00,35.8059,,
2026-09-08 18:02:03.402458+03:00,2026-09-15 17:15:00+03:00,35.9021,,
2026-09-08 18:02:03.402458+03:00,2026-09-15 17:30:00+03:00,35.8787,,
2026-09-08 18:02:03.402458+03:00,2026-09-15 17:45:00+03:00,35.8309,,
2026-09-08 18:02:03.402458+03:00,2026-09-15 18:00:00+03:00,35.8044,,
2026-09-08 18:02:03.402458+03:00,2026-09-15 18:15:00+03:00,35.7068,,
2026-09-08 18:02:03.402458+03:00,2026-09-15 18:30:00+03:00,35.7488,,
2026-09-08 18:02:03.402458+03:00,2026-09-15 18:45:00+03:00,35.7545,,
2026-09-08 18:02:03.402458+03:00,2026-09-15 19:00:00+03:00,35.728,,
2026-09-08 18:02:03.402458+03:00,2026-09-15 19:15:00+03:00,35.5633,,
2026-09-08 18:02:03.402458+03:00,2026-09-15 19:30:00+03:00,35.6045,,
2026-09-08 18:02:03.402458+03:00,2026-09-15 19:45:00+03:00,35.6352,,
2026-09-08 18:02:03.402458+03:00,2026-09-15 20:00:00+03:00,35.6368,,
2026-09-08 18:02:03.402458+03:00,2026-09-15 20:15:00+03:00,35.2999,,
2026-09-08 18:02:03.402458+03:00,2026-09-15 20:30:00+03:00,34.9389,,
2026-09-08 18:02:03.402458+03:00,2026-09-15 20:45:00+03:00,34.589,,
2026-09-08 18:02:03.402458+03:00,2026-09-15 21:00:00+03:00,34.0658,,
2026-09-08 18:02:03.402458+03:00,2026-09-15 21:15:00+03:00,33.7944,,
2026-09-08 18:02:03.402458+03:00,2026-09-15 21:30:00+03:00,33.438,,
2026-09-08 18:02:03.402458+03:00,2026-09-15 21:45:00+03:00,33.5103,,
2026-09-08 18:02:03.402458+03:00,2026-09-15 22:00:00+03:00,33.5038,,
2026-09-08 18:02:03.402458+03:00,2026-09-15 22:15:00+03:00,33.3143,,
2026-09-08 18:02:03.402458+03:00,2026-09-15 22:30:00+03:00,32.8351,,
2026-09-08 18:02:03.402458+03:00,2026-09-15 22:45:00+03:00,32.521,,
2026-09-08 18:02:03.402458+03:00,2026-09-15 23:00:00+03:00,32.0917,,
2026-09-08 18:02:03.402458+03:00,2026-09-15 23:15:00+03:00,31.3093,,
2026-09-08 18:02:03.402458+03:00,2026-09-15 23:30:00+03:00,30.7991,,
2026-09-08 18:02:03.402458+03:00,2026-09-15 23:45:00+03:00,29.8887,,
2026-09-09 18:04:26.897687+03:00,2026-09-10 00:00:00+03:00,42.7373,75.46,32.722699999999996
2026-09-09 18:04:26.897687+03:00,2026-09-10 00:15:00+03:00,41.6762,70.0,28.3238
2026-09-09 18:04:26.897687+03:00,2026-09-10 00:30:00+03:00,40.1142,47.34,7.225800000000007
2026-09-09 18:04:26.897687+03:00,2026-09-10 00:45:00+03:00,38.0323,33.03,5.002299999999998
2026-09-09 18:04:26.897687+03:00,2026-09-10 01:00:00+03:00,36.9081,135.76,98.8519
2026-09-09 18:04:26.897687+03:00,2026-09-10 01:15:00+03:00,36.3343,81.05,44.7157
2026-09-09 18:04:26.897687+03:00,2026-09-10 01:30:00+03:00,35.3231,59.45,24.126900000000006
2026-09-09 18:04:26.897687+03:00,2026-09-10 01:45:00+03:00,34.8108,34.66,0.15080000000000382
2026-09-09 18:04:26.897687+03:00,2026-09-10 02:00:00+03:00,34.6544,93.86,59.2056
2026-09-09 18:04:26.897687+03:00,2026-09-10 02:15:00+03:00,34.203,57.01,22.806999999999995
2026-09-09 18:04:26.897687+03:00,2026-09-10 02:30:00+03:00,34.041,55.09,21.049000000000007
2026-09-09 18:04:26.897687+03:00,2026-09-10 02:45:00+03:00,34.1562,34.04,0.11619999999999919
2026-09-09 18:04:26.897687+03:00,2026-09-10 03:00:00+03:00,34.2697,57.03,22.7603
2026-09-09 18:04:26.897687+03:00,2026-09-10 03:15:00+03:00,34.2789,51.76,17.481099999999998
2026-09-09 18:04:26.897687+03:00,2026-09-10 03:30:00+03:00,34.704,39.99,5.286000000000001
2026-09-09 18:04:26.897687+03:00,2026-09-10 03:45:00+03:00,35.0258,29.99,5.035799999999998
2026-09-09 18:04:26.897687+03:00,2026-09-10 04:00:00+03:00,34.92,57.14,22.22
2026-09-09 18:04:26.897687+03:00,2026-09-10 04:15:00+03:00,35.1423,55.13,19.987700000000004
2026-09-09 18:04:26.897687+03:00,2026-09-10 04:30:00+03:00,35.5206,40.0,4.479399999999998
2026-09-09 18:04:26.897687+03:00,2026-09-10 04:45:00+03:00,35.8157,33.52,2.2956999999999965
2026-09-09 18:04:26.897687+03:00,2026-09-10 05:00:00+03:00,35.7386,28.0,7.738599999999998
2026-09-09 18:04:26.897687+03:00,2026-09-10 05:15:00+03:00,36.196,55.02,18.824000000000005
2026-09-09 18:04:26.897687+03:00,2026-09-10 05:30:00+03:00,36.3774,57.95,21.5726
2026-09-09 18:04:26.897687+03:00,2026-09-10 05:45:00+03:00,36.8853,49.94,13.054699999999997
2026-09-09 18:04:26.897687+03:00,2026-09-10 06:00:00+03:00,37.2311,27.99,9.2411
2026-09-09 18:04:26.897687+03:00,2026-09-10 06:15:00+03:00,37.6819,34.12,3.5619000000000014
2026-09-09 18:04:26.897687+03:00,2026-09-10 06:30:00+03:00,37.8752,40.95,3.0748000000000033
2026-09-09 18:04:26.897687+03:00,2026-09-10 06:45:00+03:00,37.6971,60.0,22.3029
2026-09-09 18:04:26.897687+03:00,2026-09-10 07:00:00+03:00,37.742,98.02,60.278
2026-09-09 18:04:26.897687+03:00,2026-09-10 07:15:00+03:00,38.1171,81.04,42.922900000000006
2026-09-09 18:04:26.897687+03:00,2026-09-10 07:30:00+03:00,38.4463,58.89,20.4437
2026-09-09 18:04:26.897687+03:00,2026-09-10 07:45:00+03:00,38.2901,54.19,15.899899999999995
2026-09-09 18:04:26.897687+03:00,2026-09-10 08:00:00+03:00,38.2189,75.04,36.82110000000001
2026-09-09 18:04:26.897687+03:00,2026-09-10 08:15:00+03:00,38.2052,79.07,40.864799999999995
2026-09-09 18:04:26.897687+03:00,2026-09-10 08:30:00+03:00,38.2157,84.6,46.384299999999996
2026-09-09 18:04:26.897687+03:00,2026-09-10 08:45:00+03:00,38.198,79.46,41.26199999999999
2026-09-09 18:04:26.897687+03:00,2026-09-10 09:00:00+03:00,38.1601,102.8,64.6399
2026-09-09 18:04:26.897687+03:00,2026-09-10 09:15:00+03:00,37.8469,87.39,49.5431
2026-09-09 18:04:26.897687+03:00,2026-09-10 09:30:00+03:00,37.2537,74.18,36.926300000000005
2026-09-09 18:04:26.897687+03:00,2026-09-10 09:45:00+03:00,36.7988,54.91,18.111199999999997
2026-09-09 18:04:26.897687+03:00,2026-09-10 10:00:00+03:00,36.2463,87.6,51.353699999999996
2026-09-09 18:04:26.897687+03:00,2026-09-10 10:15:00+03:00,35.63,50.01,14.379999999999995
2026-09-09 18:04:26.897687+03:00,2026-09-10 10:30:00+03:00,35.4208,88.57,53.14919999999999
2026-09-09 18:04:26.897687+03:00,2026-09-10 10:45:00+03:00,34.9292,54.41,19.480799999999995
2026-09-09 18:04:26.897687+03:00,2026-09-10 11:00:00+03:00,34.6989,77.17,42.4711
2026-09-09 18:04:26.897687+03:00,2026-09-10 11:15:00+03:00,34.1961,46.9,12.703899999999997
2026-09-09 18:04:26.897687+03:00,2026-09-10 11:30:00+03:00,33.8482,41.28,7.431800000000003
2026-09-09 18:04:26.897687+03:00,2026-09-10 11:45:00+03:00,33.4394,40.77,7.330600000000004
2026-09-09 18:04:26.897687+03:00,2026-09-10 12:00:00+03:00,33.6171,40.85,7.232900000000001
2026-09-09 18:04:26.897687+03:00,2026-09-10 12:15:00+03:00,33.7083,40.96,7.2517
2026-09-09 18:04:26.897687+03:00,2026-09-10 12:30:00+03:00,33.787,40.95,7.163000000000004
2026-09-09 18:04:26.897687+03:00,2026-09-10 12:45:00+03:00,33.7827,39.34,5.557300000000005
2026-09-09 18:04:26.897687+03:00,2026-09-10 13:00:00+03:00,33.8097,47.28,13.470300000000002
2026-09-09 18:04:26.897687+03:00,2026-09-10 13:15:00+03:00,33.7633,39.88,6.116700000000002
2026-09-09 18:04:26.897687+03:00,2026-09-10 13:30:00+03:00,33.7807,35.39,1.6092999999999975
2026-09-09 18:04:26.897687+03:00,2026-09-10 13:45:00+03:00,33.7802,31.4,2.380200000000002
2026-09-09 18:04:26.897687+03:00,2026-09-10 14:00:00+03:00,33.8619,39.93,6.068100000000001
2026-09-09 18:04:26.897687+03:00,2026-09-10 14:15:00+03:00,33.8657,36.25,2.384300000000003
2026-09-09 18:04:26.897687+03:00,2026-09-10 14:30:00+03:00,33.8551,34.04,0.18489999999999895
2026-09-09 18:04:26.897687+03:00,2026-09-10 14:45:00+03:00,33.8679,35.04,1.1721000000000004
2026-09-09 18:04:26.897687+03:00,2026-09-10 15:00:00+03:00,33.8819,28.53,5.3519000000000005
2026-09-09 18:04:26.897687+03:00,2026-09-10 15:15:00+03:00,33.877,34.77,0.8930000000000007
2026-09-09 18:04:26.897687+03:00,2026-09-10 15:30:00+03:00,33.9522,41.19,7.2378
2026-09-09 18:04:26.897687+03:00,2026-09-10 15:45:00+03:00,34.2915,45.23,10.938499999999998
2026-09-09 18:04:26.897687+03:00,2026-09-10 16:00:00+03:00,34.7115,30.62,4.0915
2026-09-09 18:04:26.897687+03:00,2026-09-10 16:15:00+03:00,35.0625,36.5,1.4375
2026-09-09 18:04:26.897687+03:00,2026-09-10 16:30:00+03:00,35.4918,40.93,5.438200000000002
2026-09-09 18:04:26.897687+03:00,2026-09-10 16:45:00+03:00,35.8715,47.32,11.448500000000003
2026-09-09 18:04:26.897687+03:00,2026-09-10 17:00:00+03:00,35.7808,36.45,0.6692000000000036
2026-09-09 18:04:26.897687+03:00,2026-09-10 17:15:00+03:00,35.8172,39.79,3.9727999999999994
2026-09-09 18:04:26.897687+03:00,2026-09-10 17:30:00+03:00,35.7052,39.16,3.4547999999999988
2026-09-09 18:04:26.897687+03:00,2026-09-10 17:45:00+03:00,35.6792,49.99,14.3108
2026-09-09 18:04:26.897687+03:00,2026-09-10 18:00:00+03:00,35.6777,28.13,7.5477000000000025
2026-09-09 18:04:26.897687+03:00,2026-09-10 18:15:00+03:00,35.6003,39.59,3.9897000000000062
2026-09-09 18:04:26.897687+03:00,2026-09-10 18:30:00+03:00,35.6286,50.0,14.371400000000001
2026-09-09 18:04:26.897687+03:00,2026-09-10 18:45:00+03:00,35.6073,61.24,25.6327
2026-09-09 18:04:26.897687+03:00,2026-09-10 19:00:00+03:00,35.6672,48.38,12.712800000000001
2026-09-09 18:04:26.897687+03:00,2026-09-10 19:15:00+03:00,35.4406,49.99,14.549399999999999
2026-09-09 18:04:26.897687+03:00,2026-09-10 19:30:00+03:00,35.4887,50.0,14.511299999999999
2026-09-09 18:04:26.897687+03:00,2026-09-10 19:45:00+03:00,35.5367,49.99,14.453299999999999
2026-09-09 18:04:26.897687+03:00,2026-09-10 20:00:00+03:00,35.6103,54.3,18.689699999999995
2026-09-09 18:04:26.897687+03:00,2026-09-10 20:15:00+03:00,35.2065,50.01,14.8035
2026-09-09 18:04:26.897687+03:00,2026-09-10 20:30:00+03:00,34.9364,50.0,15.063600000000001
2026-09-09 18:04:26.897687+03:00,2026-09-10 20:45:00+03:00,34.5611,42.97,8.408899999999996
2026-09-09 18:04:26.897687+03:00,2026-09-10 21:00:00+03:00,34.1378,56.55,22.4122
2026-09-09 18:04:26.897687+03:00,2026-09-10 21:15:00+03:00,33.8804,50.99,17.1096
2026-09-09 18:04:26.897687+03:00,2026-09-10 21:30:00+03:00,33.5002,45.2,11.699800000000003
2026-09-09 18:04:26.897687+03:00,2026-09-10 21:45:00+03:00,33.5789,33.01,0.5688999999999993
2026-09-09 18:04:26.897687+03:00,2026-09-10 22:00:00+03:00,33.5947,46.87,13.275299999999994
2026-09-09 18:04:26.897687+03:00,2026-09-10 22:15:00+03:00,33.2842,40.05,6.765799999999999
2026-09-09 18:04:26.897687+03:00,2026-09-10 22:30:00+03:00,32.813,37.86,5.046999999999997
2026-09-09 18:04:26.897687+03:00,2026-09-10 22:45:00+03:00,32.4894,31.58,0.9094000000000051
2026-09-09 18:04:26.897687+03:00,2026-09-10 23:00:00+03:00,32.057,42.99,10.933
2026-09-09 18:04:26.897687+03:00,2026-09-10 23:15:00+03:00,31.3376,40.19,8.8524
2026-09-09 18:04:26.897687+03:00,2026-09-10 23:30:00+03:00,30.8448,37.21,6.3652000000000015
2026-09-09 18:04:26.897687+03:00,2026-09-10 23:45:00+03:00,30.4444,29.99,0.45440000000000325
2026-09-09 18:04:26.897687+03:00,2026-09-11 00:00:00+03:00,30.2405,39.98,9.739499999999996
2026-09-09 18:04:26.897687+03:00,2026-09-11 00:15:00+03:00,30.0446,38.12,8.075399999999998
2026-09-09 18:04:26.897687+03:00,2026-09-11 00:30:00+03:00,30.0868,35.92,5.8332000000000015
2026-09-09 18:04:26.897687+03:00,2026-09-11 00:45:00+03:00,30.1237,29.99,0.13370000000000104
2026-09-09 18:04:26.897687+03:00,2026-09-11 01:00:00+03:00,30.1255,27.65,2.4755000000000003
2026-09-09 18:04:26.897687+03:00,2026-09-11 01:15:00+03:00,30.0421,26.92,3.1220999999999997
2026-09-09 18:04:26.897687+03:00,2026-09-11 01:30:00+03:00,30.047,37.16,7.112999999999996
2026-09-09 18:04:26.897687+03:00,2026-09-11 01:45:00+03:00,30.0841,35.01,4.925899999999999
2026-09-09 18:04:26.897687+03:00,2026-09-11 02:00:00+03:00,30.0983,28.52,1.5782999999999987
2026-09-09 18:04:26.897687+03:00,2026-09-11 02:15:00+03:00,30.1531,28.0,2.1530999999999985
2026-09-09 18:04:26.897687+03:00,2026-09-11 02:30:00+03:00,30.1677,35.94,5.772299999999998
2026-09-09 18:04:26.897687+03:00,2026-09-11 02:45:00+03:00,30.1576,35.58,5.4224
2026-09-09 18:04:26.897687+03:00,2026-09-11 03:00:00+03:00,30.1208,33.64,3.5192000000000014
2026-09-09 18:04:26.897687+03:00,2026-09-11 03:15:00+03:00,30.1759,32.08,1.9040999999999997
2026-09-09 18:04:26.897687+03:00,2026-09-11 03:30:00+03:00,30.1819,31.28,1.0981000000000023
2026-09-09 18:04:26.897687+03:00,2026-09-11 03:45:00+03:00,30.164,31.42,1.2560000000000002
2026-09-09 18:04:26.897687+03:00,2026-09-11 04:00:00+03:00,30.1061,28.63,1.4761000000000024
2026-09-09 18:04:26.897687+03:00,2026-09-11 04:15:00+03:00,30.278,30.0,0.2779999999999987
2026-09-09 18:04:26.897687+03:00,2026-09-11 04:30:00+03:00,30.2229,34.1,3.877100000000002
2026-09-09 18:04:26.897687+03:00,2026-09-11 04:45:00+03:00,30.1943,35.73,5.5356999999999985
2026-09-09 18:04:26.897687+03:00,2026-09-11 05:00:00+03:00,30.3325,26.89,3.442499999999999
2026-09-09 18:04:26.897687+03:00,2026-09-11 05:15:00+03:00,30.6668,31.51,0.8432000000000031
2026-09-09 18:04:26.897687+03:00,2026-09-11 05:30:00+03:00,31.0523,32.57,1.5177000000000014
2026-09-09 18:04:26.897687+03:00,2026-09-11 05:45:00+03:00,31.4457,44.07,12.624300000000002
2026-09-09 18:04:26.897687+03:00,2026-09-11 06:00:00+03:00,31.9019,23.12,8.7819
2026-09-09 18:04:26.897687+03:00,2026-09-11 06:15:00+03:00,32.6212,35.0,2.3787999999999982
2026-09-09 18:04:26.897687+03:00,2026-09-11 06:30:00+03:00,33.3622,37.4,4.037799999999997
2026-09-09 18:04:26.897687+03:00,2026-09-11 06:45:00+03:00,33.6983,50.0,16.301699999999997
2026-09-09 18:04:26.897687+03:00,2026-09-11 07:00:00+03:00,34.3092,30.05,4.259199999999996
2026-09-09 18:04:26.897687+03:00,2026-09-11 07:15:00+03:00,35.1151,49.99,14.874900000000004
2026-09-09 18:04:26.897687+03:00,2026-09-11 07:30:00+03:00,35.9193,52.07,16.1507
2026-09-09 18:04:26.897687+03:00,2026-09-11 07:45:00+03:00,36.7253,75.29,38.56470000000001
2026-09-09 18:04:26.897687+03:00,2026-09-11 08:00:00+03:00,37.4,54.45,17.050000000000004
2026-09-09 18:04:26.897687+03:00,2026-09-11 08:15:00+03:00,38.3542,60.43,22.0758
2026-09-09 18:04:26.897687+03:00,2026-09-11 08:30:00+03:00,38.976,69.84,30.864000000000004
2026-09-09 18:04:26.897687+03:00,2026-09-11 08:45:00+03:00,39.3054,71.94,32.6346
2026-09-09 18:04:26.897687+03:00,2026-09-11 09:00:00+03:00,39.6056,75.36,35.7544
2026-09-09 18:04:26.897687+03:00,2026-09-11 09:15:00+03:00,38.9995,74.63,35.6305
2026-09-09 18:04:26.897687+03:00,2026-09-11 09:30:00+03:00,38.3994,75.17,36.7706
2026-09-09 18:04:26.897687+03:00,2026-09-11 09:45:00+03:00,37.9439,68.42,30.476100000000002
2026-09-09 18:04:26.897687+03:00,2026-09-11 10:00:00+03:00,37.1096,70.56,33.4504
2026-09-09 18:04:26.897687+03:00,2026-09-11 10:15:00+03:00,36.5878,62.72,26.132199999999997
2026-09-09 18:04:26.897687+03:00,2026-09-11 10:30:00+03:00,36.2129,66.05,29.8371
2026-09-09 18:04:26.897687+03:00,2026-09-11 10:45:00+03:00,35.6712,58.14,22.4688
2026-09-09 18:04:26.897687+03:00,2026-09-11 11:00:00+03:00,35.4225,67.45,32.0275
2026-09-09 18:04:26.897687+03:00,2026-09-11 11:15:00+03:00,35.1433,56.0,20.856699999999996
2026-09-09 18:04:26.897687+03:00,2026-09-11 11:30:00+03:00,35.1829,53.86,18.677100000000003
2026-09-09 18:04:26.897687+03:00,2026-09-11 11:45:00+03:00,35.2205,49.35,14.1295
2026-09-09 18:04:26.897687+03:00,2026-09-11 12:00:00+03:00,35.2876,51.6,16.312400000000004
2026-09-09 18:04:26.897687+03:00,2026-09-11 12:15:00+03:00,35.252,49.97,14.717999999999996
2026-09-09 18:04:26.897687+03:00,2026-09-11 12:30:00+03:00,35.2588,48.13,12.871200000000002
2026-09-09 18:04:26.897687+03:00,2026-09-11 12:45:00+03:00,35.2518,48.3,13.048199999999994
2026-09-09 18:04:26.897687+03:00,2026-09-11 13:00:00+03:00,35.2962,51.27,15.973800000000004
2026-09-09 18:04:26.897687+03:00,2026-09-11 13:15:00+03:00,35.2433,49.98,14.736699999999999
2026-09-09 18:04:26.897687+03:00,2026-09-11 13:30:00+03:00,35.2451,48.63,13.384900000000002
2026-09-09 18:04:26.897687+03:00,2026-09-11 13:45:00+03:00,35.2498,49.28,14.0302
2026-09-09 18:04:26.897687+03:00,2026-09-11 14:00:00+03:00,35.3135,49.98,14.6665
2026-09-09 18:04:26.897687+03:00,2026-09-11 14:15:00+03:00,35.3006,47.63,12.3294
2026-09-09 18:04:26.897687+03:00,2026-09-11 14:30:00+03:00,35.2881,50.52,15.231900000000003
2026-09-09 18:04:26.897687+03:00,2026-09-11 14:45:00+03:00,35.2814,50.39,15.108600000000003
2026-09-09 18:04:26.897687+03:00,2026-09-11 15:00:00+03:00,35.3192,45.6,10.2808
2026-09-09 18:04:26.897687+03:00,2026-09-11 15:15:00+03:00,35.3742,47.58,12.205799999999996
2026-09-09 18:04:26.897687+03:00,2026-09-11 15:30:00+03:00,35.3488,49.99,14.641200000000005
2026-09-09 18:04:26.897687+03:00,2026-09-11 15:45:00+03:00,35.333,50.48,15.146999999999998
2026-09-09 18:04:26.897687+03:00,2026-09-11 16:00:00+03:00,35.3471,33.75,1.5970999999999975
2026-09-09 18:04:26.897687+03:00,2026-09-11 16:15:00+03:00,35.3882,49.98,14.5918
2026-09-09 18:04:26.897687+03:00,2026-09-11 16:30:00+03:00,35.3698,55.9,20.5302
2026-09-09 18:04:26.897687+03:00,2026-09-11 16:45:00+03:00,35.355,61.99,26.635000000000005
2026-09-09 18:04:26.897687+03:00,2026-09-11 17:00:00+03:00,35.4123,41.47,6.057699999999997
2026-09-09 18:04:26.897687+03:00,2026-09-11 17:15:00+03:00,35.4151,54.37,18.954899999999995
2026-09-09 18:04:26.897687+03:00,2026-09-11 17:30:00+03:00,35.4006,65.2,29.799400000000006
2026-09-09 18:04:26.897687+03:00,2026-09-11 17:45:00+03:00,35.385,87.14,51.755
2026-09-09 18:04:26.897687+03:00,2026-09-11 18:00:00+03:00,35.4029,85.9,50.4971
2026-09-09 18:04:26.897687+03:00,2026-09-11 18:15:00+03:00,35.3034,106.6,71.29659999999998
2026-09-09 18:04:26.897687+03:00,2026-09-11 18:30:00+03:00,35.3246,129.39,94.06539999999998
2026-09-09 18:04:26.897687+03:00,2026-09-11 18:45:00+03:00,35.3149,138.08,102.76510000000002
2026-09-09 18:04:26.897687+03:00,2026-09-11 19:00:00+03:00,35.3816,135.47,100.08840000000001
2026-09-09 18:04:26.897687+03:00,2026-09-11 19:15:00+03:00,35.2148,129.39,94.17519999999999
2026-09-09 18:04:26.897687+03:00,2026-09-11 19:30:00+03:00,35.2256,129.37,94.1444
2026-09-09 18:04:26.897687+03:00,2026-09-11 19:45:00+03:00,35.2574,136.56,101.30260000000001
2026-09-09 18:04:26.897687+03:00,2026-09-11 20:00:00+03:00,35.3167,137.99,102.67330000000001
2026-09-09 18:04:26.897687+03:00,2026-09-11 20:15:00+03:00,35.0053,142.1,107.09469999999999
2026-09-09 18:04:26.897687+03:00,2026-09-11 20:30:00+03:00,34.6331,142.61,107.97690000000001
2026-09-09 18:04:26.897687+03:00,2026-09-11 20:45:00+03:00,34.2532,149.94,115.6868
2026-09-09 18:04:26.897687+03:00,2026-09-11 21:00:00+03:00,33.7954,129.38,95.5846
2026-09-09 18:04:26.897687+03:00,2026-09-11 21:15:00+03:00,33.4678,129.87,96.40220000000001
2026-09-09 18:04:26.897687+03:00,2026-09-11 21:30:00+03:00,33.5639,129.37,95.80610000000001
2026-09-09 18:04:26.897687+03:00,2026-09-11 21:45:00+03:00,33.6429,129.36,95.71710000000002
2026-09-09 18:04:26.897687+03:00,2026-09-11 22:00:00+03:00,33.6044,129.86,96.25560000000002
2026-09-09 18:04:26.897687+03:00,2026-09-11 22:15:00+03:00,33.347,149.93,116.583
2026-09-09 18:04:26.897687+03:00,2026-09-11 22:30:00+03:00,32.8424,129.37,96.5276
2026-09-09 18:04:26.897687+03:00,2026-09-11 22:45:00+03:00,32.4937,111.18,78.68630000000002
2026-09-09 18:04:26.897687+03:00,2026-09-11 23:00:00+03:00,32.1116,124.89,92.7784
2026-09-09 18:04:26.897687+03:00,2026-09-11 23:15:00+03:00,32.04,102.52,70.47999999999999
2026-09-09 18:04:26.897687+03:00,2026-09-11 23:30:00+03:00,31.5262,69.0,37.4738
2026-09-09 18:04:26.897687+03:00,2026-09-11 23:45:00+03:00,31.2096,53.34,22.130400000000005
2026-09-09 18:04:26.897687+03:00,2026-09-12 00:00:00+03:00,30.6549,53.36,22.705099999999998
2026-09-09 18:04:26.897687+03:00,2026-09-12 00:15:00+03:00,30.3435,,
2026-09-09 18:04:26.897687+03:00,2026-09-12 00:30:00+03:00,29.918,,
2026-09-09 18:04:26.897687+03:00,2026-09-12 00:45:00+03:00,29.5986,,
2026-09-09 18:04:26.897687+03:00,2026-09-12 01:00:00+03:00,29.3143,,
2026-09-09 18:04:26.897687+03:00,2026-09-12 01:15:00+03:00,29.2508,,
2026-09-09 18:04:26.897687+03:00,2026-09-12 01:30:00+03:00,28.978,,
2026-09-09 18:04:26.897687+03:00,2026-09-12 01:45:00+03:00,29.0346,,
2026-09-09 18:04:26.897687+03:00,2026-09-12 02:00:00+03:00,28.9601,,
2026-09-09 18:04:26.897687+03:00,2026-09-12 02:15:00+03:00,28.9985,,
2026-09-09 18:04:26.897687+03:00,2026-09-12 02:30:00+03:00,29.0158,,
2026-09-09 18:04:26.897687+03:00,2026-09-12 02:45:00+03:00,29.0245,,
2026-09-09 18:04:26.897687+03:00,2026-09-12 03:00:00+03:00,29.0296,,
2026-09-09 18:04:26.897687+03:00,2026-09-12 03:15:00+03:00,29.0544,,
2026-09-09 18:04:26.897687+03:00,2026-09-12 03:30:00+03:00,29.0669,,
2026-09-09 18:04:26.897687+03:00,2026-09-12 03:45:00+03:00,29.0654,,
2026-09-09 18:04:26.897687+03:00,2026-09-12 04:00:00+03:00,29.0917,,
2026-09-09 18:04:26.897687+03:00,2026-09-12 04:15:00+03:00,29.1464,,
2026-09-09 18:04:26.897687+03:00,2026-09-12 04:30:00+03:00,29.1439,,
2026-09-09 18:04:26.897687+03:00,2026-09-12 04:45:00+03:00,29.1357,,
2026-09-09 18:04:26.897687+03:00,2026-09-12 05:00:00+03:00,29.2815,,
2026-09-09 18:04:26.897687+03:00,2026-09-12 05:15:00+03:00,29.6142,,
2026-09-09 18:04:26.897687+03:00,2026-09-12 05:30:00+03:00,30.1823,,
2026-09-09 18:04:26.897687+03:00,2026-09-12 05:45:00+03:00,30.5955,,
2026-09-09 18:04:26.897687+03:00,2026-09-12 06:00:00+03:00,31.0098,,
2026-09-09 18:04:26.897687+03:00,2026-09-12 06:15:00+03:00,31.5523,,
2026-09-09 18:04:26.897687+03:00,2026-09-12 06:30:00+03:00,31.9959,,
2026-09-09 18:04:26.897687+03:00,2026-09-12 06:45:00+03:00,32.4126,,
2026-09-09 18:04:26.897687+03:00,2026-09-12 07:00:00+03:00,32.7766,,
2026-09-09 18:04:26.897687+03:00,2026-09-12 07:15:00+03:00,33.3026,,
2026-09-09 18:04:26.897687+03:00,2026-09-12 07:30:00+03:00,33.7479,,
2026-09-09 18:04:26.897687+03:00,2026-09-12 07:45:00+03:00,34.2914,,
2026-09-09 18:04:26.897687+03:00,2026-09-12 08:00:00+03:00,34.9914,,
2026-09-09 18:04:26.897687+03:00,2026-09-12 08:15:00+03:00,35.1711,,
2026-09-09 18:04:26.897687+03:00,2026-09-12 08:30:00+03:00,35.6233,,
2026-09-09 18:04:26.897687+03:00,2026-09-12 08:45:00+03:00,35.9529,,
2026-09-09 18:04:26.897687+03:00,2026-09-12 09:00:00+03:00,36.3852,,
2026-09-09 18:04:26.897687+03:00,2026-09-12 09:15:00+03:00,36.7989,,
2026-09-09 18:04:26.897687+03:00,2026-09-12 09:30:00+03:00,36.8355,,
2026-09-09 18:04:26.897687+03:00,2026-09-12 09:45:00+03:00,37.2551,,
2026-09-09 18:04:26.897687+03:00,2026-09-12 10:00:00+03:00,37.2189,,
2026-09-09 18:04:26.897687+03:00,2026-09-12 10:15:00+03:00,37.1098,,
2026-09-09 18:04:26.897687+03:00,2026-09-12 10:30:00+03:00,37.0721,,
2026-09-09 18:04:26.897687+03:00,2026-09-12 10:45:00+03:00,37.0762,,
2026-09-09 18:04:26.897687+03:00,2026-09-12 11:00:00+03:00,37.1137,,
2026-09-09 18:04:26.897687+03:00,2026-09-12 11:15:00+03:00,37.0611,,
2026-09-09 18:04:26.897687+03:00,2026-09-12 11:30:00+03:00,37.0401,,
2026-09-09 18:04:26.897687+03:00,2026-09-12 11:45:00+03:00,37.0396,,
2026-09-09 18:04:26.897687+03:00,2026-09-12 12:00:00+03:00,37.0838,,
2026-09-09 18:04:26.897687+03:00,2026-09-12 12:15:00+03:00,37.0465,,
2026-09-09 18:04:26.897687+03:00,2026-09-12 12:30:00+03:00,37.0413,,
2026-09-09 18:04:26.897687+03:00,2026-09-12 12:45:00+03:00,37.0425,,
2026-09-09 18:04:26.897687+03:00,2026-09-12 13:00:00+03:00,37.0661,,
2026-09-09 18:04:26.897687+03:00,2026-09-12 13:15:00+03:00,37.035,,
2026-09-09 18:04:26.897687+03:00,2026-09-12 13:30:00+03:00,37.0284,,
2026-09-09 18:04:26.897687+03:00,2026-09-12 13:45:00+03:00,37.0247,,
2026-09-09 18:04:26.897687+03:00,2026-09-12 14:00:00+03:00,37.079,,
2026-09-09 18:04:26.897687+03:00,2026-09-12 14:15:00+03:00,37.1335,,
2026-09-09 18:04:26.897687+03:00,2026-09-12 14:30:00+03:00,37.1128,,
2026-09-09 18:04:26.897687+03:00,2026-09-12 14:45:00+03:00,37.0916,,
2026-09-09 18:04:26.897687+03:00,2026-09-12 15:00:00+03:00,37.095,,
2026-09-09 18:04:26.897687+03:00,2026-09-12 15:15:00+03:00,37.2211,,
2026-09-09 18:04:26.897687+03:00,2026-09-12 15:30:00+03:00,37.1808,,
2026-09-09 18:04:26.897687+03:00,2026-09-12 15:45:00+03:00,37.1602,,
2026-09-09 18:04:26.897687+03:00,2026-09-12 16:00:00+03:00,37.1266,,
2026-09-09 18:04:26.897687+03:00,2026-09-12 16:15:00+03:00,37.2376,,
2026-09-09 18:04:26.897687+03:00,2026-09-12 16:30:00+03:00,37.1829,,
2026-09-09 18:04:26.897687+03:00,2026-09-12 16:45:00+03:00,37.1662,,
2026-09-09 18:04:26.897687+03:00,2026-09-12 17:00:00+03:00,37.2016,,
2026-09-09 18:04:26.897687+03:00,2026-09-12 17:15:00+03:00,37.3103,,
2026-09-09 18:04:26.897687+03:00,2026-09-12 17:30:00+03:00,37.2828,,
2026-09-09 18:04:26.897687+03:00,2026-09-12 17:45:00+03:00,37.2124,,
2026-09-09 18:04:26.897687+03:00,2026-09-12 18:00:00+03:00,37.2258,,
2026-09-09 18:04:26.897687+03:00,2026-09-12 18:15:00+03:00,37.1633,,
2026-09-09 18:04:26.897687+03:00,2026-09-12 18:30:00+03:00,37.1506,,
2026-09-09 18:04:26.897687+03:00,2026-09-12 18:45:00+03:00,37.143,,
2026-09-09 18:04:26.897687+03:00,2026-09-12 19:00:00+03:00,37.1958,,
2026-09-09 18:04:26.897687+03:00,2026-09-12 19:15:00+03:00,37.0429,,
2026-09-09 18:04:26.897687+03:00,2026-09-12 19:30:00+03:00,37.041,,
2026-09-09 18:04:26.897687+03:00,2026-09-12 19:45:00+03:00,37.0677,,
2026-09-09 18:04:26.897687+03:00,2026-09-12 20:00:00+03:00,37.1023,,
2026-09-09 18:04:26.897687+03:00,2026-09-12 20:15:00+03:00,36.7545,,
2026-09-09 18:04:26.897687+03:00,2026-09-12 20:30:00+03:00,36.3581,,
2026-09-09 18:04:26.897687+03:00,2026-09-12 20:45:00+03:00,36.5382,,
2026-09-09 18:04:26.897687+03:00,2026-09-12 21:00:00+03:00,36.673,,
2026-09-09 18:04:26.897687+03:00,2026-09-12 21:15:00+03:00,36.6849,,
2026-09-09 18:04:26.897687+03:00,2026-09-12 21:30:00+03:00,36.6855,,
2026-09-09 18:04:26.897687+03:00,2026-09-12 21:45:00+03:00,36.7029,,
2026-09-09 18:04:26.897687+03:00,2026-09-12 22:00:00+03:00,36.6055,,
2026-09-09 18:04:26.897687+03:00,2026-09-12 22:15:00+03:00,36.3641,,
2026-09-09 18:04:26.897687+03:00,2026-09-12 22:30:00+03:00,36.4284,,
2026-09-09 18:04:26.897687+03:00,2026-09-12 22:45:00+03:00,36.6268,,
2026-09-09 18:04:26.897687+03:00,2026-09-12 23:00:00+03:00,36.6215,,
2026-09-09 18:04:26.897687+03:00,2026-09-12 23:15:00+03:00,36.2238,,
2026-09-09 18:04:26.897687+03:00,2026-09-12 23:30:00+03:00,35.5428,,
2026-09-09 18:04:26.897687+03:00,2026-09-12 23:45:00+03:00,35.3966,,
2026-09-09 18:04:26.897687+03:00,2026-09-13 00:00:00+03:00,35.0923,,
2026-09-09 18:04:26.897687+03:00,2026-09-13 00:15:00+03:00,35.2921,,
2026-09-09 18:04:26.897687+03:00,2026-09-13 00:30:00+03:00,35.3288,,
2026-09-09 18:04:26.897687+03:00,2026-09-13 00:45:00+03:00,35.3652,,
2026-09-09 18:04:26.897687+03:00,2026-09-13 01:00:00+03:00,35.4012,,
2026-09-09 18:04:26.897687+03:00,2026-09-13 01:15:00+03:00,35.2005,,
2026-09-09 18:04:26.897687+03:00,2026-09-13 01:30:00+03:00,35.184,,
2026-09-09 18:04:26.897687+03:00,2026-09-13 01:45:00+03:00,35.2174,,
2026-09-09 18:04:26.897687+03:00,2026-09-13 02:00:00+03:00,35.3174,,
2026-09-09 18:04:26.897687+03:00,2026-09-13 02:15:00+03:00,35.3339,,
2026-09-09 18:04:26.897687+03:00,2026-09-13 02:30:00+03:00,35.3299,,
2026-09-09 18:04:26.897687+03:00,2026-09-13 02:45:00+03:00,35.3291,,
2026-09-09 18:04:26.897687+03:00,2026-09-13 03:00:00+03:00,35.353,,
2026-09-09 18:04:26.897687+03:00,2026-09-13 03:15:00+03:00,35.3522,,
2026-09-09 18:04:26.897687+03:00,2026-09-13 03:30:00+03:00,35.3452,,
2026-09-09 18:04:26.897687+03:00,2026-09-13 03:45:00+03:00,35.3338,,
2026-09-09 18:04:26.897687+03:00,2026-09-13 04:00:00+03:00,35.3691,,
2026-09-09 18:04:26.897687+03:00,2026-09-13 04:15:00+03:00,35.3965,,
2026-09-09 18:04:26.897687+03:00,2026-09-13 04:30:00+03:00,35.3909,,
2026-09-09 18:04:26.897687+03:00,2026-09-13 04:45:00+03:00,35.3734,,
2026-09-09 18:04:26.897687+03:00,2026-09-13 05:00:00+03:00,35.3665,,
2026-09-09 18:04:26.897687+03:00,2026-09-13 05:15:00+03:00,35.407,,
2026-09-09 18:04:26.897687+03:00,2026-09-13 05:30:00+03:00,35.4031,,
2026-09-09 18:04:26.897687+03:00,2026-09-13 05:45:00+03:00,35.37,,
2026-09-09 18:04:26.897687+03:00,2026-09-13 06:00:00+03:00,35.3361,,
2026-09-09 18:04:26.897687+03:00,2026-09-13 06:15:00+03:00,35.3819,,
2026-09-09 18:04:26.897687+03:00,2026-09-13 06:30:00+03:00,35.3633,,
2026-09-09 18:04:26.897687+03:00,2026-09-13 06:45:00+03:00,35.3081,,
2026-09-09 18:04:26.897687+03:00,2026-09-13 07:00:00+03:00,35.381,,
2026-09-09 18:04:26.897687+03:00,2026-09-13 07:15:00+03:00,35.4967,,
2026-09-09 18:04:26.897687+03:00,2026-09-13 07:30:00+03:00,35.9282,,
2026-09-09 18:04:26.897687+03:00,2026-09-13 07:45:00+03:00,36.3141,,
2026-09-09 18:04:26.897687+03:00,2026-09-13 08:00:00+03:00,36.215,,
2026-09-09 18:04:26.897687+03:00,2026-09-13 08:15:00+03:00,36.2326,,
2026-09-09 18:04:26.897687+03:00,2026-09-13 08:30:00+03:00,36.2381,,
2026-09-09 18:04:26.897687+03:00,2026-09-13 08:45:00+03:00,36.2273,,
2026-09-09 18:04:26.897687+03:00,2026-09-13 09:00:00+03:00,36.279,,
2026-09-09 18:04:26.897687+03:00,2026-09-13 09:15:00+03:00,35.9876,,
2026-09-09 18:04:26.897687+03:00,2026-09-13 09:30:00+03:00,36.0428,,
2026-09-09 18:04:26.897687+03:00,2026-09-13 09:45:00+03:00,36.0903,,
2026-09-09 18:04:26.897687+03:00,2026-09-13 10:00:00+03:00,36.0575,,
2026-09-09 18:04:26.897687+03:00,2026-09-13 10:15:00+03:00,36.0256,,
2026-09-09 18:04:26.897687+03:00,2026-09-13 10:30:00+03:00,36.0709,,
2026-09-09 18:04:26.897687+03:00,2026-09-13 10:45:00+03:00,36.0716,,
2026-09-09 18:04:26.897687+03:00,2026-09-13 11:00:00+03:00,36.0142,,
2026-09-09 18:04:26.897687+03:00,2026-09-13 11:15:00+03:00,35.9586,,
2026-09-09 18:04:26.897687+03:00,2026-09-13 11:30:00+03:00,36.001,,
2026-09-09 18:04:26.897687+03:00,2026-09-13 11:45:00+03:00,36.0058,,
2026-09-09 18:04:26.897687+03:00,2026-09-13 12:00:00+03:00,36.0219,,
2026-09-09 18:04:26.897687+03:00,2026-09-13 12:15:00+03:00,35.9811,,
2026-09-09 18:04:26.897687+03:00,2026-09-13 12:30:00+03:00,36.018,,
2026-09-09 18:04:26.897687+03:00,2026-09-13 12:45:00+03:00,36.0233,,
2026-09-09 18:04:26.897687+03:00,2026-09-13 13:00:00+03:00,35.9941,,
2026-09-09 18:04:26.897687+03:00,2026-09-13 13:15:00+03:00,35.9592,,
2026-09-09 18:04:26.897687+03:00,2026-09-13 13:30:00+03:00,36.0011,,
2026-09-09 18:04:26.897687+03:00,2026-09-13 13:45:00+03:00,36.0057,,
2026-09-09 18:04:26.897687+03:00,2026-09-13 14:00:00+03:00,36.0426,,
2026-09-09 18:04:26.897687+03:00,2026-09-13 14:15:00+03:00,36.0663,,
2026-09-09 18:04:26.897687+03:00,2026-09-13 14:30:00+03:00,36.088,,
2026-09-09 18:04:26.897687+03:00,2026-09-13 14:45:00+03:00,36.0885,,
2026-09-09 18:04:26.897687+03:00,2026-09-13 15:00:00+03:00,36.0078,,
2026-09-09 18:04:26.897687+03:00,2026-09-13 15:15:00+03:00,36.1275,,
2026-09-09 18:04:26.897687+03:00,2026-09-13 15:30:00+03:00,36.1376,,
2026-09-09 18:04:26.897687+03:00,2026-09-13 15:45:00+03:00,36.1404,,
2026-09-09 18:04:26.897687+03:00,2026-09-13 16:00:00+03:00,36.0688,,
2026-09-09 18:04:26.897687+03:00,2026-09-13 16:15:00+03:00,36.1371,,
2026-09-09 18:04:26.897687+03:00,2026-09-13 16:30:00+03:00,36.1551,,
2026-09-09 18:04:26.897687+03:00,2026-09-13 16:45:00+03:00,36.1474,,
2026-09-09 18:04:26.897687+03:00,2026-09-13 17:00:00+03:00,36.1323,,
2026-09-09 18:04:26.897687+03:00,2026-09-13 17:15:00+03:00,36.2043,,
2026-09-09 18:04:26.897687+03:00,2026-09-13 17:30:00+03:00,36.2166,,
2026-09-09 18:04:26.897687+03:00,2026-09-13 17:45:00+03:00,36.1785,,
2026-09-09 18:04:26.897687+03:00,2026-09-13 18:00:00+03:00,36.1613,,
2026-09-09 18:04:26.897687+03:00,2026-09-13 18:15:00+03:00,36.0799,,
2026-09-09 18:04:26.897687+03:00,2026-09-13 18:30:00+03:00,36.1278,,
2026-09-09 18:04:26.897687+03:00,2026-09-13 18:45:00+03:00,36.1291,,
2026-09-09 18:04:26.897687+03:00,2026-09-13 19:00:00+03:00,36.1871,,
2026-09-09 18:04:26.897687+03:00,2026-09-13 19:15:00+03:00,36.0239,,
2026-09-09 18:04:26.897687+03:00,2026-09-13 19:30:00+03:00,36.0739,,
2026-09-09 18:04:26.897687+03:00,2026-09-13 19:45:00+03:00,36.1028,,
2026-09-09 18:04:26.897687+03:00,2026-09-13 20:00:00+03:00,36.0985,,
2026-09-09 18:04:26.897687+03:00,2026-09-13 20:15:00+03:00,35.7711,,
2026-09-09 18:04:26.897687+03:00,2026-09-13 20:30:00+03:00,35.4458,,
2026-09-09 18:04:26.897687+03:00,2026-09-13 20:45:00+03:00,35.5618,,
2026-09-09 18:04:26.897687+03:00,2026-09-13 21:00:00+03:00,35.6002,,
2026-09-09 18:04:26.897687+03:00,2026-09-13 21:15:00+03:00,35.7089,,
2026-09-09 18:04:26.897687+03:00,2026-09-13 21:30:00+03:00,35.7131,,
2026-09-09 18:04:26.897687+03:00,2026-09-13 21:45:00+03:00,35.7117,,
2026-09-09 18:04:26.897687+03:00,2026-09-13 22:00:00+03:00,35.6066,,
2026-09-09 18:04:26.897687+03:00,2026-09-13 22:15:00+03:00,35.4013,,
2026-09-09 18:04:26.897687+03:00,2026-09-13 22:30:00+03:00,35.0462,,
2026-09-09 18:04:26.897687+03:00,2026-09-13 22:45:00+03:00,34.6196,,
2026-09-09 18:04:26.897687+03:00,2026-09-13 23:00:00+03:00,34.1967,,
2026-09-09 18:04:26.897687+03:00,2026-09-13 23:15:00+03:00,33.6477,,
2026-09-09 18:04:26.897687+03:00,2026-09-13 23:30:00+03:00,33.237,,
2026-09-09 18:04:26.897687+03:00,2026-09-13 23:45:00+03:00,32.7667,,
2026-09-09 18:04:26.897687+03:00,2026-09-14 00:00:00+03:00,32.4989,,
2026-09-09 18:04:26.897687+03:00,2026-09-14 00:15:00+03:00,32.2611,,
2026-09-09 18:04:26.897687+03:00,2026-09-14 00:30:00+03:00,32.4212,,
2026-09-09 18:04:26.897687+03:00,2026-09-14 00:45:00+03:00,32.5049,,
2026-09-09 18:04:26.897687+03:00,2026-09-14 01:00:00+03:00,32.4709,,
2026-09-09 18:04:26.897687+03:00,2026-09-14 01:15:00+03:00,32.3924,,
2026-09-09 18:04:26.897687+03:00,2026-09-14 01:30:00+03:00,32.4101,,
2026-09-09 18:04:26.897687+03:00,2026-09-14 01:45:00+03:00,32.4231,,
2026-09-09 18:04:26.897687+03:00,2026-09-14 02:00:00+03:00,32.442,,
2026-09-09 18:04:26.897687+03:00,2026-09-14 02:15:00+03:00,32.5019,,
2026-09-09 18:04:26.897687+03:00,2026-09-14 02:30:00+03:00,32.5044,,
2026-09-09 18:04:26.897687+03:00,2026-09-14 02:45:00+03:00,32.4902,,
2026-09-09 18:04:26.897687+03:00,2026-09-14 03:00:00+03:00,32.4852,,
2026-09-09 18:04:26.897687+03:00,2026-09-14 03:15:00+03:00,32.5319,,
2026-09-09 18:04:26.897687+03:00,2026-09-14 03:30:00+03:00,32.5346,,
2026-09-09 18:04:26.897687+03:00,2026-09-14 03:45:00+03:00,32.5119,,
2026-09-09 18:04:26.897687+03:00,2026-09-14 04:00:00+03:00,32.5534,,
2026-09-09 18:04:26.897687+03:00,2026-09-14 04:15:00+03:00,32.7019,,
2026-09-09 18:04:26.897687+03:00,2026-09-14 04:30:00+03:00,33.1301,,
2026-09-09 18:04:26.897687+03:00,2026-09-14 04:45:00+03:00,33.6562,,
2026-09-09 18:04:26.897687+03:00,2026-09-14 05:00:00+03:00,34.1851,,
2026-09-09 18:04:26.897687+03:00,2026-09-14 05:15:00+03:00,34.9024,,
2026-09-09 18:04:26.897687+03:00,2026-09-14 05:30:00+03:00,35.6801,,
2026-09-09 18:04:26.897687+03:00,2026-09-14 05:45:00+03:00,36.5588,,
2026-09-09 18:04:26.897687+03:00,2026-09-14 06:00:00+03:00,37.5374,,
2026-09-09 18:04:26.897687+03:00,2026-09-14 06:15:00+03:00,38.7522,,
2026-09-09 18:04:26.897687+03:00,2026-09-14 06:30:00+03:00,39.8898,,
2026-09-09 18:04:26.897687+03:00,2026-09-14 06:45:00+03:00,40.9026,,
2026-09-09 18:04:26.897687+03:00,2026-09-14 07:00:00+03:00,41.7629,,
2026-09-09 18:04:26.897687+03:00,2026-09-14 07:15:00+03:00,42.3868,,
2026-09-09 18:04:26.897687+03:00,2026-09-14 07:30:00+03:00,43.2885,,
2026-09-09 18:04:26.897687+03:00,2026-09-14 07:45:00+03:00,44.1349,,
2026-09-09 18:04:26.897687+03:00,2026-09-14 08:00:00+03:00,44.5463,,
2026-09-09 18:04:26.897687+03:00,2026-09-14 08:15:00+03:00,44.996,,
2026-09-09 18:04:26.897687+03:00,2026-09-14 08:30:00+03:00,45.2372,,
2026-09-09 18:04:26.897687+03:00,2026-09-14 08:45:00+03:00,44.9939,,
2026-09-09 18:04:26.897687+03:00,2026-09-14 09:00:00+03:00,44.9346,,
2026-09-09 18:04:26.897687+03:00,2026-09-14 09:15:00+03:00,44.4705,,
2026-09-09 18:04:26.897687+03:00,2026-09-14 09:30:00+03:00,44.0105,,
2026-09-09 18:04:26.897687+03:00,2026-09-14 09:45:00+03:00,43.4584,,
2026-09-09 18:04:26.897687+03:00,2026-09-14 10:00:00+03:00,42.9995,,
2026-09-09 18:04:26.897687+03:00,2026-09-14 10:15:00+03:00,42.3995,,
2026-09-09 18:04:26.897687+03:00,2026-09-14 10:30:00+03:00,41.9042,,
2026-09-09 18:04:26.897687+03:00,2026-09-14 10:45:00+03:00,42.0949,,
2026-09-09 18:04:26.897687+03:00,2026-09-14 11:00:00+03:00,42.2365,,
2026-09-09 18:04:26.897687+03:00,2026-09-14 11:15:00+03:00,42.2489,,
2026-09-09 18:04:26.897687+03:00,2026-09-14 11:30:00+03:00,42.2369,,
2026-09-09 18:04:26.897687+03:00,2026-09-14 11:45:00+03:00,42.2493,,
2026-09-09 18:04:26.897687+03:00,2026-09-14 12:00:00+03:00,42.3023,,
2026-09-09 18:04:26.897687+03:00,2026-09-14 12:15:00+03:00,42.2629,,
2026-09-09 18:04:26.897687+03:00,2026-09-14 12:30:00+03:00,42.2248,,
2026-09-09 18:04:26.897687+03:00,2026-09-14 12:45:00+03:00,42.2414,,
2026-09-09 18:04:26.897687+03:00,2026-09-14 13:00:00+03:00,42.276,,
2026-09-09 18:04:26.897687+03:00,2026-09-14 13:15:00+03:00,42.2594,,
2026-09-09 18:04:26.897687+03:00,2026-09-14 13:30:00+03:00,42.2389,,
2026-09-09 18:04:26.897687+03:00,2026-09-14 13:45:00+03:00,42.244,,
2026-09-09 18:04:26.897687+03:00,2026-09-14 14:00:00+03:00,42.2791,,
2026-09-09 18:04:26.897687+03:00,2026-09-14 14:15:00+03:00,42.3047,,
2026-09-09 18:04:26.897687+03:00,2026-09-14 14:30:00+03:00,42.2656,,
2026-09-09 18:04:26.897687+03:00,2026-09-14 14:45:00+03:00,42.2711,,
2026-09-09 18:04:26.897687+03:00,2026-09-14 15:00:00+03:00,42.2971,,
2026-09-09 18:04:26.897687+03:00,2026-09-14 15:15:00+03:00,42.4018,,
2026-09-09 18:04:26.897687+03:00,2026-09-14 15:30:00+03:00,42.3574,,
2026-09-09 18:04:26.897687+03:00,2026-09-14 15:45:00+03:00,42.3464,,
2026-09-09 18:04:26.897687+03:00,2026-09-14 16:00:00+03:00,42.3305,,
2026-09-09 18:04:26.897687+03:00,2026-09-14 16:15:00+03:00,42.4008,,
2026-09-09 18:04:26.897687+03:00,2026-09-14 16:30:00+03:00,42.3552,,
2026-09-09 18:04:26.897687+03:00,2026-09-14 16:45:00+03:00,42.3423,,
2026-09-09 18:04:26.897687+03:00,2026-09-14 17:00:00+03:00,42.4004,,
2026-09-09 18:04:26.897687+03:00,2026-09-14 17:15:00+03:00,42.4951,,
2026-09-09 18:04:26.897687+03:00,2026-09-14 17:30:00+03:00,42.907,,
2026-09-09 18:04:26.897687+03:00,2026-09-14 17:45:00+03:00,42.8479,,
2026-09-09 18:04:26.897687+03:00,2026-09-14 18:00:00+03:00,42.8442,,
2026-09-09 18:04:26.897687+03:00,2026-09-14 18:15:00+03:00,42.7474,,
2026-09-09 18:04:26.897687+03:00,2026-09-14 18:30:00+03:00,42.754,,
2026-09-09 18:04:26.897687+03:00,2026-09-14 18:45:00+03:00,42.7586,,
2026-09-09 18:04:26.897687+03:00,2026-09-14 19:00:00+03:00,42.7732,,
2026-09-09 18:04:26.897687+03:00,2026-09-14 19:15:00+03:00,42.5817,,
2026-09-09 18:04:26.897687+03:00,2026-09-14 19:30:00+03:00,42.6238,,
2026-09-09 18:04:26.897687+03:00,2026-09-14 19:45:00+03:00,42.6653,,
2026-09-09 18:04:26.897687+03:00,2026-09-14 20:00:00+03:00,42.6828,,
2026-09-09 18:04:26.897687+03:00,2026-09-14 20:15:00+03:00,42.0081,,
2026-09-09 18:04:26.897687+03:00,2026-09-14 20:30:00+03:00,41.5666,,
2026-09-09 18:04:26.897687+03:00,2026-09-14 20:45:00+03:00,40.6407,,
2026-09-09 18:04:26.897687+03:00,2026-09-14 21:00:00+03:00,39.5459,,
2026-09-09 18:04:26.897687+03:00,2026-09-14 21:15:00+03:00,38.4527,,
2026-09-09 18:04:26.897687+03:00,2026-09-14 21:30:00+03:00,37.2226,,
2026-09-09 18:04:26.897687+03:00,2026-09-14 21:45:00+03:00,36.1971,,
2026-09-09 18:04:26.897687+03:00,2026-09-14 22:00:00+03:00,35.2767,,
2026-09-09 18:04:26.897687+03:00,2026-09-14 22:15:00+03:00,34.5477,,
2026-09-09 18:04:26.897687+03:00,2026-09-14 22:30:00+03:00,33.617,,
2026-09-09 18:04:26.897687+03:00,2026-09-14 22:45:00+03:00,32.9789,,
2026-09-09 18:04:26.897687+03:00,2026-09-14 23:00:00+03:00,32.1275,,
2026-09-09 18:04:26.897687+03:00,2026-09-14 23:15:00+03:00,31.7748,,
2026-09-09 18:04:26.897687+03:00,2026-09-14 23:30:00+03:00,31.1737,,
2026-09-09 18:04:26.897687+03:00,2026-09-14 23:45:00+03:00,30.4527,,
2026-09-09 18:04:26.897687+03:00,2026-09-15 00:00:00+03:00,30.1957,,
2026-09-09 18:04:26.897687+03:00,2026-09-15 00:15:00+03:00,30.0444,,
2026-09-09 18:04:26.897687+03:00,2026-09-15 00:30:00+03:00,30.0629,,
2026-09-09 18:04:26.897687+03:00,2026-09-15 00:45:00+03:00,30.1532,,
2026-09-09 18:04:26.897687+03:00,2026-09-15 01:00:00+03:00,30.1015,,
2026-09-09 18:04:26.897687+03:00,2026-09-15 01:15:00+03:00,30.0659,,
2026-09-09 18:04:26.897687+03:00,2026-09-15 01:30:00+03:00,30.0787,,
2026-09-09 18:04:26.897687+03:00,2026-09-15 01:45:00+03:00,30.1114,,
2026-09-09 18:04:26.897687+03:00,2026-09-15 02:00:00+03:00,30.0909,,
2026-09-09 18:04:26.897687+03:00,2026-09-15 02:15:00+03:00,30.1486,,
2026-09-09 18:04:26.897687+03:00,2026-09-15 02:30:00+03:00,30.1525,,
2026-09-09 18:04:26.897687+03:00,2026-09-15 02:45:00+03:00,30.1526,,
2026-09-09 18:04:26.897687+03:00,2026-09-15 03:00:00+03:00,30.1008,,
2026-09-09 18:04:26.897687+03:00,2026-09-15 03:15:00+03:00,30.1439,,
2026-09-09 18:04:26.897687+03:00,2026-09-15 03:30:00+03:00,30.1667,,
2026-09-09 18:04:26.897687+03:00,2026-09-15 03:45:00+03:00,30.1538,,
2026-09-09 18:04:26.897687+03:00,2026-09-15 04:00:00+03:00,30.0999,,
2026-09-09 18:04:26.897687+03:00,2026-09-15 04:15:00+03:00,30.2928,,
2026-09-09 18:04:26.897687+03:00,2026-09-15 04:30:00+03:00,30.2215,,
2026-09-09 18:04:26.897687+03:00,2026-09-15 04:45:00+03:00,30.1966,,
2026-09-09 18:04:26.897687+03:00,2026-09-15 05:00:00+03:00,30.375,,
2026-09-09 18:04:26.897687+03:00,2026-09-15 05:15:00+03:00,30.6967,,
2026-09-09 18:04:26.897687+03:00,2026-09-15 05:30:00+03:00,31.0934,,
2026-09-09 18:04:26.897687+03:00,2026-09-15 05:45:00+03:00,31.5043,,
2026-09-09 18:04:26.897687+03:00,2026-09-15 06:00:00+03:00,31.928,,
2026-09-09 18:04:26.897687+03:00,2026-09-15 06:15:00+03:00,32.5757,,
2026-09-09 18:04:26.897687+03:00,2026-09-15 06:30:00+03:00,32.7569,,
2026-09-09 18:04:26.897687+03:00,2026-09-15 06:45:00+03:00,33.1383,,
2026-09-09 18:04:26.897687+03:00,2026-09-15 07:00:00+03:00,33.6799,,
2026-09-09 18:04:26.897687+03:00,2026-09-15 07:15:00+03:00,34.168,,
2026-09-09 18:04:26.897687+03:00,2026-09-15 07:30:00+03:00,34.6461,,
2026-09-09 18:04:26.897687+03:00,2026-09-15 07:45:00+03:00,34.9722,,
2026-09-09 18:04:26.897687+03:00,2026-09-15 08:00:00+03:00,35.0121,,
2026-09-09 18:04:26.897687+03:00,2026-09-15 08:15:00+03:00,34.9818,,
2026-09-09 18:04:26.897687+03:00,2026-09-15 08:30:00+03:00,34.9726,,
2026-09-09 18:04:26.897687+03:00,2026-09-15 08:45:00+03:00,34.9586,,
2026-09-09 18:04:26.897687+03:00,2026-09-15 09:00:00+03:00,35.055,,
2026-09-09 18:04:26.897687+03:00,2026-09-15 09:15:00+03:00,35.1922,,
2026-09-09 18:04:26.897687+03:00,2026-09-15 09:30:00+03:00,35.3395,,
2026-09-09 18:04:26.897687+03:00,2026-09-15 09:45:00+03:00,35.395,,
2026-09-09 18:04:26.897687+03:00,2026-09-15 10:00:00+03:00,35.405,,
2026-09-09 18:04:26.897687+03:00,2026-09-15 10:15:00+03:00,35.315,,
2026-09-09 18:04:26.897687+03:00,2026-09-15 10:30:00+03:00,35.3251,,
2026-09-09 18:04:26.897687+03:00,2026-09-15 10:45:00+03:00,35.3171,,
2026-09-09 18:04:26.897687+03:00,2026-09-15 11:00:00+03:00,35.3286,,
2026-09-09 18:04:26.897687+03:00,2026-09-15 11:15:00+03:00,35.2739,,
2026-09-09 18:04:26.897687+03:00,2026-09-15 11:30:00+03:00,35.2839,,
2026-09-09 18:04:26.897687+03:00,2026-09-15 11:45:00+03:00,35.2843,,
2026-09-09 18:04:26.897687+03:00,2026-09-15 12:00:00+03:00,35.3129,,
2026-09-09 18:04:26.897687+03:00,2026-09-15 12:15:00+03:00,35.2735,,
2026-09-09 18:04:26.897687+03:00,2026-09-15 12:30:00+03:00,35.2762,,
2026-09-09 18:04:26.897687+03:00,2026-09-15 12:45:00+03:00,35.276,,
2026-09-09 18:04:26.897687+03:00,2026-09-15 13:00:00+03:00,35.2776,,
2026-09-09 18:04:26.897687+03:00,2026-09-15 13:15:00+03:00,35.2275,,
2026-09-09 18:04:26.897687+03:00,2026-09-15 13:30:00+03:00,35.2463,,
2026-09-09 18:04:26.897687+03:00,2026-09-15 13:45:00+03:00,35.2519,,
2026-09-09 18:04:26.897687+03:00,2026-09-15 14:00:00+03:00,35.3027,,
2026-09-09 18:04:26.897687+03:00,2026-09-15 14:15:00+03:00,35.32,,
2026-09-09 18:04:26.897687+03:00,2026-09-15 14:30:00+03:00,35.3099,,
2026-09-09 18:04:26.897687+03:00,2026-09-15 14:45:00+03:00,35.2969,,
2026-09-09 18:04:26.897687+03:00,2026-09-15 15:00:00+03:00,35.2981,,
2026-09-09 18:04:26.897687+03:00,2026-09-15 15:15:00+03:00,35.3717,,
2026-09-09 18:04:26.897687+03:00,2026-09-15 15:30:00+03:00,35.3651,,
2026-09-09 18:04:26.897687+03:00,2026-09-15 15:45:00+03:00,35.351,,
2026-09-09 18:04:26.897687+03:00,2026-09-15 16:00:00+03:00,35.3296,,
2026-09-09 18:04:26.897687+03:00,2026-09-15 16:15:00+03:00,35.395,,
2026-09-09 18:04:26.897687+03:00,2026-09-15 16:30:00+03:00,35.374,,
2026-09-09 18:04:26.897687+03:00,2026-09-15 16:45:00+03:00,35.3548,,
2026-09-09 18:04:26.897687+03:00,2026-09-15 17:00:00+03:00,35.3889,,
2026-09-09 18:04:26.897687+03:00,2026-09-15 17:15:00+03:00,35.4358,,
2026-09-09 18:04:26.897687+03:00,2026-09-15 17:30:00+03:00,35.4212,,
2026-09-09 18:04:26.897687+03:00,2026-09-15 17:45:00+03:00,35.3906,,
2026-09-09 18:04:26.897687+03:00,2026-09-15 18:00:00+03:00,35.3877,,
2026-09-09 18:04:26.897687+03:00,2026-09-15 18:15:00+03:00,35.2902,,
2026-09-09 18:04:26.897687+03:00,2026-09-15 18:30:00+03:00,35.324,,
2026-09-09 18:04:26.897687+03:00,2026-09-15 18:45:00+03:00,35.3189,,
2026-09-09 18:04:26.897687+03:00,2026-09-15 19:00:00+03:00,35.3821,,
2026-09-09 18:04:26.897687+03:00,2026-09-15 19:15:00+03:00,35.1949,,
2026-09-09 18:04:26.897687+03:00,2026-09-15 19:30:00+03:00,35.2369,,
2026-09-09 18:04:26.897687+03:00,2026-09-15 19:45:00+03:00,35.2533,,
2026-09-09 18:04:26.897687+03:00,2026-09-15 20:00:00+03:00,35.2926,,
2026-09-09 18:04:26.897687+03:00,2026-09-15 20:15:00+03:00,34.9466,,
2026-09-09 18:04:26.897687+03:00,2026-09-15 20:30:00+03:00,34.5915,,
2026-09-09 18:04:26.897687+03:00,2026-09-15 20:45:00+03:00,34.2422,,
2026-09-09 18:04:26.897687+03:00,2026-09-15 21:00:00+03:00,33.7141,,
2026-09-09 18:04:26.897687+03:00,2026-09-15 21:15:00+03:00,33.4137,,
2026-09-09 18:04:26.897687+03:00,2026-09-15 21:30:00+03:00,32.9751,,
2026-09-09 18:04:26.897687+03:00,2026-09-15 21:45:00+03:00,32.4213,,
2026-09-09 18:04:26.897687+03:00,2026-09-15 22:00:00+03:00,32.1112,,
2026-09-09 18:04:26.897687+03:00,2026-09-15 22:15:00+03:00,32.0629,,
2026-09-09 18:04:26.897687+03:00,2026-09-15 22:30:00+03:00,31.5184,,
2026-09-09 18:04:26.897687+03:00,2026-09-15 22:45:00+03:00,31.2279,,
2026-09-09 18:04:26.897687+03:00,2026-09-15 23:00:00+03:00,30.7837,,
2026-09-09 18:04:26.897687+03:00,2026-09-15 23:15:00+03:00,30.0475,,
2026-09-09 18:04:26.897687+03:00,2026-09-15 23:30:00+03:00,29.5746,,
2026-09-09 18:04:26.897687+03:00,2026-09-15 23:45:00+03:00,28.7929,,
2026-09-09 18:04:26.897687+03:00,2026-09-16 00:00:00+03:00,28.0605,,
2026-09-09 18:04:26.897687+03:00,2026-09-16 00:15:00+03:00,27.7153,,
2026-09-09 18:04:26.897687+03:00,2026-09-16 00:30:00+03:00,27.1997,,
2026-09-09 18:04:26.897687+03:00,2026-09-16 00:45:00+03:00,26.8921,,
2026-09-09 18:04:26.897687+03:00,2026-09-16 01:00:00+03:00,26.7751,,
2026-09-09 18:04:26.897687+03:00,2026-09-16 01:15:00+03:00,26.6969,,
2026-09-09 18:04:26.897687+03:00,2026-09-16 01:30:00+03:00,26.8205,,
2026-09-09 18:04:26.897687+03:00,2026-09-16 01:45:00+03:00,26.8874,,
2026-09-09 18:04:26.897687+03:00,2026-09-16 02:00:00+03:00,26.9077,,
2026-09-09 18:04:26.897687+03:00,2026-09-16 02:15:00+03:00,26.9335,,
2026-09-09 18:04:26.897687+03:00,2026-09-16 02:30:00+03:00,26.9514,,
2026-09-09 18:04:26.897687+03:00,2026-09-16 02:45:00+03:00,26.9463,,
2026-09-09 18:04:26.897687+03:00,2026-09-16 03:00:00+03:00,26.9462,,
2026-09-09 18:04:26.897687+03:00,2026-09-16 03:15:00+03:00,26.9688,,
2026-09-09 18:04:26.897687+03:00,2026-09-16 03:30:00+03:00,26.9829,,
2026-09-09 18:04:26.897687+03:00,2026-09-16 03:45:00+03:00,26.9613,,
2026-09-09 18:04:26.897687+03:00,2026-09-16 04:00:00+03:00,26.9929,,
2026-09-09 18:04:26.897687+03:00,2026-09-16 04:15:00+03:00,27.1328,,
2026-09-09 18:04:26.897687+03:00,2026-09-16 04:30:00+03:00,27.5695,,
2026-09-09 18:04:26.897687+03:00,2026-09-16 04:45:00+03:00,27.8209,,
2026-09-09 18:04:26.897687+03:00,2026-09-16 05:00:00+03:00,28.1988,,
2026-09-09 18:04:26.897687+03:00,2026-09-16 05:15:00+03:00,29.0181,,
2026-09-09 18:04:26.897687+03:00,2026-09-16 05:30:00+03:00,29.8207,,
2026-09-09 18:04:26.897687+03:00,2026-09-16 05:45:00+03:00,30.594,,
2026-09-09 18:04:26.897687+03:00,2026-09-16 06:00:00+03:00,31.3857,,
2026-09-09 18:04:26.897687+03:00,2026-09-16 06:15:00+03:00,32.3633,,
2026-09-09 18:04:26.897687+03:00,2026-09-16 06:30:00+03:00,33.0244,,
2026-09-09 18:04:26.897687+03:00,2026-09-16 06:45:00+03:00,33.9099,,
2026-09-09 18:04:26.897687+03:00,2026-09-16 07:00:00+03:00,34.3874,,
2026-09-09 18:04:26.897687+03:00,2026-09-16 07:15:00+03:00,35.2153,,
2026-09-09 18:04:26.897687+03:00,2026-09-16 07:30:00+03:00,36.0885,,
2026-09-09 18:04:26.897687+03:00,2026-09-16 07:45:00+03:00,36.8017,,
2026-09-09 18:04:26.897687+03:00,2026-09-16 08:00:00+03:00,37.4438,,
2026-09-09 18:04:26.897687+03:00,2026-09-16 08:15:00+03:00,38.3108,,
2026-09-09 18:04:26.897687+03:00,2026-09-16 08:30:00+03:00,38.9483,,
2026-09-09 18:04:26.897687+03:00,2026-09-16 08:45:00+03:00,39.2991,,
2026-09-09 18:04:26.897687+03:00,2026-09-16 09:00:00+03:00,39.56,,
2026-09-09 18:04:26.897687+03:00,2026-09-16 09:15:00+03:00,38.9769,,
2026-09-09 18:04:26.897687+03:00,2026-09-16 09:30:00+03:00,38.3839,,
2026-09-09 18:04:26.897687+03:00,2026-09-16 09:45:00+03:00,37.9386,,
2026-09-09 18:04:26.897687+03:00,2026-09-16 10:00:00+03:00,37.1272,,
2026-09-09 18:04:26.897687+03:00,2026-09-16 10:15:00+03:00,36.5885,,
2026-09-09 18:04:26.897687+03:00,2026-09-16 10:30:00+03:00,36.2241,,
2026-09-09 18:04:26.897687+03:00,2026-09-16 10:45:00+03:00,35.6799,,
2026-09-09 18:04:26.897687+03:00,2026-09-16 11:00:00+03:00,35.4301,,
2026-09-09 18:04:26.897687+03:00,2026-09-16 11:15:00+03:00,35.1089,,
2026-09-09 18:04:26.897687+03:00,2026-09-16 11:30:00+03:00,35.1358,,
2026-09-09 18:04:26.897687+03:00,2026-09-16 11:45:00+03:00,35.1862,,
2026-09-09 18:04:26.897687+03:00,2026-09-16 12:00:00+03:00,35.2693,,
2026-09-09 18:04:26.897687+03:00,2026-09-16 12:15:00+03:00,35.2791,,
2026-09-09 18:04:26.897687+03:00,2026-09-16 12:30:00+03:00,35.235,,
2026-09-09 18:04:26.897687+03:00,2026-09-16 12:45:00+03:00,35.2347,,
2026-09-09 18:04:26.897687+03:00,2026-09-16 13:00:00+03:00,35.2535,,
2026-09-09 18:04:26.897687+03:00,2026-09-16 13:15:00+03:00,35.2221,,
2026-09-09 18:04:26.897687+03:00,2026-09-16 13:30:00+03:00,35.2251,,
2026-09-09 18:04:26.897687+03:00,2026-09-16 13:45:00+03:00,35.2277,,
2026-09-09 18:04:26.897687+03:00,2026-09-16 14:00:00+03:00,35.2892,,
2026-09-09 18:04:26.897687+03:00,2026-09-16 14:15:00+03:00,35.2808,,
2026-09-09 18:04:26.897687+03:00,2026-09-16 14:30:00+03:00,35.2687,,
2026-09-09 18:04:26.897687+03:00,2026-09-16 14:45:00+03:00,35.2654,,
2026-09-09 18:04:26.897687+03:00,2026-09-16 15:00:00+03:00,35.2784,,
2026-09-09 18:04:26.897687+03:00,2026-09-16 15:15:00+03:00,35.3177,,
2026-09-09 18:04:26.897687+03:00,2026-09-16 15:30:00+03:00,35.2961,,
2026-09-09 18:04:26.897687+03:00,2026-09-16 15:45:00+03:00,35.289,,
2026-09-09 18:04:26.897687+03:00,2026-09-16 16:00:00+03:00,35.3196,,
2026-09-09 18:04:26.897687+03:00,2026-09-16 16:15:00+03:00,35.3616,,
2026-09-09 18:04:26.897687+03:00,2026-09-16 16:30:00+03:00,35.3435,,
2026-09-09 18:04:26.897687+03:00,2026-09-16 16:45:00+03:00,35.3274,,
2026-09-09 18:04:26.897687+03:00,2026-09-16 17:00:00+03:00,35.3892,,
2026-09-09 18:04:26.897687+03:00,2026-09-16 17:15:00+03:00,35.3676,,
2026-09-09 18:04:26.897687+03:00,2026-09-16 17:30:00+03:00,35.3557,,
2026-09-09 18:04:26.897687+03:00,2026-09-16 17:45:00+03:00,35.3634,,
2026-09-09 18:04:26.897687+03:00,2026-09-16 18:00:00+03:00,35.3696,,
2026-09-09 18:04:26.897687+03:00,2026-09-16 18:15:00+03:00,35.2805,,
2026-09-09 18:04:26.897687+03:00,2026-09-16 18:30:00+03:00,35.3012,,
2026-09-09 18:04:26.897687+03:00,2026-09-16 18:45:00+03:00,35.3084,,
2026-09-09 18:04:26.897687+03:00,2026-09-16 19:00:00+03:00,35.361,,
2026-09-09 18:04:26.897687+03:00,2026-09-16 19:15:00+03:00,35.1972,,
2026-09-09 18:04:26.897687+03:00,2026-09-16 19:30:00+03:00,35.2226,,
2026-09-09 18:04:26.897687+03:00,2026-09-16 19:45:00+03:00,35.2465,,
2026-09-09 18:04:26.897687+03:00,2026-09-16 20:00:00+03:00,35.2927,,
2026-09-09 18:04:26.897687+03:00,2026-09-16 20:15:00+03:00,34.9248,,
2026-09-09 18:04:26.897687+03:00,2026-09-16 20:30:00+03:00,34.5625,,
2026-09-09 18:04:26.897687+03:00,2026-09-16 20:45:00+03:00,34.2175,,
2026-09-09 18:04:26.897687+03:00,2026-09-16 21:00:00+03:00,33.7041,,
2026-09-09 18:04:26.897687+03:00,2026-09-16 21:15:00+03:00,33.4176,,
2026-09-09 18:04:26.897687+03:00,2026-09-16 21:30:00+03:00,32.9993,,
2026-09-09 18:04:26.897687+03:00,2026-09-16 21:45:00+03:00,33.0063,,
2026-09-09 18:04:26.897687+03:00,2026-09-16 22:00:00+03:00,33.0216,,
2026-09-09 18:04:26.897687+03:00,2026-09-16 22:15:00+03:00,32.8156,,
2026-09-09 18:04:26.897687+03:00,2026-09-16 22:30:00+03:00,32.5798,,
2026-09-09 18:04:26.897687+03:00,2026-09-16 22:45:00+03:00,32.2559,,
2026-09-09 18:04:26.897687+03:00,2026-09-16 23:00:00+03:00,32.3417,,
2026-09-09 18:04:26.897687+03:00,2026-09-16 23:15:00+03:00,32.1948,,
2026-09-09 18:04:26.897687+03:00,2026-09-16 23:30:00+03:00,32.2437,,
2026-09-09 18:04:26.897687+03:00,2026-09-16 23:45:00+03:00,32.332,,
2026-09-10 17:56:56.414462+03:00,2026-09-11 00:00:00+03:00,24.4255,,
2026-09-10 17:56:56.414462+03:00,2026-09-11 00:15:00+03:00,22.9693,,
2026-09-10 17:56:56.414462+03:00,2026-09-11 00:30:00+03:00,20.7626,,
2026-09-10 17:56:56.414462+03:00,2026-09-11 00:45:00+03:00,18.1999,,
2026-09-10 17:56:56.414462+03:00,2026-09-11 01:00:00+03:00,16.3013,,
2026-09-10 17:56:56.414462+03:00,2026-09-11 01:15:00+03:00,15.5091,,
2026-09-10 17:56:56.414462+03:00,2026-09-11 01:30:00+03:00,14.2305,,
2026-09-10 17:56:56.414462+03:00,2026-09-11 01:45:00+03:00,13.283,,
2026-09-10 17:56:56.414462+03:00,2026-09-11 02:00:00+03:00,12.3925,,
2026-09-10 17:56:56.414462+03:00,2026-09-11 02:15:00+03:00,11.9204,,
2026-09-10 17:56:56.414462+03:00,2026-09-11 02:30:00+03:00,11.2968,,
2026-09-10 17:56:56.414462+03:00,2026-09-11 02:45:00+03:00,10.5211,,
2026-09-10 17:56:56.414462+03:00,2026-09-11 03:00:00+03:00,10.0955,,
2026-09-10 17:56:56.414462+03:00,2026-09-11 03:15:00+03:00,9.8429,,
2026-09-10 17:56:56.414462+03:00,2026-09-11 03:30:00+03:00,9.6261,,
2026-09-10 17:56:56.414462+03:00,2026-09-11 03:45:00+03:00,9.2315,,
2026-09-10 17:56:56.414462+03:00,2026-09-11 04:00:00+03:00,8.8375,,
2026-09-10 17:56:56.414462+03:00,2026-09-11 04:15:00+03:00,8.5901,,
2026-09-10 17:56:56.414462+03:00,2026-09-11 04:30:00+03:00,8.6335,,
2026-09-10 17:56:56.414462+03:00,2026-09-11 04:45:00+03:00,8.6335,,
2026-09-10 17:56:56.414462+03:00,2026-09-11 05:00:00+03:00,8.7437,,
2026-09-10 17:56:56.414462+03:00,2026-09-11 05:15:00+03:00,9.2745,,
2026-09-10 17:56:56.414462+03:00,2026-09-11 05:30:00+03:00,9.5585,,
2026-09-10 17:56:56.414462+03:00,2026-09-11 05:45:00+03:00,9.7953,,
2026-09-10 17:56:56.414462+03:00,2026-09-11 06:00:00+03:00,10.1012,,
2026-09-10 17:56:56.414462+03:00,2026-09-11 06:15:00+03:00,10.8091,,
2026-09-10 17:56:56.414462+03:00,2026-09-11 06:30:00+03:00,11.4375,,
2026-09-10 17:56:56.414462+03:00,2026-09-11 06:45:00+03:00,12.1299,,
2026-09-10 17:56:56.414462+03:00,2026-09-11 07:00:00+03:00,12.8436,,
2026-09-10 17:56:56.414462+03:00,2026-09-11 07:15:00+03:00,14.0467,,
2026-09-10 17:56:56.414462+03:00,2026-09-11 07:30:00+03:00,14.7769,,
2026-09-10 17:56:56.414462+03:00,2026-09-11 07:45:00+03:00,15.4394,,
2026-09-10 17:56:56.414462+03:00,2026-09-11 08:00:00+03:00,16.1286,,
2026-09-10 17:56:56.414462+03:00,2026-09-11 08:15:00+03:00,16.7264,,
2026-09-10 17:56:56.414462+03:00,2026-09-11 08:30:00+03:00,17.5758,,
2026-09-10 17:56:56.414462+03:00,2026-09-11 08:45:00+03:00,18.0997,,
2026-09-10 17:56:56.414462+03:00,2026-09-11 09:00:00+03:00,18.9926,,
2026-09-10 17:56:56.414462+03:00,2026-09-11 09:15:00+03:00,19.1424,,
2026-09-10 17:56:56.414462+03:00,2026-09-11 09:30:00+03:00,18.9729,,
2026-09-10 17:56:56.414462+03:00,2026-09-11 09:45:00+03:00,18.9533,,
2026-09-10 17:56:56.414462+03:00,2026-09-11 10:00:00+03:00,18.9044,,
2026-09-10 17:56:56.414462+03:00,2026-09-11 10:15:00+03:00,18.8262,,
2026-09-10 17:56:56.414462+03:00,2026-09-11 10:30:00+03:00,18.8872,,
2026-09-10 17:56:56.414462+03:00,2026-09-11 10:45:00+03:00,18.888,,
2026-09-10 17:56:56.414462+03:00,2026-09-11 11:00:00+03:00,18.9163,,
2026-09-10 17:56:56.414462+03:00,2026-09-11 11:15:00+03:00,18.8557,,
2026-09-10 17:56:56.414462+03:00,2026-09-11 11:30:00+03:00,18.9043,,
2026-09-10 17:56:56.414462+03:00,2026-09-11 11:45:00+03:00,18.9057,,
2026-09-10 17:56:56.414462+03:00,2026-09-11 12:00:00+03:00,18.8975,,
2026-09-10 17:56:56.414462+03:00,2026-09-11 12:15:00+03:00,18.848,,
2026-09-10 17:56:56.414462+03:00,2026-09-11 12:30:00+03:00,18.8874,,
2026-09-10 17:56:56.414462+03:00,2026-09-11 12:45:00+03:00,18.8832,,
2026-09-10 17:56:56.414462+03:00,2026-09-11 13:00:00+03:00,18.9018,,
2026-09-10 17:56:56.414462+03:00,2026-09-11 13:15:00+03:00,18.8626,,
2026-09-10 17:56:56.414462+03:00,2026-09-11 13:30:00+03:00,18.8935,,
2026-09-10 17:56:56.414462+03:00,2026-09-11 13:45:00+03:00,18.8973,,
2026-09-10 17:56:56.414462+03:00,2026-09-11 14:00:00+03:00,18.9093,,
2026-09-10 17:56:56.414462+03:00,2026-09-11 14:15:00+03:00,18.8983,,
2026-09-10 17:56:56.414462+03:00,2026-09-11 14:30:00+03:00,18.9219,,
2026-09-10 17:56:56.414462+03:00,2026-09-11 14:45:00+03:00,18.9046,,
2026-09-10 17:56:56.414462+03:00,2026-09-11 15:00:00+03:00,18.9128,,
2026-09-10 17:56:56.414462+03:00,2026-09-11 15:15:00+03:00,18.9422,,
2026-09-10 17:56:56.414462+03:00,2026-09-11 15:30:00+03:00,18.9521,,
2026-09-10 17:56:56.414462+03:00,2026-09-11 15:45:00+03:00,18.939,,
2026-09-10 17:56:56.414462+03:00,2026-09-11 16:00:00+03:00,18.9066,,
2026-09-10 17:56:56.414462+03:00,2026-09-11 16:15:00+03:00,18.9243,,
2026-09-10 17:56:56.414462+03:00,2026-09-11 16:30:00+03:00,18.9536,,
2026-09-10 17:56:56.414462+03:00,2026-09-11 16:45:00+03:00,18.9501,,
2026-09-10 17:56:56.414462+03:00,2026-09-11 17:00:00+03:00,18.9746,,
2026-09-10 17:56:56.414462+03:00,2026-09-11 17:15:00+03:00,18.9827,,
2026-09-10 17:56:56.414462+03:00,2026-09-11 17:30:00+03:00,18.9818,,
2026-09-10 17:56:56.414462+03:00,2026-09-11 17:45:00+03:00,18.9558,,
2026-09-10 17:56:56.414462+03:00,2026-09-11 18:00:00+03:00,18.9017,,
2026-09-10 17:56:56.414462+03:00,2026-09-11 18:15:00+03:00,18.9005,,
2026-09-10 17:56:56.414462+03:00,2026-09-11 18:30:00+03:00,18.9145,,
2026-09-10 17:56:56.414462+03:00,2026-09-11 18:45:00+03:00,18.9035,,
2026-09-10 17:56:56.414462+03:00,2026-09-11 19:00:00+03:00,18.9284,,
2026-09-10 17:56:56.414462+03:00,2026-09-11 19:15:00+03:00,18.8063,,
2026-09-10 17:56:56.414462+03:00,2026-09-11 19:30:00+03:00,18.4881,,
2026-09-10 17:56:56.414462+03:00,2026-09-11 19:45:00+03:00,18.4623,,
2026-09-10 17:56:56.414462+03:00,2026-09-11 20:00:00+03:00,18.2126,,
2026-09-10 17:56:56.414462+03:00,2026-09-11 20:15:00+03:00,17.8677,,
2026-09-10 17:56:56.414462+03:00,2026-09-11 20:30:00+03:00,17.3403,,
2026-09-10 17:56:56.414462+03:00,2026-09-11 20:45:00+03:00,16.9837,,
2026-09-10 17:56:56.414462+03:00,2026-09-11 21:00:00+03:00,16.5587,,
2026-09-10 17:56:56.414462+03:00,2026-09-11 21:15:00+03:00,16.2008,,
2026-09-10 17:56:56.414462+03:00,2026-09-11 21:30:00+03:00,15.8886,,
2026-09-10 17:56:56.414462+03:00,2026-09-11 21:45:00+03:00,15.8535,,
2026-09-10 17:56:56.414462+03:00,2026-09-11 22:00:00+03:00,16.0105,,
2026-09-10 17:56:56.414462+03:00,2026-09-11 22:15:00+03:00,15.9004,,
2026-09-10 17:56:56.414462+03:00,2026-09-11 22:30:00+03:00,15.9719,,
2026-09-10 17:56:56.414462+03:00,2026-09-11 22:45:00+03:00,16.0026,,
2026-09-10 17:56:56.414462+03:00,2026-09-11 23:00:00+03:00,16.0751,,
2026-09-10 17:56:56.414462+03:00,2026-09-11 23:15:00+03:00,15.8116,,
2026-09-10 17:56:56.414462+03:00,2026-09-11 23:30:00+03:00,15.8839,,
2026-09-10 17:56:56.414462+03:00,2026-09-11 23:45:00+03:00,15.9447,,
2026-09-10 17:56:56.414462+03:00,2026-09-12 00:00:00+03:00,15.9775,,
2026-09-10 17:56:56.414462+03:00,2026-09-12 00:15:00+03:00,16.0001,,
2026-09-10 17:56:56.414462+03:00,2026-09-12 00:30:00+03:00,16.0371,,
2026-09-10 17:56:56.414462+03:00,2026-09-12 00:45:00+03:00,16.0585,,
2026-09-10 17:56:56.414462+03:00,2026-09-12 01:00:00+03:00,16.0192,,
2026-09-10 17:56:56.414462+03:00,2026-09-12 01:15:00+03:00,15.9243,,
2026-09-10 17:56:56.414462+03:00,2026-09-12 01:30:00+03:00,15.9521,,
2026-09-10 17:56:56.414462+03:00,2026-09-12 01:45:00+03:00,15.9685,,
2026-09-10 17:56:56.414462+03:00,2026-09-12 02:00:00+03:00,15.9888,,
2026-09-10 17:56:56.414462+03:00,2026-09-12 02:15:00+03:00,16.0018,,
2026-09-10 17:56:56.414462+03:00,2026-09-12 02:30:00+03:00,16.0318,,
2026-09-10 17:56:56.414462+03:00,2026-09-12 02:45:00+03:00,16.0383,,
2026-09-10 17:56:56.414462+03:00,2026-09-12 03:00:00+03:00,16.0394,,
2026-09-10 17:56:56.414462+03:00,2026-09-12 03:15:00+03:00,16.0425,,
2026-09-10 17:56:56.414462+03:00,2026-09-12 03:30:00+03:00,16.0711,,
2026-09-10 17:56:56.414462+03:00,2026-09-12 03:45:00+03:00,16.0673,,
2026-09-10 17:56:56.414462+03:00,2026-09-12 04:00:00+03:00,16.0951,,
2026-09-10 17:56:56.414462+03:00,2026-09-12 04:15:00+03:00,16.1975,,
2026-09-10 17:56:56.414462+03:00,2026-09-12 04:30:00+03:00,16.1837,,
2026-09-10 17:56:56.414462+03:00,2026-09-12 04:45:00+03:00,16.1845,,
2026-09-10 17:56:56.414462+03:00,2026-09-12 05:00:00+03:00,16.1135,,
2026-09-10 17:56:56.414462+03:00,2026-09-12 05:15:00+03:00,16.2822,,
2026-09-10 17:56:56.414462+03:00,2026-09-12 05:30:00+03:00,16.5823,,
2026-09-10 17:56:56.414462+03:00,2026-09-12 05:45:00+03:00,16.574,,
2026-09-10 17:56:56.414462+03:00,2026-09-12 06:00:00+03:00,16.5219,,
2026-09-10 17:56:56.414462+03:00,2026-09-12 06:15:00+03:00,16.702,,
2026-09-10 17:56:56.414462+03:00,2026-09-12 06:30:00+03:00,16.6334,,
2026-09-10 17:56:56.414462+03:00,2026-09-12 06:45:00+03:00,16.6012,,
2026-09-10 17:56:56.414462+03:00,2026-09-12 07:00:00+03:00,16.5121,,
2026-09-10 17:56:56.414462+03:00,2026-09-12 07:15:00+03:00,16.7211,,
2026-09-10 17:56:56.414462+03:00,2026-09-12 07:30:00+03:00,17.0882,,
2026-09-10 17:56:56.414462+03:00,2026-09-12 07:45:00+03:00,17.0945,,
2026-09-10 17:56:56.414462+03:00,2026-09-12 08:00:00+03:00,17.0081,,
2026-09-10 17:56:56.414462+03:00,2026-09-12 08:15:00+03:00,17.0414,,
2026-09-10 17:56:56.414462+03:00,2026-09-12 08:30:00+03:00,16.9973,,
2026-09-10 17:56:56.414462+03:00,2026-09-12 08:45:00+03:00,17.0062,,
2026-09-10 17:56:56.414462+03:00,2026-09-12 09:00:00+03:00,16.9443,,
2026-09-10 17:56:56.414462+03:00,2026-09-12 09:15:00+03:00,16.7864,,
2026-09-10 17:56:56.414462+03:00,2026-09-12 09:30:00+03:00,16.8213,,
2026-09-10 17:56:56.414462+03:00,2026-09-12 09:45:00+03:00,16.858,,
2026-09-10 17:56:56.414462+03:00,2026-09-12 10:00:00+03:00,16.8672,,
2026-09-10 17:56:56.414462+03:00,2026-09-12 10:15:00+03:00,16.8103,,
2026-09-10 17:56:56.414462+03:00,2026-09-12 10:30:00+03:00,16.8467,,
2026-09-10 17:56:56.414462+03:00,2026-09-12 10:45:00+03:00,16.8457,,
2026-09-10 17:56:56.414462+03:00,2026-09-12 11:00:00+03:00,16.8617,,
2026-09-10 17:56:56.414462+03:00,2026-09-12 11:15:00+03:00,16.7906,,
2026-09-10 17:56:56.414462+03:00,2026-09-12 11:30:00+03:00,16.8282,,
2026-09-10 17:56:56.414462+03:00,2026-09-12 11:45:00+03:00,16.8277,,
2026-09-10 17:56:56.414462+03:00,2026-09-12 12:00:00+03:00,16.8414,,
2026-09-10 17:56:56.414462+03:00,2026-09-12 12:15:00+03:00,16.7814,,
2026-09-10 17:56:56.414462+03:00,2026-09-12 12:30:00+03:00,16.8194,,
2026-09-10 17:56:56.414462+03:00,2026-09-12 12:45:00+03:00,16.8185,,
2026-09-10 17:56:56.414462+03:00,2026-09-12 13:00:00+03:00,16.8364,,
2026-09-10 17:56:56.414462+03:00,2026-09-12 13:15:00+03:00,16.7895,,
2026-09-10 17:56:56.414462+03:00,2026-09-12 13:30:00+03:00,16.8364,,
2026-09-10 17:56:56.414462+03:00,2026-09-12 13:45:00+03:00,16.8374,,
2026-09-10 17:56:56.414462+03:00,2026-09-12 14:00:00+03:00,16.8464,,
2026-09-10 17:56:56.414462+03:00,2026-09-12 14:15:00+03:00,16.8383,,
2026-09-10 17:56:56.414462+03:00,2026-09-12 14:30:00+03:00,16.8654,,
2026-09-10 17:56:56.414462+03:00,2026-09-12 14:45:00+03:00,16.857,,
2026-09-10 17:56:56.414462+03:00,2026-09-12 15:00:00+03:00,16.8508,,
2026-09-10 17:56:56.414462+03:00,2026-09-12 15:15:00+03:00,16.9032,,
2026-09-10 17:56:56.414462+03:00,2026-09-12 15:30:00+03:00,16.9248,,
2026-09-10 17:56:56.414462+03:00,2026-09-12 15:45:00+03:00,16.9126,,
2026-09-10 17:56:56.414462+03:00,2026-09-12 16:00:00+03:00,16.8867,,
2026-09-10 17:56:56.414462+03:00,2026-09-12 16:15:00+03:00,16.9215,,
2026-09-10 17:56:56.414462+03:00,2026-09-12 16:30:00+03:00,16.9317,,
2026-09-10 17:56:56.414462+03:00,2026-09-12 16:45:00+03:00,16.9253,,
2026-09-10 17:56:56.414462+03:00,2026-09-12 17:00:00+03:00,16.9446,,
2026-09-10 17:56:56.414462+03:00,2026-09-12 17:15:00+03:00,16.9531,,
2026-09-10 17:56:56.414462+03:00,2026-09-12 17:30:00+03:00,16.9425,,
2026-09-10 17:56:56.414462+03:00,2026-09-12 17:45:00+03:00,16.9219,,
2026-09-10 17:56:56.414462+03:00,2026-09-12 18:00:00+03:00,16.9026,,
2026-09-10 17:56:56.414462+03:00,2026-09-12 18:15:00+03:00,16.8972,,
2026-09-10 17:56:56.414462+03:00,2026-09-12 18:30:00+03:00,16.9087,,
2026-09-10 17:56:56.414462+03:00,2026-09-12 18:45:00+03:00,16.8868,,
2026-09-10 17:56:56.414462+03:00,2026-09-12 19:00:00+03:00,16.9156,,
2026-09-10 17:56:56.414462+03:00,2026-09-12 19:15:00+03:00,16.7802,,
2026-09-10 17:56:56.414462+03:00,2026-09-12 19:30:00+03:00,16.8521,,
2026-09-10 17:56:56.414462+03:00,2026-09-12 19:45:00+03:00,16.8686,,
2026-09-10 17:56:56.414462+03:00,2026-09-12 20:00:00+03:00,16.8685,,
2026-09-10 17:56:56.414462+03:00,2026-09-12 20:15:00+03:00,16.5686,,
2026-09-10 17:56:56.414462+03:00,2026-09-12 20:30:00+03:00,16.2386,,
2026-09-10 17:56:56.414462+03:00,2026-09-12 20:45:00+03:00,15.9193,,
2026-09-10 17:56:56.414462+03:00,2026-09-12 21:00:00+03:00,15.9577,,
2026-09-10 17:56:56.414462+03:00,2026-09-12 21:15:00+03:00,16.0388,,
2026-09-10 17:56:56.414462+03:00,2026-09-12 21:30:00+03:00,16.1152,,
2026-09-10 17:56:56.414462+03:00,2026-09-12 21:45:00+03:00,16.1329,,
2026-09-10 17:56:56.414462+03:00,2026-09-12 22:00:00+03:00,16.0333,,
2026-09-10 17:56:56.414462+03:00,2026-09-12 22:15:00+03:00,15.903,,
2026-09-10 17:56:56.414462+03:00,2026-09-12 22:30:00+03:00,15.9627,,
2026-09-10 17:56:56.414462+03:00,2026-09-12 22:45:00+03:00,15.9962,,
2026-09-10 17:56:56.414462+03:00,2026-09-12 23:00:00+03:00,16.0676,,
2026-09-10 17:56:56.414462+03:00,2026-09-12 23:15:00+03:00,15.79,,
2026-09-10 17:56:56.414462+03:00,2026-09-12 23:30:00+03:00,15.2948,,
2026-09-10 17:56:56.414462+03:00,2026-09-12 23:45:00+03:00,15.3055,,
2026-09-10 17:56:56.414462+03:00,2026-09-13 00:00:00+03:00,15.3544,,
2026-09-10 17:56:56.414462+03:00,2026-09-13 00:15:00+03:00,15.4144,,
2026-09-10 17:56:56.414462+03:00,2026-09-13 00:30:00+03:00,15.4852,,
2026-09-10 17:56:56.414462+03:00,2026-09-13 00:45:00+03:00,15.5005,,
2026-09-10 17:56:56.414462+03:00,2026-09-13 01:00:00+03:00,15.4846,,
2026-09-10 17:56:56.414462+03:00,2026-09-13 01:15:00+03:00,15.3576,,
2026-09-10 17:56:56.414462+03:00,2026-09-13 01:30:00+03:00,15.3972,,
2026-09-10 17:56:56.414462+03:00,2026-09-13 01:45:00+03:00,15.414,,
2026-09-10 17:56:56.414462+03:00,2026-09-13 02:00:00+03:00,15.4162,,
2026-09-10 17:56:56.414462+03:00,2026-09-13 02:15:00+03:00,15.4236,,
2026-09-10 17:56:56.414462+03:00,2026-09-13 02:30:00+03:00,15.4736,,
2026-09-10 17:56:56.414462+03:00,2026-09-13 02:45:00+03:00,15.4725,,
2026-09-10 17:56:56.414462+03:00,2026-09-13 03:00:00+03:00,15.453,,
2026-09-10 17:56:56.414462+03:00,2026-09-13 03:15:00+03:00,15.4459,,
2026-09-10 17:56:56.414462+03:00,2026-09-13 03:30:00+03:00,15.4909,,
2026-09-10 17:56:56.414462+03:00,2026-09-13 03:45:00+03:00,15.4864,,
2026-09-10 17:56:56.414462+03:00,2026-09-13 04:00:00+03:00,15.5021,,
2026-09-10 17:56:56.414462+03:00,2026-09-13 04:15:00+03:00,15.5765,,
2026-09-10 17:56:56.414462+03:00,2026-09-13 04:30:00+03:00,15.5912,,
2026-09-10 17:56:56.414462+03:00,2026-09-13 04:45:00+03:00,15.5916,,
2026-09-10 17:56:56.414462+03:00,2026-09-13 05:00:00+03:00,15.58,,
2026-09-10 17:56:56.414462+03:00,2026-09-13 05:15:00+03:00,15.7243,,
2026-09-10 17:56:56.414462+03:00,2026-09-13 05:30:00+03:00,15.7215,,
2026-09-10 17:56:56.414462+03:00,2026-09-13 05:45:00+03:00,15.6915,,
2026-09-10 17:56:56.414462+03:00,2026-09-13 06:00:00+03:00,15.675,,
2026-09-10 17:56:56.414462+03:00,2026-09-13 06:15:00+03:00,15.8241,,
2026-09-10 17:56:56.414462+03:00,2026-09-13 06:30:00+03:00,16.3134,,
2026-09-10 17:56:56.414462+03:00,2026-09-13 06:45:00+03:00,16.617,,
2026-09-10 17:56:56.414462+03:00,2026-09-13 07:00:00+03:00,16.4615,,
2026-09-10 17:56:56.414462+03:00,2026-09-13 07:15:00+03:00,16.6622,,
2026-09-10 17:56:56.414462+03:00,2026-09-13 07:30:00+03:00,16.6115,,
2026-09-10 17:56:56.414462+03:00,2026-09-13 07:45:00+03:00,16.5928,,
2026-09-10 17:56:56.414462+03:00,2026-09-13 08:00:00+03:00,16.5107,,
2026-09-10 17:56:56.414462+03:00,2026-09-13 08:15:00+03:00,16.5729,,
2026-09-10 17:56:56.414462+03:00,2026-09-13 08:30:00+03:00,16.5338,,
2026-09-10 17:56:56.414462+03:00,2026-09-13 08:45:00+03:00,16.5451,,
2026-09-10 17:56:56.414462+03:00,2026-09-13 09:00:00+03:00,16.4885,,
2026-09-10 17:56:56.414462+03:00,2026-09-13 09:15:00+03:00,16.3387,,
2026-09-10 17:56:56.414462+03:00,2026-09-13 09:30:00+03:00,16.3644,,
2026-09-10 17:56:56.414462+03:00,2026-09-13 09:45:00+03:00,16.3984,,
2026-09-10 17:56:56.414462+03:00,2026-09-13 10:00:00+03:00,16.4086,,
2026-09-10 17:56:56.414462+03:00,2026-09-13 10:15:00+03:00,16.355,,
2026-09-10 17:56:56.414462+03:00,2026-09-13 10:30:00+03:00,16.3855,,
2026-09-10 17:56:56.414462+03:00,2026-09-13 10:45:00+03:00,16.3852,,
2026-09-10 17:56:56.414462+03:00,2026-09-13 11:00:00+03:00,16.4007,,
2026-09-10 17:56:56.414462+03:00,2026-09-13 11:15:00+03:00,16.3388,,
2026-09-10 17:56:56.414462+03:00,2026-09-13 11:30:00+03:00,16.368,,
2026-09-10 17:56:56.414462+03:00,2026-09-13 11:45:00+03:00,16.3712,,
2026-09-10 17:56:56.414462+03:00,2026-09-13 12:00:00+03:00,16.3837,,
2026-09-10 17:56:56.414462+03:00,2026-09-13 12:15:00+03:00,16.3254,,
2026-09-10 17:56:56.414462+03:00,2026-09-13 12:30:00+03:00,16.3551,,
2026-09-10 17:56:56.414462+03:00,2026-09-13 12:45:00+03:00,16.3578,,
2026-09-10 17:56:56.414462+03:00,2026-09-13 13:00:00+03:00,16.398,,
2026-09-10 17:56:56.414462+03:00,2026-09-13 13:15:00+03:00,16.3631,,
2026-09-10 17:56:56.414462+03:00,2026-09-13 13:30:00+03:00,16.3908,,
2026-09-10 17:56:56.414462+03:00,2026-09-13 13:45:00+03:00,16.3917,,
2026-09-10 17:56:56.414462+03:00,2026-09-13 14:00:00+03:00,16.4047,,
2026-09-10 17:56:56.414462+03:00,2026-09-13 14:15:00+03:00,16.4071,,
2026-09-10 17:56:56.414462+03:00,2026-09-13 14:30:00+03:00,16.4271,,
2026-09-10 17:56:56.414462+03:00,2026-09-13 14:45:00+03:00,16.4206,,
2026-09-10 17:56:56.414462+03:00,2026-09-13 15:00:00+03:00,16.407,,
2026-09-10 17:56:56.414462+03:00,2026-09-13 15:15:00+03:00,16.4594,,
2026-09-10 17:56:56.414462+03:00,2026-09-13 15:30:00+03:00,16.4653,,
2026-09-10 17:56:56.414462+03:00,2026-09-13 15:45:00+03:00,16.4549,,
2026-09-10 17:56:56.414462+03:00,2026-09-13 16:00:00+03:00,16.4342,,
2026-09-10 17:56:56.414462+03:00,2026-09-13 16:15:00+03:00,16.4488,,
2026-09-10 17:56:56.414462+03:00,2026-09-13 16:30:00+03:00,16.4536,,
2026-09-10 17:56:56.414462+03:00,2026-09-13 16:45:00+03:00,16.452,,
2026-09-10 17:56:56.414462+03:00,2026-09-13 17:00:00+03:00,16.461,,
2026-09-10 17:56:56.414462+03:00,2026-09-13 17:15:00+03:00,16.4844,,
2026-09-10 17:56:56.414462+03:00,2026-09-13 17:30:00+03:00,16.4799,,
2026-09-10 17:56:56.414462+03:00,2026-09-13 17:45:00+03:00,16.4569,,
2026-09-10 17:56:56.414462+03:00,2026-09-13 18:00:00+03:00,16.4672,,
2026-09-10 17:56:56.414462+03:00,2026-09-13 18:15:00+03:00,16.4264,,
2026-09-10 17:56:56.414462+03:00,2026-09-13 18:30:00+03:00,16.4397,,
2026-09-10 17:56:56.414462+03:00,2026-09-13 18:45:00+03:00,16.4464,,
2026-09-10 17:56:56.414462+03:00,2026-09-13 19:00:00+03:00,16.4764,,
2026-09-10 17:56:56.414462+03:00,2026-09-13 19:15:00+03:00,16.3418,,
2026-09-10 17:56:56.414462+03:00,2026-09-13 19:30:00+03:00,16.39,,
2026-09-10 17:56:56.414462+03:00,2026-09-13 19:45:00+03:00,16.4101,,
2026-09-10 17:56:56.414462+03:00,2026-09-13 20:00:00+03:00,16.4017,,
2026-09-10 17:56:56.414462+03:00,2026-09-13 20:15:00+03:00,16.0948,,
2026-09-10 17:56:56.414462+03:00,2026-09-13 20:30:00+03:00,15.8198,,
2026-09-10 17:56:56.414462+03:00,2026-09-13 20:45:00+03:00,15.865,,
2026-09-10 17:56:56.414462+03:00,2026-09-13 21:00:00+03:00,15.9333,,
2026-09-10 17:56:56.414462+03:00,2026-09-13 21:15:00+03:00,16.0261,,
2026-09-10 17:56:56.414462+03:00,2026-09-13 21:30:00+03:00,16.0823,,
2026-09-10 17:56:56.414462+03:00,2026-09-13 21:45:00+03:00,16.0813,,
2026-09-10 17:56:56.414462+03:00,2026-09-13 22:00:00+03:00,16.0199,,
2026-09-10 17:56:56.414462+03:00,2026-09-13 22:15:00+03:00,15.8861,,
2026-09-10 17:56:56.414462+03:00,2026-09-13 22:30:00+03:00,15.9456,,
2026-09-10 17:56:56.414462+03:00,2026-09-13 22:45:00+03:00,15.9809,,
2026-09-10 17:56:56.414462+03:00,2026-09-13 23:00:00+03:00,16.0644,,
2026-09-10 17:56:56.414462+03:00,2026-09-13 23:15:00+03:00,15.8135,,
2026-09-10 17:56:56.414462+03:00,2026-09-13 23:30:00+03:00,15.9,,
2026-09-10 17:56:56.414462+03:00,2026-09-13 23:45:00+03:00,15.962,,
2026-09-10 17:56:56.414462+03:00,2026-09-14 00:00:00+03:00,15.9861,,
2026-09-10 17:56:56.414462+03:00,2026-09-14 00:15:00+03:00,15.962,,
2026-09-10 17:56:56.414462+03:00,2026-09-14 00:30:00+03:00,16.023,,
2026-09-10 17:56:56.414462+03:00,2026-09-14 00:45:00+03:00,16.0383,,
2026-09-10 17:56:56.414462+03:00,2026-09-14 01:00:00+03:00,16.0313,,
2026-09-10 17:56:56.414462+03:00,2026-09-14 01:15:00+03:00,15.9488,,
2026-09-10 17:56:56.414462+03:00,2026-09-14 01:30:00+03:00,15.9775,,
2026-09-10 17:56:56.414462+03:00,2026-09-14 01:45:00+03:00,15.999,,
2026-09-10 17:56:56.414462+03:00,2026-09-14 02:00:00+03:00,16.0397,,
2026-09-10 17:56:56.414462+03:00,2026-09-14 02:15:00+03:00,16.0521,,
2026-09-10 17:56:56.414462+03:00,2026-09-14 02:30:00+03:00,16.0813,,
2026-09-10 17:56:56.414462+03:00,2026-09-14 02:45:00+03:00,16.088,,
2026-09-10 17:56:56.414462+03:00,2026-09-14 03:00:00+03:00,16.0636,,
2026-09-10 17:56:56.414462+03:00,2026-09-14 03:15:00+03:00,16.0721,,
2026-09-10 17:56:56.414462+03:00,2026-09-14 03:30:00+03:00,16.1012,,
2026-09-10 17:56:56.414462+03:00,2026-09-14 03:45:00+03:00,16.0968,,
2026-09-10 17:56:56.414462+03:00,2026-09-14 04:00:00+03:00,16.1275,,
2026-09-10 17:56:56.414462+03:00,2026-09-14 04:15:00+03:00,16.2633,,
2026-09-10 17:56:56.414462+03:00,2026-09-14 04:30:00+03:00,16.2243,,
2026-09-10 17:56:56.414462+03:00,2026-09-14 04:45:00+03:00,16.2234,,
2026-09-10 17:56:56.414462+03:00,2026-09-14 05:00:00+03:00,16.1489,,
2026-09-10 17:56:56.414462+03:00,2026-09-14 05:15:00+03:00,16.4556,,
2026-09-10 17:56:56.414462+03:00,2026-09-14 05:30:00+03:00,16.6898,,
2026-09-10 17:56:56.414462+03:00,2026-09-14 05:45:00+03:00,16.6121,,
2026-09-10 17:56:56.414462+03:00,2026-09-14 06:00:00+03:00,16.6197,,
2026-09-10 17:56:56.414462+03:00,2026-09-14 06:15:00+03:00,16.9729,,
2026-09-10 17:56:56.414462+03:00,2026-09-14 06:30:00+03:00,17.2152,,
2026-09-10 17:56:56.414462+03:00,2026-09-14 06:45:00+03:00,17.6664,,
2026-09-10 17:56:56.414462+03:00,2026-09-14 07:00:00+03:00,17.9165,,
2026-09-10 17:56:56.414462+03:00,2026-09-14 07:15:00+03:00,18.1168,,
2026-09-10 17:56:56.414462+03:00,2026-09-14 07:30:00+03:00,18.7039,,
2026-09-10 17:56:56.414462+03:00,2026-09-14 07:45:00+03:00,18.8563,,
2026-09-10 17:56:56.414462+03:00,2026-09-14 08:00:00+03:00,19.1118,,
2026-09-10 17:56:56.414462+03:00,2026-09-14 08:15:00+03:00,19.1588,,
2026-09-10 17:56:56.414462+03:00,2026-09-14 08:30:00+03:00,19.072,,
2026-09-10 17:56:56.414462+03:00,2026-09-14 08:45:00+03:00,19.0594,,
2026-09-10 17:56:56.414462+03:00,2026-09-14 09:00:00+03:00,19.0259,,
2026-09-10 17:56:56.414462+03:00,2026-09-14 09:15:00+03:00,18.8389,,
2026-09-10 17:56:56.414462+03:00,2026-09-14 09:30:00+03:00,18.8845,,
2026-09-10 17:56:56.414462+03:00,2026-09-14 09:45:00+03:00,18.9257,,
2026-09-10 17:56:56.414462+03:00,2026-09-14 10:00:00+03:00,18.9206,,
2026-09-10 17:56:56.414462+03:00,2026-09-14 10:15:00+03:00,18.8611,,
2026-09-10 17:56:56.414462+03:00,2026-09-14 10:30:00+03:00,18.9042,,
2026-09-10 17:56:56.414462+03:00,2026-09-14 10:45:00+03:00,18.9045,,
2026-09-10 17:56:56.414462+03:00,2026-09-14 11:00:00+03:00,18.9187,,
2026-09-10 17:56:56.414462+03:00,2026-09-14 11:15:00+03:00,18.855,,
2026-09-10 17:56:56.414462+03:00,2026-09-14 11:30:00+03:00,18.8873,,
2026-09-10 17:56:56.414462+03:00,2026-09-14 11:45:00+03:00,18.8945,,
2026-09-10 17:56:56.414462+03:00,2026-09-14 12:00:00+03:00,18.8928,,
2026-09-10 17:56:56.414462+03:00,2026-09-14 12:15:00+03:00,18.8466,,
2026-09-10 17:56:56.414462+03:00,2026-09-14 12:30:00+03:00,18.8859,,
2026-09-10 17:56:56.414462+03:00,2026-09-14 12:45:00+03:00,18.8889,,
2026-09-10 17:56:56.414462+03:00,2026-09-14 13:00:00+03:00,18.8865,,
2026-09-10 17:56:56.414462+03:00,2026-09-14 13:15:00+03:00,18.8487,,
2026-09-10 17:56:56.414462+03:00,2026-09-14 13:30:00+03:00,18.8894,,
2026-09-10 17:56:56.414462+03:00,2026-09-14 13:45:00+03:00,18.8971,,
2026-09-10 17:56:56.414462+03:00,2026-09-14 14:00:00+03:00,18.8921,,
2026-09-10 17:56:56.414462+03:00,2026-09-14 14:15:00+03:00,18.8734,,
2026-09-10 17:56:56.414462+03:00,2026-09-14 14:30:00+03:00,18.922,,
2026-09-10 17:56:56.414462+03:00,2026-09-14 14:45:00+03:00,18.9185,,
2026-09-10 17:56:56.414462+03:00,2026-09-14 15:00:00+03:00,18.8974,,
2026-09-10 17:56:56.414462+03:00,2026-09-14 15:15:00+03:00,18.9648,,
2026-09-10 17:56:56.414462+03:00,2026-09-14 15:30:00+03:00,18.979,,
2026-09-10 17:56:56.414462+03:00,2026-09-14 15:45:00+03:00,18.9741,,
2026-09-10 17:56:56.414462+03:00,2026-09-14 16:00:00+03:00,18.9333,,
2026-09-10 17:56:56.414462+03:00,2026-09-14 16:15:00+03:00,18.9613,,
2026-09-10 17:56:56.414462+03:00,2026-09-14 16:30:00+03:00,18.9842,,
2026-09-10 17:56:56.414462+03:00,2026-09-14 16:45:00+03:00,18.9762,,
2026-09-10 17:56:56.414462+03:00,2026-09-14 17:00:00+03:00,18.9845,,
2026-09-10 17:56:56.414462+03:00,2026-09-14 17:15:00+03:00,18.9838,,
2026-09-10 17:56:56.414462+03:00,2026-09-14 17:30:00+03:00,18.9992,,
2026-09-10 17:56:56.414462+03:00,2026-09-14 17:45:00+03:00,18.9878,,
2026-09-10 17:56:56.414462+03:00,2026-09-14 18:00:00+03:00,18.9287,,
2026-09-10 17:56:56.414462+03:00,2026-09-14 18:15:00+03:00,18.9264,,
2026-09-10 17:56:56.414462+03:00,2026-09-14 18:30:00+03:00,18.9715,,
2026-09-10 17:56:56.414462+03:00,2026-09-14 18:45:00+03:00,18.9706,,
2026-09-10 17:56:56.414462+03:00,2026-09-14 19:00:00+03:00,18.957,,
2026-09-10 17:56:56.414462+03:00,2026-09-14 19:15:00+03:00,18.8117,,
2026-09-10 17:56:56.414462+03:00,2026-09-14 19:30:00+03:00,18.5247,,
2026-09-10 17:56:56.414462+03:00,2026-09-14 19:45:00+03:00,18.5023,,
2026-09-10 17:56:56.414462+03:00,2026-09-14 20:00:00+03:00,18.463,,
2026-09-10 17:56:56.414462+03:00,2026-09-14 20:15:00+03:00,17.8679,,
2026-09-10 17:56:56.414462+03:00,2026-09-14 20:30:00+03:00,17.2736,,
2026-09-10 17:56:56.414462+03:00,2026-09-14 20:45:00+03:00,16.911,,
2026-09-10 17:56:56.414462+03:00,2026-09-14 21:00:00+03:00,16.3631,,
2026-09-10 17:56:56.414462+03:00,2026-09-14 21:15:00+03:00,16.1487,,
2026-09-10 17:56:56.414462+03:00,2026-09-14 21:30:00+03:00,15.8566,,
2026-09-10 17:56:56.414462+03:00,2026-09-14 21:45:00+03:00,15.926,,
2026-09-10 17:56:56.414462+03:00,2026-09-14 22:00:00+03:00,15.9848,,
2026-09-10 17:56:56.414462+03:00,2026-09-14 22:15:00+03:00,15.8701,,
2026-09-10 17:56:56.414462+03:00,2026-09-14 22:30:00+03:00,15.9458,,
2026-09-10 17:56:56.414462+03:00,2026-09-14 22:45:00+03:00,15.9797,,
2026-09-10 17:56:56.414462+03:00,2026-09-14 23:00:00+03:00,16.0557,,
2026-09-10 17:56:56.414462+03:00,2026-09-14 23:15:00+03:00,15.7863,,
2026-09-10 17:56:56.414462+03:00,2026-09-14 23:30:00+03:00,15.2965,,
2026-09-10 17:56:56.414462+03:00,2026-09-14 23:45:00+03:00,15.3183,,
2026-09-10 17:56:56.414462+03:00,2026-09-15 00:00:00+03:00,15.3523,,
2026-09-10 17:56:56.414462+03:00,2026-09-15 00:15:00+03:00,15.3745,,
2026-09-10 17:56:56.414462+03:00,2026-09-15 00:30:00+03:00,15.4615,,
2026-09-10 17:56:56.414462+03:00,2026-09-15 00:45:00+03:00,15.4796,,
2026-09-10 17:56:56.414462+03:00,2026-09-15 01:00:00+03:00,15.4648,,
2026-09-10 17:56:56.414462+03:00,2026-09-15 01:15:00+03:00,15.3429,,
2026-09-10 17:56:56.414462+03:00,2026-09-15 01:30:00+03:00,15.3952,,
2026-09-10 17:56:56.414462+03:00,2026-09-15 01:45:00+03:00,15.4103,,
2026-09-10 17:56:56.414462+03:00,2026-09-15 02:00:00+03:00,15.427,,
2026-09-10 17:56:56.414462+03:00,2026-09-15 02:15:00+03:00,15.4289,,
2026-09-10 17:56:56.414462+03:00,2026-09-15 02:30:00+03:00,15.4837,,
2026-09-10 17:56:56.414462+03:00,2026-09-15 02:45:00+03:00,15.4822,,
2026-09-10 17:56:56.414462+03:00,2026-09-15 03:00:00+03:00,15.4621,,
2026-09-10 17:56:56.414462+03:00,2026-09-15 03:15:00+03:00,15.4533,,
2026-09-10 17:56:56.414462+03:00,2026-09-15 03:30:00+03:00,15.506,,
2026-09-10 17:56:56.414462+03:00,2026-09-15 03:45:00+03:00,15.4988,,
2026-09-10 17:56:56.414462+03:00,2026-09-15 04:00:00+03:00,15.5044,,
2026-09-10 17:56:56.414462+03:00,2026-09-15 04:15:00+03:00,15.6257,,
2026-09-10 17:56:56.414462+03:00,2026-09-15 04:30:00+03:00,15.6121,,
2026-09-10 17:56:56.414462+03:00,2026-09-15 04:45:00+03:00,15.6077,,
2026-09-10 17:56:56.414462+03:00,2026-09-15 05:00:00+03:00,15.593,,
2026-09-10 17:56:56.414462+03:00,2026-09-15 05:15:00+03:00,15.893,,
2026-09-10 17:56:56.414462+03:00,2026-09-15 05:30:00+03:00,16.3378,,
2026-09-10 17:56:56.414462+03:00,2026-09-15 05:45:00+03:00,16.5799,,
2026-09-10 17:56:56.414462+03:00,2026-09-15 06:00:00+03:00,16.5724,,
2026-09-10 17:56:56.414462+03:00,2026-09-15 06:15:00+03:00,16.8383,,
2026-09-10 17:56:56.414462+03:00,2026-09-15 06:30:00+03:00,17.1877,,
2026-09-10 17:56:56.414462+03:00,2026-09-15 06:45:00+03:00,17.1476,,
2026-09-10 17:56:56.414462+03:00,2026-09-15 07:00:00+03:00,17.0034,,
2026-09-10 17:56:56.414462+03:00,2026-09-15 07:15:00+03:00,17.1946,,
2026-09-10 17:56:56.414462+03:00,2026-09-15 07:30:00+03:00,17.1034,,
2026-09-10 17:56:56.414462+03:00,2026-09-15 07:45:00+03:00,17.0621,,
2026-09-10 17:56:56.414462+03:00,2026-09-15 08:00:00+03:00,16.9531,,
2026-09-10 17:56:56.414462+03:00,2026-09-15 08:15:00+03:00,17.0235,,
2026-09-10 17:56:56.414462+03:00,2026-09-15 08:30:00+03:00,16.9875,,
2026-09-10 17:56:56.414462+03:00,2026-09-15 08:45:00+03:00,16.9981,,
2026-09-10 17:56:56.414462+03:00,2026-09-15 09:00:00+03:00,16.945,,
2026-09-10 17:56:56.414462+03:00,2026-09-15 09:15:00+03:00,16.7903,,
2026-09-10 17:56:56.414462+03:00,2026-09-15 09:30:00+03:00,16.823,,
2026-09-10 17:56:56.414462+03:00,2026-09-15 09:45:00+03:00,16.856,,
2026-09-10 17:56:56.414462+03:00,2026-09-15 10:00:00+03:00,16.8689,,
2026-09-10 17:56:56.414462+03:00,2026-09-15 10:15:00+03:00,16.8213,,
2026-09-10 17:56:56.414462+03:00,2026-09-15 10:30:00+03:00,16.8596,,
2026-09-10 17:56:56.414462+03:00,2026-09-15 10:45:00+03:00,16.8566,,
2026-09-10 17:56:56.414462+03:00,2026-09-15 11:00:00+03:00,16.8708,,
2026-09-10 17:56:56.414462+03:00,2026-09-15 11:15:00+03:00,16.8076,,
2026-09-10 17:56:56.414462+03:00,2026-09-15 11:30:00+03:00,16.8427,,
2026-09-10 17:56:56.414462+03:00,2026-09-15 11:45:00+03:00,16.8423,,
2026-09-10 17:56:56.414462+03:00,2026-09-15 12:00:00+03:00,16.8697,,
2026-09-10 17:56:56.414462+03:00,2026-09-15 12:15:00+03:00,16.807,,
2026-09-10 17:56:56.414462+03:00,2026-09-15 12:30:00+03:00,16.8472,,
2026-09-10 17:56:56.414462+03:00,2026-09-15 12:45:00+03:00,16.8432,,
2026-09-10 17:56:56.414462+03:00,2026-09-15 13:00:00+03:00,16.8595,,
2026-09-10 17:56:56.414462+03:00,2026-09-15 13:15:00+03:00,16.8108,,
2026-09-10 17:56:56.414462+03:00,2026-09-15 13:30:00+03:00,16.8504,,
2026-09-10 17:56:56.414462+03:00,2026-09-15 13:45:00+03:00,16.85,,
2026-09-10 17:56:56.414462+03:00,2026-09-15 14:00:00+03:00,16.8601,,
2026-09-10 17:56:56.414462+03:00,2026-09-15 14:15:00+03:00,16.8276,,
2026-09-10 17:56:56.414462+03:00,2026-09-15 14:30:00+03:00,16.8602,,
2026-09-10 17:56:56.414462+03:00,2026-09-15 14:45:00+03:00,16.8518,,
2026-09-10 17:56:56.414462+03:00,2026-09-15 15:00:00+03:00,16.8364,,
2026-09-10 17:56:56.414462+03:00,2026-09-15 15:15:00+03:00,16.8788,,
2026-09-10 17:56:56.414462+03:00,2026-09-15 15:30:00+03:00,16.8914,,
2026-09-10 17:56:56.414462+03:00,2026-09-15 15:45:00+03:00,16.8811,,
2026-09-10 17:56:56.414462+03:00,2026-09-15 16:00:00+03:00,16.873,,
2026-09-10 17:56:56.414462+03:00,2026-09-15 16:15:00+03:00,16.8779,,
2026-09-10 17:56:56.414462+03:00,2026-09-15 16:30:00+03:00,16.8995,,
2026-09-10 17:56:56.414462+03:00,2026-09-15 16:45:00+03:00,16.8968,,
2026-09-10 17:56:56.414462+03:00,2026-09-15 17:00:00+03:00,16.9034,,
2026-09-10 17:56:56.414462+03:00,2026-09-15 17:15:00+03:00,16.8861,,
2026-09-10 17:56:56.414462+03:00,2026-09-15 17:30:00+03:00,16.8979,,
2026-09-10 17:56:56.414462+03:00,2026-09-15 17:45:00+03:00,16.9009,,
2026-09-10 17:56:56.414462+03:00,2026-09-15 18:00:00+03:00,16.8751,,
2026-09-10 17:56:56.414462+03:00,2026-09-15 18:15:00+03:00,16.8209,,
2026-09-10 17:56:56.414462+03:00,2026-09-15 18:30:00+03:00,16.8662,,
2026-09-10 17:56:56.414462+03:00,2026-09-15 18:45:00+03:00,16.8594,,
2026-09-10 17:56:56.414462+03:00,2026-09-15 19:00:00+03:00,16.8888,,
2026-09-10 17:56:56.414462+03:00,2026-09-15 19:15:00+03:00,16.7314,,
2026-09-10 17:56:56.414462+03:00,2026-09-15 19:30:00+03:00,16.8047,,
2026-09-10 17:56:56.414462+03:00,2026-09-15 19:45:00+03:00,16.8248,,
2026-09-10 17:56:56.414462+03:00,2026-09-15 20:00:00+03:00,16.8132,,
2026-09-10 17:56:56.414462+03:00,2026-09-15 20:15:00+03:00,16.448,,
2026-09-10 17:56:56.414462+03:00,2026-09-15 20:30:00+03:00,16.114,,
2026-09-10 17:56:56.414462+03:00,2026-09-15 20:45:00+03:00,15.8474,,
2026-09-10 17:56:56.414462+03:00,2026-09-15 21:00:00+03:00,15.8535,,
2026-09-10 17:56:56.414462+03:00,2026-09-15 21:15:00+03:00,15.9825,,
2026-09-10 17:56:56.414462+03:00,2026-09-15 21:30:00+03:00,16.0478,,
2026-09-10 17:56:56.414462+03:00,2026-09-15 21:45:00+03:00,16.041,,
2026-09-10 17:56:56.414462+03:00,2026-09-15 22:00:00+03:00,16.0382,,
2026-09-10 17:56:56.414462+03:00,2026-09-15 22:15:00+03:00,15.8786,,
2026-09-10 17:56:56.414462+03:00,2026-09-15 22:30:00+03:00,15.9253,,
2026-09-10 17:56:56.414462+03:00,2026-09-15 22:45:00+03:00,15.9644,,
2026-09-10 17:56:56.414462+03:00,2026-09-15 23:00:00+03:00,16.0512,,
2026-09-10 17:56:56.414462+03:00,2026-09-15 23:15:00+03:00,15.7585,,
2026-09-10 17:56:56.414462+03:00,2026-09-15 23:30:00+03:00,15.2845,,
2026-09-10 17:56:56.414462+03:00,2026-09-15 23:45:00+03:00,15.0048,,
2026-09-10 17:56:56.414462+03:00,2026-09-16 00:00:00+03:00,14.9059,,
2026-09-10 17:56:56.414462+03:00,2026-09-16 00:15:00+03:00,15.0777,,
2026-09-10 17:56:56.414462+03:00,2026-09-16 00:30:00+03:00,15.1237,,
2026-09-10 17:56:56.414462+03:00,2026-09-16 00:45:00+03:00,15.1568,,
2026-09-10 17:56:56.414462+03:00,2026-09-16 01:00:00+03:00,15.1525,,
2026-09-10 17:56:56.414462+03:00,2026-09-16 01:15:00+03:00,15.0648,,
2026-09-10 17:56:56.414462+03:00,2026-09-16 01:30:00+03:00,15.0865,,
2026-09-10 17:56:56.414462+03:00,2026-09-16 01:45:00+03:00,15.105,,
2026-09-10 17:56:56.414462+03:00,2026-09-16 02:00:00+03:00,15.1351,,
2026-09-10 17:56:56.414462+03:00,2026-09-16 02:15:00+03:00,15.1379,,
2026-09-10 17:56:56.414462+03:00,2026-09-16 02:30:00+03:00,15.1614,,
2026-09-10 17:56:56.414462+03:00,2026-09-16 02:45:00+03:00,15.1658,,
2026-09-10 17:56:56.414462+03:00,2026-09-16 03:00:00+03:00,15.1554,,
2026-09-10 17:56:56.414462+03:00,2026-09-16 03:15:00+03:00,15.1755,,
2026-09-10 17:56:56.414462+03:00,2026-09-16 03:30:00+03:00,15.1961,,
2026-09-10 17:56:56.414462+03:00,2026-09-16 03:45:00+03:00,15.1924,,
2026-09-10 17:56:56.414462+03:00,2026-09-16 04:00:00+03:00,15.2283,,
2026-09-10 17:56:56.414462+03:00,2026-09-16 04:15:00+03:00,15.3819,,
2026-09-10 17:56:56.414462+03:00,2026-09-16 04:30:00+03:00,15.656,,
2026-09-10 17:56:56.414462+03:00,2026-09-16 04:45:00+03:00,15.6226,,
2026-09-10 17:56:56.414462+03:00,2026-09-16 05:00:00+03:00,15.6054,,
2026-09-10 17:56:56.414462+03:00,2026-09-16 05:15:00+03:00,15.9015,,
2026-09-10 17:56:56.414462+03:00,2026-09-16 05:30:00+03:00,16.3306,,
2026-09-10 17:56:56.414462+03:00,2026-09-16 05:45:00+03:00,16.5834,,
2026-09-10 17:56:56.414462+03:00,2026-09-16 06:00:00+03:00,16.5852,,
2026-09-10 17:56:56.414462+03:00,2026-09-16 06:15:00+03:00,16.8811,,
2026-09-10 17:56:56.414462+03:00,2026-09-16 06:30:00+03:00,17.1929,,
2026-09-10 17:56:56.414462+03:00,2026-09-16 06:45:00+03:00,17.1405,,
2026-09-10 17:56:56.414462+03:00,2026-09-16 07:00:00+03:00,16.9985,,
2026-09-10 17:56:56.414462+03:00,2026-09-16 07:15:00+03:00,17.1855,,
2026-09-10 17:56:56.414462+03:00,2026-09-16 07:30:00+03:00,17.1018,,
2026-09-10 17:56:56.414462+03:00,2026-09-16 07:45:00+03:00,17.0623,,
2026-09-10 17:56:56.414462+03:00,2026-09-16 08:00:00+03:00,16.9699,,
2026-09-10 17:56:56.414462+03:00,2026-09-16 08:15:00+03:00,17.0286,,
2026-09-10 17:56:56.414462+03:00,2026-09-16 08:30:00+03:00,17.0102,,
2026-09-10 17:56:56.414462+03:00,2026-09-16 08:45:00+03:00,17.0145,,
2026-09-10 17:56:56.414462+03:00,2026-09-16 09:00:00+03:00,16.954,,
2026-09-10 17:56:56.414462+03:00,2026-09-16 09:15:00+03:00,16.8077,,
2026-09-10 17:56:56.414462+03:00,2026-09-16 09:30:00+03:00,16.8452,,
2026-09-10 17:56:56.414462+03:00,2026-09-16 09:45:00+03:00,16.8661,,
2026-09-10 17:56:56.414462+03:00,2026-09-16 10:00:00+03:00,16.8752,,
2026-09-10 17:56:56.414462+03:00,2026-09-16 10:15:00+03:00,16.83,,
2026-09-10 17:56:56.414462+03:00,2026-09-16 10:30:00+03:00,16.8706,,
2026-09-10 17:56:56.414462+03:00,2026-09-16 10:45:00+03:00,16.8743,,
2026-09-10 17:56:56.414462+03:00,2026-09-16 11:00:00+03:00,16.8794,,
2026-09-10 17:56:56.414462+03:00,2026-09-16 11:15:00+03:00,16.8183,,
2026-09-10 17:56:56.414462+03:00,2026-09-16 11:30:00+03:00,16.8481,,
2026-09-10 17:56:56.414462+03:00,2026-09-16 11:45:00+03:00,16.8467,,
2026-09-10 17:56:56.414462+03:00,2026-09-16 12:00:00+03:00,16.8642,,
2026-09-10 17:56:56.414462+03:00,2026-09-16 12:15:00+03:00,16.8058,,
2026-09-10 17:56:56.414462+03:00,2026-09-16 12:30:00+03:00,16.8482,,
2026-09-10 17:56:56.414462+03:00,2026-09-16 12:45:00+03:00,16.8476,,
2026-09-10 17:56:56.414462+03:00,2026-09-16 13:00:00+03:00,16.8665,,
2026-09-10 17:56:56.414462+03:00,2026-09-16 13:15:00+03:00,16.8258,,
2026-09-10 17:56:56.414462+03:00,2026-09-16 13:30:00+03:00,16.873,,
2026-09-10 17:56:56.414462+03:00,2026-09-16 13:45:00+03:00,16.877,,
2026-09-10 17:56:56.414462+03:00,2026-09-16 14:00:00+03:00,16.8806,,
2026-09-10 17:56:56.414462+03:00,2026-09-16 14:15:00+03:00,16.8543,,
2026-09-10 17:56:56.414462+03:00,2026-09-16 14:30:00+03:00,16.8791,,
2026-09-10 17:56:56.414462+03:00,2026-09-16 14:45:00+03:00,16.8747,,
2026-09-10 17:56:56.414462+03:00,2026-09-16 15:00:00+03:00,16.8628,,
2026-09-10 17:56:56.414462+03:00,2026-09-16 15:15:00+03:00,16.8924,,
2026-09-10 17:56:56.414462+03:00,2026-09-16 15:30:00+03:00,16.9087,,
2026-09-10 17:56:56.414462+03:00,2026-09-16 15:45:00+03:00,16.9009,,
2026-09-10 17:56:56.414462+03:00,2026-09-16 16:00:00+03:00,16.8795,,
2026-09-10 17:56:56.414462+03:00,2026-09-16 16:15:00+03:00,16.8864,,
2026-09-10 17:56:56.414462+03:00,2026-09-16 16:30:00+03:00,16.9033,,
2026-09-10 17:56:56.414462+03:00,2026-09-16 16:45:00+03:00,16.896,,
2026-09-10 17:56:56.414462+03:00,2026-09-16 17:00:00+03:00,16.9094,,
2026-09-10 17:56:56.414462+03:00,2026-09-16 17:15:00+03:00,16.8832,,
2026-09-10 17:56:56.414462+03:00,2026-09-16 17:30:00+03:00,16.8951,,
2026-09-10 17:56:56.414462+03:00,2026-09-16 17:45:00+03:00,16.8851,,
2026-09-10 17:56:56.414462+03:00,2026-09-16 18:00:00+03:00,16.8846,,
2026-09-10 17:56:56.414462+03:00,2026-09-16 18:15:00+03:00,16.8389,,
2026-09-10 17:56:56.414462+03:00,2026-09-16 18:30:00+03:00,16.8734,,
2026-09-10 17:56:56.414462+03:00,2026-09-16 18:45:00+03:00,16.8655,,
2026-09-10 17:56:56.414462+03:00,2026-09-16 19:00:00+03:00,16.8735,,
2026-09-10 17:56:56.414462+03:00,2026-09-16 19:15:00+03:00,16.7248,,
2026-09-10 17:56:56.414462+03:00,2026-09-16 19:30:00+03:00,16.7864,,
2026-09-10 17:56:56.414462+03:00,2026-09-16 19:45:00+03:00,16.8172,,
2026-09-10 17:56:56.414462+03:00,2026-09-16 20:00:00+03:00,16.7916,,
2026-09-10 17:56:56.414462+03:00,2026-09-16 20:15:00+03:00,16.4213,,
2026-09-10 17:56:56.414462+03:00,2026-09-16 20:30:00+03:00,16.0939,,
2026-09-10 17:56:56.414462+03:00,2026-09-16 20:45:00+03:00,15.8176,,
2026-09-10 17:56:56.414462+03:00,2026-09-16 21:00:00+03:00,15.8238,,
2026-09-10 17:56:56.414462+03:00,2026-09-16 21:15:00+03:00,15.9352,,
2026-09-10 17:56:56.414462+03:00,2026-09-16 21:30:00+03:00,16.0078,,
2026-09-10 17:56:56.414462+03:00,2026-09-16 21:45:00+03:00,16.0127,,
2026-09-10 17:56:56.414462+03:00,2026-09-16 22:00:00+03:00,16.006,,
2026-09-10 17:56:56.414462+03:00,2026-09-16 22:15:00+03:00,15.8672,,
2026-09-10 17:56:56.414462+03:00,2026-09-16 22:30:00+03:00,15.9248,,
2026-09-10 17:56:56.414462+03:00,2026-09-16 22:45:00+03:00,15.9735,,
2026-09-10 17:56:56.414462+03:00,2026-09-16 23:00:00+03:00,16.0513,,
2026-09-10 17:56:56.414462+03:00,2026-09-16 23:15:00+03:00,15.7893,,
2026-09-10 17:56:56.414462+03:00,2026-09-16 23:30:00+03:00,15.3183,,
2026-09-10 17:56:56.414462+03:00,2026-09-16 23:45:00+03:00,15.3447,,
2026-09-10 17:56:56.414462+03:00,2026-09-17 00:00:00+03:00,15.4034,,
2026-09-10 17:56:56.414462+03:00,2026-09-17 00:15:00+03:00,15.38,,
2026-09-10 17:56:56.414462+03:00,2026-09-17 00:30:00+03:00,15.4712,,
2026-09-10 17:56:56.414462+03:00,2026-09-17 00:45:00+03:00,15.4738,,
2026-09-10 17:56:56.414462+03:00,2026-09-17 01:00:00+03:00,15.4691,,
2026-09-10 17:56:56.414462+03:00,2026-09-17 01:15:00+03:00,15.3694,,
2026-09-10 17:56:56.414462+03:00,2026-09-17 01:30:00+03:00,15.4321,,
2026-09-10 17:56:56.414462+03:00,2026-09-17 01:45:00+03:00,15.4187,,
2026-09-10 17:56:56.414462+03:00,2026-09-17 02:00:00+03:00,15.4475,,
2026-09-10 17:56:56.414462+03:00,2026-09-17 02:15:00+03:00,15.4486,,
2026-09-10 17:56:56.414462+03:00,2026-09-17 02:30:00+03:00,15.5005,,
2026-09-10 17:56:56.414462+03:00,2026-09-17 02:45:00+03:00,15.4842,,
2026-09-10 17:56:56.414462+03:00,2026-09-17 03:00:00+03:00,15.4942,,
2026-09-10 17:56:56.414462+03:00,2026-09-17 03:15:00+03:00,15.4837,,
2026-09-10 17:56:56.414462+03:00,2026-09-17 03:30:00+03:00,15.5297,,
2026-09-10 17:56:56.414462+03:00,2026-09-17 03:45:00+03:00,15.5151,,
2026-09-10 17:56:56.414462+03:00,2026-09-17 04:00:00+03:00,15.5396,,
2026-09-10 17:56:56.414462+03:00,2026-09-17 04:15:00+03:00,15.6582,,
2026-09-10 17:56:56.414462+03:00,2026-09-17 04:30:00+03:00,15.6345,,
2026-09-10 17:56:56.414462+03:00,2026-09-17 04:45:00+03:00,15.621,,
2026-09-10 17:56:56.414462+03:00,2026-09-17 05:00:00+03:00,15.5992,,
2026-09-10 17:56:56.414462+03:00,2026-09-17 05:15:00+03:00,15.9156,,
2026-09-10 17:56:56.414462+03:00,2026-09-17 05:30:00+03:00,16.3517,,
2026-09-10 17:56:56.414462+03:00,2026-09-17 05:45:00+03:00,16.5675,,
2026-09-10 17:56:56.414462+03:00,2026-09-17 06:00:00+03:00,16.5605,,
2026-09-10 17:56:56.414462+03:00,2026-09-17 06:15:00+03:00,16.8344,,
2026-09-10 17:56:56.414462+03:00,2026-09-17 06:30:00+03:00,17.1757,,
2026-09-10 17:56:56.414462+03:00,2026-09-17 06:45:00+03:00,17.1427,,
2026-09-10 17:56:56.414462+03:00,2026-09-17 07:00:00+03:00,17.0017,,
2026-09-10 17:56:56.414462+03:00,2026-09-17 07:15:00+03:00,17.208,,
2026-09-10 17:56:56.414462+03:00,2026-09-17 07:30:00+03:00,17.5824,,
2026-09-10 17:56:56.414462+03:00,2026-09-17 07:45:00+03:00,17.5629,,
2026-09-10 17:56:56.414462+03:00,2026-09-17 08:00:00+03:00,17.4822,,
2026-09-10 17:56:56.414462+03:00,2026-09-17 08:15:00+03:00,17.5024,,
2026-09-10 17:56:56.414462+03:00,2026-09-17 08:30:00+03:00,17.4658,,
2026-09-10 17:56:56.414462+03:00,2026-09-17 08:45:00+03:00,17.4788,,
2026-09-10 17:56:56.414462+03:00,2026-09-17 09:00:00+03:00,17.4182,,
2026-09-10 17:56:56.414462+03:00,2026-09-17 09:15:00+03:00,17.2359,,
2026-09-10 17:56:56.414462+03:00,2026-09-17 09:30:00+03:00,17.2747,,
2026-09-10 17:56:56.414462+03:00,2026-09-17 09:45:00+03:00,17.3101,,
2026-09-10 17:56:56.414462+03:00,2026-09-17 10:00:00+03:00,17.3511,,
2026-09-10 17:56:56.414462+03:00,2026-09-17 10:15:00+03:00,17.2796,,
2026-09-10 17:56:56.414462+03:00,2026-09-17 10:30:00+03:00,17.3475,,
2026-09-10 17:56:56.414462+03:00,2026-09-17 10:45:00+03:00,17.3372,,
2026-09-10 17:56:56.414462+03:00,2026-09-17 11:00:00+03:00,17.3541,,
2026-09-10 17:56:56.414462+03:00,2026-09-17 11:15:00+03:00,17.2772,,
2026-09-10 17:56:56.414462+03:00,2026-09-17 11:30:00+03:00,17.3212,,
2026-09-10 17:56:56.414462+03:00,2026-09-17 11:45:00+03:00,17.3209,,
2026-09-10 17:56:56.414462+03:00,2026-09-17 12:00:00+03:00,17.3217,,
2026-09-10 17:56:56.414462+03:00,2026-09-17 12:15:00+03:00,17.2601,,
2026-09-10 17:56:56.414462+03:00,2026-09-17 12:30:00+03:00,17.3084,,
2026-09-10 17:56:56.414462+03:00,2026-09-17 12:45:00+03:00,17.3083,,
2026-09-10 17:56:56.414462+03:00,2026-09-17 13:00:00+03:00,17.3229,,
2026-09-10 17:56:56.414462+03:00,2026-09-17 13:15:00+03:00,17.2718,,
2026-09-10 17:56:56.414462+03:00,2026-09-17 13:30:00+03:00,17.308,,
2026-09-10 17:56:56.414462+03:00,2026-09-17 13:45:00+03:00,17.313,,
2026-09-10 17:56:56.414462+03:00,2026-09-17 14:00:00+03:00,17.3287,,
2026-09-10 17:56:56.414462+03:00,2026-09-17 14:15:00+03:00,17.2895,,
2026-09-10 17:56:56.414462+03:00,2026-09-17 14:30:00+03:00,17.3251,,
2026-09-10 17:56:56.414462+03:00,2026-09-17 14:45:00+03:00,17.3155,,
2026-09-10 17:56:56.414462+03:00,2026-09-17 15:00:00+03:00,17.3114,,
2026-09-10 17:56:56.414462+03:00,2026-09-17 15:15:00+03:00,17.3465,,
2026-09-10 17:56:56.414462+03:00,2026-09-17 15:30:00+03:00,17.3787,,
2026-09-10 17:56:56.414462+03:00,2026-09-17 15:45:00+03:00,17.3783,,
2026-09-10 17:56:56.414462+03:00,2026-09-17 16:00:00+03:00,17.3486,,
2026-09-10 17:56:56.414462+03:00,2026-09-17 16:15:00+03:00,17.3528,,
2026-09-10 17:56:56.414462+03:00,2026-09-17 16:30:00+03:00,17.3908,,
2026-09-10 17:56:56.414462+03:00,2026-09-17 16:45:00+03:00,17.39,,
2026-09-10 17:56:56.414462+03:00,2026-09-17 17:00:00+03:00,17.378,,
2026-09-10 17:56:56.414462+03:00,2026-09-17 17:15:00+03:00,17.3725,,
2026-09-10 17:56:56.414462+03:00,2026-09-17 17:30:00+03:00,17.373,,
2026-09-10 17:56:56.414462+03:00,2026-09-17 17:45:00+03:00,17.3635,,
2026-09-10 17:56:56.414462+03:00,2026-09-17 18:00:00+03:00,17.3511,,
2026-09-10 17:56:56.414462+03:00,2026-09-17 18:15:00+03:00,17.2948,,
2026-09-10 17:56:56.414462+03:00,2026-09-17 18:30:00+03:00,17.3353,,
2026-09-10 17:56:56.414462+03:00,2026-09-17 18:45:00+03:00,17.3446,,
2026-09-10 17:56:56.414462+03:00,2026-09-17 19:00:00+03:00,17.3483,,
2026-09-10 17:56:56.414462+03:00,2026-09-17 19:15:00+03:00,17.1956,,
2026-09-10 17:56:56.414462+03:00,2026-09-17 19:30:00+03:00,16.7891,,
2026-09-10 17:56:56.414462+03:00,2026-09-17 19:45:00+03:00,16.7529,,
2026-09-10 17:56:56.414462+03:00,2026-09-17 20:00:00+03:00,16.7642,,
2026-09-10 17:56:56.414462+03:00,2026-09-17 20:15:00+03:00,16.4192,,
2026-09-10 17:56:56.414462+03:00,2026-09-17 20:30:00+03:00,16.1547,,
2026-09-10 17:56:56.414462+03:00,2026-09-17 20:45:00+03:00,15.8784,,
2026-09-10 17:56:56.414462+03:00,2026-09-17 21:00:00+03:00,15.9449,,
2026-09-10 17:56:56.414462+03:00,2026-09-17 21:15:00+03:00,15.9542,,
2026-09-10 17:56:56.414462+03:00,2026-09-17 21:30:00+03:00,16.0361,,
2026-09-10 17:56:56.414462+03:00,2026-09-17 21:45:00+03:00,16.0249,,
2026-09-10 17:56:56.414462+03:00,2026-09-17 22:00:00+03:00,16.0264,,
2026-09-10 17:56:56.414462+03:00,2026-09-17 22:15:00+03:00,15.8848,,
2026-09-10 17:56:56.414462+03:00,2026-09-17 22:30:00+03:00,15.9341,,
2026-09-10 17:56:56.414462+03:00,2026-09-17 22:45:00+03:00,15.9749,,
2026-09-10 17:56:56.414462+03:00,2026-09-17 23:00:00+03:00,16.0726,,
2026-09-10 17:56:56.414462+03:00,2026-09-17 23:15:00+03:00,15.7982,,
2026-09-10 17:56:56.414462+03:00,2026-09-17 23:30:00+03:00,15.3145,,
2026-09-10 17:56:56.414462+03:00,2026-09-17 23:45:00+03:00,15.3443,,
