run_date,target_datetime,predicted_price,actual_price,abs_error
2026-08-25 18:24:39.927952+03:00,2026-08-26 00:00:00+03:00,42.0498,63.09,21.04020000000001
2026-08-25 18:24:39.927952+03:00,2026-08-26 00:15:00+03:00,41.7807,55.25,13.469299999999995
2026-08-25 18:24:39.927952+03:00,2026-08-26 00:30:00+03:00,39.3172,57.41,18.0928
2026-08-25 18:24:39.927952+03:00,2026-08-26 00:45:00+03:00,36.7611,49.18,12.4189
2026-08-25 18:24:39.927952+03:00,2026-08-26 01:00:00+03:00,34.9098,60.0,25.090200000000003
2026-08-25 18:24:39.927952+03:00,2026-08-26 01:15:00+03:00,34.2577,58.45,24.192300000000003
2026-08-25 18:24:39.927952+03:00,2026-08-26 01:30:00+03:00,33.5239,57.77,24.24610000000001
2026-08-25 18:24:39.927952+03:00,2026-08-26 01:45:00+03:00,33.2651,58.33,25.0649
2026-08-25 18:24:39.927952+03:00,2026-08-26 02:00:00+03:00,32.9791,58.44,25.460899999999995
2026-08-25 18:24:39.927952+03:00,2026-08-26 02:15:00+03:00,32.6252,59.52,26.894800000000004
2026-08-25 18:24:39.927952+03:00,2026-08-26 02:30:00+03:00,32.8019,60.87,28.0681
2026-08-25 18:24:39.927952+03:00,2026-08-26 02:45:00+03:00,32.8598,60.33,27.4702
2026-08-25 18:24:39.927952+03:00,2026-08-26 03:00:00+03:00,32.9389,60.21,27.271100000000004
2026-08-25 18:24:39.927952+03:00,2026-08-26 03:15:00+03:00,32.9623,60.0,27.0377
2026-08-25 18:24:39.927952+03:00,2026-08-26 03:30:00+03:00,32.9406,62.05,29.1094
2026-08-25 18:24:39.927952+03:00,2026-08-26 03:45:00+03:00,32.9261,64.86,31.9339
2026-08-25 18:24:39.927952+03:00,2026-08-26 04:00:00+03:00,32.9259,57.53,24.604100000000003
2026-08-25 18:24:39.927952+03:00,2026-08-26 04:15:00+03:00,32.9881,64.67,31.6819
2026-08-25 18:24:39.927952+03:00,2026-08-26 04:30:00+03:00,32.9646,57.4,24.4354
2026-08-25 18:24:39.927952+03:00,2026-08-26 04:45:00+03:00,32.96,61.13,28.17
2026-08-25 18:24:39.927952+03:00,2026-08-26 05:00:00+03:00,32.9412,55.37,22.428799999999995
2026-08-25 18:24:39.927952+03:00,2026-08-26 05:15:00+03:00,33.3986,60.57,27.1714
2026-08-25 18:24:39.927952+03:00,2026-08-26 05:30:00+03:00,33.7876,72.9,39.11240000000001
2026-08-25 18:24:39.927952+03:00,2026-08-26 05:45:00+03:00,34.2017,95.85,61.64829999999999
2026-08-25 18:24:39.927952+03:00,2026-08-26 06:00:00+03:00,34.5545,60.66,26.1055
2026-08-25 18:24:39.927952+03:00,2026-08-26 06:15:00+03:00,35.2449,80.57,45.32509999999999
2026-08-25 18:24:39.927952+03:00,2026-08-26 06:30:00+03:00,36.0253,100.09,64.0647
2026-08-25 18:24:39.927952+03:00,2026-08-26 06:45:00+03:00,36.7427,153.79,117.0473
2026-08-25 18:24:39.927952+03:00,2026-08-26 07:00:00+03:00,37.4962,104.4,66.9038
2026-08-25 18:24:39.927952+03:00,2026-08-26 07:15:00+03:00,38.7052,115.7,76.9948
2026-08-25 18:24:39.927952+03:00,2026-08-26 07:30:00+03:00,39.4789,144.25,104.7711
2026-08-25 18:24:39.927952+03:00,2026-08-26 07:45:00+03:00,39.9741,171.01,131.0359
2026-08-25 18:24:39.927952+03:00,2026-08-26 08:00:00+03:00,40.3233,155.18,114.8567
2026-08-25 18:24:39.927952+03:00,2026-08-26 08:15:00+03:00,40.6818,165.94,125.2582
2026-08-25 18:24:39.927952+03:00,2026-08-26 08:30:00+03:00,40.3942,166.43,126.0358
2026-08-25 18:24:39.927952+03:00,2026-08-26 08:45:00+03:00,40.3653,167.02,126.65470000000002
2026-08-25 18:24:39.927952+03:00,2026-08-26 09:00:00+03:00,40.2711,197.4,157.12890000000002
2026-08-25 18:24:39.927952+03:00,2026-08-26 09:15:00+03:00,40.0145,190.8,150.7855
2026-08-25 18:24:39.927952+03:00,2026-08-26 09:30:00+03:00,39.4264,176.14,136.7136
2026-08-25 18:24:39.927952+03:00,2026-08-26 09:45:00+03:00,38.9702,158.36,119.3898
2026-08-25 18:24:39.927952+03:00,2026-08-26 10:00:00+03:00,38.0786,175.05,136.97140000000002
2026-08-25 18:24:39.927952+03:00,2026-08-26 10:15:00+03:00,37.5394,144.06,106.5206
2026-08-25 18:24:39.927952+03:00,2026-08-26 10:30:00+03:00,37.0866,105.8,68.71340000000001
2026-08-25 18:24:39.927952+03:00,2026-08-26 10:45:00+03:00,36.662,87.88,51.218
2026-08-25 18:24:39.927952+03:00,2026-08-26 11:00:00+03:00,36.2836,122.85,86.56639999999999
2026-08-25 18:24:39.927952+03:00,2026-08-26 11:15:00+03:00,35.7815,104.71,68.92849999999999
2026-08-25 18:24:39.927952+03:00,2026-08-26 11:30:00+03:00,35.6391,103.33,67.6909
2026-08-25 18:24:39.927952+03:00,2026-08-26 11:45:00+03:00,35.7074,99.94,64.23259999999999
2026-08-25 18:24:39.927952+03:00,2026-08-26 12:00:00+03:00,35.6905,100.41,64.7195
2026-08-25 18:24:39.927952+03:00,2026-08-26 12:15:00+03:00,35.6993,91.91,56.2107
2026-08-25 18:24:39.927952+03:00,2026-08-26 12:30:00+03:00,35.6835,78.54,42.8565
2026-08-25 18:24:39.927952+03:00,2026-08-26 12:45:00+03:00,35.6831,78.44,42.7569
2026-08-25 18:24:39.927952+03:00,2026-08-26 13:00:00+03:00,35.6628,95.34,59.677200000000006
2026-08-25 18:24:39.927952+03:00,2026-08-26 13:15:00+03:00,35.6522,76.92,41.2678
2026-08-25 18:24:39.927952+03:00,2026-08-26 13:30:00+03:00,35.6374,77.38,41.7426
2026-08-25 18:24:39.927952+03:00,2026-08-26 13:45:00+03:00,35.6462,77.01,41.363800000000005
2026-08-25 18:24:39.927952+03:00,2026-08-26 14:00:00+03:00,35.6877,77.72,42.0323
2026-08-25 18:24:39.927952+03:00,2026-08-26 14:15:00+03:00,35.7493,73.77,38.0207
2026-08-25 18:24:39.927952+03:00,2026-08-26 14:30:00+03:00,35.7272,74.92,39.1928
2026-08-25 18:24:39.927952+03:00,2026-08-26 14:45:00+03:00,35.709,74.29,38.581
2026-08-25 18:24:39.927952+03:00,2026-08-26 15:00:00+03:00,35.6929,72.5,36.8071
2026-08-25 18:24:39.927952+03:00,2026-08-26 15:15:00+03:00,35.7684,73.03,37.2616
2026-08-25 18:24:39.927952+03:00,2026-08-26 15:30:00+03:00,35.7435,75.77,40.0265
2026-08-25 18:24:39.927952+03:00,2026-08-26 15:45:00+03:00,35.7345,79.41,43.6755
2026-08-25 18:24:39.927952+03:00,2026-08-26 16:00:00+03:00,35.7282,76.85,41.12179999999999
2026-08-25 18:24:39.927952+03:00,2026-08-26 16:15:00+03:00,35.8207,87.78,51.9593
2026-08-25 18:24:39.927952+03:00,2026-08-26 16:30:00+03:00,35.771,91.08,55.309
2026-08-25 18:24:39.927952+03:00,2026-08-26 16:45:00+03:00,35.7447,99.58,63.8353
2026-08-25 18:24:39.927952+03:00,2026-08-26 17:00:00+03:00,35.7757,91.69,55.9143
2026-08-25 18:24:39.927952+03:00,2026-08-26 17:15:00+03:00,35.8353,98.97,63.1347
2026-08-25 18:24:39.927952+03:00,2026-08-26 17:30:00+03:00,35.8123,111.12,75.30770000000001
2026-08-25 18:24:39.927952+03:00,2026-08-26 17:45:00+03:00,35.7721,136.4,100.6279
2026-08-25 18:24:39.927952+03:00,2026-08-26 18:00:00+03:00,35.7996,115.74,79.9404
2026-08-25 18:24:39.927952+03:00,2026-08-26 18:15:00+03:00,35.7324,146.62,110.8876
2026-08-25 18:24:39.927952+03:00,2026-08-26 18:30:00+03:00,35.7729,165.7,129.9271
2026-08-25 18:24:39.927952+03:00,2026-08-26 18:45:00+03:00,35.7989,171.36,135.5611
2026-08-25 18:24:39.927952+03:00,2026-08-26 19:00:00+03:00,35.8051,157.08,121.2749
2026-08-25 18:24:39.927952+03:00,2026-08-26 19:15:00+03:00,35.6977,166.2,130.5023
2026-08-25 18:24:39.927952+03:00,2026-08-26 19:30:00+03:00,35.7502,180.81,145.0598
2026-08-25 18:24:39.927952+03:00,2026-08-26 19:45:00+03:00,35.7564,201.31,165.55360000000002
2026-08-25 18:24:39.927952+03:00,2026-08-26 20:00:00+03:00,35.7335,178.57,142.8365
2026-08-25 18:24:39.927952+03:00,2026-08-26 20:15:00+03:00,35.5895,176.88,141.2905
2026-08-25 18:24:39.927952+03:00,2026-08-26 20:30:00+03:00,35.6445,168.84,133.1955
2026-08-25 18:24:39.927952+03:00,2026-08-26 20:45:00+03:00,35.6739,155.1,119.4261
2026-08-25 18:24:39.927952+03:00,2026-08-26 21:00:00+03:00,35.6685,183.33,147.66150000000002
2026-08-25 18:24:39.927952+03:00,2026-08-26 21:15:00+03:00,35.6192,160.74,125.1208
2026-08-25 18:24:39.927952+03:00,2026-08-26 21:30:00+03:00,35.6452,140.14,104.49479999999998
2026-08-25 18:24:39.927952+03:00,2026-08-26 21:45:00+03:00,35.6361,112.93,77.29390000000001
2026-08-25 18:24:39.927952+03:00,2026-08-26 22:00:00+03:00,35.668,165.5,129.832
2026-08-25 18:24:39.927952+03:00,2026-08-26 22:15:00+03:00,35.4041,159.81,124.4059
2026-08-25 18:24:39.927952+03:00,2026-08-26 22:30:00+03:00,34.9745,137.58,102.6055
2026-08-25 18:24:39.927952+03:00,2026-08-26 22:45:00+03:00,34.5673,106.67,72.1027
2026-08-25 18:24:39.927952+03:00,2026-08-26 23:00:00+03:00,34.2091,153.28,119.0709
2026-08-25 18:24:39.927952+03:00,2026-08-26 23:15:00+03:00,33.7707,129.9,96.1293
2026-08-25 18:24:39.927952+03:00,2026-08-26 23:30:00+03:00,33.3839,102.35,68.9661
2026-08-25 18:24:39.927952+03:00,2026-08-26 23:45:00+03:00,32.9336,68.07,35.136399999999995
2026-08-25 18:24:39.927952+03:00,2026-08-27 00:00:00+03:00,32.6756,102.64,69.9644
2026-08-25 18:24:39.927952+03:00,2026-08-27 00:15:00+03:00,32.8408,97.09,64.2492
2026-08-25 18:24:39.927952+03:00,2026-08-27 00:30:00+03:00,32.8769,94.05,61.1731
2026-08-25 18:24:39.927952+03:00,2026-08-27 00:45:00+03:00,32.9339,71.8,38.8661
2026-08-25 18:24:39.927952+03:00,2026-08-27 01:00:00+03:00,32.9012,71.55,38.6488
2026-08-25 18:24:39.927952+03:00,2026-08-27 01:15:00+03:00,32.8173,67.67,34.8527
2026-08-25 18:24:39.927952+03:00,2026-08-27 01:30:00+03:00,32.8214,64.04,31.21860000000001
2026-08-25 18:24:39.927952+03:00,2026-08-27 01:45:00+03:00,32.8434,69.46,36.61659999999999
2026-08-25 18:24:39.927952+03:00,2026-08-27 02:00:00+03:00,32.8835,67.92,35.036500000000004
2026-08-25 18:24:39.927952+03:00,2026-08-27 02:15:00+03:00,32.8826,62.47,29.5874
2026-08-25 18:24:39.927952+03:00,2026-08-27 02:30:00+03:00,32.8886,67.86,34.9714
2026-08-25 18:24:39.927952+03:00,2026-08-27 02:45:00+03:00,32.8845,75.88,42.99549999999999
2026-08-25 18:24:39.927952+03:00,2026-08-27 03:00:00+03:00,32.8861,57.46,24.5739
2026-08-25 18:24:39.927952+03:00,2026-08-27 03:15:00+03:00,32.9057,64.34,31.4343
2026-08-25 18:24:39.927952+03:00,2026-08-27 03:30:00+03:00,32.9117,71.94,39.0283
2026-08-25 18:24:39.927952+03:00,2026-08-27 03:45:00+03:00,32.9091,76.56,43.6509
2026-08-25 18:24:39.927952+03:00,2026-08-27 04:00:00+03:00,32.8842,66.5,33.6158
2026-08-25 18:24:39.927952+03:00,2026-08-27 04:15:00+03:00,32.9739,79.27,46.2961
2026-08-25 18:24:39.927952+03:00,2026-08-27 04:30:00+03:00,32.9392,80.19,47.2508
2026-08-25 18:24:39.927952+03:00,2026-08-27 04:45:00+03:00,32.9314,81.57,48.6386
2026-08-25 18:24:39.927952+03:00,2026-08-27 05:00:00+03:00,32.9118,70.63,37.7182
2026-08-25 18:24:39.927952+03:00,2026-08-27 05:15:00+03:00,33.2133,79.0,45.7867
2026-08-25 18:24:39.927952+03:00,2026-08-27 05:30:00+03:00,33.6758,85.87,52.1942
2026-08-25 18:24:39.927952+03:00,2026-08-27 05:45:00+03:00,34.2619,92.19,57.9281
2026-08-25 18:24:39.927952+03:00,2026-08-27 06:00:00+03:00,34.6011,79.23,44.6289
2026-08-25 18:24:39.927952+03:00,2026-08-27 06:15:00+03:00,35.2565,83.92,48.6635
2026-08-25 18:24:39.927952+03:00,2026-08-27 06:30:00+03:00,35.9701,102.24,66.26989999999999
2026-08-25 18:24:39.927952+03:00,2026-08-27 06:45:00+03:00,36.7808,140.42,103.6392
2026-08-25 18:24:39.927952+03:00,2026-08-27 07:00:00+03:00,37.545,99.15,61.605
2026-08-25 18:24:39.927952+03:00,2026-08-27 07:15:00+03:00,38.7196,108.82,70.1004
2026-08-25 18:24:39.927952+03:00,2026-08-27 07:30:00+03:00,39.6839,120.17,80.4861
2026-08-25 18:24:39.927952+03:00,2026-08-27 07:45:00+03:00,40.6514,131.0,90.3486
2026-08-25 18:24:39.927952+03:00,2026-08-27 08:00:00+03:00,41.3467,152.75,111.4033
2026-08-25 18:24:39.927952+03:00,2026-08-27 08:15:00+03:00,41.9106,157.76,115.8494
2026-08-25 18:24:39.927952+03:00,2026-08-27 08:30:00+03:00,43.0663,159.91,116.8437
2026-08-25 18:24:39.927952+03:00,2026-08-27 08:45:00+03:00,43.999,157.63,113.631
2026-08-25 18:24:39.927952+03:00,2026-08-27 09:00:00+03:00,44.4576,161.02,116.5624
2026-08-25 18:24:39.927952+03:00,2026-08-27 09:15:00+03:00,44.5663,154.89,110.3237
2026-08-25 18:24:39.927952+03:00,2026-08-27 09:30:00+03:00,44.5548,146.8,102.2452
2026-08-25 18:24:39.927952+03:00,2026-08-27 09:45:00+03:00,44.3196,126.07,81.75039999999998
2026-08-25 18:24:39.927952+03:00,2026-08-27 10:00:00+03:00,44.3323,139.02,94.6877
2026-08-25 18:24:39.927952+03:00,2026-08-27 10:15:00+03:00,44.2222,110.83,66.6078
2026-08-25 18:24:39.927952+03:00,2026-08-27 10:30:00+03:00,43.5828,75.76,32.177200000000006
2026-08-25 18:24:39.927952+03:00,2026-08-27 10:45:00+03:00,43.1115,72.52,29.4085
2026-08-25 18:24:39.927952+03:00,2026-08-27 11:00:00+03:00,42.9832,73.42,30.436800000000005
2026-08-25 18:24:39.927952+03:00,2026-08-27 11:15:00+03:00,42.4051,72.3,29.8949
2026-08-25 18:24:39.927952+03:00,2026-08-27 11:30:00+03:00,42.0987,69.18,27.08130000000001
2026-08-25 18:24:39.927952+03:00,2026-08-27 11:45:00+03:00,42.1686,58.91,16.7414
2026-08-25 18:24:39.927952+03:00,2026-08-27 12:00:00+03:00,42.275,71.1,28.825
2026-08-25 18:24:39.927952+03:00,2026-08-27 12:15:00+03:00,42.2267,65.23,23.003300000000003
2026-08-25 18:24:39.927952+03:00,2026-08-27 12:30:00+03:00,42.2508,64.61,22.3592
2026-08-25 18:24:39.927952+03:00,2026-08-27 12:45:00+03:00,42.2603,64.54,22.279700000000005
2026-08-25 18:24:39.927952+03:00,2026-08-27 13:00:00+03:00,42.2685,66.8,24.5315
2026-08-25 18:24:39.927952+03:00,2026-08-27 13:15:00+03:00,42.177,66.3,24.123
2026-08-25 18:24:39.927952+03:00,2026-08-27 13:30:00+03:00,42.207,67.23,25.023000000000003
2026-08-25 18:24:39.927952+03:00,2026-08-27 13:45:00+03:00,42.2149,66.92,24.7051
2026-08-25 18:24:39.927952+03:00,2026-08-27 14:00:00+03:00,42.2674,63.33,21.0626
2026-08-25 18:24:39.927952+03:00,2026-08-27 14:15:00+03:00,42.243,64.25,22.007
2026-08-25 18:24:39.927952+03:00,2026-08-27 14:30:00+03:00,42.2481,64.07,21.821899999999992
2026-08-25 18:24:39.927952+03:00,2026-08-27 14:45:00+03:00,42.2498,64.44,22.1902
2026-08-25 18:24:39.927952+03:00,2026-08-27 15:00:00+03:00,42.3057,63.48,21.174299999999995
2026-08-25 18:24:39.927952+03:00,2026-08-27 15:15:00+03:00,42.2991,65.02,22.7209
2026-08-25 18:24:39.927952+03:00,2026-08-27 15:30:00+03:00,42.3084,66.0,23.6916
2026-08-25 18:24:39.927952+03:00,2026-08-27 15:45:00+03:00,42.3136,64.89,22.5764
2026-08-25 18:24:39.927952+03:00,2026-08-27 16:00:00+03:00,42.3193,64.39,22.0707
2026-08-25 18:24:39.927952+03:00,2026-08-27 16:15:00+03:00,42.3215,66.15,23.828500000000005
2026-08-25 18:24:39.927952+03:00,2026-08-27 16:30:00+03:00,42.3133,65.83,23.5167
2026-08-25 18:24:39.927952+03:00,2026-08-27 16:45:00+03:00,42.2947,68.29,25.995300000000007
2026-08-25 18:24:39.927952+03:00,2026-08-27 17:00:00+03:00,42.353,64.75,22.397
2026-08-25 18:24:39.927952+03:00,2026-08-27 17:15:00+03:00,42.3364,71.19,28.8536
2026-08-25 18:24:39.927952+03:00,2026-08-27 17:30:00+03:00,42.342,94.06,51.718
2026-08-25 18:24:39.927952+03:00,2026-08-27 17:45:00+03:00,42.334,110.33,67.996
2026-08-25 18:24:39.927952+03:00,2026-08-27 18:00:00+03:00,42.2985,88.58,46.2815
2026-08-25 18:24:39.927952+03:00,2026-08-27 18:15:00+03:00,42.2077,112.05,69.8423
2026-08-25 18:24:39.927952+03:00,2026-08-27 18:30:00+03:00,42.2344,126.41,84.1756
2026-08-25 18:24:39.927952+03:00,2026-08-27 18:45:00+03:00,42.2384,143.09,100.8516
2026-08-25 18:24:39.927952+03:00,2026-08-27 19:00:00+03:00,42.2774,126.53,84.2526
2026-08-25 18:24:39.927952+03:00,2026-08-27 19:15:00+03:00,42.1334,126.25,84.1166
2026-08-25 18:24:39.927952+03:00,2026-08-27 19:30:00+03:00,42.1914,121.78,79.5886
2026-08-25 18:24:39.927952+03:00,2026-08-27 19:45:00+03:00,42.1841,103.79,61.605900000000005
2026-08-25 18:24:39.927952+03:00,2026-08-27 20:00:00+03:00,42.2414,144.47,102.2286
2026-08-25 18:24:39.927952+03:00,2026-08-27 20:15:00+03:00,41.8776,125.05,83.1724
2026-08-25 18:24:39.927952+03:00,2026-08-27 20:30:00+03:00,40.7111,118.18,77.4689
2026-08-25 18:24:39.927952+03:00,2026-08-27 20:45:00+03:00,39.6846,83.16,43.47539999999999
2026-08-25 18:24:39.927952+03:00,2026-08-27 21:00:00+03:00,39.0001,126.31,87.3099
2026-08-25 18:24:39.927952+03:00,2026-08-27 21:15:00+03:00,37.9172,97.66,59.7428
2026-08-25 18:24:39.927952+03:00,2026-08-27 21:30:00+03:00,36.7693,83.91,47.1407
2026-08-25 18:24:39.927952+03:00,2026-08-27 21:45:00+03:00,35.6377,80.8,45.1623
2026-08-25 18:24:39.927952+03:00,2026-08-27 22:00:00+03:00,34.7714,82.11,47.3386
2026-08-25 18:24:39.927952+03:00,2026-08-27 22:15:00+03:00,34.0908,78.7,44.6092
2026-08-25 18:24:39.927952+03:00,2026-08-27 22:30:00+03:00,33.3817,77.71,44.32829999999999
2026-08-25 18:24:39.927952+03:00,2026-08-27 22:45:00+03:00,32.6103,76.14,43.5297
2026-08-25 18:24:39.927952+03:00,2026-08-27 23:00:00+03:00,32.493,76.15,43.657
2026-08-25 18:24:39.927952+03:00,2026-08-27 23:15:00+03:00,31.9292,74.79,42.860800000000005
2026-08-25 18:24:39.927952+03:00,2026-08-27 23:30:00+03:00,31.4691,72.3,40.8309
2026-08-25 18:24:39.927952+03:00,2026-08-27 23:45:00+03:00,31.1231,62.11,30.9869
2026-08-25 18:24:39.927952+03:00,2026-08-28 00:00:00+03:00,30.7866,73.04,42.253400000000006
2026-08-25 18:24:39.927952+03:00,2026-08-28 00:15:00+03:00,30.6016,69.01,38.4084
2026-08-25 18:24:39.927952+03:00,2026-08-28 00:30:00+03:00,30.5432,58.37,27.8268
2026-08-25 18:24:39.927952+03:00,2026-08-28 00:45:00+03:00,30.5597,50.58,20.0203
2026-08-25 18:24:39.927952+03:00,2026-08-28 01:00:00+03:00,30.617,47.23,16.612999999999996
2026-08-25 18:24:39.927952+03:00,2026-08-28 01:15:00+03:00,30.5876,46.23,15.6424
2026-08-25 18:24:39.927952+03:00,2026-08-28 01:30:00+03:00,30.5951,40.0,9.4049
2026-08-25 18:24:39.927952+03:00,2026-08-28 01:45:00+03:00,30.6173,38.62,8.002699999999997
2026-08-25 18:24:39.927952+03:00,2026-08-28 02:00:00+03:00,30.6559,45.49,14.834100000000005
2026-08-25 18:24:39.927952+03:00,2026-08-28 02:15:00+03:00,30.6797,44.73,14.050299999999996
2026-08-25 18:24:39.927952+03:00,2026-08-28 02:30:00+03:00,30.6876,40.78,10.0924
2026-08-25 18:24:39.927952+03:00,2026-08-28 02:45:00+03:00,30.6912,39.99,9.298800000000004
2026-08-25 18:24:39.927952+03:00,2026-08-28 03:00:00+03:00,30.6779,40.63,9.952100000000002
2026-08-25 18:24:39.927952+03:00,2026-08-28 03:15:00+03:00,30.7131,41.23,10.516899999999996
2026-08-25 18:24:39.927952+03:00,2026-08-28 03:30:00+03:00,30.7331,42.98,12.246899999999997
2026-08-25 18:24:39.927952+03:00,2026-08-28 03:45:00+03:00,30.7418,45.84,15.098200000000002
2026-08-25 18:24:39.927952+03:00,2026-08-28 04:00:00+03:00,30.701,42.99,12.289
2026-08-25 18:24:39.927952+03:00,2026-08-28 04:15:00+03:00,30.7878,41.33,10.542199999999998
2026-08-25 18:24:39.927952+03:00,2026-08-28 04:30:00+03:00,30.761,46.44,15.678999999999998
2026-08-25 18:24:39.927952+03:00,2026-08-28 04:45:00+03:00,30.7589,41.42,10.6611
2026-08-25 18:24:39.927952+03:00,2026-08-28 05:00:00+03:00,30.8938,41.11,10.2162
2026-08-25 18:24:39.927952+03:00,2026-08-28 05:15:00+03:00,31.6871,40.0,8.312899999999999
2026-08-25 18:24:39.927952+03:00,2026-08-28 05:30:00+03:00,32.6385,43.28,10.6415
2026-08-25 18:24:39.927952+03:00,2026-08-28 05:45:00+03:00,33.7169,45.67,11.9531
2026-08-25 18:24:39.927952+03:00,2026-08-28 06:00:00+03:00,34.5239,38.78,4.256100000000004
2026-08-25 18:24:39.927952+03:00,2026-08-28 06:15:00+03:00,35.4534,44.18,8.726599999999998
2026-08-25 18:24:39.927952+03:00,2026-08-28 06:30:00+03:00,36.724,49.84,13.116000000000009
2026-08-25 18:24:39.927952+03:00,2026-08-28 06:45:00+03:00,37.7057,62.08,24.3743
2026-08-25 18:24:39.927952+03:00,2026-08-28 07:00:00+03:00,38.7166,39.99,1.2734000000000023
2026-08-25 18:24:39.927952+03:00,2026-08-28 07:15:00+03:00,39.6613,50.43,10.768700000000004
2026-08-25 18:24:39.927952+03:00,2026-08-28 07:30:00+03:00,40.5252,73.0,32.4748
2026-08-25 18:24:39.927952+03:00,2026-08-28 07:45:00+03:00,41.0882,74.0,32.9118
2026-08-25 18:24:39.927952+03:00,2026-08-28 08:00:00+03:00,41.4336,54.77,13.336400000000005
2026-08-25 18:24:39.927952+03:00,2026-08-28 08:15:00+03:00,41.6597,73.39,31.7303
2026-08-25 18:24:39.927952+03:00,2026-08-28 08:30:00+03:00,41.436,87.6,46.164
2026-08-25 18:24:39.927952+03:00,2026-08-28 08:45:00+03:00,41.4021,87.52,46.1179
2026-08-25 18:24:39.927952+03:00,2026-08-28 09:00:00+03:00,41.3091,88.14,46.8309
2026-08-25 18:24:39.927952+03:00,2026-08-28 09:15:00+03:00,41.0522,94.64,53.5878
2026-08-25 18:24:39.927952+03:00,2026-08-28 09:30:00+03:00,40.5697,83.21,42.6403
2026-08-25 18:24:39.927952+03:00,2026-08-28 09:45:00+03:00,40.0147,82.32,42.3053
2026-08-25 18:24:39.927952+03:00,2026-08-28 10:00:00+03:00,39.3822,88.8,49.4178
2026-08-25 18:24:39.927952+03:00,2026-08-28 10:15:00+03:00,38.9548,80.0,41.0452
2026-08-25 18:24:39.927952+03:00,2026-08-28 10:30:00+03:00,38.0766,75.35,37.2734
2026-08-25 18:24:39.927952+03:00,2026-08-28 10:45:00+03:00,37.5586,56.14,18.5814
2026-08-25 18:24:39.927952+03:00,2026-08-28 11:00:00+03:00,37.0994,73.29,36.1906
2026-08-25 18:24:39.927952+03:00,2026-08-28 11:15:00+03:00,36.7071,50.41,13.7029
2026-08-25 18:24:39.927952+03:00,2026-08-28 11:30:00+03:00,36.2417,38.71,2.4683
2026-08-25 18:24:39.927952+03:00,2026-08-28 11:45:00+03:00,35.7575,28.55,7.2075
2026-08-25 18:24:39.927952+03:00,2026-08-28 12:00:00+03:00,35.5845,47.6,12.015500000000005
2026-08-25 18:24:39.927952+03:00,2026-08-28 12:15:00+03:00,35.6605,39.01,3.349499999999999
2026-08-25 18:24:39.927952+03:00,2026-08-28 12:30:00+03:00,35.6483,31.42,4.228299999999997
2026-08-25 18:24:39.927952+03:00,2026-08-28 12:45:00+03:00,35.6349,26.0,9.634900000000002
2026-08-25 18:24:39.927952+03:00,2026-08-28 13:00:00+03:00,35.6156,41.96,6.3444
2026-08-25 18:24:39.927952+03:00,2026-08-28 13:15:00+03:00,35.5914,35.9,0.3085999999999984
2026-08-25 18:24:39.927952+03:00,2026-08-28 13:30:00+03:00,35.6038,26.0,9.6038
2026-08-25 18:24:39.927952+03:00,2026-08-28 13:45:00+03:00,35.6055,23.84,11.7655
2026-08-25 18:24:39.927952+03:00,2026-08-28 14:00:00+03:00,35.6395,31.56,4.0795
2026-08-25 18:24:39.927952+03:00,2026-08-28 14:15:00+03:00,35.6867,30.83,4.856700000000004
2026-08-25 18:24:39.927952+03:00,2026-08-28 14:30:00+03:00,35.6717,28.93,6.741700000000002
2026-08-25 18:24:39.927952+03:00,2026-08-28 14:45:00+03:00,35.6795,26.0,9.679499999999996
2026-08-25 18:24:39.927952+03:00,2026-08-28 15:00:00+03:00,35.6716,24.39,11.281599999999996
2026-08-25 18:24:39.927952+03:00,2026-08-28 15:15:00+03:00,35.7098,27.08,8.629800000000003
2026-08-25 18:24:39.927952+03:00,2026-08-28 15:30:00+03:00,35.7003,30.09,5.610299999999999
2026-08-25 18:24:39.927952+03:00,2026-08-28 15:45:00+03:00,35.7032,32.92,2.783200000000001
2026-08-25 18:24:39.927952+03:00,2026-08-28 16:00:00+03:00,35.6909,24.99,10.7009
2026-08-25 18:24:39.927952+03:00,2026-08-28 16:15:00+03:00,35.7568,28.86,6.896799999999999
2026-08-25 18:24:39.927952+03:00,2026-08-28 16:30:00+03:00,35.7327,33.9,1.8327000000000029
2026-08-25 18:24:39.927952+03:00,2026-08-28 16:45:00+03:00,35.7127,39.77,4.057300000000005
2026-08-25 18:24:39.927952+03:00,2026-08-28 17:00:00+03:00,35.7556,22.64,13.1156
2026-08-25 18:24:39.927952+03:00,2026-08-28 17:15:00+03:00,35.7723,27.45,8.322300000000002
2026-08-25 18:24:39.927952+03:00,2026-08-28 17:30:00+03:00,35.7578,35.03,0.727800000000002
2026-08-25 18:24:39.927952+03:00,2026-08-28 17:45:00+03:00,35.7358,40.17,4.434200000000004
2026-08-25 18:24:39.927952+03:00,2026-08-28 18:00:00+03:00,35.7159,26.29,9.4259
2026-08-25 18:24:39.927952+03:00,2026-08-28 18:15:00+03:00,35.6453,35.77,0.1247000000000042
2026-08-25 18:24:39.927952+03:00,2026-08-28 18:30:00+03:00,35.672,41.25,5.578000000000003
2026-08-25 18:24:39.927952+03:00,2026-08-28 18:45:00+03:00,35.6821,44.03,8.347900000000003
2026-08-25 18:24:39.927952+03:00,2026-08-28 19:00:00+03:00,35.7059,45.32,9.6141
2026-08-25 18:24:39.927952+03:00,2026-08-28 19:15:00+03:00,35.5748,40.07,4.495199999999997
2026-08-25 18:24:39.927952+03:00,2026-08-28 19:30:00+03:00,35.6032,38.09,2.4868000000000023
2026-08-25 18:24:39.927952+03:00,2026-08-28 19:45:00+03:00,35.6312,25.23,10.4012
2026-08-25 18:24:39.927952+03:00,2026-08-28 20:00:00+03:00,35.6341,46.04,10.405900000000004
2026-08-25 18:24:39.927952+03:00,2026-08-28 20:15:00+03:00,35.4688,38.64,3.171199999999999
2026-08-25 18:24:39.927952+03:00,2026-08-28 20:30:00+03:00,35.5196,20.19,15.329599999999996
2026-08-25 18:24:39.927952+03:00,2026-08-28 20:45:00+03:00,35.592,9.27,26.322
2026-08-25 18:24:39.927952+03:00,2026-08-28 21:00:00+03:00,35.6058,10.86,24.745800000000003
2026-08-25 18:24:39.927952+03:00,2026-08-28 21:15:00+03:00,35.5734,9.49,26.0834
2026-08-25 18:24:39.927952+03:00,2026-08-28 21:30:00+03:00,35.5856,8.26,27.3256
2026-08-25 18:24:39.927952+03:00,2026-08-28 21:45:00+03:00,35.578,6.76,28.818000000000005
2026-08-25 18:24:39.927952+03:00,2026-08-28 22:00:00+03:00,35.5901,6.6,28.9901
2026-08-25 18:24:39.927952+03:00,2026-08-28 22:15:00+03:00,35.3664,5.29,30.0764
2026-08-25 18:24:39.927952+03:00,2026-08-28 22:30:00+03:00,34.9589,4.81,30.1489
2026-08-25 18:24:39.927952+03:00,2026-08-28 22:45:00+03:00,34.5425,4.28,30.2625
2026-08-25 18:24:39.927952+03:00,2026-08-28 23:00:00+03:00,34.1686,4.08,30.0886
2026-08-25 18:24:39.927952+03:00,2026-08-28 23:15:00+03:00,33.7144,3.53,30.1844
2026-08-25 18:24:39.927952+03:00,2026-08-28 23:30:00+03:00,33.3479,3.32,30.0279
2026-08-25 18:24:39.927952+03:00,2026-08-28 23:45:00+03:00,32.8947,2.82,30.0747
2026-08-25 18:24:39.927952+03:00,2026-08-29 00:00:00+03:00,32.616,2.28,30.336
2026-08-25 18:24:39.927952+03:00,2026-08-29 00:15:00+03:00,32.7379,2.0,30.737900000000003
2026-08-25 18:24:39.927952+03:00,2026-08-29 00:30:00+03:00,32.7619,1.99,30.7719
2026-08-25 18:24:39.927952+03:00,2026-08-29 00:45:00+03:00,32.8352,1.92,30.9152
2026-08-25 18:24:39.927952+03:00,2026-08-29 01:00:00+03:00,32.8213,2.0,30.8213
2026-08-25 18:24:39.927952+03:00,2026-08-29 01:15:00+03:00,32.7586,1.99,30.768600000000003
2026-08-25 18:24:39.927952+03:00,2026-08-29 01:30:00+03:00,32.7672,1.96,30.8072
2026-08-25 18:24:39.927952+03:00,2026-08-29 01:45:00+03:00,32.7982,1.88,30.9182
2026-08-25 18:24:39.927952+03:00,2026-08-29 02:00:00+03:00,32.8315,1.99,30.8415
2026-08-25 18:24:39.927952+03:00,2026-08-29 02:15:00+03:00,32.8411,1.99,30.8511
2026-08-25 18:24:39.927952+03:00,2026-08-29 02:30:00+03:00,32.8475,1.93,30.9175
2026-08-25 18:24:39.927952+03:00,2026-08-29 02:45:00+03:00,32.8432,1.89,30.9532
2026-08-25 18:24:39.927952+03:00,2026-08-29 03:00:00+03:00,32.8776,2.0,30.8776
2026-08-25 18:24:39.927952+03:00,2026-08-29 03:15:00+03:00,32.8937,1.99,30.903700000000004
2026-08-25 18:24:39.927952+03:00,2026-08-29 03:30:00+03:00,32.9054,1.99,30.9154
2026-08-25 18:24:39.927952+03:00,2026-08-29 03:45:00+03:00,32.9077,1.99,30.9177
2026-08-25 18:24:39.927952+03:00,2026-08-29 04:00:00+03:00,32.8839,1.99,30.8939
2026-08-25 18:24:39.927952+03:00,2026-08-29 04:15:00+03:00,32.9437,1.99,30.9537
2026-08-25 18:24:39.927952+03:00,2026-08-29 04:30:00+03:00,32.9394,1.93,31.0094
2026-08-25 18:24:39.927952+03:00,2026-08-29 04:45:00+03:00,32.9342,1.93,31.0042
2026-08-25 18:24:39.927952+03:00,2026-08-29 05:00:00+03:00,32.9141,1.98,30.9341
2026-08-25 18:24:39.927952+03:00,2026-08-29 05:15:00+03:00,32.994,1.96,31.034
2026-08-25 18:24:39.927952+03:00,2026-08-29 05:30:00+03:00,33.5892,2.0,31.5892
2026-08-25 18:24:39.927952+03:00,2026-08-29 05:45:00+03:00,34.263,2.0,32.263
2026-08-25 18:24:39.927952+03:00,2026-08-29 06:00:00+03:00,34.6719,2.2,32.4719
2026-08-25 18:24:39.927952+03:00,2026-08-29 06:15:00+03:00,35.1544,1.99,33.1644
2026-08-25 18:24:39.927952+03:00,2026-08-29 06:30:00+03:00,36.0031,1.93,34.073100000000004
2026-08-25 18:24:39.927952+03:00,2026-08-29 06:45:00+03:00,36.7689,1.92,34.8489
2026-08-25 18:24:39.927952+03:00,2026-08-29 07:00:00+03:00,37.5421,1.99,35.5521
2026-08-25 18:24:39.927952+03:00,2026-08-29 07:15:00+03:00,38.574,1.99,36.584
2026-08-25 18:24:39.927952+03:00,2026-08-29 07:30:00+03:00,39.5234,1.98,37.543400000000005
2026-08-25 18:24:39.927952+03:00,2026-08-29 07:45:00+03:00,39.9429,2.0,37.9429
2026-08-25 18:24:39.927952+03:00,2026-08-29 08:00:00+03:00,40.3621,2.3,38.0621
2026-08-25 18:24:39.927952+03:00,2026-08-29 08:15:00+03:00,40.7296,2.67,38.0596
2026-08-25 18:24:39.927952+03:00,2026-08-29 08:30:00+03:00,40.9906,2.97,38.0206
2026-08-25 18:24:39.927952+03:00,2026-08-29 08:45:00+03:00,40.925,3.53,37.395
2026-08-25 18:24:39.927952+03:00,2026-08-29 09:00:00+03:00,40.7778,3.5,37.2778
2026-08-25 18:24:39.927952+03:00,2026-08-29 09:15:00+03:00,40.5414,3.52,37.0214
2026-08-25 18:24:39.927952+03:00,2026-08-29 09:30:00+03:00,40.0236,3.32,36.7036
2026-08-25 18:24:39.927952+03:00,2026-08-29 09:45:00+03:00,39.4011,3.52,35.8811
2026-08-25 18:24:39.927952+03:00,2026-08-29 10:00:00+03:00,38.9645,3.71,35.2545
2026-08-25 18:24:39.927952+03:00,2026-08-29 10:15:00+03:00,38.0829,3.66,34.4229
2026-08-25 18:24:39.927952+03:00,2026-08-29 10:30:00+03:00,37.5347,3.5,34.0347
2026-08-25 18:24:39.927952+03:00,2026-08-29 10:45:00+03:00,37.1035,3.04,34.0635
2026-08-25 18:24:39.927952+03:00,2026-08-29 11:00:00+03:00,36.6938,3.69,33.003800000000005
2026-08-25 18:24:39.927952+03:00,2026-08-29 11:15:00+03:00,36.2725,3.15,33.1225
2026-08-25 18:24:39.927952+03:00,2026-08-29 11:30:00+03:00,35.7706,2.82,32.9506
2026-08-25 18:24:39.927952+03:00,2026-08-29 11:45:00+03:00,35.6309,2.46,33.1709
2026-08-25 18:24:39.927952+03:00,2026-08-29 12:00:00+03:00,35.6795,2.87,32.8095
2026-08-25 18:24:39.927952+03:00,2026-08-29 12:15:00+03:00,35.6559,2.57,33.0859
2026-08-25 18:24:39.927952+03:00,2026-08-29 12:30:00+03:00,35.6335,2.46,33.1735
2026-08-25 18:24:39.927952+03:00,2026-08-29 12:45:00+03:00,35.6448,2.41,33.23479999999999
2026-08-25 18:24:39.927952+03:00,2026-08-29 13:00:00+03:00,35.633,2.3,33.333000000000006
2026-08-25 18:24:39.927952+03:00,2026-08-29 13:15:00+03:00,35.6061,2.04,33.5661
2026-08-25 18:24:39.927952+03:00,2026-08-29 13:30:00+03:00,35.6096,2.02,33.5896
2026-08-25 18:24:39.927952+03:00,2026-08-29 13:45:00+03:00,35.6169,2.0,33.6169
2026-08-25 18:24:39.927952+03:00,2026-08-29 14:00:00+03:00,35.648,2.0,33.648
2026-08-25 18:24:39.927952+03:00,2026-08-29 14:15:00+03:00,35.6925,2.26,33.432500000000005
2026-08-25 18:24:39.927952+03:00,2026-08-29 14:30:00+03:00,35.6812,2.32,33.3612
2026-08-25 18:24:39.927952+03:00,2026-08-29 14:45:00+03:00,35.6903,2.3,33.3903
2026-08-25 18:24:39.927952+03:00,2026-08-29 15:00:00+03:00,35.6735,2.0,33.6735
2026-08-25 18:24:39.927952+03:00,2026-08-29 15:15:00+03:00,35.7246,2.0,33.7246
2026-08-25 18:24:39.927952+03:00,2026-08-29 15:30:00+03:00,35.7211,2.0,33.7211
2026-08-25 18:24:39.927952+03:00,2026-08-29 15:45:00+03:00,35.7226,2.27,33.4526
2026-08-25 18:24:39.927952+03:00,2026-08-29 16:00:00+03:00,35.7133,2.43,33.2833
2026-08-25 18:24:39.927952+03:00,2026-08-29 16:15:00+03:00,35.7836,2.54,33.2436
2026-08-25 18:24:39.927952+03:00,2026-08-29 16:30:00+03:00,35.7612,3.43,32.3312
2026-08-25 18:24:39.927952+03:00,2026-08-29 16:45:00+03:00,35.7502,4.07,31.6802
2026-08-25 18:24:39.927952+03:00,2026-08-29 17:00:00+03:00,35.7551,3.69,32.0651
2026-08-25 18:24:39.927952+03:00,2026-08-29 17:15:00+03:00,35.7789,3.82,31.9589
2026-08-25 18:24:39.927952+03:00,2026-08-29 17:30:00+03:00,35.7585,4.19,31.5685
2026-08-25 18:24:39.927952+03:00,2026-08-29 17:45:00+03:00,35.7384,4.54,31.1984
2026-08-25 18:24:39.927952+03:00,2026-08-29 18:00:00+03:00,35.7548,2.46,33.2948
2026-08-25 18:24:39.927952+03:00,2026-08-29 18:15:00+03:00,35.673,2.2,33.473
2026-08-25 18:24:39.927952+03:00,2026-08-29 18:30:00+03:00,35.7035,2.27,33.433499999999995
2026-08-25 18:24:39.927952+03:00,2026-08-29 18:45:00+03:00,35.7155,1.99,33.7255
2026-08-25 18:24:39.927952+03:00,2026-08-29 19:00:00+03:00,35.7396,2.07,33.6696
2026-08-25 18:24:39.927952+03:00,2026-08-29 19:15:00+03:00,35.6182,1.96,33.6582
2026-08-25 18:24:39.927952+03:00,2026-08-29 19:30:00+03:00,35.6475,1.97,33.6775
2026-08-25 18:24:39.927952+03:00,2026-08-29 19:45:00+03:00,35.6726,1.84,33.8326
2026-08-25 18:24:39.927952+03:00,2026-08-29 20:00:00+03:00,35.6572,1.96,33.6972
2026-08-25 18:24:39.927952+03:00,2026-08-29 20:15:00+03:00,35.4966,1.96,33.5366
2026-08-25 18:24:39.927952+03:00,2026-08-29 20:30:00+03:00,35.535,1.74,33.794999999999995
2026-08-25 18:24:39.927952+03:00,2026-08-29 20:45:00+03:00,35.6048,1.51,34.0948
2026-08-25 18:24:39.927952+03:00,2026-08-29 21:00:00+03:00,35.62,1.22,34.4
2026-08-25 18:24:39.927952+03:00,2026-08-29 21:15:00+03:00,35.5896,1.22,34.3696
2026-08-25 18:24:39.927952+03:00,2026-08-29 21:30:00+03:00,35.5934,1.16,34.433400000000006
2026-08-25 18:24:39.927952+03:00,2026-08-29 21:45:00+03:00,35.5804,1.23,34.3504
2026-08-25 18:24:39.927952+03:00,2026-08-29 22:00:00+03:00,35.5859,1.0,34.5859
2026-08-25 18:24:39.927952+03:00,2026-08-29 22:15:00+03:00,35.3753,1.06,34.3153
2026-08-25 18:24:39.927952+03:00,2026-08-29 22:30:00+03:00,34.9961,1.5,33.4961
2026-08-25 18:24:39.927952+03:00,2026-08-29 22:45:00+03:00,34.58,1.67,32.91
2026-08-25 18:24:39.927952+03:00,2026-08-29 23:00:00+03:00,34.2113,1.11,33.1013
2026-08-25 18:24:39.927952+03:00,2026-08-29 23:15:00+03:00,33.7641,1.49,32.2741
2026-08-25 18:24:39.927952+03:00,2026-08-29 23:30:00+03:00,33.3803,1.8,31.5803
2026-08-25 18:24:39.927952+03:00,2026-08-29 23:45:00+03:00,32.9297,1.99,30.9397
2026-08-25 18:24:39.927952+03:00,2026-08-30 00:00:00+03:00,32.585,1.01,31.575
2026-08-25 18:24:39.927952+03:00,2026-08-30 00:15:00+03:00,32.269,1.5,30.769
2026-08-25 18:24:39.927952+03:00,2026-08-30 00:30:00+03:00,32.325,1.45,30.875000000000004
2026-08-25 18:24:39.927952+03:00,2026-08-30 00:45:00+03:00,32.4294,1.83,30.599400000000003
2026-08-25 18:24:39.927952+03:00,2026-08-30 01:00:00+03:00,32.4453,1.5,30.945300000000003
2026-08-25 18:24:39.927952+03:00,2026-08-30 01:15:00+03:00,32.4213,1.51,30.9113
2026-08-25 18:24:39.927952+03:00,2026-08-30 01:30:00+03:00,32.4271,1.56,30.867100000000004
2026-08-25 18:24:39.927952+03:00,2026-08-30 01:45:00+03:00,32.4439,1.62,30.8239
2026-08-25 18:24:39.927952+03:00,2026-08-30 02:00:00+03:00,32.465,1.48,30.985000000000003
2026-08-25 18:24:39.927952+03:00,2026-08-30 02:15:00+03:00,32.481,1.5,30.981
2026-08-25 18:24:39.927952+03:00,2026-08-30 02:30:00+03:00,32.4969,1.51,30.986899999999995
2026-08-25 18:24:39.927952+03:00,2026-08-30 02:45:00+03:00,32.4913,1.61,30.881300000000003
2026-08-25 18:24:39.927952+03:00,2026-08-30 03:00:00+03:00,32.4877,1.52,30.9677
2026-08-25 18:24:39.927952+03:00,2026-08-30 03:15:00+03:00,32.5137,1.56,30.9537
2026-08-25 18:24:39.927952+03:00,2026-08-30 03:30:00+03:00,32.514,1.67,30.844
2026-08-25 18:24:39.927952+03:00,2026-08-30 03:45:00+03:00,32.5071,1.8,30.7071
2026-08-25 18:24:39.927952+03:00,2026-08-30 04:00:00+03:00,32.5199,1.65,30.8699
2026-08-25 18:24:39.927952+03:00,2026-08-30 04:15:00+03:00,32.5652,1.77,30.7952
2026-08-25 18:24:39.927952+03:00,2026-08-30 04:30:00+03:00,32.5681,1.8,30.7681
2026-08-25 18:24:39.927952+03:00,2026-08-30 04:45:00+03:00,32.5623,1.8,30.7623
2026-08-25 18:24:39.927952+03:00,2026-08-30 05:00:00+03:00,32.553,1.94,30.613
2026-08-25 18:24:39.927952+03:00,2026-08-30 05:15:00+03:00,32.5715,1.83,30.7415
2026-08-25 18:24:39.927952+03:00,2026-08-30 05:30:00+03:00,32.555,1.83,30.725
2026-08-25 18:24:39.927952+03:00,2026-08-30 05:45:00+03:00,32.5319,1.84,30.6919
2026-08-25 18:24:39.927952+03:00,2026-08-30 06:00:00+03:00,32.4858,2.0,30.4858
2026-08-25 18:24:39.927952+03:00,2026-08-30 06:15:00+03:00,32.5664,2.0,30.5664
2026-08-25 18:24:39.927952+03:00,2026-08-30 06:30:00+03:00,32.5391,2.0,30.5391
2026-08-25 18:24:39.927952+03:00,2026-08-30 06:45:00+03:00,32.5448,2.16,30.3848
2026-08-25 18:24:39.927952+03:00,2026-08-30 07:00:00+03:00,32.5494,3.49,29.0594
2026-08-25 18:24:39.927952+03:00,2026-08-30 07:15:00+03:00,32.5603,3.52,29.0403
2026-08-25 18:24:39.927952+03:00,2026-08-30 07:30:00+03:00,32.577,4.0,28.577
2026-08-25 18:24:39.927952+03:00,2026-08-30 07:45:00+03:00,32.5516,4.99,27.5616
2026-08-25 18:24:39.927952+03:00,2026-08-30 08:00:00+03:00,32.5633,8.26,24.3033
2026-08-25 18:24:39.927952+03:00,2026-08-30 08:15:00+03:00,32.5102,10.0,22.5102
2026-08-25 18:24:39.927952+03:00,2026-08-30 08:30:00+03:00,32.5131,13.77,18.7431
2026-08-25 18:24:39.927952+03:00,2026-08-30 08:45:00+03:00,32.5106,20.08,12.430599999999998
2026-08-25 18:24:39.927952+03:00,2026-08-30 09:00:00+03:00,32.5389,20.0,12.538899999999998
2026-08-25 18:24:39.927952+03:00,2026-08-30 09:15:00+03:00,32.497,25.88,6.617000000000001
2026-08-25 18:24:39.927952+03:00,2026-08-30 09:30:00+03:00,32.5158,17.6,14.915799999999996
2026-08-25 18:24:39.927952+03:00,2026-08-30 09:45:00+03:00,32.4888,10.84,21.6488
2026-08-25 18:24:39.927952+03:00,2026-08-30 10:00:00+03:00,32.503,11.71,20.793
2026-08-25 18:24:39.927952+03:00,2026-08-30 10:15:00+03:00,32.4824,12.7,19.7824
2026-08-25 18:24:39.927952+03:00,2026-08-30 10:30:00+03:00,32.4896,11.92,20.5696
2026-08-25 18:24:39.927952+03:00,2026-08-30 10:45:00+03:00,32.4869,13.87,18.6169
2026-08-25 18:24:39.927952+03:00,2026-08-30 11:00:00+03:00,32.508,15.1,17.408
2026-08-25 18:24:39.927952+03:00,2026-08-30 11:15:00+03:00,32.4791,14.72,17.759100000000004
2026-08-25 18:24:39.927952+03:00,2026-08-30 11:30:00+03:00,32.4899,13.14,19.3499
2026-08-25 18:24:39.927952+03:00,2026-08-30 11:45:00+03:00,32.4869,11.84,20.6469
2026-08-25 18:24:39.927952+03:00,2026-08-30 12:00:00+03:00,32.4963,18.06,14.4363
2026-08-25 18:24:39.927952+03:00,2026-08-30 12:15:00+03:00,32.4821,17.27,15.212100000000005
2026-08-25 18:24:39.927952+03:00,2026-08-30 12:30:00+03:00,32.4935,14.0,18.4935
2026-08-25 18:24:39.927952+03:00,2026-08-30 12:45:00+03:00,32.4896,14.0,18.489600000000003
2026-08-25 18:24:39.927952+03:00,2026-08-30 13:00:00+03:00,32.4949,17.57,14.9249
2026-08-25 18:24:39.927952+03:00,2026-08-30 13:15:00+03:00,32.465,15.79,16.675000000000004
2026-08-25 18:24:39.927952+03:00,2026-08-30 13:30:00+03:00,32.4699,14.61,17.859900000000003
2026-08-25 18:24:39.927952+03:00,2026-08-30 13:45:00+03:00,32.4635,13.99,18.4735
2026-08-25 18:24:39.927952+03:00,2026-08-30 14:00:00+03:00,32.474,14.0,18.474
2026-08-25 18:24:39.927952+03:00,2026-08-30 14:15:00+03:00,32.4906,14.0,18.4906
2026-08-25 18:24:39.927952+03:00,2026-08-30 14:30:00+03:00,32.4888,13.99,18.4988
2026-08-25 18:24:39.927952+03:00,2026-08-30 14:45:00+03:00,32.4814,13.99,18.4914
2026-08-25 18:24:39.927952+03:00,2026-08-30 15:00:00+03:00,32.4855,13.99,18.4955
2026-08-25 18:24:39.927952+03:00,2026-08-30 15:15:00+03:00,32.523,14.4,18.123000000000005
2026-08-25 18:24:39.927952+03:00,2026-08-30 15:30:00+03:00,32.5242,14.71,17.8142
2026-08-25 18:24:39.927952+03:00,2026-08-30 15:45:00+03:00,32.5204,17.41,15.110400000000002
2026-08-25 18:24:39.927952+03:00,2026-08-30 16:00:00+03:00,32.5055,13.99,18.5155
2026-08-25 18:24:39.927952+03:00,2026-08-30 16:15:00+03:00,32.5531,16.94,15.6131
2026-08-25 18:24:39.927952+03:00,2026-08-30 16:30:00+03:00,32.5507,23.05,9.500699999999998
2026-08-25 18:24:39.927952+03:00,2026-08-30 16:45:00+03:00,32.5291,33.29,0.7608999999999995
2026-08-25 18:24:39.927952+03:00,2026-08-30 17:00:00+03:00,32.5246,14.37,18.1546
2026-08-25 18:24:39.927952+03:00,2026-08-30 17:15:00+03:00,32.504,20.34,12.163999999999998
2026-08-25 18:24:39.927952+03:00,2026-08-30 17:30:00+03:00,32.4965,34.66,2.163499999999999
2026-08-25 18:24:39.927952+03:00,2026-08-30 17:45:00+03:00,32.515,61.87,29.355
2026-08-25 18:24:39.927952+03:00,2026-08-30 18:00:00+03:00,32.5286,11.14,21.3886
2026-08-25 18:24:39.927952+03:00,2026-08-30 18:15:00+03:00,32.503,34.22,1.7169999999999987
2026-08-25 18:24:39.927952+03:00,2026-08-30 18:30:00+03:00,32.5313,59.35,26.8187
2026-08-25 18:24:39.927952+03:00,2026-08-30 18:45:00+03:00,32.5202,67.82,35.29979999999999
2026-08-25 18:24:39.927952+03:00,2026-08-30 19:00:00+03:00,32.5337,53.88,21.3463
2026-08-25 18:24:39.927952+03:00,2026-08-30 19:15:00+03:00,32.4696,50.89,18.4204
2026-08-25 18:24:39.927952+03:00,2026-08-30 19:30:00+03:00,32.5064,49.99,17.483600000000003
2026-08-25 18:24:39.927952+03:00,2026-08-30 19:45:00+03:00,32.5011,50.0,17.4989
2026-08-25 18:24:39.927952+03:00,2026-08-30 20:00:00+03:00,32.4729,49.33,16.857099999999996
2026-08-25 18:24:39.927952+03:00,2026-08-30 20:15:00+03:00,32.3273,48.8,16.472699999999996
2026-08-25 18:24:39.927952+03:00,2026-08-30 20:30:00+03:00,32.388,43.36,10.972
2026-08-25 18:24:39.927952+03:00,2026-08-30 20:45:00+03:00,32.4326,40.4,7.967399999999998
2026-08-25 18:24:39.927952+03:00,2026-08-30 21:00:00+03:00,32.4276,49.08,16.6524
2026-08-25 18:24:39.927952+03:00,2026-08-30 21:15:00+03:00,32.4278,45.67,13.242200000000004
2026-08-25 18:24:39.927952+03:00,2026-08-30 21:30:00+03:00,32.4397,40.93,8.490299999999998
2026-08-25 18:24:39.927952+03:00,2026-08-30 21:45:00+03:00,32.4274,31.04,1.3873999999999995
2026-08-25 18:24:39.927952+03:00,2026-08-30 22:00:00+03:00,32.4034,41.13,8.726600000000005
2026-08-25 18:24:39.927952+03:00,2026-08-30 22:15:00+03:00,32.1921,40.92,8.727899999999998
2026-08-25 18:24:39.927952+03:00,2026-08-30 22:30:00+03:00,32.2482,35.32,3.071800000000003
2026-08-25 18:24:39.927952+03:00,2026-08-30 22:45:00+03:00,32.3308,29.23,3.100800000000003
2026-08-25 18:24:39.927952+03:00,2026-08-30 23:00:00+03:00,32.3347,45.56,13.225300000000004
2026-08-25 18:24:39.927952+03:00,2026-08-30 23:15:00+03:00,32.1314,35.93,3.7986
2026-08-25 18:24:39.927952+03:00,2026-08-30 23:30:00+03:00,32.22,29.6,2.619999999999997
2026-08-25 18:24:39.927952+03:00,2026-08-30 23:45:00+03:00,32.2947,24.68,7.614699999999999
2026-08-25 18:24:39.927952+03:00,2026-08-31 00:00:00+03:00,32.4627,38.38,5.9173000000000044
2026-08-25 18:24:39.927952+03:00,2026-08-31 00:15:00+03:00,32.4398,35.14,2.7002000000000024
2026-08-25 18:24:39.927952+03:00,2026-08-31 00:30:00+03:00,32.4503,29.48,2.970299999999998
2026-08-25 18:24:39.927952+03:00,2026-08-31 00:45:00+03:00,32.4685,26.59,5.878499999999999
2026-08-25 18:24:39.927952+03:00,2026-08-31 01:00:00+03:00,32.4504,27.02,5.430400000000002
2026-08-25 18:24:39.927952+03:00,2026-08-31 01:15:00+03:00,32.3862,26.63,5.756200000000003
2026-08-25 18:24:39.927952+03:00,2026-08-31 01:30:00+03:00,32.4037,26.36,6.043700000000001
2026-08-25 18:24:39.927952+03:00,2026-08-31 01:45:00+03:00,32.4258,27.75,4.675800000000002
2026-08-25 18:24:39.927952+03:00,2026-08-31 02:00:00+03:00,32.4572,26.16,6.2972
2026-08-25 18:24:39.927952+03:00,2026-08-31 02:15:00+03:00,32.4687,26.54,5.928699999999999
2026-08-25 18:24:39.927952+03:00,2026-08-31 02:30:00+03:00,32.4706,27.94,4.530599999999996
2026-08-25 18:24:39.927952+03:00,2026-08-31 02:45:00+03:00,32.4696,28.0,4.4696
2026-08-25 18:24:39.927952+03:00,2026-08-31 03:00:00+03:00,32.4711,27.55,4.921099999999999
2026-08-25 18:24:39.927952+03:00,2026-08-31 03:15:00+03:00,32.4735,27.89,4.583500000000001
2026-08-25 18:24:39.927952+03:00,2026-08-31 03:30:00+03:00,32.4717,29.96,2.5116999999999976
2026-08-25 18:24:39.927952+03:00,2026-08-31 03:45:00+03:00,32.4695,31.7,0.7694999999999972
2026-08-25 18:24:39.927952+03:00,2026-08-31 04:00:00+03:00,32.4829,27.03,5.4529
2026-08-25 18:24:39.927952+03:00,2026-08-31 04:15:00+03:00,32.5733,27.52,5.053300000000004
2026-08-25 18:24:39.927952+03:00,2026-08-31 04:30:00+03:00,32.5437,28.02,4.523700000000002
2026-08-25 18:24:39.927952+03:00,2026-08-31 04:45:00+03:00,32.5352,30.0,2.5352000000000032
2026-08-25 18:24:39.927952+03:00,2026-08-31 05:00:00+03:00,32.5267,24.02,8.506699999999999
2026-08-25 18:24:39.927952+03:00,2026-08-31 05:15:00+03:00,32.7518,26.68,6.071800000000003
2026-08-25 18:24:39.927952+03:00,2026-08-31 05:30:00+03:00,33.092,34.01,0.9179999999999992
2026-08-25 18:24:39.927952+03:00,2026-08-31 05:45:00+03:00,33.5119,45.28,11.768100000000004
2026-08-25 18:24:39.927952+03:00,2026-08-31 06:00:00+03:00,34.1272,17.46,16.6672
2026-08-25 18:24:39.927952+03:00,2026-08-31 06:15:00+03:00,34.7946,29.49,5.304600000000004
2026-08-25 18:24:39.927952+03:00,2026-08-31 06:30:00+03:00,35.5937,50.14,14.546300000000002
2026-08-25 18:24:39.927952+03:00,2026-08-31 06:45:00+03:00,36.3668,77.76,41.39320000000001
2026-08-25 18:24:39.927952+03:00,2026-08-31 07:00:00+03:00,37.5216,34.26,3.2616000000000014
2026-08-25 18:24:39.927952+03:00,2026-08-31 07:15:00+03:00,38.8306,70.77,31.9394
2026-08-25 18:24:39.927952+03:00,2026-08-31 07:30:00+03:00,39.7426,102.99,63.24739999999999
2026-08-25 18:24:39.927952+03:00,2026-08-31 07:45:00+03:00,40.6909,108.99,68.2991
2026-08-25 18:24:39.927952+03:00,2026-08-31 08:00:00+03:00,41.2505,109.42,68.1695
2026-08-25 18:24:39.927952+03:00,2026-08-31 08:15:00+03:00,41.3283,110.91,69.5817
2026-08-25 18:24:39.927952+03:00,2026-08-31 08:30:00+03:00,41.5593,112.81,71.2507
2026-08-25 18:24:39.927952+03:00,2026-08-31 08:45:00+03:00,41.2811,114.0,72.71889999999999
2026-08-25 18:24:39.927952+03:00,2026-08-31 09:00:00+03:00,41.1547,118.47,77.31530000000001
2026-08-25 18:24:39.927952+03:00,2026-08-31 09:15:00+03:00,40.4506,118.74,78.2894
2026-08-25 18:24:39.927952+03:00,2026-08-31 09:30:00+03:00,39.9494,117.21,77.2606
2026-08-25 18:24:39.927952+03:00,2026-08-31 09:45:00+03:00,39.4232,118.03,78.60679999999999
2026-08-25 18:24:39.927952+03:00,2026-08-31 10:00:00+03:00,38.9386,123.14,84.2014
2026-08-25 18:24:39.927952+03:00,2026-08-31 10:15:00+03:00,38.0568,121.27,83.2132
2026-08-25 18:24:39.927952+03:00,2026-08-31 10:30:00+03:00,37.5028,112.85,75.34719999999999
2026-08-25 18:24:39.927952+03:00,2026-08-31 10:45:00+03:00,37.0803,101.58,64.49969999999999
2026-08-25 18:24:39.927952+03:00,2026-08-31 11:00:00+03:00,36.6846,102.05,65.3654
2026-08-25 18:24:39.927952+03:00,2026-08-31 11:15:00+03:00,36.2627,91.24,54.97729999999999
2026-08-25 18:24:39.927952+03:00,2026-08-31 11:30:00+03:00,35.7594,68.36,32.6006
2026-08-25 18:24:39.927952+03:00,2026-08-31 11:45:00+03:00,35.6519,52.75,17.098100000000002
2026-08-25 18:24:39.927952+03:00,2026-08-31 12:00:00+03:00,35.6676,70.46,34.792399999999994
2026-08-25 18:24:39.927952+03:00,2026-08-31 12:15:00+03:00,35.652,60.72,25.068
2026-08-25 18:24:39.927952+03:00,2026-08-31 12:30:00+03:00,35.6349,51.65,16.015099999999997
2026-08-25 18:24:39.927952+03:00,2026-08-31 12:45:00+03:00,35.6376,50.43,14.7924
2026-08-25 18:24:39.927952+03:00,2026-08-31 13:00:00+03:00,35.6207,50.35,14.729300000000002
2026-08-25 18:24:39.927952+03:00,2026-08-31 13:15:00+03:00,35.5857,52.96,17.374299999999998
2026-08-25 18:24:39.927952+03:00,2026-08-31 13:30:00+03:00,35.597,50.36,14.762999999999998
2026-08-25 18:24:39.927952+03:00,2026-08-31 13:45:00+03:00,35.6082,48.68,13.071800000000003
2026-08-25 18:24:39.927952+03:00,2026-08-31 14:00:00+03:00,35.6436,46.47,10.8264
2026-08-25 18:24:39.927952+03:00,2026-08-31 14:15:00+03:00,35.6802,48.27,12.589800000000004
2026-08-25 18:24:39.927952+03:00,2026-08-31 14:30:00+03:00,35.6646,50.07,14.4054
2026-08-25 18:24:39.927952+03:00,2026-08-31 14:45:00+03:00,35.6693,52.75,17.0807
2026-08-25 18:24:39.927952+03:00,2026-08-31 15:00:00+03:00,35.6524,43.43,7.7776
2026-08-25 18:24:39.927952+03:00,2026-08-31 15:15:00+03:00,35.6805,49.98,14.299499999999997
2026-08-25 18:24:39.927952+03:00,2026-08-31 15:30:00+03:00,35.6781,54.98,19.3019
2026-08-25 18:24:39.927952+03:00,2026-08-31 15:45:00+03:00,35.6832,60.89,25.2068
2026-08-25 18:24:39.927952+03:00,2026-08-31 16:00:00+03:00,35.6941,36.14,0.4459000000000017
2026-08-25 18:24:39.927952+03:00,2026-08-31 16:15:00+03:00,35.7179,43.0,7.2821
2026-08-25 18:24:39.927952+03:00,2026-08-31 16:30:00+03:00,35.7176,72.86,37.1424
2026-08-25 18:24:39.927952+03:00,2026-08-31 16:45:00+03:00,35.71,93.53,57.82
2026-08-25 18:24:39.927952+03:00,2026-08-31 17:00:00+03:00,35.7421,71.0,35.2579
2026-08-25 18:24:39.927952+03:00,2026-08-31 17:15:00+03:00,35.7587,91.8,56.0413
2026-08-25 18:24:39.927952+03:00,2026-08-31 17:30:00+03:00,35.7424,109.04,73.2976
2026-08-25 18:24:39.927952+03:00,2026-08-31 17:45:00+03:00,35.7273,111.19,75.4627
2026-08-25 18:24:39.927952+03:00,2026-08-31 18:00:00+03:00,35.7494,123.04,87.29060000000001
2026-08-25 18:24:39.927952+03:00,2026-08-31 18:15:00+03:00,35.6686,126.1,90.4314
2026-08-25 18:24:39.927952+03:00,2026-08-31 18:30:00+03:00,35.7044,127.52,91.8156
2026-08-25 18:24:39.927952+03:00,2026-08-31 18:45:00+03:00,35.7098,132.94,97.2302
2026-08-25 18:24:39.927952+03:00,2026-08-31 19:00:00+03:00,35.7563,133.59,97.8337
2026-08-25 18:24:39.927952+03:00,2026-08-31 19:15:00+03:00,35.6197,130.89,95.2703
2026-08-25 18:24:39.927952+03:00,2026-08-31 19:30:00+03:00,35.6504,132.89,97.2396
2026-08-25 18:24:39.927952+03:00,2026-08-31 19:45:00+03:00,35.6806,112.47,76.7894
2026-08-25 18:24:39.927952+03:00,2026-08-31 20:00:00+03:00,35.6916,144.25,108.5584
2026-08-25 18:24:39.927952+03:00,2026-08-31 20:15:00+03:00,35.4458,130.84,95.3942
2026-08-25 18:24:39.927952+03:00,2026-08-31 20:30:00+03:00,35.5005,113.34,77.8395
2026-08-25 18:24:39.927952+03:00,2026-08-31 20:45:00+03:00,35.6279,88.77,53.1421
2026-08-25 18:24:39.927952+03:00,2026-08-31 21:00:00+03:00,35.65,138.86,103.21
2026-08-25 18:24:39.927952+03:00,2026-08-31 21:15:00+03:00,35.6212,115.49,79.8688
2026-08-25 18:24:39.927952+03:00,2026-08-31 21:30:00+03:00,35.6335,85.21,49.5765
2026-08-25 18:24:39.927952+03:00,2026-08-31 21:45:00+03:00,35.6284,60.47,24.8416
2026-08-25 18:24:39.927952+03:00,2026-08-31 22:00:00+03:00,35.6251,120.22,84.5949
2026-08-25 18:24:39.927952+03:00,2026-08-31 22:15:00+03:00,35.4053,119.89,84.4847
2026-08-25 18:24:39.927952+03:00,2026-08-31 22:30:00+03:00,34.9957,79.56,44.5643
2026-08-25 18:24:39.927952+03:00,2026-08-31 22:45:00+03:00,34.5864,61.66,27.0736
2026-08-25 18:24:39.927952+03:00,2026-08-31 23:00:00+03:00,34.2093,67.48,33.270700000000005
2026-08-25 18:24:39.927952+03:00,2026-08-31 23:15:00+03:00,33.7398,60.04,26.3002
2026-08-25 18:24:39.927952+03:00,2026-08-31 23:30:00+03:00,33.3635,47.41,14.046499999999996
2026-08-25 18:24:39.927952+03:00,2026-08-31 23:45:00+03:00,32.9285,34.37,1.4414999999999978
2026-08-25 18:24:39.927952+03:00,2026-09-01 00:00:00+03:00,32.6022,53.76,21.157799999999995
2026-08-25 18:24:39.927952+03:00,2026-09-01 00:15:00+03:00,32.3087,49.71,17.4013
2026-08-25 18:24:39.927952+03:00,2026-09-01 00:30:00+03:00,32.3288,45.09,12.761200000000002
2026-08-25 18:24:39.927952+03:00,2026-09-01 00:45:00+03:00,32.4497,35.36,2.9102999999999994
2026-08-25 18:24:39.927952+03:00,2026-09-01 01:00:00+03:00,32.4549,46.56,14.1051
2026-08-25 18:24:39.927952+03:00,2026-09-01 01:15:00+03:00,32.4353,39.86,7.424700000000001
2026-08-25 18:24:39.927952+03:00,2026-09-01 01:30:00+03:00,32.4387,36.76,4.321300000000001
2026-08-25 18:24:39.927952+03:00,2026-09-01 01:45:00+03:00,32.4576,30.03,2.427599999999998
2026-08-25 18:24:39.927952+03:00,2026-09-01 02:00:00+03:00,32.4826,41.16,8.677399999999999
2026-08-25 18:24:39.927952+03:00,2026-09-01 02:15:00+03:00,32.4946,39.13,6.635400000000004
2026-08-25 18:24:39.927952+03:00,2026-09-01 02:30:00+03:00,32.5069,37.89,5.383099999999999
2026-08-25 18:24:39.927952+03:00,2026-09-01 02:45:00+03:00,32.5044,36.85,4.345600000000005
2026-08-25 18:24:39.927952+03:00,2026-09-01 03:00:00+03:00,32.4999,40.3,7.8001000000000005
2026-08-25 18:24:39.927952+03:00,2026-09-01 03:15:00+03:00,32.5201,39.91,7.389899999999997
2026-08-25 18:24:39.927952+03:00,2026-09-01 03:30:00+03:00,32.5237,39.28,6.756300000000003
2026-08-25 18:24:39.927952+03:00,2026-09-01 03:45:00+03:00,32.5157,36.87,4.354299999999995
2026-08-25 18:24:39.927952+03:00,2026-09-01 04:00:00+03:00,32.5356,36.87,4.334399999999995
2026-08-25 18:24:39.927952+03:00,2026-09-01 04:15:00+03:00,32.6552,35.79,3.1347999999999985
2026-08-25 18:24:39.927952+03:00,2026-09-01 04:30:00+03:00,33.1316,34.69,1.558399999999999
2026-08-25 18:24:39.927952+03:00,2026-09-01 04:45:00+03:00,33.5852,36.18,2.5947999999999993
2026-08-25 18:24:39.927952+03:00,2026-09-01 05:00:00+03:00,34.2693,36.85,2.5807
2026-08-25 18:24:39.927952+03:00,2026-09-01 05:15:00+03:00,34.9968,36.77,1.7732000000000028
2026-08-25 18:24:39.927952+03:00,2026-09-01 05:30:00+03:00,35.8046,37.18,1.375399999999999
2026-08-25 18:24:39.927952+03:00,2026-09-01 05:45:00+03:00,36.5044,42.48,5.9756
2026-08-25 18:24:39.927952+03:00,2026-09-01 06:00:00+03:00,37.486,31.21,6.275999999999996
2026-08-25 18:24:39.927952+03:00,2026-09-01 06:15:00+03:00,38.8248,41.72,2.8951999999999956
2026-08-25 18:24:39.927952+03:00,2026-09-01 06:30:00+03:00,39.7951,45.15,5.354900000000001
2026-08-25 18:24:39.927952+03:00,2026-09-01 06:45:00+03:00,40.6873,53.55,12.862699999999997
2026-08-25 18:24:39.927952+03:00,2026-09-01 07:00:00+03:00,41.2875,22.39,18.8975
2026-08-25 18:24:39.927952+03:00,2026-09-01 07:15:00+03:00,41.9972,29.06,12.9372
2026-08-25 18:24:39.927952+03:00,2026-09-01 07:30:00+03:00,43.0204,50.0,6.979599999999998
2026-08-25 18:24:39.927952+03:00,2026-09-01 07:45:00+03:00,43.3898,59.47,16.080199999999998
2026-08-25 18:24:39.927952+03:00,2026-09-01 08:00:00+03:00,43.8758,50.0,6.124200000000002
2026-08-25 18:24:39.927952+03:00,2026-09-01 08:15:00+03:00,44.1492,86.8,42.6508
2026-08-25 18:24:39.927952+03:00,2026-09-01 08:30:00+03:00,44.0206,96.19,52.169399999999996
2026-08-25 18:24:39.927952+03:00,2026-09-01 08:45:00+03:00,43.9637,123.6,79.63629999999999
2026-08-25 18:24:39.927952+03:00,2026-09-01 09:00:00+03:00,43.8652,127.95,84.0848
2026-08-25 18:24:39.927952+03:00,2026-09-01 09:15:00+03:00,43.6102,128.57,84.9598
2026-08-25 18:24:39.927952+03:00,2026-09-01 09:30:00+03:00,43.1168,126.54,83.42320000000001
2026-08-25 18:24:39.927952+03:00,2026-09-01 09:45:00+03:00,43.0454,128.57,85.52459999999999
2026-08-25 18:24:39.927952+03:00,2026-09-01 10:00:00+03:00,43.0598,141.32,98.2602
2026-08-25 18:24:39.927952+03:00,2026-09-01 10:15:00+03:00,43.0559,135.25,92.19409999999999
2026-08-25 18:24:39.927952+03:00,2026-09-01 10:30:00+03:00,43.0906,139.65,96.55940000000001
2026-08-25 18:24:39.927952+03:00,2026-09-01 10:45:00+03:00,43.0607,124.61,81.5493
2026-08-25 18:24:39.927952+03:00,2026-09-01 11:00:00+03:00,43.081,135.46,92.379
2026-08-25 18:24:39.927952+03:00,2026-09-01 11:15:00+03:00,42.9985,118.02,75.0215
2026-08-25 18:24:39.927952+03:00,2026-09-01 11:30:00+03:00,42.5069,111.14,68.6331
2026-08-25 18:24:39.927952+03:00,2026-09-01 11:45:00+03:00,42.5695,101.21,58.640499999999996
2026-08-25 18:24:39.927952+03:00,2026-09-01 12:00:00+03:00,42.627,108.75,66.12299999999999
2026-08-25 18:24:39.927952+03:00,2026-09-01 12:15:00+03:00,42.5811,97.23,54.648900000000005
2026-08-25 18:24:39.927952+03:00,2026-09-01 12:30:00+03:00,42.577,100.97,58.393
2026-08-25 18:24:39.927952+03:00,2026-09-01 12:45:00+03:00,42.5823,89.92,47.337700000000005
2026-08-25 18:24:39.927952+03:00,2026-09-01 13:00:00+03:00,42.6238,105.48,62.8562
2026-08-25 18:24:39.927952+03:00,2026-09-01 13:15:00+03:00,42.5207,103.41,60.8893
2026-08-25 18:24:39.927952+03:00,2026-09-01 13:30:00+03:00,42.5322,99.08,56.547799999999995
2026-08-25 18:24:39.927952+03:00,2026-09-01 13:45:00+03:00,42.5607,86.38,43.8193
2026-08-25 18:24:39.927952+03:00,2026-09-01 14:00:00+03:00,42.6043,105.76,63.1557
2026-08-25 18:24:39.927952+03:00,2026-09-01 14:15:00+03:00,42.6129,104.24,61.62709999999999
2026-08-25 18:24:39.927952+03:00,2026-09-01 14:30:00+03:00,42.5976,94.56,51.9624
2026-08-25 18:24:39.927952+03:00,2026-09-01 14:45:00+03:00,42.6019,81.25,38.6481
2026-08-25 18:24:39.927952+03:00,2026-09-01 15:00:00+03:00,42.6407,85.09,42.4493
2026-08-25 18:24:39.927952+03:00,2026-09-01 15:15:00+03:00,42.6444,86.91,44.2656
2026-08-25 18:24:39.927952+03:00,2026-09-01 15:30:00+03:00,42.6539,95.39,52.7361
2026-08-25 18:24:39.927952+03:00,2026-09-01 15:45:00+03:00,42.6526,92.85,50.197399999999995
2026-08-25 18:24:39.927952+03:00,2026-09-01 16:00:00+03:00,42.6546,85.3,42.645399999999995
2026-08-25 18:24:39.927952+03:00,2026-09-01 16:15:00+03:00,42.6654,102.78,60.1146
2026-08-25 18:24:39.927952+03:00,2026-09-01 16:30:00+03:00,42.6493,92.56,49.910700000000006
2026-08-25 18:24:39.927952+03:00,2026-09-01 16:45:00+03:00,42.6295,103.95,61.3205
2026-08-25 18:24:39.927952+03:00,2026-09-01 17:00:00+03:00,42.7063,70.14,27.4337
2026-08-25 18:24:39.927952+03:00,2026-09-01 17:15:00+03:00,42.7416,86.18,43.43840000000001
2026-08-25 18:24:39.927952+03:00,2026-09-01 17:30:00+03:00,42.7101,104.99,62.2799
2026-08-25 18:24:39.927952+03:00,2026-09-01 17:45:00+03:00,42.6705,111.29,68.61950000000002
2026-08-25 18:24:39.927952+03:00,2026-09-01 18:00:00+03:00,42.7179,107.48,64.7621
2026-08-25 18:24:39.927952+03:00,2026-09-01 18:15:00+03:00,42.5832,114.79,72.20680000000002
2026-08-25 18:24:39.927952+03:00,2026-09-01 18:30:00+03:00,42.6069,108.25,65.6431
2026-08-25 18:24:39.927952+03:00,2026-09-01 18:45:00+03:00,42.6104,119.56,76.9496
2026-08-25 18:24:39.927952+03:00,2026-09-01 19:00:00+03:00,42.6824,116.88,74.1976
2026-08-25 18:24:39.927952+03:00,2026-09-01 19:15:00+03:00,42.5054,125.38,82.87459999999999
2026-08-25 18:24:39.927952+03:00,2026-09-01 19:30:00+03:00,42.5543,115.99,73.4357
2026-08-25 18:24:39.927952+03:00,2026-09-01 19:45:00+03:00,42.5643,101.72,59.155699999999996
2026-08-25 18:24:39.927952+03:00,2026-09-01 20:00:00+03:00,42.5931,114.54,71.9469
2026-08-25 18:24:39.927952+03:00,2026-09-01 20:15:00+03:00,42.1535,108.99,66.8365
2026-08-25 18:24:39.927952+03:00,2026-09-01 20:30:00+03:00,41.8408,87.38,45.539199999999994
2026-08-25 18:24:39.927952+03:00,2026-09-01 20:45:00+03:00,40.8072,70.08,29.272799999999997
2026-08-25 18:24:39.927952+03:00,2026-09-01 21:00:00+03:00,40.4328,97.39,56.9572
2026-08-25 18:24:39.927952+03:00,2026-09-01 21:15:00+03:00,39.894,68.76,28.866000000000007
2026-08-25 18:24:39.927952+03:00,2026-09-01 21:30:00+03:00,39.3584,54.69,15.331599999999995
2026-08-25 18:24:39.927952+03:00,2026-09-01 21:45:00+03:00,38.8371,41.99,3.1529000000000025
2026-08-25 18:24:39.927952+03:00,2026-09-01 22:00:00+03:00,38.013,61.62,23.607
2026-08-25 18:24:39.927952+03:00,2026-09-01 22:15:00+03:00,37.2202,58.58,21.3598
2026-08-25 18:24:39.927952+03:00,2026-09-01 22:30:00+03:00,36.3167,55.32,19.003300000000003
2026-08-25 18:24:39.927952+03:00,2026-09-01 22:45:00+03:00,35.2868,45.0,9.7132
2026-08-25 18:24:39.927952+03:00,2026-09-01 23:00:00+03:00,34.6332,60.19,25.556799999999996
2026-08-25 18:24:39.927952+03:00,2026-09-01 23:15:00+03:00,33.7179,45.36,11.6421
2026-08-25 18:24:39.927952+03:00,2026-09-01 23:30:00+03:00,32.908,39.36,6.451999999999998
2026-08-25 18:24:39.927952+03:00,2026-09-01 23:45:00+03:00,32.2957,41.83,9.534300000000002
2026-08-26 14:36:05.265796+03:00,2026-08-27 00:00:00+03:00,43.8797,102.64,58.7603
2026-08-26 14:36:05.265796+03:00,2026-08-27 00:15:00+03:00,42.6788,97.09,54.4112
2026-08-26 14:36:05.265796+03:00,2026-08-27 00:30:00+03:00,42.3113,94.05,51.7387
2026-08-26 14:36:05.265796+03:00,2026-08-27 00:45:00+03:00,40.1061,71.8,31.6939
2026-08-26 14:36:05.265796+03:00,2026-08-27 01:00:00+03:00,39.6041,71.55,31.945899999999995
2026-08-26 14:36:05.265796+03:00,2026-08-27 01:15:00+03:00,38.6612,67.67,29.0088
2026-08-26 14:36:05.265796+03:00,2026-08-27 01:30:00+03:00,38.1952,64.04,25.844800000000006
2026-08-26 14:36:05.265796+03:00,2026-08-27 01:45:00+03:00,37.6148,69.46,31.84519999999999
2026-08-26 14:36:05.265796+03:00,2026-08-27 02:00:00+03:00,37.2333,67.92,30.6867
2026-08-26 14:36:05.265796+03:00,2026-08-27 02:15:00+03:00,37.0672,62.47,25.4028
2026-08-26 14:36:05.265796+03:00,2026-08-27 02:30:00+03:00,37.244,67.86,30.616
2026-08-26 14:36:05.265796+03:00,2026-08-27 02:45:00+03:00,37.3262,75.88,38.5538
2026-08-26 14:36:05.265796+03:00,2026-08-27 03:00:00+03:00,37.3094,57.46,20.150600000000004
2026-08-26 14:36:05.265796+03:00,2026-08-27 03:15:00+03:00,37.4308,64.34,26.90920000000001
2026-08-26 14:36:05.265796+03:00,2026-08-27 03:30:00+03:00,37.8867,71.94,34.0533
2026-08-26 14:36:05.265796+03:00,2026-08-27 03:45:00+03:00,37.8243,76.56,38.7357
2026-08-26 14:36:05.265796+03:00,2026-08-27 04:00:00+03:00,37.8597,66.5,28.640300000000003
2026-08-26 14:36:05.265796+03:00,2026-08-27 04:15:00+03:00,38.224,79.27,41.046
2026-08-26 14:36:05.265796+03:00,2026-08-27 04:30:00+03:00,38.6884,80.19,41.5016
2026-08-26 14:36:05.265796+03:00,2026-08-27 04:45:00+03:00,39.1421,81.57,42.4279
2026-08-26 14:36:05.265796+03:00,2026-08-27 05:00:00+03:00,39.4483,70.63,31.181699999999992
2026-08-26 14:36:05.265796+03:00,2026-08-27 05:15:00+03:00,40.3871,79.0,38.6129
2026-08-26 14:36:05.265796+03:00,2026-08-27 05:30:00+03:00,41.3985,85.87,44.471500000000006
2026-08-26 14:36:05.265796+03:00,2026-08-27 05:45:00+03:00,41.8917,92.19,50.2983
2026-08-26 14:36:05.265796+03:00,2026-08-27 06:00:00+03:00,41.7529,79.23,37.47710000000001
2026-08-26 14:36:05.265796+03:00,2026-08-27 06:15:00+03:00,42.5295,83.92,41.3905
2026-08-26 14:36:05.265796+03:00,2026-08-27 06:30:00+03:00,43.2856,102.24,58.95439999999999
2026-08-26 14:36:05.265796+03:00,2026-08-27 06:45:00+03:00,43.8609,140.42,96.5591
2026-08-26 14:36:05.265796+03:00,2026-08-27 07:00:00+03:00,44.4148,99.15,54.735200000000006
2026-08-26 14:36:05.265796+03:00,2026-08-27 07:15:00+03:00,45.6663,108.82,63.15369999999999
2026-08-26 14:36:05.265796+03:00,2026-08-27 07:30:00+03:00,46.03,120.17,74.14
2026-08-26 14:36:05.265796+03:00,2026-08-27 07:45:00+03:00,45.5663,131.0,85.4337
2026-08-26 14:36:05.265796+03:00,2026-08-27 08:00:00+03:00,45.4195,152.75,107.3305
2026-08-26 14:36:05.265796+03:00,2026-08-27 08:15:00+03:00,45.3172,157.76,112.4428
2026-08-26 14:36:05.265796+03:00,2026-08-27 08:30:00+03:00,45.0897,159.91,114.8203
2026-08-26 14:36:05.265796+03:00,2026-08-27 08:45:00+03:00,45.0798,157.63,112.5502
2026-08-26 14:36:05.265796+03:00,2026-08-27 09:00:00+03:00,45.0501,161.02,115.9699
2026-08-26 14:36:05.265796+03:00,2026-08-27 09:15:00+03:00,44.7128,154.89,110.17719999999998
2026-08-26 14:36:05.265796+03:00,2026-08-27 09:30:00+03:00,44.2379,146.8,102.56210000000002
2026-08-26 14:36:05.265796+03:00,2026-08-27 09:45:00+03:00,43.6833,126.07,82.38669999999999
2026-08-26 14:36:05.265796+03:00,2026-08-27 10:00:00+03:00,43.6945,139.02,95.3255
2026-08-26 14:36:05.265796+03:00,2026-08-27 10:15:00+03:00,43.6125,110.83,67.2175
2026-08-26 14:36:05.265796+03:00,2026-08-27 10:30:00+03:00,43.2692,75.76,32.49080000000001
2026-08-26 14:36:05.265796+03:00,2026-08-27 10:45:00+03:00,43.285,72.52,29.235
2026-08-26 14:36:05.265796+03:00,2026-08-27 11:00:00+03:00,43.2603,73.42,30.1597
2026-08-26 14:36:05.265796+03:00,2026-08-27 11:15:00+03:00,43.3668,72.3,28.9332
2026-08-26 14:36:05.265796+03:00,2026-08-27 11:30:00+03:00,43.3668,69.18,25.81320000000001
2026-08-26 14:36:05.265796+03:00,2026-08-27 11:45:00+03:00,43.3894,58.91,15.520599999999996
2026-08-26 14:36:05.265796+03:00,2026-08-27 12:00:00+03:00,43.4053,71.1,27.6947
2026-08-26 14:36:05.265796+03:00,2026-08-27 12:15:00+03:00,43.4012,65.23,21.8288
2026-08-26 14:36:05.265796+03:00,2026-08-27 12:30:00+03:00,43.4043,64.61,21.2057
2026-08-26 14:36:05.265796+03:00,2026-08-27 12:45:00+03:00,43.407,64.54,21.13300000000001
2026-08-26 14:36:05.265796+03:00,2026-08-27 13:00:00+03:00,43.388,66.8,23.412
2026-08-26 14:36:05.265796+03:00,2026-08-27 13:15:00+03:00,43.3867,66.3,22.9133
2026-08-26 14:36:05.265796+03:00,2026-08-27 13:30:00+03:00,43.3709,67.23,23.859100000000005
2026-08-26 14:36:05.265796+03:00,2026-08-27 13:45:00+03:00,43.3805,66.92,23.539500000000004
2026-08-26 14:36:05.265796+03:00,2026-08-27 14:00:00+03:00,43.3797,63.33,19.9503
2026-08-26 14:36:05.265796+03:00,2026-08-27 14:15:00+03:00,43.4141,64.25,20.8359
2026-08-26 14:36:05.265796+03:00,2026-08-27 14:30:00+03:00,43.426,64.07,20.64399999999999
2026-08-26 14:36:05.265796+03:00,2026-08-27 14:45:00+03:00,43.4048,64.44,21.0352
2026-08-26 14:36:05.265796+03:00,2026-08-27 15:00:00+03:00,43.4265,63.48,20.0535
2026-08-26 14:36:05.265796+03:00,2026-08-27 15:15:00+03:00,43.5299,65.02,21.4901
2026-08-26 14:36:05.265796+03:00,2026-08-27 15:30:00+03:00,43.5236,66.0,22.4764
2026-08-26 14:36:05.265796+03:00,2026-08-27 15:45:00+03:00,43.4979,64.89,21.3921
2026-08-26 14:36:05.265796+03:00,2026-08-27 16:00:00+03:00,43.4001,64.39,20.9899
2026-08-26 14:36:05.265796+03:00,2026-08-27 16:15:00+03:00,43.5168,66.15,22.6332
2026-08-26 14:36:05.265796+03:00,2026-08-27 16:30:00+03:00,43.4934,65.83,22.3366
2026-08-26 14:36:05.265796+03:00,2026-08-27 16:45:00+03:00,43.4663,68.29,24.82370000000001
2026-08-26 14:36:05.265796+03:00,2026-08-27 17:00:00+03:00,43.5014,64.75,21.248600000000003
2026-08-26 14:36:05.265796+03:00,2026-08-27 17:15:00+03:00,43.6193,71.19,27.570699999999995
2026-08-26 14:36:05.265796+03:00,2026-08-27 17:30:00+03:00,43.5287,94.06,50.5313
2026-08-26 14:36:05.265796+03:00,2026-08-27 17:45:00+03:00,43.4849,110.33,66.8451
2026-08-26 14:36:05.265796+03:00,2026-08-27 18:00:00+03:00,43.4335,88.58,45.1465
2026-08-26 14:36:05.265796+03:00,2026-08-27 18:15:00+03:00,43.3615,112.05,68.6885
2026-08-26 14:36:05.265796+03:00,2026-08-27 18:30:00+03:00,43.3209,126.41,83.0891
2026-08-26 14:36:05.265796+03:00,2026-08-27 18:45:00+03:00,43.304,143.09,99.786
2026-08-26 14:36:05.265796+03:00,2026-08-27 19:00:00+03:00,43.3137,126.53,83.2163
2026-08-26 14:36:05.265796+03:00,2026-08-27 19:15:00+03:00,43.1972,126.25,83.05279999999999
2026-08-26 14:36:05.265796+03:00,2026-08-27 19:30:00+03:00,43.2257,121.78,78.5543
2026-08-26 14:36:05.265796+03:00,2026-08-27 19:45:00+03:00,43.2615,103.79,60.52850000000001
2026-08-26 14:36:05.265796+03:00,2026-08-27 20:00:00+03:00,43.282,144.47,101.188
2026-08-26 14:36:05.265796+03:00,2026-08-27 20:15:00+03:00,43.0217,125.05,82.0283
2026-08-26 14:36:05.265796+03:00,2026-08-27 20:30:00+03:00,42.345,118.18,75.83500000000001
2026-08-26 14:36:05.265796+03:00,2026-08-27 20:45:00+03:00,42.059,83.16,41.101
2026-08-26 14:36:05.265796+03:00,2026-08-27 21:00:00+03:00,41.9435,126.31,84.3665
2026-08-26 14:36:05.265796+03:00,2026-08-27 21:15:00+03:00,42.0823,97.66,55.5777
2026-08-26 14:36:05.265796+03:00,2026-08-27 21:30:00+03:00,42.1207,83.91,41.7893
2026-08-26 14:36:05.265796+03:00,2026-08-27 21:45:00+03:00,42.0977,80.8,38.7023
2026-08-26 14:36:05.265796+03:00,2026-08-27 22:00:00+03:00,42.0836,82.11,40.0264
2026-08-26 14:36:05.265796+03:00,2026-08-27 22:15:00+03:00,41.7682,78.7,36.9318
2026-08-26 14:36:05.265796+03:00,2026-08-27 22:30:00+03:00,40.5746,77.71,37.1354
2026-08-26 14:36:05.265796+03:00,2026-08-27 22:45:00+03:00,39.5228,76.14,36.6172
2026-08-26 14:36:05.265796+03:00,2026-08-27 23:00:00+03:00,38.2954,76.15,37.854600000000005
2026-08-26 14:36:05.265796+03:00,2026-08-27 23:15:00+03:00,37.0659,74.79,37.72410000000001
2026-08-26 14:36:05.265796+03:00,2026-08-27 23:30:00+03:00,36.0672,72.3,36.2328
2026-08-26 14:36:05.265796+03:00,2026-08-27 23:45:00+03:00,35.1661,62.11,26.9439
2026-08-26 14:36:05.265796+03:00,2026-08-28 00:00:00+03:00,34.6384,73.04,38.40160000000001
2026-08-26 14:36:05.265796+03:00,2026-08-28 00:15:00+03:00,34.0295,69.01,34.980500000000006
2026-08-26 14:36:05.265796+03:00,2026-08-28 00:30:00+03:00,33.8481,58.37,24.521899999999995
2026-08-26 14:36:05.265796+03:00,2026-08-28 00:45:00+03:00,33.4472,50.58,17.132799999999996
2026-08-26 14:36:05.265796+03:00,2026-08-28 01:00:00+03:00,33.6824,47.23,13.547599999999996
2026-08-26 14:36:05.265796+03:00,2026-08-28 01:15:00+03:00,33.6867,46.23,12.543299999999997
2026-08-26 14:36:05.265796+03:00,2026-08-28 01:30:00+03:00,33.8226,40.0,6.177399999999999
2026-08-26 14:36:05.265796+03:00,2026-08-28 01:45:00+03:00,33.8454,38.62,4.7746
2026-08-26 14:36:05.265796+03:00,2026-08-28 02:00:00+03:00,33.8206,45.49,11.669400000000005
2026-08-26 14:36:05.265796+03:00,2026-08-28 02:15:00+03:00,33.8684,44.73,10.861599999999996
2026-08-26 14:36:05.265796+03:00,2026-08-28 02:30:00+03:00,33.8829,40.78,6.897100000000002
2026-08-26 14:36:05.265796+03:00,2026-08-28 02:45:00+03:00,33.8837,39.99,6.1063000000000045
2026-08-26 14:36:05.265796+03:00,2026-08-28 03:00:00+03:00,33.8835,40.63,6.746500000000005
2026-08-26 14:36:05.265796+03:00,2026-08-28 03:15:00+03:00,33.8546,41.23,7.375399999999999
2026-08-26 14:36:05.265796+03:00,2026-08-28 03:30:00+03:00,33.8663,42.98,9.113699999999994
2026-08-26 14:36:05.265796+03:00,2026-08-28 03:45:00+03:00,33.8624,45.84,11.977600000000002
2026-08-26 14:36:05.265796+03:00,2026-08-28 04:00:00+03:00,33.8555,42.99,9.134500000000005
2026-08-26 14:36:05.265796+03:00,2026-08-28 04:15:00+03:00,34.1252,41.33,7.204799999999999
2026-08-26 14:36:05.265796+03:00,2026-08-28 04:30:00+03:00,34.3975,46.44,12.042499999999997
2026-08-26 14:36:05.265796+03:00,2026-08-28 04:45:00+03:00,34.7604,41.42,6.659600000000005
2026-08-26 14:36:05.265796+03:00,2026-08-28 05:00:00+03:00,35.0394,41.11,6.070599999999999
2026-08-26 14:36:05.265796+03:00,2026-08-28 05:15:00+03:00,35.4386,40.0,4.561399999999999
2026-08-26 14:36:05.265796+03:00,2026-08-28 05:30:00+03:00,35.6393,43.28,7.640700000000002
2026-08-26 14:36:05.265796+03:00,2026-08-28 05:45:00+03:00,35.9645,45.67,9.7055
2026-08-26 14:36:05.265796+03:00,2026-08-28 06:00:00+03:00,36.2971,38.78,2.4829000000000008
2026-08-26 14:36:05.265796+03:00,2026-08-28 06:15:00+03:00,36.5709,44.18,7.609099999999998
2026-08-26 14:36:05.265796+03:00,2026-08-28 06:30:00+03:00,36.871,49.84,12.969
2026-08-26 14:36:05.265796+03:00,2026-08-28 06:45:00+03:00,37.5191,62.08,24.5609
2026-08-26 14:36:05.265796+03:00,2026-08-28 07:00:00+03:00,38.0546,39.99,1.935400000000001
2026-08-26 14:36:05.265796+03:00,2026-08-28 07:15:00+03:00,39.1383,50.43,11.2917
2026-08-26 14:36:05.265796+03:00,2026-08-28 07:30:00+03:00,39.8726,73.0,33.1274
2026-08-26 14:36:05.265796+03:00,2026-08-28 07:45:00+03:00,40.3631,74.0,33.6369
2026-08-26 14:36:05.265796+03:00,2026-08-28 08:00:00+03:00,41.0105,54.77,13.759500000000005
2026-08-26 14:36:05.265796+03:00,2026-08-28 08:15:00+03:00,41.3358,73.39,32.0542
2026-08-26 14:36:05.265796+03:00,2026-08-28 08:30:00+03:00,41.7565,87.6,45.84349999999999
2026-08-26 14:36:05.265796+03:00,2026-08-28 08:45:00+03:00,41.6901,87.52,45.8299
2026-08-26 14:36:05.265796+03:00,2026-08-28 09:00:00+03:00,41.4604,88.14,46.6796
2026-08-26 14:36:05.265796+03:00,2026-08-28 09:15:00+03:00,41.0743,94.64,53.5657
2026-08-26 14:36:05.265796+03:00,2026-08-28 09:30:00+03:00,40.571,83.21,42.639
2026-08-26 14:36:05.265796+03:00,2026-08-28 09:45:00+03:00,40.0643,82.32,42.25569999999999
2026-08-26 14:36:05.265796+03:00,2026-08-28 10:00:00+03:00,40.0936,88.8,48.7064
2026-08-26 14:36:05.265796+03:00,2026-08-28 10:15:00+03:00,40.1289,80.0,39.8711
2026-08-26 14:36:05.265796+03:00,2026-08-28 10:30:00+03:00,40.1159,75.35,35.23409999999999
2026-08-26 14:36:05.265796+03:00,2026-08-28 10:45:00+03:00,40.1227,56.14,16.0173
2026-08-26 14:36:05.265796+03:00,2026-08-28 11:00:00+03:00,40.0811,73.29,33.20890000000001
2026-08-26 14:36:05.265796+03:00,2026-08-28 11:15:00+03:00,40.1526,50.41,10.257399999999995
2026-08-26 14:36:05.265796+03:00,2026-08-28 11:30:00+03:00,40.098,38.71,1.387999999999998
2026-08-26 14:36:05.265796+03:00,2026-08-28 11:45:00+03:00,40.0968,28.55,11.5468
2026-08-26 14:36:05.265796+03:00,2026-08-28 12:00:00+03:00,40.0879,47.6,7.512100000000004
2026-08-26 14:36:05.265796+03:00,2026-08-28 12:15:00+03:00,40.1636,39.01,1.1536000000000044
2026-08-26 14:36:05.265796+03:00,2026-08-28 12:30:00+03:00,40.1011,31.42,8.6811
2026-08-26 14:36:05.265796+03:00,2026-08-28 12:45:00+03:00,40.113,26.0,14.113
2026-08-26 14:36:05.265796+03:00,2026-08-28 13:00:00+03:00,40.0779,41.96,1.8821000000000008
2026-08-26 14:36:05.265796+03:00,2026-08-28 13:15:00+03:00,40.1561,35.9,4.256100000000004
2026-08-26 14:36:05.265796+03:00,2026-08-28 13:30:00+03:00,40.0866,26.0,14.086599999999995
2026-08-26 14:36:05.265796+03:00,2026-08-28 13:45:00+03:00,40.0921,23.84,16.252100000000002
2026-08-26 14:36:05.265796+03:00,2026-08-28 14:00:00+03:00,40.052,31.56,8.492
2026-08-26 14:36:05.265796+03:00,2026-08-28 14:15:00+03:00,40.1924,30.83,9.3624
2026-08-26 14:36:05.265796+03:00,2026-08-28 14:30:00+03:00,40.1352,28.93,11.205199999999998
2026-08-26 14:36:05.265796+03:00,2026-08-28 14:45:00+03:00,40.1228,26.0,14.122799999999998
2026-08-26 14:36:05.265796+03:00,2026-08-28 15:00:00+03:00,40.052,24.39,15.662
2026-08-26 14:36:05.265796+03:00,2026-08-28 15:15:00+03:00,40.237,27.08,13.157000000000004
2026-08-26 14:36:05.265796+03:00,2026-08-28 15:30:00+03:00,40.1763,30.09,10.086299999999998
2026-08-26 14:36:05.265796+03:00,2026-08-28 15:45:00+03:00,40.1658,32.92,7.245799999999996
2026-08-26 14:36:05.265796+03:00,2026-08-28 16:00:00+03:00,40.0938,24.99,15.103800000000003
2026-08-26 14:36:05.265796+03:00,2026-08-28 16:15:00+03:00,40.2925,28.86,11.432499999999996
2026-08-26 14:36:05.265796+03:00,2026-08-28 16:30:00+03:00,40.2362,33.9,6.336199999999998
2026-08-26 14:36:05.265796+03:00,2026-08-28 16:45:00+03:00,40.2075,39.77,0.4375
2026-08-26 14:36:05.265796+03:00,2026-08-28 17:00:00+03:00,40.1567,22.64,17.5167
2026-08-26 14:36:05.265796+03:00,2026-08-28 17:15:00+03:00,40.3471,27.45,12.897099999999998
2026-08-26 14:36:05.265796+03:00,2026-08-28 17:30:00+03:00,40.2632,35.03,5.2331999999999965
2026-08-26 14:36:05.265796+03:00,2026-08-28 17:45:00+03:00,40.2019,40.17,0.0319000000000002
2026-08-26 14:36:05.265796+03:00,2026-08-28 18:00:00+03:00,40.1389,26.29,13.8489
2026-08-26 14:36:05.265796+03:00,2026-08-28 18:15:00+03:00,40.1742,35.77,4.404199999999996
2026-08-26 14:36:05.265796+03:00,2026-08-28 18:30:00+03:00,40.1182,41.25,1.1317999999999984
2026-08-26 14:36:05.265796+03:00,2026-08-28 18:45:00+03:00,40.1234,44.03,3.906600000000005
2026-08-26 14:36:05.265796+03:00,2026-08-28 19:00:00+03:00,40.0699,45.32,5.250100000000003
2026-08-26 14:36:05.265796+03:00,2026-08-28 19:15:00+03:00,40.0576,40.07,0.0123999999999995
2026-08-26 14:36:05.265796+03:00,2026-08-28 19:30:00+03:00,40.0128,38.09,1.9227999999999952
2026-08-26 14:36:05.265796+03:00,2026-08-28 19:45:00+03:00,39.3209,25.23,14.0909
2026-08-26 14:36:05.265796+03:00,2026-08-28 20:00:00+03:00,38.9423,46.04,7.097699999999996
2026-08-26 14:36:05.265796+03:00,2026-08-28 20:15:00+03:00,38.2332,38.64,0.406800000000004
2026-08-26 14:36:05.265796+03:00,2026-08-28 20:30:00+03:00,37.3906,20.19,17.200599999999998
2026-08-26 14:36:05.265796+03:00,2026-08-28 20:45:00+03:00,37.0345,9.27,27.7645
2026-08-26 14:36:05.265796+03:00,2026-08-28 21:00:00+03:00,36.6922,10.86,25.8322
2026-08-26 14:36:05.265796+03:00,2026-08-28 21:15:00+03:00,36.0971,9.49,26.6071
2026-08-26 14:36:05.265796+03:00,2026-08-28 21:30:00+03:00,35.8243,8.26,27.564300000000003
2026-08-26 14:36:05.265796+03:00,2026-08-28 21:45:00+03:00,35.6874,6.76,28.9274
2026-08-26 14:36:05.265796+03:00,2026-08-28 22:00:00+03:00,35.7109,6.6,29.1109
2026-08-26 14:36:05.265796+03:00,2026-08-28 22:15:00+03:00,35.4225,5.29,30.1325
2026-08-26 14:36:05.265796+03:00,2026-08-28 22:30:00+03:00,35.0287,4.81,30.2187
2026-08-26 14:36:05.265796+03:00,2026-08-28 22:45:00+03:00,34.548,4.28,30.268
2026-08-26 14:36:05.265796+03:00,2026-08-28 23:00:00+03:00,34.156,4.08,30.076
2026-08-26 14:36:05.265796+03:00,2026-08-28 23:15:00+03:00,33.6173,3.53,30.0873
2026-08-26 14:36:05.265796+03:00,2026-08-28 23:30:00+03:00,33.1896,3.32,29.8696
2026-08-26 14:36:05.265796+03:00,2026-08-28 23:45:00+03:00,32.8307,2.82,30.0107
2026-08-26 14:36:05.265796+03:00,2026-08-29 00:00:00+03:00,32.5496,2.28,30.2696
2026-08-26 14:36:05.265796+03:00,2026-08-29 00:15:00+03:00,32.3629,2.0,30.362900000000003
2026-08-26 14:36:05.265796+03:00,2026-08-29 00:30:00+03:00,32.4434,1.99,30.4534
2026-08-26 14:36:05.265796+03:00,2026-08-29 00:45:00+03:00,32.5551,1.92,30.6351
2026-08-26 14:36:05.265796+03:00,2026-08-29 01:00:00+03:00,32.5329,2.0,30.5329
2026-08-26 14:36:05.265796+03:00,2026-08-29 01:15:00+03:00,32.4444,1.99,30.454400000000003
2026-08-26 14:36:05.265796+03:00,2026-08-29 01:30:00+03:00,32.4905,1.96,30.5305
2026-08-26 14:36:05.265796+03:00,2026-08-29 01:45:00+03:00,32.4914,1.88,30.6114
2026-08-26 14:36:05.265796+03:00,2026-08-29 02:00:00+03:00,32.5457,1.99,30.5557
2026-08-26 14:36:05.265796+03:00,2026-08-29 02:15:00+03:00,32.5827,1.99,30.592700000000004
2026-08-26 14:36:05.265796+03:00,2026-08-29 02:30:00+03:00,32.5949,1.93,30.664900000000003
2026-08-26 14:36:05.265796+03:00,2026-08-29 02:45:00+03:00,32.5813,1.89,30.6913
2026-08-26 14:36:05.265796+03:00,2026-08-29 03:00:00+03:00,32.5903,2.0,30.5903
2026-08-26 14:36:05.265796+03:00,2026-08-29 03:15:00+03:00,32.5917,1.99,30.601700000000005
2026-08-26 14:36:05.265796+03:00,2026-08-29 03:30:00+03:00,32.5728,1.99,30.5828
2026-08-26 14:36:05.265796+03:00,2026-08-29 03:45:00+03:00,32.5501,1.99,30.5601
2026-08-26 14:36:05.265796+03:00,2026-08-29 04:00:00+03:00,32.5615,1.99,30.571500000000004
2026-08-26 14:36:05.265796+03:00,2026-08-29 04:15:00+03:00,32.6138,1.99,30.6238
2026-08-26 14:36:05.265796+03:00,2026-08-29 04:30:00+03:00,33.0912,1.93,31.1612
2026-08-26 14:36:05.265796+03:00,2026-08-29 04:45:00+03:00,33.5515,1.93,31.6215
2026-08-26 14:36:05.265796+03:00,2026-08-29 05:00:00+03:00,34.2079,1.98,32.227900000000005
2026-08-26 14:36:05.265796+03:00,2026-08-29 05:15:00+03:00,34.6612,1.96,32.7012
2026-08-26 14:36:05.265796+03:00,2026-08-29 05:30:00+03:00,35.0537,2.0,33.0537
2026-08-26 14:36:05.265796+03:00,2026-08-29 05:45:00+03:00,35.9268,2.0,33.9268
2026-08-26 14:36:05.265796+03:00,2026-08-29 06:00:00+03:00,36.6121,2.2,34.412099999999995
2026-08-26 14:36:05.265796+03:00,2026-08-29 06:15:00+03:00,37.3392,1.99,35.3492
2026-08-26 14:36:05.265796+03:00,2026-08-29 06:30:00+03:00,37.9791,1.93,36.0491
2026-08-26 14:36:05.265796+03:00,2026-08-29 06:45:00+03:00,38.855,1.92,36.935
2026-08-26 14:36:05.265796+03:00,2026-08-29 07:00:00+03:00,39.3204,1.99,37.3304
2026-08-26 14:36:05.265796+03:00,2026-08-29 07:15:00+03:00,39.8755,1.99,37.8855
2026-08-26 14:36:05.265796+03:00,2026-08-29 07:30:00+03:00,40.3185,1.98,38.3385
2026-08-26 14:36:05.265796+03:00,2026-08-29 07:45:00+03:00,41.0183,2.0,39.0183
2026-08-26 14:36:05.265796+03:00,2026-08-29 08:00:00+03:00,41.3868,2.3,39.0868
2026-08-26 14:36:05.265796+03:00,2026-08-29 08:15:00+03:00,41.8026,2.67,39.1326
2026-08-26 14:36:05.265796+03:00,2026-08-29 08:30:00+03:00,41.7329,2.97,38.7629
2026-08-26 14:36:05.265796+03:00,2026-08-29 08:45:00+03:00,41.5099,3.53,37.9799
2026-08-26 14:36:05.265796+03:00,2026-08-29 09:00:00+03:00,41.3491,3.5,37.8491
2026-08-26 14:36:05.265796+03:00,2026-08-29 09:15:00+03:00,41.0343,3.52,37.5143
2026-08-26 14:36:05.265796+03:00,2026-08-29 09:30:00+03:00,40.5506,3.32,37.2306
2026-08-26 14:36:05.265796+03:00,2026-08-29 09:45:00+03:00,40.0537,3.52,36.5337
2026-08-26 14:36:05.265796+03:00,2026-08-29 10:00:00+03:00,40.055,3.71,36.345
2026-08-26 14:36:05.265796+03:00,2026-08-29 10:15:00+03:00,40.0929,3.66,36.4329
2026-08-26 14:36:05.265796+03:00,2026-08-29 10:30:00+03:00,40.0471,3.5,36.5471
2026-08-26 14:36:05.265796+03:00,2026-08-29 10:45:00+03:00,40.0333,3.04,36.9933
2026-08-26 14:36:05.265796+03:00,2026-08-29 11:00:00+03:00,39.2476,3.69,35.5576
2026-08-26 14:36:05.265796+03:00,2026-08-29 11:15:00+03:00,38.8745,3.15,35.7245
2026-08-26 14:36:05.265796+03:00,2026-08-29 11:30:00+03:00,38.1021,2.82,35.2821
2026-08-26 14:36:05.265796+03:00,2026-08-29 11:45:00+03:00,37.5412,2.46,35.0812
2026-08-26 14:36:05.265796+03:00,2026-08-29 12:00:00+03:00,37.1802,2.87,34.3102
2026-08-26 14:36:05.265796+03:00,2026-08-29 12:15:00+03:00,36.7571,2.57,34.1871
2026-08-26 14:36:05.265796+03:00,2026-08-29 12:30:00+03:00,36.2409,2.46,33.7809
2026-08-26 14:36:05.265796+03:00,2026-08-29 12:45:00+03:00,35.8263,2.41,33.41630000000001
2026-08-26 14:36:05.265796+03:00,2026-08-29 13:00:00+03:00,35.396,2.3,33.096000000000004
2026-08-26 14:36:05.265796+03:00,2026-08-29 13:15:00+03:00,35.0928,2.04,33.0528
2026-08-26 14:36:05.265796+03:00,2026-08-29 13:30:00+03:00,35.2437,2.02,33.223699999999994
2026-08-26 14:36:05.265796+03:00,2026-08-29 13:45:00+03:00,35.2496,2.0,33.2496
2026-08-26 14:36:05.265796+03:00,2026-08-29 14:00:00+03:00,35.3115,2.0,33.3115
2026-08-26 14:36:05.265796+03:00,2026-08-29 14:15:00+03:00,35.387,2.26,33.127
2026-08-26 14:36:05.265796+03:00,2026-08-29 14:30:00+03:00,35.3671,2.32,33.0471
2026-08-26 14:36:05.265796+03:00,2026-08-29 14:45:00+03:00,35.3395,2.3,33.039500000000004
2026-08-26 14:36:05.265796+03:00,2026-08-29 15:00:00+03:00,35.3385,2.0,33.3385
2026-08-26 14:36:05.265796+03:00,2026-08-29 15:15:00+03:00,35.4011,2.0,33.4011
2026-08-26 14:36:05.265796+03:00,2026-08-29 15:30:00+03:00,35.4145,2.0,33.4145
2026-08-26 14:36:05.265796+03:00,2026-08-29 15:45:00+03:00,35.3978,2.27,33.12779999999999
2026-08-26 14:36:05.265796+03:00,2026-08-29 16:00:00+03:00,35.3916,2.43,32.9616
2026-08-26 14:36:05.265796+03:00,2026-08-29 16:15:00+03:00,35.4603,2.54,32.9203
2026-08-26 14:36:05.265796+03:00,2026-08-29 16:30:00+03:00,35.8257,3.43,32.3957
2026-08-26 14:36:05.265796+03:00,2026-08-29 16:45:00+03:00,35.7829,4.07,31.7129
2026-08-26 14:36:05.265796+03:00,2026-08-29 17:00:00+03:00,35.7844,3.69,32.0944
2026-08-26 14:36:05.265796+03:00,2026-08-29 17:15:00+03:00,35.8318,3.82,32.0118
2026-08-26 14:36:05.265796+03:00,2026-08-29 17:30:00+03:00,35.8063,4.19,31.6163
2026-08-26 14:36:05.265796+03:00,2026-08-29 17:45:00+03:00,35.7754,4.54,31.2354
2026-08-26 14:36:05.265796+03:00,2026-08-29 18:00:00+03:00,35.799,2.46,33.339
2026-08-26 14:36:05.265796+03:00,2026-08-29 18:15:00+03:00,35.7475,2.2,33.5475
2026-08-26 14:36:05.265796+03:00,2026-08-29 18:30:00+03:00,35.7457,2.27,33.4757
2026-08-26 14:36:05.265796+03:00,2026-08-29 18:45:00+03:00,35.7399,1.99,33.7499
2026-08-26 14:36:05.265796+03:00,2026-08-29 19:00:00+03:00,35.7469,2.07,33.6769
2026-08-26 14:36:05.265796+03:00,2026-08-29 19:15:00+03:00,35.6214,1.96,33.6614
2026-08-26 14:36:05.265796+03:00,2026-08-29 19:30:00+03:00,35.6351,1.97,33.6651
2026-08-26 14:36:05.265796+03:00,2026-08-29 19:45:00+03:00,35.6755,1.84,33.8355
2026-08-26 14:36:05.265796+03:00,2026-08-29 20:00:00+03:00,35.7147,1.96,33.7547
2026-08-26 14:36:05.265796+03:00,2026-08-29 20:15:00+03:00,35.5244,1.96,33.5644
2026-08-26 14:36:05.265796+03:00,2026-08-29 20:30:00+03:00,35.5657,1.74,33.8257
2026-08-26 14:36:05.265796+03:00,2026-08-29 20:45:00+03:00,35.6234,1.51,34.1134
2026-08-26 14:36:05.265796+03:00,2026-08-29 21:00:00+03:00,35.6519,1.22,34.4319
2026-08-26 14:36:05.265796+03:00,2026-08-29 21:15:00+03:00,35.6685,1.22,34.4485
2026-08-26 14:36:05.265796+03:00,2026-08-29 21:30:00+03:00,35.6743,1.16,34.514300000000006
2026-08-26 14:36:05.265796+03:00,2026-08-29 21:45:00+03:00,35.6776,1.23,34.4476
2026-08-26 14:36:05.265796+03:00,2026-08-29 22:00:00+03:00,35.6479,1.0,34.6479
2026-08-26 14:36:05.265796+03:00,2026-08-29 22:15:00+03:00,35.408,1.06,34.348
2026-08-26 14:36:05.265796+03:00,2026-08-29 22:30:00+03:00,34.9959,1.5,33.4959
2026-08-26 14:36:05.265796+03:00,2026-08-29 22:45:00+03:00,34.5121,1.67,32.842099999999995
2026-08-26 14:36:05.265796+03:00,2026-08-29 23:00:00+03:00,34.1825,1.11,33.0725
2026-08-26 14:36:05.265796+03:00,2026-08-29 23:15:00+03:00,33.6195,1.49,32.1295
2026-08-26 14:36:05.265796+03:00,2026-08-29 23:30:00+03:00,33.2162,1.8,31.4162
2026-08-26 14:36:05.265796+03:00,2026-08-29 23:45:00+03:00,32.8422,1.99,30.8522
2026-08-26 14:36:05.265796+03:00,2026-08-30 00:00:00+03:00,32.4907,1.01,31.480699999999995
2026-08-26 14:36:05.265796+03:00,2026-08-30 00:15:00+03:00,32.3107,1.5,30.8107
2026-08-26 14:36:05.265796+03:00,2026-08-30 00:30:00+03:00,32.3894,1.45,30.939400000000003
2026-08-26 14:36:05.265796+03:00,2026-08-30 00:45:00+03:00,32.4976,1.83,30.6676
2026-08-26 14:36:05.265796+03:00,2026-08-30 01:00:00+03:00,32.4763,1.5,30.9763
2026-08-26 14:36:05.265796+03:00,2026-08-30 01:15:00+03:00,32.3499,1.51,30.8399
2026-08-26 14:36:05.265796+03:00,2026-08-30 01:30:00+03:00,32.4067,1.56,30.8467
2026-08-26 14:36:05.265796+03:00,2026-08-30 01:45:00+03:00,32.4459,1.62,30.8259
2026-08-26 14:36:05.265796+03:00,2026-08-30 02:00:00+03:00,32.47,1.48,30.99
2026-08-26 14:36:05.265796+03:00,2026-08-30 02:15:00+03:00,32.5112,1.5,31.0112
2026-08-26 14:36:05.265796+03:00,2026-08-30 02:30:00+03:00,32.5303,1.51,31.020299999999995
2026-08-26 14:36:05.265796+03:00,2026-08-30 02:45:00+03:00,32.5136,1.61,30.9036
2026-08-26 14:36:05.265796+03:00,2026-08-30 03:00:00+03:00,32.5217,1.52,31.001700000000003
2026-08-26 14:36:05.265796+03:00,2026-08-30 03:15:00+03:00,32.5547,1.56,30.9947
2026-08-26 14:36:05.265796+03:00,2026-08-30 03:30:00+03:00,32.5621,1.67,30.8921
2026-08-26 14:36:05.265796+03:00,2026-08-30 03:45:00+03:00,32.5389,1.8,30.7389
2026-08-26 14:36:05.265796+03:00,2026-08-30 04:00:00+03:00,32.5499,1.65,30.8999
2026-08-26 14:36:05.265796+03:00,2026-08-30 04:15:00+03:00,32.5657,1.77,30.7957
2026-08-26 14:36:05.265796+03:00,2026-08-30 04:30:00+03:00,32.5683,1.8,30.7683
2026-08-26 14:36:05.265796+03:00,2026-08-30 04:45:00+03:00,32.5751,1.8,30.7751
2026-08-26 14:36:05.265796+03:00,2026-08-30 05:00:00+03:00,32.5464,1.94,30.6064
2026-08-26 14:36:05.265796+03:00,2026-08-30 05:15:00+03:00,32.5689,1.83,30.7389
2026-08-26 14:36:05.265796+03:00,2026-08-30 05:30:00+03:00,32.5697,1.83,30.7397
2026-08-26 14:36:05.265796+03:00,2026-08-30 05:45:00+03:00,32.5421,1.84,30.7021
2026-08-26 14:36:05.265796+03:00,2026-08-30 06:00:00+03:00,32.5426,2.0,30.5426
2026-08-26 14:36:05.265796+03:00,2026-08-30 06:15:00+03:00,32.551,2.0,30.551
2026-08-26 14:36:05.265796+03:00,2026-08-30 06:30:00+03:00,32.5441,2.0,30.5441
2026-08-26 14:36:05.265796+03:00,2026-08-30 06:45:00+03:00,32.5529,2.16,30.3929
2026-08-26 14:36:05.265796+03:00,2026-08-30 07:00:00+03:00,32.5503,3.49,29.0603
2026-08-26 14:36:05.265796+03:00,2026-08-30 07:15:00+03:00,32.6503,3.52,29.1303
2026-08-26 14:36:05.265796+03:00,2026-08-30 07:30:00+03:00,33.0968,4.0,29.0968
2026-08-26 14:36:05.265796+03:00,2026-08-30 07:45:00+03:00,33.513,4.99,28.523
2026-08-26 14:36:05.265796+03:00,2026-08-30 08:00:00+03:00,34.197,8.26,25.937000000000005
2026-08-26 14:36:05.265796+03:00,2026-08-30 08:15:00+03:00,34.5825,10.0,24.582500000000003
2026-08-26 14:36:05.265796+03:00,2026-08-30 08:30:00+03:00,34.9757,13.77,21.205700000000004
2026-08-26 14:36:05.265796+03:00,2026-08-30 08:45:00+03:00,35.2894,20.08,15.209400000000002
2026-08-26 14:36:05.265796+03:00,2026-08-30 09:00:00+03:00,35.5762,20.0,15.5762
2026-08-26 14:36:05.265796+03:00,2026-08-30 09:15:00+03:00,35.6843,25.88,9.8043
2026-08-26 14:36:05.265796+03:00,2026-08-30 09:30:00+03:00,35.7403,17.6,18.1403
2026-08-26 14:36:05.265796+03:00,2026-08-30 09:45:00+03:00,35.711,10.84,24.871
2026-08-26 14:36:05.265796+03:00,2026-08-30 10:00:00+03:00,35.7003,11.71,23.9903
2026-08-26 14:36:05.265796+03:00,2026-08-30 10:15:00+03:00,35.6773,12.7,22.977300000000003
2026-08-26 14:36:05.265796+03:00,2026-08-30 10:30:00+03:00,35.7021,11.92,23.7821
2026-08-26 14:36:05.265796+03:00,2026-08-30 10:45:00+03:00,35.7131,13.87,21.8431
2026-08-26 14:36:05.265796+03:00,2026-08-30 11:00:00+03:00,35.6727,15.1,20.5727
2026-08-26 14:36:05.265796+03:00,2026-08-30 11:15:00+03:00,35.6462,14.72,20.9262
2026-08-26 14:36:05.265796+03:00,2026-08-30 11:30:00+03:00,35.648,13.14,22.508000000000003
2026-08-26 14:36:05.265796+03:00,2026-08-30 11:45:00+03:00,35.6562,11.84,23.8162
2026-08-26 14:36:05.265796+03:00,2026-08-30 12:00:00+03:00,35.6825,18.06,17.6225
2026-08-26 14:36:05.265796+03:00,2026-08-30 12:15:00+03:00,35.6568,17.27,18.3868
2026-08-26 14:36:05.265796+03:00,2026-08-30 12:30:00+03:00,35.6625,14.0,21.6625
2026-08-26 14:36:05.265796+03:00,2026-08-30 12:45:00+03:00,35.667,14.0,21.667
2026-08-26 14:36:05.265796+03:00,2026-08-30 13:00:00+03:00,35.673,17.57,18.103
2026-08-26 14:36:05.265796+03:00,2026-08-30 13:15:00+03:00,35.6479,15.79,19.8579
2026-08-26 14:36:05.265796+03:00,2026-08-30 13:30:00+03:00,35.6528,14.61,21.0428
2026-08-26 14:36:05.265796+03:00,2026-08-30 13:45:00+03:00,35.6582,13.99,21.6682
2026-08-26 14:36:05.265796+03:00,2026-08-30 14:00:00+03:00,35.6835,14.0,21.6835
2026-08-26 14:36:05.265796+03:00,2026-08-30 14:15:00+03:00,35.7241,14.0,21.7241
2026-08-26 14:36:05.265796+03:00,2026-08-30 14:30:00+03:00,35.7328,13.99,21.742799999999995
2026-08-26 14:36:05.265796+03:00,2026-08-30 14:45:00+03:00,35.7111,13.99,21.7211
2026-08-26 14:36:05.265796+03:00,2026-08-30 15:00:00+03:00,35.6841,13.99,21.6941
2026-08-26 14:36:05.265796+03:00,2026-08-30 15:15:00+03:00,35.7538,14.4,21.3538
2026-08-26 14:36:05.265796+03:00,2026-08-30 15:30:00+03:00,35.7566,14.71,21.0466
2026-08-26 14:36:05.265796+03:00,2026-08-30 15:45:00+03:00,35.7394,17.41,18.329400000000003
2026-08-26 14:36:05.265796+03:00,2026-08-30 16:00:00+03:00,35.713,13.99,21.723
2026-08-26 14:36:05.265796+03:00,2026-08-30 16:15:00+03:00,35.7807,16.94,18.8407
2026-08-26 14:36:05.265796+03:00,2026-08-30 16:30:00+03:00,35.7844,23.05,12.734399999999996
2026-08-26 14:36:05.265796+03:00,2026-08-30 16:45:00+03:00,35.7616,33.29,2.4716000000000022
2026-08-26 14:36:05.265796+03:00,2026-08-30 17:00:00+03:00,35.7544,14.37,21.3844
2026-08-26 14:36:05.265796+03:00,2026-08-30 17:15:00+03:00,35.847,20.34,15.507
2026-08-26 14:36:05.265796+03:00,2026-08-30 17:30:00+03:00,35.8353,34.66,1.1753
2026-08-26 14:36:05.265796+03:00,2026-08-30 17:45:00+03:00,35.8029,61.87,26.0671
2026-08-26 14:36:05.265796+03:00,2026-08-30 18:00:00+03:00,35.7789,11.14,24.6389
2026-08-26 14:36:05.265796+03:00,2026-08-30 18:15:00+03:00,35.7117,34.22,1.4917000000000016
2026-08-26 14:36:05.265796+03:00,2026-08-30 18:30:00+03:00,35.7355,59.35,23.6145
2026-08-26 14:36:05.265796+03:00,2026-08-30 18:45:00+03:00,35.7356,67.82,32.084399999999995
2026-08-26 14:36:05.265796+03:00,2026-08-30 19:00:00+03:00,35.7338,53.88,18.1462
2026-08-26 14:36:05.265796+03:00,2026-08-30 19:15:00+03:00,35.6228,50.89,15.267200000000004
2026-08-26 14:36:05.265796+03:00,2026-08-30 19:30:00+03:00,35.6418,49.99,14.3482
2026-08-26 14:36:05.265796+03:00,2026-08-30 19:45:00+03:00,35.6968,50.0,14.303199999999997
2026-08-26 14:36:05.265796+03:00,2026-08-30 20:00:00+03:00,35.7364,49.33,13.593599999999997
2026-08-26 14:36:05.265796+03:00,2026-08-30 20:15:00+03:00,35.5247,48.8,13.275299999999994
2026-08-26 14:36:05.265796+03:00,2026-08-30 20:30:00+03:00,35.5908,43.36,7.769199999999998
2026-08-26 14:36:05.265796+03:00,2026-08-30 20:45:00+03:00,35.6318,40.4,4.7682
2026-08-26 14:36:05.265796+03:00,2026-08-30 21:00:00+03:00,35.6737,49.08,13.406300000000002
2026-08-26 14:36:05.265796+03:00,2026-08-30 21:15:00+03:00,35.6933,45.67,9.9767
2026-08-26 14:36:05.265796+03:00,2026-08-30 21:30:00+03:00,35.7074,40.93,5.2226
2026-08-26 14:36:05.265796+03:00,2026-08-30 21:45:00+03:00,35.703,31.04,4.663000000000004
2026-08-26 14:36:05.265796+03:00,2026-08-30 22:00:00+03:00,35.6583,41.13,5.471700000000006
2026-08-26 14:36:05.265796+03:00,2026-08-30 22:15:00+03:00,35.4149,40.92,5.505099999999999
2026-08-26 14:36:05.265796+03:00,2026-08-30 22:30:00+03:00,35.0379,35.32,0.2820999999999998
2026-08-26 14:36:05.265796+03:00,2026-08-30 22:45:00+03:00,34.5651,29.23,5.335100000000001
2026-08-26 14:36:05.265796+03:00,2026-08-30 23:00:00+03:00,34.2062,45.56,11.3538
2026-08-26 14:36:05.265796+03:00,2026-08-30 23:15:00+03:00,33.6538,35.93,2.276200000000003
2026-08-26 14:36:05.265796+03:00,2026-08-30 23:30:00+03:00,33.2797,29.6,3.679699999999997
2026-08-26 14:36:05.265796+03:00,2026-08-30 23:45:00+03:00,32.8834,24.68,8.203400000000002
2026-08-26 14:36:05.265796+03:00,2026-08-31 00:00:00+03:00,32.4809,38.38,5.899100000000004
2026-08-26 14:36:05.265796+03:00,2026-08-31 00:15:00+03:00,32.1936,35.14,2.946399999999997
2026-08-26 14:36:05.265796+03:00,2026-08-31 00:30:00+03:00,32.3231,29.48,2.843099999999996
2026-08-26 14:36:05.265796+03:00,2026-08-31 00:45:00+03:00,32.4308,26.59,5.840799999999998
2026-08-26 14:36:05.265796+03:00,2026-08-31 01:00:00+03:00,32.4407,27.02,5.4207
2026-08-26 14:36:05.265796+03:00,2026-08-31 01:15:00+03:00,32.3705,26.63,5.740500000000001
2026-08-26 14:36:05.265796+03:00,2026-08-31 01:30:00+03:00,32.4223,26.36,6.0623000000000005
2026-08-26 14:36:05.265796+03:00,2026-08-31 01:45:00+03:00,32.4411,27.75,4.691099999999999
2026-08-26 14:36:05.265796+03:00,2026-08-31 02:00:00+03:00,32.4575,26.16,6.297500000000003
2026-08-26 14:36:05.265796+03:00,2026-08-31 02:15:00+03:00,32.4883,26.54,5.948300000000003
2026-08-26 14:36:05.265796+03:00,2026-08-31 02:30:00+03:00,32.5087,27.94,4.568699999999996
2026-08-26 14:36:05.265796+03:00,2026-08-31 02:45:00+03:00,32.4902,28.0,4.4902000000000015
2026-08-26 14:36:05.265796+03:00,2026-08-31 03:00:00+03:00,32.4976,27.55,4.947599999999998
2026-08-26 14:36:05.265796+03:00,2026-08-31 03:15:00+03:00,32.5345,27.89,4.644500000000001
2026-08-26 14:36:05.265796+03:00,2026-08-31 03:30:00+03:00,32.534,29.96,2.573999999999998
2026-08-26 14:36:05.265796+03:00,2026-08-31 03:45:00+03:00,32.5115,31.7,0.8114999999999988
2026-08-26 14:36:05.265796+03:00,2026-08-31 04:00:00+03:00,32.5406,27.03,5.510599999999997
2026-08-26 14:36:05.265796+03:00,2026-08-31 04:15:00+03:00,32.7174,27.52,5.197399999999998
2026-08-26 14:36:05.265796+03:00,2026-08-31 04:30:00+03:00,33.1139,28.02,5.093900000000001
2026-08-26 14:36:05.265796+03:00,2026-08-31 04:45:00+03:00,33.5359,30.0,3.535899999999998
2026-08-26 14:36:05.265796+03:00,2026-08-31 05:00:00+03:00,34.1467,24.02,10.126700000000003
2026-08-26 14:36:05.265796+03:00,2026-08-31 05:15:00+03:00,34.9018,26.68,8.221800000000002
2026-08-26 14:36:05.265796+03:00,2026-08-31 05:30:00+03:00,35.5693,34.01,1.5593000000000004
2026-08-26 14:36:05.265796+03:00,2026-08-31 05:45:00+03:00,36.4463,45.28,8.8337
2026-08-26 14:36:05.265796+03:00,2026-08-31 06:00:00+03:00,37.35,17.46,19.89
2026-08-26 14:36:05.265796+03:00,2026-08-31 06:15:00+03:00,38.8475,29.49,9.357499999999998
2026-08-26 14:36:05.265796+03:00,2026-08-31 06:30:00+03:00,39.8181,50.14,10.3219
2026-08-26 14:36:05.265796+03:00,2026-08-31 06:45:00+03:00,40.7769,77.76,36.98310000000001
2026-08-26 14:36:05.265796+03:00,2026-08-31 07:00:00+03:00,41.7016,34.26,7.441600000000001
2026-08-26 14:36:05.265796+03:00,2026-08-31 07:15:00+03:00,42.0539,70.77,28.7161
2026-08-26 14:36:05.265796+03:00,2026-08-31 07:30:00+03:00,43.2172,102.99,59.7728
2026-08-26 14:36:05.265796+03:00,2026-08-31 07:45:00+03:00,44.0435,108.99,64.94649999999999
2026-08-26 14:36:05.265796+03:00,2026-08-31 08:00:00+03:00,44.4262,109.42,64.9938
2026-08-26 14:36:05.265796+03:00,2026-08-31 08:15:00+03:00,45.1217,110.91,65.78829999999999
2026-08-26 14:36:05.265796+03:00,2026-08-31 08:30:00+03:00,45.2834,112.81,67.5266
2026-08-26 14:36:05.265796+03:00,2026-08-31 08:45:00+03:00,45.1511,114.0,68.8489
2026-08-26 14:36:05.265796+03:00,2026-08-31 09:00:00+03:00,44.9148,118.47,73.5552
2026-08-26 14:36:05.265796+03:00,2026-08-31 09:15:00+03:00,44.4932,118.74,74.2468
2026-08-26 14:36:05.265796+03:00,2026-08-31 09:30:00+03:00,44.0818,117.21,73.12819999999999
2026-08-26 14:36:05.265796+03:00,2026-08-31 09:45:00+03:00,43.4478,118.03,74.5822
2026-08-26 14:36:05.265796+03:00,2026-08-31 10:00:00+03:00,42.9192,123.14,80.2208
2026-08-26 14:36:05.265796+03:00,2026-08-31 10:15:00+03:00,42.3521,121.27,78.9179
2026-08-26 14:36:05.265796+03:00,2026-08-31 10:30:00+03:00,41.9161,112.85,70.9339
2026-08-26 14:36:05.265796+03:00,2026-08-31 10:45:00+03:00,42.0912,101.58,59.4888
2026-08-26 14:36:05.265796+03:00,2026-08-31 11:00:00+03:00,42.211,102.05,59.839
2026-08-26 14:36:05.265796+03:00,2026-08-31 11:15:00+03:00,42.1603,91.24,49.0797
2026-08-26 14:36:05.265796+03:00,2026-08-31 11:30:00+03:00,42.1569,68.36,26.2031
2026-08-26 14:36:05.265796+03:00,2026-08-31 11:45:00+03:00,42.1731,52.75,10.576900000000002
2026-08-26 14:36:05.265796+03:00,2026-08-31 12:00:00+03:00,42.1838,70.46,28.2762
2026-08-26 14:36:05.265796+03:00,2026-08-31 12:15:00+03:00,42.1829,60.72,18.5371
2026-08-26 14:36:05.265796+03:00,2026-08-31 12:30:00+03:00,42.1668,51.65,9.483199999999997
2026-08-26 14:36:05.265796+03:00,2026-08-31 12:45:00+03:00,42.2007,50.43,8.229300000000002
2026-08-26 14:36:05.265796+03:00,2026-08-31 13:00:00+03:00,42.1784,50.35,8.171599999999998
2026-08-26 14:36:05.265796+03:00,2026-08-31 13:15:00+03:00,42.1667,52.96,10.793300000000002
2026-08-26 14:36:05.265796+03:00,2026-08-31 13:30:00+03:00,42.1505,50.36,8.209499999999998
2026-08-26 14:36:05.265796+03:00,2026-08-31 13:45:00+03:00,42.1679,48.68,6.512099999999997
2026-08-26 14:36:05.265796+03:00,2026-08-31 14:00:00+03:00,42.1172,46.47,4.352800000000002
2026-08-26 14:36:05.265796+03:00,2026-08-31 14:15:00+03:00,42.1732,48.27,6.096800000000002
2026-08-26 14:36:05.265796+03:00,2026-08-31 14:30:00+03:00,42.1652,50.07,7.904800000000002
2026-08-26 14:36:05.265796+03:00,2026-08-31 14:45:00+03:00,42.156,52.75,10.594
2026-08-26 14:36:05.265796+03:00,2026-08-31 15:00:00+03:00,42.1245,43.43,1.305500000000002
2026-08-26 14:36:05.265796+03:00,2026-08-31 15:15:00+03:00,42.2035,49.98,7.776499999999999
2026-08-26 14:36:05.265796+03:00,2026-08-31 15:30:00+03:00,42.1992,54.98,12.7808
2026-08-26 14:36:05.265796+03:00,2026-08-31 15:45:00+03:00,42.1954,60.89,18.6946
2026-08-26 14:36:05.265796+03:00,2026-08-31 16:00:00+03:00,42.1756,36.14,6.035600000000002
2026-08-26 14:36:05.265796+03:00,2026-08-31 16:15:00+03:00,42.2496,43.0,0.7503999999999991
2026-08-26 14:36:05.265796+03:00,2026-08-31 16:30:00+03:00,42.2424,72.86,30.6176
2026-08-26 14:36:05.265796+03:00,2026-08-31 16:45:00+03:00,42.2336,93.53,51.2964
2026-08-26 14:36:05.265796+03:00,2026-08-31 17:00:00+03:00,42.224,71.0,28.776000000000003
2026-08-26 14:36:05.265796+03:00,2026-08-31 17:15:00+03:00,42.3837,91.8,49.4163
2026-08-26 14:36:05.265796+03:00,2026-08-31 17:30:00+03:00,42.3074,109.04,66.7326
2026-08-26 14:36:05.265796+03:00,2026-08-31 17:45:00+03:00,42.2848,111.19,68.90520000000001
2026-08-26 14:36:05.265796+03:00,2026-08-31 18:00:00+03:00,42.2604,123.04,80.77960000000002
2026-08-26 14:36:05.265796+03:00,2026-08-31 18:15:00+03:00,42.1954,126.1,83.90459999999999
2026-08-26 14:36:05.265796+03:00,2026-08-31 18:30:00+03:00,42.2037,127.52,85.3163
2026-08-26 14:36:05.265796+03:00,2026-08-31 18:45:00+03:00,42.1886,132.94,90.7514
2026-08-26 14:36:05.265796+03:00,2026-08-31 19:00:00+03:00,42.2292,133.59,91.3608
2026-08-26 14:36:05.265796+03:00,2026-08-31 19:15:00+03:00,42.1147,130.89,88.77529999999999
2026-08-26 14:36:05.265796+03:00,2026-08-31 19:30:00+03:00,42.1035,132.89,90.7865
2026-08-26 14:36:05.265796+03:00,2026-08-31 19:45:00+03:00,42.1492,112.47,70.32079999999999
2026-08-26 14:36:05.265796+03:00,2026-08-31 20:00:00+03:00,42.1545,144.25,102.0955
2026-08-26 14:36:05.265796+03:00,2026-08-31 20:15:00+03:00,41.8104,130.84,89.0296
2026-08-26 14:36:05.265796+03:00,2026-08-31 20:30:00+03:00,40.6611,113.34,72.6789
2026-08-26 14:36:05.265796+03:00,2026-08-31 20:45:00+03:00,39.681,88.77,49.089
2026-08-26 14:36:05.265796+03:00,2026-08-31 21:00:00+03:00,38.9712,138.86,99.8888
2026-08-26 14:36:05.265796+03:00,2026-08-31 21:15:00+03:00,38.0969,115.49,77.3931
2026-08-26 14:36:05.265796+03:00,2026-08-31 21:30:00+03:00,37.4762,85.21,47.7338
2026-08-26 14:36:05.265796+03:00,2026-08-31 21:45:00+03:00,37.0485,60.47,23.4215
2026-08-26 14:36:05.265796+03:00,2026-08-31 22:00:00+03:00,36.772,120.22,83.44800000000001
2026-08-26 14:36:05.265796+03:00,2026-08-31 22:15:00+03:00,36.0437,119.89,83.8463
2026-08-26 14:36:05.265796+03:00,2026-08-31 22:30:00+03:00,35.4396,79.56,44.1204
2026-08-26 14:36:05.265796+03:00,2026-08-31 22:45:00+03:00,34.7523,61.66,26.9077
2026-08-26 14:36:05.265796+03:00,2026-08-31 23:00:00+03:00,34.3838,67.48,33.0962
2026-08-26 14:36:05.265796+03:00,2026-08-31 23:15:00+03:00,33.8288,60.04,26.2112
2026-08-26 14:36:05.265796+03:00,2026-08-31 23:30:00+03:00,32.8963,47.41,14.5137
2026-08-26 14:36:05.265796+03:00,2026-08-31 23:45:00+03:00,32.2001,34.37,2.1698999999999984
2026-08-26 14:36:05.265796+03:00,2026-09-01 00:00:00+03:00,31.84,53.76,21.92
2026-08-26 14:36:05.265796+03:00,2026-09-01 00:15:00+03:00,31.4735,49.71,18.2365
2026-08-26 14:36:05.265796+03:00,2026-09-01 00:30:00+03:00,31.2036,45.09,13.886400000000002
2026-08-26 14:36:05.265796+03:00,2026-09-01 00:45:00+03:00,30.8654,35.36,4.494599999999998
2026-08-26 14:36:05.265796+03:00,2026-09-01 01:00:00+03:00,30.897,46.56,15.663000000000004
2026-08-26 14:36:05.265796+03:00,2026-09-01 01:15:00+03:00,30.8207,39.86,9.0393
2026-08-26 14:36:05.265796+03:00,2026-09-01 01:30:00+03:00,30.8805,36.76,5.879499999999997
2026-08-26 14:36:05.265796+03:00,2026-09-01 01:45:00+03:00,30.9159,30.03,0.8858999999999995
2026-08-26 14:36:05.265796+03:00,2026-09-01 02:00:00+03:00,30.9302,41.16,10.229799999999997
2026-08-26 14:36:05.265796+03:00,2026-09-01 02:15:00+03:00,30.9751,39.13,8.154900000000001
2026-08-26 14:36:05.265796+03:00,2026-09-01 02:30:00+03:00,30.9917,37.89,6.898299999999999
2026-08-26 14:36:05.265796+03:00,2026-09-01 02:45:00+03:00,30.9803,36.85,5.869700000000002
2026-08-26 14:36:05.265796+03:00,2026-09-01 03:00:00+03:00,30.9595,40.3,9.340499999999999
2026-08-26 14:36:05.265796+03:00,2026-09-01 03:15:00+03:00,31.0049,39.91,8.905099999999997
2026-08-26 14:36:05.265796+03:00,2026-09-01 03:30:00+03:00,31.0035,39.28,8.276500000000002
2026-08-26 14:36:05.265796+03:00,2026-09-01 03:45:00+03:00,30.9872,36.87,5.882799999999996
2026-08-26 14:36:05.265796+03:00,2026-09-01 04:00:00+03:00,31.0212,36.87,5.848799999999997
2026-08-26 14:36:05.265796+03:00,2026-09-01 04:15:00+03:00,31.2381,35.79,4.5519
2026-08-26 14:36:05.265796+03:00,2026-09-01 04:30:00+03:00,31.1297,34.69,3.560299999999998
2026-08-26 14:36:05.265796+03:00,2026-09-01 04:45:00+03:00,31.0648,36.18,5.115199999999998
2026-08-26 14:36:05.265796+03:00,2026-09-01 05:00:00+03:00,31.1888,36.85,5.661200000000001
2026-08-26 14:36:05.265796+03:00,2026-09-01 05:15:00+03:00,31.5269,36.77,5.243100000000002
2026-08-26 14:36:05.265796+03:00,2026-09-01 05:30:00+03:00,31.8092,37.18,5.370799999999999
2026-08-26 14:36:05.265796+03:00,2026-09-01 05:45:00+03:00,32.3437,42.48,10.136299999999999
2026-08-26 14:36:05.265796+03:00,2026-09-01 06:00:00+03:00,32.7681,31.21,1.558099999999996
2026-08-26 14:36:05.265796+03:00,2026-09-01 06:15:00+03:00,33.4431,41.72,8.276899999999998
2026-08-26 14:36:05.265796+03:00,2026-09-01 06:30:00+03:00,34.4816,45.15,10.668399999999998
2026-08-26 14:36:05.265796+03:00,2026-09-01 06:45:00+03:00,34.9916,53.55,18.5584
2026-08-26 14:36:05.265796+03:00,2026-09-01 07:00:00+03:00,35.5216,22.39,13.131599999999999
2026-08-26 14:36:05.265796+03:00,2026-09-01 07:15:00+03:00,36.55,29.06,7.489999999999998
2026-08-26 14:36:05.265796+03:00,2026-09-01 07:30:00+03:00,37.4187,50.0,12.581299999999999
2026-08-26 14:36:05.265796+03:00,2026-09-01 07:45:00+03:00,38.4452,59.47,21.0248
2026-08-26 14:36:05.265796+03:00,2026-09-01 08:00:00+03:00,38.9993,50.0,11.000700000000002
2026-08-26 14:36:05.265796+03:00,2026-09-01 08:15:00+03:00,39.2156,86.8,47.584399999999995
2026-08-26 14:36:05.265796+03:00,2026-09-01 08:30:00+03:00,39.5953,96.19,56.594699999999996
2026-08-26 14:36:05.265796+03:00,2026-09-01 08:45:00+03:00,39.3833,123.6,84.2167
2026-08-26 14:36:05.265796+03:00,2026-09-01 09:00:00+03:00,39.3783,127.95,88.57169999999999
2026-08-26 14:36:05.265796+03:00,2026-09-01 09:15:00+03:00,39.0157,128.57,89.55429999999998
2026-08-26 14:36:05.265796+03:00,2026-09-01 09:30:00+03:00,38.5737,126.54,87.9663
2026-08-26 14:36:05.265796+03:00,2026-09-01 09:45:00+03:00,38.6578,128.57,89.91219999999998
2026-08-26 14:36:05.265796+03:00,2026-09-01 10:00:00+03:00,38.6717,141.32,102.64829999999999
2026-08-26 14:36:05.265796+03:00,2026-09-01 10:15:00+03:00,38.6133,135.25,96.63669999999999
2026-08-26 14:36:05.265796+03:00,2026-09-01 10:30:00+03:00,38.5987,139.65,101.0513
2026-08-26 14:36:05.265796+03:00,2026-09-01 10:45:00+03:00,38.5998,124.61,86.0102
2026-08-26 14:36:05.265796+03:00,2026-09-01 11:00:00+03:00,38.6152,135.46,96.8448
2026-08-26 14:36:05.265796+03:00,2026-09-01 11:15:00+03:00,38.5927,118.02,79.4273
2026-08-26 14:36:05.265796+03:00,2026-09-01 11:30:00+03:00,38.5803,111.14,72.55969999999999
2026-08-26 14:36:05.265796+03:00,2026-09-01 11:45:00+03:00,38.5945,101.21,62.6155
2026-08-26 14:36:05.265796+03:00,2026-09-01 12:00:00+03:00,38.6476,108.75,70.1024
2026-08-26 14:36:05.265796+03:00,2026-09-01 12:15:00+03:00,38.5989,97.23,58.6311
2026-08-26 14:36:05.265796+03:00,2026-09-01 12:30:00+03:00,38.5854,100.97,62.3846
2026-08-26 14:36:05.265796+03:00,2026-09-01 12:45:00+03:00,38.6018,89.92,51.318200000000004
2026-08-26 14:36:05.265796+03:00,2026-09-01 13:00:00+03:00,38.6228,105.48,66.8572
2026-08-26 14:36:05.265796+03:00,2026-09-01 13:15:00+03:00,38.5986,103.41,64.81139999999999
2026-08-26 14:36:05.265796+03:00,2026-09-01 13:30:00+03:00,38.5834,99.08,60.4966
2026-08-26 14:36:05.265796+03:00,2026-09-01 13:45:00+03:00,38.6068,86.38,47.773199999999996
2026-08-26 14:36:05.265796+03:00,2026-09-01 14:00:00+03:00,38.6486,105.76,67.1114
2026-08-26 14:36:05.265796+03:00,2026-09-01 14:15:00+03:00,38.6893,104.24,65.55069999999999
2026-08-26 14:36:05.265796+03:00,2026-09-01 14:30:00+03:00,38.6781,94.56,55.8819
2026-08-26 14:36:05.265796+03:00,2026-09-01 14:45:00+03:00,38.6495,81.25,42.6005
2026-08-26 14:36:05.265796+03:00,2026-09-01 15:00:00+03:00,38.6559,85.09,46.4341
2026-08-26 14:36:05.265796+03:00,2026-09-01 15:15:00+03:00,38.7115,86.91,48.198499999999996
2026-08-26 14:36:05.265796+03:00,2026-09-01 15:30:00+03:00,38.6765,95.39,56.7135
2026-08-26 14:36:05.265796+03:00,2026-09-01 15:45:00+03:00,38.6668,92.85,54.18319999999999
2026-08-26 14:36:05.265796+03:00,2026-09-01 16:00:00+03:00,38.6839,85.3,46.616099999999996
2026-08-26 14:36:05.265796+03:00,2026-09-01 16:15:00+03:00,38.7312,102.78,64.0488
2026-08-26 14:36:05.265796+03:00,2026-09-01 16:30:00+03:00,38.7098,92.56,53.8502
2026-08-26 14:36:05.265796+03:00,2026-09-01 16:45:00+03:00,38.6953,103.95,65.2547
2026-08-26 14:36:05.265796+03:00,2026-09-01 17:00:00+03:00,38.7231,70.14,31.4169
2026-08-26 14:36:05.265796+03:00,2026-09-01 17:15:00+03:00,38.8068,86.18,47.373200000000004
2026-08-26 14:36:05.265796+03:00,2026-09-01 17:30:00+03:00,38.7896,104.99,66.2004
2026-08-26 14:36:05.265796+03:00,2026-09-01 17:45:00+03:00,38.7401,111.29,72.54990000000001
2026-08-26 14:36:05.265796+03:00,2026-09-01 18:00:00+03:00,38.7722,107.48,68.7078
2026-08-26 14:36:05.265796+03:00,2026-09-01 18:15:00+03:00,38.6518,114.79,76.13820000000001
2026-08-26 14:36:05.265796+03:00,2026-09-01 18:30:00+03:00,38.6349,108.25,69.6151
2026-08-26 14:36:05.265796+03:00,2026-09-01 18:45:00+03:00,38.642,119.56,80.918
2026-08-26 14:36:05.265796+03:00,2026-09-01 19:00:00+03:00,38.7083,116.88,78.17169999999999
2026-08-26 14:36:05.265796+03:00,2026-09-01 19:15:00+03:00,38.5624,125.38,86.8176
2026-08-26 14:36:05.265796+03:00,2026-09-01 19:30:00+03:00,38.5506,115.99,77.43939999999999
2026-08-26 14:36:05.265796+03:00,2026-09-01 19:45:00+03:00,38.6095,101.72,63.1105
2026-08-26 14:36:05.265796+03:00,2026-09-01 20:00:00+03:00,38.6791,114.54,75.86090000000002
2026-08-26 14:36:05.265796+03:00,2026-09-01 20:15:00+03:00,38.2635,108.99,70.72649999999999
2026-08-26 14:36:05.265796+03:00,2026-09-01 20:30:00+03:00,37.8091,87.38,49.570899999999995
2026-08-26 14:36:05.265796+03:00,2026-09-01 20:45:00+03:00,37.3359,70.08,32.744099999999996
2026-08-26 14:36:05.265796+03:00,2026-09-01 21:00:00+03:00,36.9115,97.39,60.478500000000004
2026-08-26 14:36:05.265796+03:00,2026-09-01 21:15:00+03:00,37.015,68.76,31.745000000000005
2026-08-26 14:36:05.265796+03:00,2026-09-01 21:30:00+03:00,37.1027,54.69,17.5873
2026-08-26 14:36:05.265796+03:00,2026-09-01 21:45:00+03:00,37.1807,41.99,4.8093
2026-08-26 14:36:05.265796+03:00,2026-09-01 22:00:00+03:00,37.1706,61.62,24.449399999999997
2026-08-26 14:36:05.265796+03:00,2026-09-01 22:15:00+03:00,36.945,58.58,21.634999999999998
2026-08-26 14:36:05.265796+03:00,2026-09-01 22:30:00+03:00,36.991,55.32,18.329
2026-08-26 14:36:05.265796+03:00,2026-09-01 22:45:00+03:00,37.0355,45.0,7.964500000000001
2026-08-26 14:36:05.265796+03:00,2026-09-01 23:00:00+03:00,37.0544,60.19,23.135599999999997
2026-08-26 14:36:05.265796+03:00,2026-09-01 23:15:00+03:00,36.7869,45.36,8.573099999999997
2026-08-26 14:36:05.265796+03:00,2026-09-01 23:30:00+03:00,36.1258,39.36,3.2342000000000013
2026-08-26 14:36:05.265796+03:00,2026-09-01 23:45:00+03:00,35.6853,41.83,6.1447
2026-08-26 14:36:05.265796+03:00,2026-09-02 00:00:00+03:00,35.4028,40.87,5.467199999999998
2026-08-26 14:36:05.265796+03:00,2026-09-02 00:15:00+03:00,35.0843,,
2026-08-26 14:36:05.265796+03:00,2026-09-02 00:30:00+03:00,35.3323,,
2026-08-26 14:36:05.265796+03:00,2026-09-02 00:45:00+03:00,35.3202,,
2026-08-26 14:36:05.265796+03:00,2026-09-02 01:00:00+03:00,35.2895,,
2026-08-26 14:36:05.265796+03:00,2026-09-02 01:15:00+03:00,35.219,,
2026-08-26 14:36:05.265796+03:00,2026-09-02 01:30:00+03:00,35.2286,,
2026-08-26 14:36:05.265796+03:00,2026-09-02 01:45:00+03:00,35.2578,,
2026-08-26 14:36:05.265796+03:00,2026-09-02 02:00:00+03:00,35.2782,,
2026-08-26 14:36:05.265796+03:00,2026-09-02 02:15:00+03:00,35.3218,,
2026-08-26 14:36:05.265796+03:00,2026-09-02 02:30:00+03:00,35.3366,,
2026-08-26 14:36:05.265796+03:00,2026-09-02 02:45:00+03:00,35.3242,,
2026-08-26 14:36:05.265796+03:00,2026-09-02 03:00:00+03:00,35.3282,,
2026-08-26 14:36:05.265796+03:00,2026-09-02 03:15:00+03:00,35.3702,,
2026-08-26 14:36:05.265796+03:00,2026-09-02 03:30:00+03:00,35.3701,,
2026-08-26 14:36:05.265796+03:00,2026-09-02 03:45:00+03:00,35.371,,
2026-08-26 14:36:05.265796+03:00,2026-09-02 04:00:00+03:00,35.357,,
2026-08-26 14:36:05.265796+03:00,2026-09-02 04:15:00+03:00,35.5902,,
2026-08-26 14:36:05.265796+03:00,2026-09-02 04:30:00+03:00,35.9382,,
2026-08-26 14:36:05.265796+03:00,2026-09-02 04:45:00+03:00,36.3377,,
2026-08-26 14:36:05.265796+03:00,2026-09-02 05:00:00+03:00,36.2092,,
2026-08-26 14:36:05.265796+03:00,2026-09-02 05:15:00+03:00,36.6381,,
2026-08-26 14:36:05.265796+03:00,2026-09-02 05:30:00+03:00,37.0054,,
2026-08-26 14:36:05.265796+03:00,2026-09-02 05:45:00+03:00,37.5099,,
2026-08-26 14:36:05.265796+03:00,2026-09-02 06:00:00+03:00,37.9165,,
2026-08-26 14:36:05.265796+03:00,2026-09-02 06:15:00+03:00,38.3249,,
2026-08-26 14:36:05.265796+03:00,2026-09-02 06:30:00+03:00,38.4622,,
2026-08-26 14:36:05.265796+03:00,2026-09-02 06:45:00+03:00,38.3003,,
2026-08-26 14:36:05.265796+03:00,2026-09-02 07:00:00+03:00,38.3935,,
2026-08-26 14:36:05.265796+03:00,2026-09-02 07:15:00+03:00,38.516,,
2026-08-26 14:36:05.265796+03:00,2026-09-02 07:30:00+03:00,38.9142,,
2026-08-26 14:36:05.265796+03:00,2026-09-02 07:45:00+03:00,38.8712,,
2026-08-26 14:36:05.265796+03:00,2026-09-02 08:00:00+03:00,38.911,,
2026-08-26 14:36:05.265796+03:00,2026-09-02 08:15:00+03:00,38.8922,,
2026-08-26 14:36:05.265796+03:00,2026-09-02 08:30:00+03:00,38.8431,,
2026-08-26 14:36:05.265796+03:00,2026-09-02 08:45:00+03:00,38.8471,,
2026-08-26 14:36:05.265796+03:00,2026-09-02 09:00:00+03:00,38.9125,,
2026-08-26 14:36:05.265796+03:00,2026-09-02 09:15:00+03:00,38.6236,,
2026-08-26 14:36:05.265796+03:00,2026-09-02 09:30:00+03:00,38.6438,,
2026-08-26 14:36:05.265796+03:00,2026-09-02 09:45:00+03:00,38.6968,,
2026-08-26 14:36:05.265796+03:00,2026-09-02 10:00:00+03:00,38.6669,,
2026-08-26 14:36:05.265796+03:00,2026-09-02 10:15:00+03:00,38.6568,,
2026-08-26 14:36:05.265796+03:00,2026-09-02 10:30:00+03:00,38.661,,
2026-08-26 14:36:05.265796+03:00,2026-09-02 10:45:00+03:00,38.6811,,
2026-08-26 14:36:05.265796+03:00,2026-09-02 11:00:00+03:00,38.6921,,
2026-08-26 14:36:05.265796+03:00,2026-09-02 11:15:00+03:00,38.6688,,
2026-08-26 14:36:05.265796+03:00,2026-09-02 11:30:00+03:00,38.652,,
2026-08-26 14:36:05.265796+03:00,2026-09-02 11:45:00+03:00,38.661,,
2026-08-26 14:36:05.265796+03:00,2026-09-02 12:00:00+03:00,38.6978,,
2026-08-26 14:36:05.265796+03:00,2026-09-02 12:15:00+03:00,38.6662,,
2026-08-26 14:36:05.265796+03:00,2026-09-02 12:30:00+03:00,38.6381,,
2026-08-26 14:36:05.265796+03:00,2026-09-02 12:45:00+03:00,38.6515,,
2026-08-26 14:36:05.265796+03:00,2026-09-02 13:00:00+03:00,38.6674,,
2026-08-26 14:36:05.265796+03:00,2026-09-02 13:15:00+03:00,38.6302,,
2026-08-26 14:36:05.265796+03:00,2026-09-02 13:30:00+03:00,38.6185,,
2026-08-26 14:36:05.265796+03:00,2026-09-02 13:45:00+03:00,38.6244,,
2026-08-26 14:36:05.265796+03:00,2026-09-02 14:00:00+03:00,38.65,,
2026-08-26 14:36:05.265796+03:00,2026-09-02 14:15:00+03:00,38.7044,,
2026-08-26 14:36:05.265796+03:00,2026-09-02 14:30:00+03:00,38.6961,,
2026-08-26 14:36:05.265796+03:00,2026-09-02 14:45:00+03:00,38.675,,
2026-08-26 14:36:05.265796+03:00,2026-09-02 15:00:00+03:00,38.6796,,
2026-08-26 14:36:05.265796+03:00,2026-09-02 15:15:00+03:00,38.7428,,
2026-08-26 14:36:05.265796+03:00,2026-09-02 15:30:00+03:00,38.7126,,
2026-08-26 14:36:05.265796+03:00,2026-09-02 15:45:00+03:00,38.6931,,
2026-08-26 14:36:05.265796+03:00,2026-09-02 16:00:00+03:00,38.6828,,
2026-08-26 14:36:05.265796+03:00,2026-09-02 16:15:00+03:00,38.7627,,
2026-08-26 14:36:05.265796+03:00,2026-09-02 16:30:00+03:00,38.7466,,
2026-08-26 14:36:05.265796+03:00,2026-09-02 16:45:00+03:00,38.7179,,
2026-08-26 14:36:05.265796+03:00,2026-09-02 17:00:00+03:00,38.7411,,
2026-08-26 14:36:05.265796+03:00,2026-09-02 17:15:00+03:00,38.7943,,
2026-08-26 14:36:05.265796+03:00,2026-09-02 17:30:00+03:00,38.7744,,
2026-08-26 14:36:05.265796+03:00,2026-09-02 17:45:00+03:00,38.7223,,
2026-08-26 14:36:05.265796+03:00,2026-09-02 18:00:00+03:00,38.7744,,
2026-08-26 14:36:05.265796+03:00,2026-09-02 18:15:00+03:00,38.6602,,
2026-08-26 14:36:05.265796+03:00,2026-09-02 18:30:00+03:00,38.6387,,
2026-08-26 14:36:05.265796+03:00,2026-09-02 18:45:00+03:00,38.6402,,
2026-08-26 14:36:05.265796+03:00,2026-09-02 19:00:00+03:00,38.6836,,
2026-08-26 14:36:05.265796+03:00,2026-09-02 19:15:00+03:00,38.579,,
2026-08-26 14:36:05.265796+03:00,2026-09-02 19:30:00+03:00,38.5585,,
2026-08-26 14:36:05.265796+03:00,2026-09-02 19:45:00+03:00,38.5978,,
2026-08-26 14:36:05.265796+03:00,2026-09-02 20:00:00+03:00,38.6677,,
2026-08-26 14:36:05.265796+03:00,2026-09-02 20:15:00+03:00,38.2663,,
2026-08-26 14:36:05.265796+03:00,2026-09-02 20:30:00+03:00,37.8012,,
2026-08-26 14:36:05.265796+03:00,2026-09-02 20:45:00+03:00,37.3272,,
2026-08-26 14:36:05.265796+03:00,2026-09-02 21:00:00+03:00,36.9112,,
2026-08-26 14:36:05.265796+03:00,2026-09-02 21:15:00+03:00,36.883,,
2026-08-26 14:36:05.265796+03:00,2026-09-02 21:30:00+03:00,37.0948,,
2026-08-26 14:36:05.265796+03:00,2026-09-02 21:45:00+03:00,37.1689,,
2026-08-26 14:36:05.265796+03:00,2026-09-02 22:00:00+03:00,37.1625,,
2026-08-26 14:36:05.265796+03:00,2026-09-02 22:15:00+03:00,36.9712,,
2026-08-26 14:36:05.265796+03:00,2026-09-02 22:30:00+03:00,36.9823,,
2026-08-26 14:36:05.265796+03:00,2026-09-02 22:45:00+03:00,37.0266,,
2026-08-26 14:36:05.265796+03:00,2026-09-02 23:00:00+03:00,37.0334,,
2026-08-26 14:36:05.265796+03:00,2026-09-02 23:15:00+03:00,36.7931,,
2026-08-26 14:36:05.265796+03:00,2026-09-02 23:30:00+03:00,36.128,,
2026-08-26 14:36:05.265796+03:00,2026-09-02 23:45:00+03:00,35.6486,,
2026-08-27 23:57:45.256436+03:00,2026-08-28 00:00:00+03:00,57.7671,73.04,15.272900000000009
2026-08-27 23:57:45.256436+03:00,2026-08-28 00:15:00+03:00,55.919,69.01,13.091000000000008
2026-08-27 23:57:45.256436+03:00,2026-08-28 00:30:00+03:00,52.4646,58.37,5.9054
2026-08-27 23:57:45.256436+03:00,2026-08-28 00:45:00+03:00,50.1883,50.58,0.3917000000000001
2026-08-27 23:57:45.256436+03:00,2026-08-28 01:00:00+03:00,47.8227,47.23,0.5927000000000007
2026-08-27 23:57:45.256436+03:00,2026-08-28 01:15:00+03:00,45.9558,46.23,0.2741999999999933
2026-08-27 23:57:45.256436+03:00,2026-08-28 01:30:00+03:00,43.7111,40.0,3.711100000000002
2026-08-27 23:57:45.256436+03:00,2026-08-28 01:45:00+03:00,42.1578,38.62,3.5378000000000043
2026-08-27 23:57:45.256436+03:00,2026-08-28 02:00:00+03:00,40.5473,45.49,4.942700000000002
2026-08-27 23:57:45.256436+03:00,2026-08-28 02:15:00+03:00,39.396,44.73,5.333999999999996
2026-08-27 23:57:45.256436+03:00,2026-08-28 02:30:00+03:00,38.4461,40.78,2.3339
2026-08-27 23:57:45.256436+03:00,2026-08-28 02:45:00+03:00,37.4269,39.99,2.5630999999999986
2026-08-27 23:57:45.256436+03:00,2026-08-28 03:00:00+03:00,37.0939,40.63,3.5361000000000047
2026-08-27 23:57:45.256436+03:00,2026-08-28 03:15:00+03:00,36.9557,41.23,4.274299999999997
2026-08-27 23:57:45.256436+03:00,2026-08-28 03:30:00+03:00,37.0973,42.98,5.8827
2026-08-27 23:57:45.256436+03:00,2026-08-28 03:45:00+03:00,37.2754,45.84,8.564600000000006
2026-08-27 23:57:45.256436+03:00,2026-08-28 04:00:00+03:00,37.3153,42.99,5.674700000000001
2026-08-27 23:57:45.256436+03:00,2026-08-28 04:15:00+03:00,37.7611,41.33,3.5689
2026-08-27 23:57:45.256436+03:00,2026-08-28 04:30:00+03:00,38.1151,46.44,8.3249
2026-08-27 23:57:45.256436+03:00,2026-08-28 04:45:00+03:00,38.5908,41.42,2.8292
2026-08-27 23:57:45.256436+03:00,2026-08-28 05:00:00+03:00,39.0261,41.11,2.0839
2026-08-27 23:57:45.256436+03:00,2026-08-28 05:15:00+03:00,39.7826,40.0,0.2173999999999978
2026-08-27 23:57:45.256436+03:00,2026-08-28 05:30:00+03:00,40.5965,43.28,2.683500000000002
2026-08-27 23:57:45.256436+03:00,2026-08-28 05:45:00+03:00,41.0492,45.67,4.620800000000003
2026-08-27 23:57:45.256436+03:00,2026-08-28 06:00:00+03:00,41.3709,38.78,2.5908999999999978
2026-08-27 23:57:45.256436+03:00,2026-08-28 06:15:00+03:00,42.499,44.18,1.6809999999999974
2026-08-27 23:57:45.256436+03:00,2026-08-28 06:30:00+03:00,43.5512,49.84,6.288800000000002
2026-08-27 23:57:45.256436+03:00,2026-08-28 06:45:00+03:00,43.9652,62.08,18.114799999999995
2026-08-27 23:57:45.256436+03:00,2026-08-28 07:00:00+03:00,44.487,39.99,4.497
2026-08-27 23:57:45.256436+03:00,2026-08-28 07:15:00+03:00,45.6717,50.43,4.758299999999998
2026-08-27 23:57:45.256436+03:00,2026-08-28 07:30:00+03:00,45.8979,73.0,27.1021
2026-08-27 23:57:45.256436+03:00,2026-08-28 07:45:00+03:00,45.4638,74.0,28.5362
2026-08-27 23:57:45.256436+03:00,2026-08-28 08:00:00+03:00,45.4153,54.77,9.3547
2026-08-27 23:57:45.256436+03:00,2026-08-28 08:15:00+03:00,45.4479,73.39,27.942100000000003
2026-08-27 23:57:45.256436+03:00,2026-08-28 08:30:00+03:00,45.5024,87.6,42.09759999999999
2026-08-27 23:57:45.256436+03:00,2026-08-28 08:45:00+03:00,45.5306,87.52,41.9894
2026-08-27 23:57:45.256436+03:00,2026-08-28 09:00:00+03:00,45.2504,88.14,42.8896
2026-08-27 23:57:45.256436+03:00,2026-08-28 09:15:00+03:00,44.6001,94.64,50.0399
2026-08-27 23:57:45.256436+03:00,2026-08-28 09:30:00+03:00,44.1778,83.21,39.0322
2026-08-27 23:57:45.256436+03:00,2026-08-28 09:45:00+03:00,43.5527,82.32,38.76729999999999
2026-08-27 23:57:45.256436+03:00,2026-08-28 10:00:00+03:00,43.0375,88.8,45.7625
2026-08-27 23:57:45.256436+03:00,2026-08-28 10:15:00+03:00,42.3755,80.0,37.6245
2026-08-27 23:57:45.256436+03:00,2026-08-28 10:30:00+03:00,42.0022,75.35,33.34779999999999
2026-08-27 23:57:45.256436+03:00,2026-08-28 10:45:00+03:00,42.1844,56.14,13.955600000000004
2026-08-27 23:57:45.256436+03:00,2026-08-28 11:00:00+03:00,42.3636,73.29,30.926400000000008
2026-08-27 23:57:45.256436+03:00,2026-08-28 11:15:00+03:00,42.3446,50.41,8.065399999999997
2026-08-27 23:57:45.256436+03:00,2026-08-28 11:30:00+03:00,42.3368,38.71,3.626799999999996
2026-08-27 23:57:45.256436+03:00,2026-08-28 11:45:00+03:00,42.3221,28.55,13.772099999999998
2026-08-27 23:57:45.256436+03:00,2026-08-28 12:00:00+03:00,42.3623,47.6,5.237700000000004
2026-08-27 23:57:45.256436+03:00,2026-08-28 12:15:00+03:00,42.343,39.01,3.333000000000005
2026-08-27 23:57:45.256436+03:00,2026-08-28 12:30:00+03:00,42.3417,31.42,10.9217
2026-08-27 23:57:45.256436+03:00,2026-08-28 12:45:00+03:00,42.3406,26.0,16.340600000000002
2026-08-27 23:57:45.256436+03:00,2026-08-28 13:00:00+03:00,42.3519,41.96,0.3918999999999997
2026-08-27 23:57:45.256436+03:00,2026-08-28 13:15:00+03:00,42.3382,35.9,6.438200000000002
2026-08-27 23:57:45.256436+03:00,2026-08-28 13:30:00+03:00,42.3303,26.0,16.3303
2026-08-27 23:57:45.256436+03:00,2026-08-28 13:45:00+03:00,42.3279,23.84,18.4879
2026-08-27 23:57:45.256436+03:00,2026-08-28 14:00:00+03:00,42.3347,31.56,10.7747
2026-08-27 23:57:45.256436+03:00,2026-08-28 14:15:00+03:00,42.3921,30.83,11.5621
2026-08-27 23:57:45.256436+03:00,2026-08-28 14:30:00+03:00,42.3971,28.93,13.467100000000002
2026-08-27 23:57:45.256436+03:00,2026-08-28 14:45:00+03:00,42.3772,26.0,16.377200000000002
2026-08-27 23:57:45.256436+03:00,2026-08-28 15:00:00+03:00,42.3294,24.39,17.9394
2026-08-27 23:57:45.256436+03:00,2026-08-28 15:15:00+03:00,42.4281,27.08,15.348100000000002
2026-08-27 23:57:45.256436+03:00,2026-08-28 15:30:00+03:00,42.4134,30.09,12.323400000000005
2026-08-27 23:57:45.256436+03:00,2026-08-28 15:45:00+03:00,42.4008,32.92,9.480799999999997
2026-08-27 23:57:45.256436+03:00,2026-08-28 16:00:00+03:00,42.3574,24.99,17.3674
2026-08-27 23:57:45.256436+03:00,2026-08-28 16:15:00+03:00,42.4369,28.86,13.576900000000002
2026-08-27 23:57:45.256436+03:00,2026-08-28 16:30:00+03:00,42.4351,33.9,8.5351
2026-08-27 23:57:45.256436+03:00,2026-08-28 16:45:00+03:00,42.4226,39.77,2.6526
2026-08-27 23:57:45.256436+03:00,2026-08-28 17:00:00+03:00,42.4064,22.64,19.7664
2026-08-27 23:57:45.256436+03:00,2026-08-28 17:15:00+03:00,42.4756,27.45,15.0256
2026-08-27 23:57:45.256436+03:00,2026-08-28 17:30:00+03:00,42.4254,35.03,7.395400000000002
2026-08-27 23:57:45.256436+03:00,2026-08-28 17:45:00+03:00,42.3919,40.17,2.221899999999998
2026-08-27 23:57:45.256436+03:00,2026-08-28 18:00:00+03:00,42.3795,26.29,16.0895
2026-08-27 23:57:45.256436+03:00,2026-08-28 18:15:00+03:00,42.3257,35.77,6.5556999999999945
2026-08-27 23:57:45.256436+03:00,2026-08-28 18:30:00+03:00,42.3032,41.25,1.0531999999999968
2026-08-27 23:57:45.256436+03:00,2026-08-28 18:45:00+03:00,42.302,44.03,1.7280000000000015
2026-08-27 23:57:45.256436+03:00,2026-08-28 19:00:00+03:00,42.3214,45.32,2.998600000000004
2026-08-27 23:57:45.256436+03:00,2026-08-28 19:15:00+03:00,42.1857,40.07,2.115699999999997
2026-08-27 23:57:45.256436+03:00,2026-08-28 19:30:00+03:00,42.2194,38.09,4.129399999999997
2026-08-27 23:57:45.256436+03:00,2026-08-28 19:45:00+03:00,42.2734,25.23,17.043400000000002
2026-08-27 23:57:45.256436+03:00,2026-08-28 20:00:00+03:00,42.2709,46.04,3.7691000000000017
2026-08-27 23:57:45.256436+03:00,2026-08-28 20:15:00+03:00,41.9575,38.64,3.3175000000000026
2026-08-27 23:57:45.256436+03:00,2026-08-28 20:30:00+03:00,41.9902,20.19,21.8002
2026-08-27 23:57:45.256436+03:00,2026-08-28 20:45:00+03:00,42.0687,9.27,32.7987
2026-08-27 23:57:45.256436+03:00,2026-08-28 21:00:00+03:00,42.0621,10.86,31.2021
2026-08-27 23:57:45.256436+03:00,2026-08-28 21:15:00+03:00,42.0994,9.49,32.6094
2026-08-27 23:57:45.256436+03:00,2026-08-28 21:30:00+03:00,42.0855,8.26,33.825500000000005
2026-08-27 23:57:45.256436+03:00,2026-08-28 21:45:00+03:00,42.0802,6.76,35.3202
2026-08-27 23:57:45.256436+03:00,2026-08-28 22:00:00+03:00,42.0383,6.6,35.4383
2026-08-27 23:57:45.256436+03:00,2026-08-28 22:15:00+03:00,41.7562,5.29,36.4662
2026-08-27 23:57:45.256436+03:00,2026-08-28 22:30:00+03:00,40.6166,4.81,35.8066
2026-08-27 23:57:45.256436+03:00,2026-08-28 22:45:00+03:00,39.5309,4.28,35.2509
2026-08-27 23:57:45.256436+03:00,2026-08-28 23:00:00+03:00,38.4126,4.08,34.3326
2026-08-27 23:57:45.256436+03:00,2026-08-28 23:15:00+03:00,37.0818,3.53,33.5518
2026-08-27 23:57:45.256436+03:00,2026-08-28 23:30:00+03:00,36.0641,3.32,32.7441
2026-08-27 23:57:45.256436+03:00,2026-08-28 23:45:00+03:00,35.0867,2.82,32.2667
2026-08-27 23:57:45.256436+03:00,2026-08-29 00:00:00+03:00,34.7046,2.28,32.4246
2026-08-27 23:57:45.256436+03:00,2026-08-29 00:15:00+03:00,34.5436,2.0,32.5436
2026-08-27 23:57:45.256436+03:00,2026-08-29 00:30:00+03:00,34.292,1.99,32.302
2026-08-27 23:57:45.256436+03:00,2026-08-29 00:45:00+03:00,34.5731,1.92,32.653099999999995
2026-08-27 23:57:45.256436+03:00,2026-08-29 01:00:00+03:00,34.5998,2.0,32.5998
2026-08-27 23:57:45.256436+03:00,2026-08-29 01:15:00+03:00,34.4257,1.99,32.4357
2026-08-27 23:57:45.256436+03:00,2026-08-29 01:30:00+03:00,34.4816,1.96,32.5216
2026-08-27 23:57:45.256436+03:00,2026-08-29 01:45:00+03:00,34.4843,1.88,32.604299999999995
2026-08-27 23:57:45.256436+03:00,2026-08-29 02:00:00+03:00,34.4976,1.99,32.5076
2026-08-27 23:57:45.256436+03:00,2026-08-29 02:15:00+03:00,34.5437,1.99,32.5537
2026-08-27 23:57:45.256436+03:00,2026-08-29 02:30:00+03:00,34.5351,1.93,32.6051
2026-08-27 23:57:45.256436+03:00,2026-08-29 02:45:00+03:00,34.5444,1.89,32.6544
2026-08-27 23:57:45.256436+03:00,2026-08-29 03:00:00+03:00,34.5912,2.0,32.5912
2026-08-27 23:57:45.256436+03:00,2026-08-29 03:15:00+03:00,34.6148,1.99,32.6248
2026-08-27 23:57:45.256436+03:00,2026-08-29 03:30:00+03:00,34.6092,1.99,32.6192
2026-08-27 23:57:45.256436+03:00,2026-08-29 03:45:00+03:00,34.5985,1.99,32.6085
2026-08-27 23:57:45.256436+03:00,2026-08-29 04:00:00+03:00,34.5697,1.99,32.579699999999995
2026-08-27 23:57:45.256436+03:00,2026-08-29 04:15:00+03:00,34.6103,1.99,32.6203
2026-08-27 23:57:45.256436+03:00,2026-08-29 04:30:00+03:00,34.61,1.93,32.68
2026-08-27 23:57:45.256436+03:00,2026-08-29 04:45:00+03:00,34.5876,1.93,32.6576
2026-08-27 23:57:45.256436+03:00,2026-08-29 05:00:00+03:00,34.5938,1.98,32.613800000000005
2026-08-27 23:57:45.256436+03:00,2026-08-29 05:15:00+03:00,34.6261,1.96,32.6661
2026-08-27 23:57:45.256436+03:00,2026-08-29 05:30:00+03:00,34.5965,2.0,32.5965
2026-08-27 23:57:45.256436+03:00,2026-08-29 05:45:00+03:00,34.5845,2.0,32.5845
2026-08-27 23:57:45.256436+03:00,2026-08-29 06:00:00+03:00,34.5694,2.2,32.3694
2026-08-27 23:57:45.256436+03:00,2026-08-29 06:15:00+03:00,34.5893,1.99,32.5993
2026-08-27 23:57:45.256436+03:00,2026-08-29 06:30:00+03:00,34.5713,1.93,32.6413
2026-08-27 23:57:45.256436+03:00,2026-08-29 06:45:00+03:00,34.5683,1.92,32.6483
2026-08-27 23:57:45.256436+03:00,2026-08-29 07:00:00+03:00,34.6295,1.99,32.6395
2026-08-27 23:57:45.256436+03:00,2026-08-29 07:15:00+03:00,34.7658,1.99,32.7758
2026-08-27 23:57:45.256436+03:00,2026-08-29 07:30:00+03:00,35.0469,1.98,33.066900000000004
2026-08-27 23:57:45.256436+03:00,2026-08-29 07:45:00+03:00,35.0369,2.0,33.0369
2026-08-27 23:57:45.256436+03:00,2026-08-29 08:00:00+03:00,35.0322,2.3,32.732200000000006
2026-08-27 23:57:45.256436+03:00,2026-08-29 08:15:00+03:00,35.0377,2.67,32.3677
2026-08-27 23:57:45.256436+03:00,2026-08-29 08:30:00+03:00,35.036,2.97,32.066
2026-08-27 23:57:45.256436+03:00,2026-08-29 08:45:00+03:00,35.0135,3.53,31.4835
2026-08-27 23:57:45.256436+03:00,2026-08-29 09:00:00+03:00,35.1066,3.5,31.6066
2026-08-27 23:57:45.256436+03:00,2026-08-29 09:15:00+03:00,35.3466,3.52,31.826600000000003
2026-08-27 23:57:45.256436+03:00,2026-08-29 09:30:00+03:00,35.4265,3.32,32.1065
2026-08-27 23:57:45.256436+03:00,2026-08-29 09:45:00+03:00,35.4337,3.52,31.9137
2026-08-27 23:57:45.256436+03:00,2026-08-29 10:00:00+03:00,35.3891,3.71,31.6791
2026-08-27 23:57:45.256436+03:00,2026-08-29 10:15:00+03:00,35.3308,3.66,31.670800000000003
2026-08-27 23:57:45.256436+03:00,2026-08-29 10:30:00+03:00,35.3267,3.5,31.8267
2026-08-27 23:57:45.256436+03:00,2026-08-29 10:45:00+03:00,35.3239,3.04,32.2839
2026-08-27 23:57:45.256436+03:00,2026-08-29 11:00:00+03:00,35.2938,3.69,31.6038
2026-08-27 23:57:45.256436+03:00,2026-08-29 11:15:00+03:00,35.2771,3.15,32.1271
2026-08-27 23:57:45.256436+03:00,2026-08-29 11:30:00+03:00,35.2747,2.82,32.4547
2026-08-27 23:57:45.256436+03:00,2026-08-29 11:45:00+03:00,35.282,2.46,32.822
2026-08-27 23:57:45.256436+03:00,2026-08-29 12:00:00+03:00,35.3152,2.87,32.4452
2026-08-27 23:57:45.256436+03:00,2026-08-29 12:15:00+03:00,35.2913,2.57,32.7213
2026-08-27 23:57:45.256436+03:00,2026-08-29 12:30:00+03:00,35.3011,2.46,32.8411
2026-08-27 23:57:45.256436+03:00,2026-08-29 12:45:00+03:00,35.3131,2.41,32.903099999999995
2026-08-27 23:57:45.256436+03:00,2026-08-29 13:00:00+03:00,35.3066,2.3,33.006600000000006
2026-08-27 23:57:45.256436+03:00,2026-08-29 13:15:00+03:00,35.2709,2.04,33.2309
2026-08-27 23:57:45.256436+03:00,2026-08-29 13:30:00+03:00,35.268,2.02,33.248
2026-08-27 23:57:45.256436+03:00,2026-08-29 13:45:00+03:00,35.2827,2.0,33.2827
2026-08-27 23:57:45.256436+03:00,2026-08-29 14:00:00+03:00,35.3208,2.0,33.3208
2026-08-27 23:57:45.256436+03:00,2026-08-29 14:15:00+03:00,35.3616,2.26,33.101600000000005
2026-08-27 23:57:45.256436+03:00,2026-08-29 14:30:00+03:00,35.3669,2.32,33.0469
2026-08-27 23:57:45.256436+03:00,2026-08-29 14:45:00+03:00,35.3435,2.3,33.0435
2026-08-27 23:57:45.256436+03:00,2026-08-29 15:00:00+03:00,35.3294,2.0,33.3294
2026-08-27 23:57:45.256436+03:00,2026-08-29 15:15:00+03:00,35.4023,2.0,33.4023
2026-08-27 23:57:45.256436+03:00,2026-08-29 15:30:00+03:00,35.411,2.0,33.411
2026-08-27 23:57:45.256436+03:00,2026-08-29 15:45:00+03:00,35.39,2.27,33.12
2026-08-27 23:57:45.256436+03:00,2026-08-29 16:00:00+03:00,35.3839,2.43,32.9539
2026-08-27 23:57:45.256436+03:00,2026-08-29 16:15:00+03:00,35.4472,2.54,32.9072
2026-08-27 23:57:45.256436+03:00,2026-08-29 16:30:00+03:00,35.8174,3.43,32.3874
2026-08-27 23:57:45.256436+03:00,2026-08-29 16:45:00+03:00,35.7684,4.07,31.6984
2026-08-27 23:57:45.256436+03:00,2026-08-29 17:00:00+03:00,35.7685,3.69,32.078500000000005
2026-08-27 23:57:45.256436+03:00,2026-08-29 17:15:00+03:00,35.8076,3.82,31.9876
2026-08-27 23:57:45.256436+03:00,2026-08-29 17:30:00+03:00,35.7865,4.19,31.596499999999995
2026-08-27 23:57:45.256436+03:00,2026-08-29 17:45:00+03:00,35.7553,4.54,31.2153
2026-08-27 23:57:45.256436+03:00,2026-08-29 18:00:00+03:00,35.7765,2.46,33.3165
2026-08-27 23:57:45.256436+03:00,2026-08-29 18:15:00+03:00,35.7203,2.2,33.5203
2026-08-27 23:57:45.256436+03:00,2026-08-29 18:30:00+03:00,35.7168,2.27,33.4468
2026-08-27 23:57:45.256436+03:00,2026-08-29 18:45:00+03:00,35.7092,1.99,33.7192
2026-08-27 23:57:45.256436+03:00,2026-08-29 19:00:00+03:00,35.7234,2.07,33.6534
2026-08-27 23:57:45.256436+03:00,2026-08-29 19:15:00+03:00,35.6062,1.96,33.6462
2026-08-27 23:57:45.256436+03:00,2026-08-29 19:30:00+03:00,35.6154,1.97,33.6454
2026-08-27 23:57:45.256436+03:00,2026-08-29 19:45:00+03:00,35.6495,1.84,33.8095
2026-08-27 23:57:45.256436+03:00,2026-08-29 20:00:00+03:00,35.6929,1.96,33.7329
2026-08-27 23:57:45.256436+03:00,2026-08-29 20:15:00+03:00,35.508,1.96,33.548
2026-08-27 23:57:45.256436+03:00,2026-08-29 20:30:00+03:00,35.552,1.74,33.812
2026-08-27 23:57:45.256436+03:00,2026-08-29 20:45:00+03:00,35.5958,1.51,34.0858
2026-08-27 23:57:45.256436+03:00,2026-08-29 21:00:00+03:00,35.636,1.22,34.416000000000004
2026-08-27 23:57:45.256436+03:00,2026-08-29 21:15:00+03:00,35.6604,1.22,34.440400000000004
2026-08-27 23:57:45.256436+03:00,2026-08-29 21:30:00+03:00,35.6619,1.16,34.501900000000006
2026-08-27 23:57:45.256436+03:00,2026-08-29 21:45:00+03:00,35.6548,1.23,34.424800000000005
2026-08-27 23:57:45.256436+03:00,2026-08-29 22:00:00+03:00,35.6298,1.0,34.6298
2026-08-27 23:57:45.256436+03:00,2026-08-29 22:15:00+03:00,35.4069,1.06,34.3469
2026-08-27 23:57:45.256436+03:00,2026-08-29 22:30:00+03:00,34.9995,1.5,33.4995
2026-08-27 23:57:45.256436+03:00,2026-08-29 22:45:00+03:00,34.5128,1.67,32.8428
2026-08-27 23:57:45.256436+03:00,2026-08-29 23:00:00+03:00,34.161,1.11,33.051
2026-08-27 23:57:45.256436+03:00,2026-08-29 23:15:00+03:00,33.5984,1.49,32.1084
2026-08-27 23:57:45.256436+03:00,2026-08-29 23:30:00+03:00,33.1988,1.8,31.3988
2026-08-27 23:57:45.256436+03:00,2026-08-29 23:45:00+03:00,32.8323,1.99,30.8423
2026-08-27 23:57:45.256436+03:00,2026-08-30 00:00:00+03:00,32.4622,1.01,31.4522
2026-08-27 23:57:45.256436+03:00,2026-08-30 00:15:00+03:00,32.2144,1.5,30.7144
2026-08-27 23:57:45.256436+03:00,2026-08-30 00:30:00+03:00,32.3304,1.45,30.8804
2026-08-27 23:57:45.256436+03:00,2026-08-30 00:45:00+03:00,32.4218,1.83,30.5918
2026-08-27 23:57:45.256436+03:00,2026-08-30 01:00:00+03:00,32.4482,1.5,30.9482
2026-08-27 23:57:45.256436+03:00,2026-08-30 01:15:00+03:00,32.3341,1.51,30.8241
2026-08-27 23:57:45.256436+03:00,2026-08-30 01:30:00+03:00,32.3877,1.56,30.827700000000004
2026-08-27 23:57:45.256436+03:00,2026-08-30 01:45:00+03:00,32.4211,1.62,30.8011
2026-08-27 23:57:45.256436+03:00,2026-08-30 02:00:00+03:00,32.4526,1.48,30.9726
2026-08-27 23:57:45.256436+03:00,2026-08-30 02:15:00+03:00,32.4885,1.5,30.9885
2026-08-27 23:57:45.256436+03:00,2026-08-30 02:30:00+03:00,32.5088,1.51,30.9988
2026-08-27 23:57:45.256436+03:00,2026-08-30 02:45:00+03:00,32.4884,1.61,30.8784
2026-08-27 23:57:45.256436+03:00,2026-08-30 03:00:00+03:00,32.5128,1.52,30.9928
2026-08-27 23:57:45.256436+03:00,2026-08-30 03:15:00+03:00,32.5364,1.56,30.9764
2026-08-27 23:57:45.256436+03:00,2026-08-30 03:30:00+03:00,32.5374,1.67,30.8674
2026-08-27 23:57:45.256436+03:00,2026-08-30 03:45:00+03:00,32.5193,1.8,30.7193
2026-08-27 23:57:45.256436+03:00,2026-08-30 04:00:00+03:00,32.5333,1.65,30.8833
2026-08-27 23:57:45.256436+03:00,2026-08-30 04:15:00+03:00,32.5709,1.77,30.8009
2026-08-27 23:57:45.256436+03:00,2026-08-30 04:30:00+03:00,32.576,1.8,30.776
2026-08-27 23:57:45.256436+03:00,2026-08-30 04:45:00+03:00,32.5508,1.8,30.7508
2026-08-27 23:57:45.256436+03:00,2026-08-30 05:00:00+03:00,32.528,1.94,30.588
2026-08-27 23:57:45.256436+03:00,2026-08-30 05:15:00+03:00,32.5485,1.83,30.7185
2026-08-27 23:57:45.256436+03:00,2026-08-30 05:30:00+03:00,32.5493,1.83,30.719300000000004
2026-08-27 23:57:45.256436+03:00,2026-08-30 05:45:00+03:00,32.5286,1.84,30.6886
2026-08-27 23:57:45.256436+03:00,2026-08-30 06:00:00+03:00,32.5429,2.0,30.542900000000003
2026-08-27 23:57:45.256436+03:00,2026-08-30 06:15:00+03:00,32.5582,2.0,30.5582
2026-08-27 23:57:45.256436+03:00,2026-08-30 06:30:00+03:00,32.56,2.0,30.56
2026-08-27 23:57:45.256436+03:00,2026-08-30 06:45:00+03:00,32.5439,2.16,30.3839
2026-08-27 23:57:45.256436+03:00,2026-08-30 07:00:00+03:00,32.5579,3.49,29.067899999999995
2026-08-27 23:57:45.256436+03:00,2026-08-30 07:15:00+03:00,32.6526,3.52,29.1326
2026-08-27 23:57:45.256436+03:00,2026-08-30 07:30:00+03:00,33.0814,4.0,29.0814
2026-08-27 23:57:45.256436+03:00,2026-08-30 07:45:00+03:00,33.5332,4.99,28.5432
2026-08-27 23:57:45.256436+03:00,2026-08-30 08:00:00+03:00,34.212,8.26,25.952000000000005
2026-08-27 23:57:45.256436+03:00,2026-08-30 08:15:00+03:00,34.5957,10.0,24.5957
2026-08-27 23:57:45.256436+03:00,2026-08-30 08:30:00+03:00,34.9846,13.77,21.2146
2026-08-27 23:57:45.256436+03:00,2026-08-30 08:45:00+03:00,35.308,20.08,15.228000000000002
2026-08-27 23:57:45.256436+03:00,2026-08-30 09:00:00+03:00,35.5951,20.0,15.595100000000002
2026-08-27 23:57:45.256436+03:00,2026-08-30 09:15:00+03:00,35.6831,25.88,9.803100000000004
2026-08-27 23:57:45.256436+03:00,2026-08-30 09:30:00+03:00,35.7346,17.6,18.1346
2026-08-27 23:57:45.256436+03:00,2026-08-30 09:45:00+03:00,35.7142,10.84,24.8742
2026-08-27 23:57:45.256436+03:00,2026-08-30 10:00:00+03:00,35.7103,11.71,24.0003
2026-08-27 23:57:45.256436+03:00,2026-08-30 10:15:00+03:00,35.679,12.7,22.979000000000003
2026-08-27 23:57:45.256436+03:00,2026-08-30 10:30:00+03:00,35.7073,11.92,23.787299999999995
2026-08-27 23:57:45.256436+03:00,2026-08-30 10:45:00+03:00,35.7181,13.87,21.8481
2026-08-27 23:57:45.256436+03:00,2026-08-30 11:00:00+03:00,35.6922,15.1,20.5922
2026-08-27 23:57:45.256436+03:00,2026-08-30 11:15:00+03:00,35.662,14.72,20.942
2026-08-27 23:57:45.256436+03:00,2026-08-30 11:30:00+03:00,35.6623,13.14,22.5223
2026-08-27 23:57:45.256436+03:00,2026-08-30 11:45:00+03:00,35.6632,11.84,23.823200000000003
2026-08-27 23:57:45.256436+03:00,2026-08-30 12:00:00+03:00,35.6846,18.06,17.624600000000004
2026-08-27 23:57:45.256436+03:00,2026-08-30 12:15:00+03:00,35.6545,17.27,18.3845
2026-08-27 23:57:45.256436+03:00,2026-08-30 12:30:00+03:00,35.6623,14.0,21.6623
2026-08-27 23:57:45.256436+03:00,2026-08-30 12:45:00+03:00,35.6702,14.0,21.6702
2026-08-27 23:57:45.256436+03:00,2026-08-30 13:00:00+03:00,35.6715,17.57,18.1015
2026-08-27 23:57:45.256436+03:00,2026-08-30 13:15:00+03:00,35.6363,15.79,19.8463
2026-08-27 23:57:45.256436+03:00,2026-08-30 13:30:00+03:00,35.6464,14.61,21.0364
2026-08-27 23:57:45.256436+03:00,2026-08-30 13:45:00+03:00,35.6552,13.99,21.6652
2026-08-27 23:57:45.256436+03:00,2026-08-30 14:00:00+03:00,35.6774,14.0,21.6774
2026-08-27 23:57:45.256436+03:00,2026-08-30 14:15:00+03:00,35.7295,14.0,21.7295
2026-08-27 23:57:45.256436+03:00,2026-08-30 14:30:00+03:00,35.7376,13.99,21.7476
2026-08-27 23:57:45.256436+03:00,2026-08-30 14:45:00+03:00,35.7117,13.99,21.7217
2026-08-27 23:57:45.256436+03:00,2026-08-30 15:00:00+03:00,35.6697,13.99,21.6797
2026-08-27 23:57:45.256436+03:00,2026-08-30 15:15:00+03:00,35.7405,14.4,21.3405
2026-08-27 23:57:45.256436+03:00,2026-08-30 15:30:00+03:00,35.7462,14.71,21.0362
2026-08-27 23:57:45.256436+03:00,2026-08-30 15:45:00+03:00,35.7252,17.41,18.3152
2026-08-27 23:57:45.256436+03:00,2026-08-30 16:00:00+03:00,35.7115,13.99,21.7215
2026-08-27 23:57:45.256436+03:00,2026-08-30 16:15:00+03:00,35.7735,16.94,18.8335
2026-08-27 23:57:45.256436+03:00,2026-08-30 16:30:00+03:00,35.7824,23.05,12.732400000000002
2026-08-27 23:57:45.256436+03:00,2026-08-30 16:45:00+03:00,35.7623,33.29,2.472300000000004
2026-08-27 23:57:45.256436+03:00,2026-08-30 17:00:00+03:00,35.7575,14.37,21.387500000000003
2026-08-27 23:57:45.256436+03:00,2026-08-30 17:15:00+03:00,35.8326,20.34,15.4926
2026-08-27 23:57:45.256436+03:00,2026-08-30 17:30:00+03:00,35.8173,34.66,1.1573000000000064
2026-08-27 23:57:45.256436+03:00,2026-08-30 17:45:00+03:00,35.7908,61.87,26.0792
2026-08-27 23:57:45.256436+03:00,2026-08-30 18:00:00+03:00,35.7571,11.14,24.6171
2026-08-27 23:57:45.256436+03:00,2026-08-30 18:15:00+03:00,35.6945,34.22,1.474499999999999
2026-08-27 23:57:45.256436+03:00,2026-08-30 18:30:00+03:00,35.7161,59.35,23.633900000000004
2026-08-27 23:57:45.256436+03:00,2026-08-30 18:45:00+03:00,35.7153,67.82,32.104699999999994
2026-08-27 23:57:45.256436+03:00,2026-08-30 19:00:00+03:00,35.7224,53.88,18.1576
2026-08-27 23:57:45.256436+03:00,2026-08-30 19:15:00+03:00,35.6081,50.89,15.2819
2026-08-27 23:57:45.256436+03:00,2026-08-30 19:30:00+03:00,35.6287,49.99,14.3613
2026-08-27 23:57:45.256436+03:00,2026-08-30 19:45:00+03:00,35.674,50.0,14.326
2026-08-27 23:57:45.256436+03:00,2026-08-30 20:00:00+03:00,35.7211,49.33,13.608899999999998
2026-08-27 23:57:45.256436+03:00,2026-08-30 20:15:00+03:00,35.5134,48.8,13.2866
2026-08-27 23:57:45.256436+03:00,2026-08-30 20:30:00+03:00,35.5755,43.36,7.784500000000001
2026-08-27 23:57:45.256436+03:00,2026-08-30 20:45:00+03:00,35.6125,40.4,4.787500000000001
2026-08-27 23:57:45.256436+03:00,2026-08-30 21:00:00+03:00,35.6402,49.08,13.439799999999998
2026-08-27 23:57:45.256436+03:00,2026-08-30 21:15:00+03:00,35.6611,45.67,10.008900000000004
2026-08-27 23:57:45.256436+03:00,2026-08-30 21:30:00+03:00,35.6757,40.93,5.254300000000001
2026-08-27 23:57:45.256436+03:00,2026-08-30 21:45:00+03:00,35.6689,31.04,4.628900000000002
2026-08-27 23:57:45.256436+03:00,2026-08-30 22:00:00+03:00,35.6293,41.13,5.500700000000002
2026-08-27 23:57:45.256436+03:00,2026-08-30 22:15:00+03:00,35.3918,40.92,5.528199999999998
2026-08-27 23:57:45.256436+03:00,2026-08-30 22:30:00+03:00,35.0218,35.32,0.2982000000000013
2026-08-27 23:57:45.256436+03:00,2026-08-30 22:45:00+03:00,34.5546,29.23,5.3246
2026-08-27 23:57:45.256436+03:00,2026-08-30 23:00:00+03:00,34.2009,45.56,11.359100000000003
2026-08-27 23:57:45.256436+03:00,2026-08-30 23:15:00+03:00,33.6821,35.93,2.2479000000000013
2026-08-27 23:57:45.256436+03:00,2026-08-30 23:30:00+03:00,33.3055,29.6,3.7055000000000007
2026-08-27 23:57:45.256436+03:00,2026-08-30 23:45:00+03:00,32.8679,24.68,8.187899999999999
2026-08-27 23:57:45.256436+03:00,2026-08-31 00:00:00+03:00,32.4803,38.38,5.899700000000003
2026-08-27 23:57:45.256436+03:00,2026-08-31 00:15:00+03:00,32.189,35.14,2.9510000000000005
2026-08-27 23:57:45.256436+03:00,2026-08-31 00:30:00+03:00,32.3296,29.48,2.849599999999999
2026-08-27 23:57:45.256436+03:00,2026-08-31 00:45:00+03:00,32.436,26.59,5.846
2026-08-27 23:57:45.256436+03:00,2026-08-31 01:00:00+03:00,32.4448,27.02,5.424800000000001
2026-08-27 23:57:45.256436+03:00,2026-08-31 01:15:00+03:00,32.3693,26.63,5.739300000000004
2026-08-27 23:57:45.256436+03:00,2026-08-31 01:30:00+03:00,32.4226,26.36,6.062600000000003
2026-08-27 23:57:45.256436+03:00,2026-08-31 01:45:00+03:00,32.4439,27.75,4.693899999999999
2026-08-27 23:57:45.256436+03:00,2026-08-31 02:00:00+03:00,32.4756,26.16,6.3156
2026-08-27 23:57:45.256436+03:00,2026-08-31 02:15:00+03:00,32.5002,26.54,5.9602
2026-08-27 23:57:45.256436+03:00,2026-08-31 02:30:00+03:00,32.5214,27.94,4.581399999999999
2026-08-27 23:57:45.256436+03:00,2026-08-31 02:45:00+03:00,32.5089,28.0,4.508899999999997
2026-08-27 23:57:45.256436+03:00,2026-08-31 03:00:00+03:00,32.5153,27.55,4.965300000000003
2026-08-27 23:57:45.256436+03:00,2026-08-31 03:15:00+03:00,32.5405,27.89,4.650500000000001
2026-08-27 23:57:45.256436+03:00,2026-08-31 03:30:00+03:00,32.5411,29.96,2.5810999999999997
2026-08-27 23:57:45.256436+03:00,2026-08-31 03:45:00+03:00,32.5255,31.7,0.8255000000000017
2026-08-27 23:57:45.256436+03:00,2026-08-31 04:00:00+03:00,32.5465,27.03,5.516500000000001
2026-08-27 23:57:45.256436+03:00,2026-08-31 04:15:00+03:00,32.7294,27.52,5.209399999999999
2026-08-27 23:57:45.256436+03:00,2026-08-31 04:30:00+03:00,33.1314,28.02,5.1114
2026-08-27 23:57:45.256436+03:00,2026-08-31 04:45:00+03:00,33.5534,30.0,3.5534000000000034
2026-08-27 23:57:45.256436+03:00,2026-08-31 05:00:00+03:00,34.1484,24.02,10.128400000000005
2026-08-27 23:57:45.256436+03:00,2026-08-31 05:15:00+03:00,34.8927,26.68,8.212699999999998
2026-08-27 23:57:45.256436+03:00,2026-08-31 05:30:00+03:00,35.5775,34.01,1.5675000000000026
2026-08-27 23:57:45.256436+03:00,2026-08-31 05:45:00+03:00,36.4556,45.28,8.824400000000004
2026-08-27 23:57:45.256436+03:00,2026-08-31 06:00:00+03:00,37.3777,17.46,19.9177
2026-08-27 23:57:45.256436+03:00,2026-08-31 06:15:00+03:00,38.8197,29.49,9.3297
2026-08-27 23:57:45.256436+03:00,2026-08-31 06:30:00+03:00,39.6637,50.14,10.476300000000002
2026-08-27 23:57:45.256436+03:00,2026-08-31 06:45:00+03:00,40.6778,77.76,37.08220000000001
2026-08-27 23:57:45.256436+03:00,2026-08-31 07:00:00+03:00,41.243,34.26,6.983000000000004
2026-08-27 23:57:45.256436+03:00,2026-08-31 07:15:00+03:00,41.6608,70.77,29.109199999999998
2026-08-27 23:57:45.256436+03:00,2026-08-31 07:30:00+03:00,41.8639,102.99,61.1261
2026-08-27 23:57:45.256436+03:00,2026-08-31 07:45:00+03:00,41.5205,108.99,67.4695
2026-08-27 23:57:45.256436+03:00,2026-08-31 08:00:00+03:00,41.486,109.42,67.934
2026-08-27 23:57:45.256436+03:00,2026-08-31 08:15:00+03:00,41.4582,110.91,69.45179999999999
2026-08-27 23:57:45.256436+03:00,2026-08-31 08:30:00+03:00,41.4435,112.81,71.3665
2026-08-27 23:57:45.256436+03:00,2026-08-31 08:45:00+03:00,41.4188,114.0,72.5812
2026-08-27 23:57:45.256436+03:00,2026-08-31 09:00:00+03:00,41.3091,118.47,77.1609
2026-08-27 23:57:45.256436+03:00,2026-08-31 09:15:00+03:00,40.9887,118.74,77.75129999999999
2026-08-27 23:57:45.256436+03:00,2026-08-31 09:30:00+03:00,40.5134,117.21,76.69659999999999
2026-08-27 23:57:45.256436+03:00,2026-08-31 09:45:00+03:00,40.0152,118.03,78.01480000000001
2026-08-27 23:57:45.256436+03:00,2026-08-31 10:00:00+03:00,39.2464,123.14,83.89359999999999
2026-08-27 23:57:45.256436+03:00,2026-08-31 10:15:00+03:00,38.9456,121.27,82.3244
2026-08-27 23:57:45.256436+03:00,2026-08-31 10:30:00+03:00,38.1738,112.85,74.6762
2026-08-27 23:57:45.256436+03:00,2026-08-31 10:45:00+03:00,37.6245,101.58,63.9555
2026-08-27 23:57:45.256436+03:00,2026-08-31 11:00:00+03:00,37.2352,102.05,64.81479999999999
2026-08-27 23:57:45.256436+03:00,2026-08-31 11:15:00+03:00,36.8235,91.24,54.41649999999999
2026-08-27 23:57:45.256436+03:00,2026-08-31 11:30:00+03:00,36.2532,68.36,32.1068
2026-08-27 23:57:45.256436+03:00,2026-08-31 11:45:00+03:00,35.7302,52.75,17.019799999999996
2026-08-27 23:57:45.256436+03:00,2026-08-31 12:00:00+03:00,35.4605,70.46,34.99949999999999
2026-08-27 23:57:45.256436+03:00,2026-08-31 12:15:00+03:00,35.5792,60.72,25.1408
2026-08-27 23:57:45.256436+03:00,2026-08-31 12:30:00+03:00,35.7517,51.65,15.8983
2026-08-27 23:57:45.256436+03:00,2026-08-31 12:45:00+03:00,35.7166,50.43,14.7134
2026-08-27 23:57:45.256436+03:00,2026-08-31 13:00:00+03:00,35.6927,50.35,14.6573
2026-08-27 23:57:45.256436+03:00,2026-08-31 13:15:00+03:00,35.6862,52.96,17.2738
2026-08-27 23:57:45.256436+03:00,2026-08-31 13:30:00+03:00,35.684,50.36,14.676000000000002
2026-08-27 23:57:45.256436+03:00,2026-08-31 13:45:00+03:00,35.7054,48.68,12.974600000000002
2026-08-27 23:57:45.256436+03:00,2026-08-31 14:00:00+03:00,35.7183,46.47,10.7517
2026-08-27 23:57:45.256436+03:00,2026-08-31 14:15:00+03:00,35.775,48.27,12.495000000000005
2026-08-27 23:57:45.256436+03:00,2026-08-31 14:30:00+03:00,35.7739,50.07,14.296100000000004
2026-08-27 23:57:45.256436+03:00,2026-08-31 14:45:00+03:00,35.7509,52.75,16.9991
2026-08-27 23:57:45.256436+03:00,2026-08-31 15:00:00+03:00,35.7048,43.43,7.725200000000001
2026-08-27 23:57:45.256436+03:00,2026-08-31 15:15:00+03:00,35.7797,49.98,14.2003
2026-08-27 23:57:45.256436+03:00,2026-08-31 15:30:00+03:00,35.781,54.98,19.199
2026-08-27 23:57:45.256436+03:00,2026-08-31 15:45:00+03:00,35.7676,60.89,25.1224
2026-08-27 23:57:45.256436+03:00,2026-08-31 16:00:00+03:00,35.7354,36.14,0.404600000000002
2026-08-27 23:57:45.256436+03:00,2026-08-31 16:15:00+03:00,35.813,43.0,7.186999999999998
2026-08-27 23:57:45.256436+03:00,2026-08-31 16:30:00+03:00,35.8129,72.86,37.0471
2026-08-27 23:57:45.256436+03:00,2026-08-31 16:45:00+03:00,35.7942,93.53,57.735800000000005
2026-08-27 23:57:45.256436+03:00,2026-08-31 17:00:00+03:00,35.805,71.0,35.195
2026-08-27 23:57:45.256436+03:00,2026-08-31 17:15:00+03:00,35.8907,91.8,55.9093
2026-08-27 23:57:45.256436+03:00,2026-08-31 17:30:00+03:00,35.8672,109.04,73.17280000000001
2026-08-27 23:57:45.256436+03:00,2026-08-31 17:45:00+03:00,35.8361,111.19,75.3539
2026-08-27 23:57:45.256436+03:00,2026-08-31 18:00:00+03:00,35.8391,123.04,87.2009
2026-08-27 23:57:45.256436+03:00,2026-08-31 18:15:00+03:00,35.7994,126.1,90.3006
2026-08-27 23:57:45.256436+03:00,2026-08-31 18:30:00+03:00,35.7968,127.52,91.7232
2026-08-27 23:57:45.256436+03:00,2026-08-31 18:45:00+03:00,35.7823,132.94,97.1577
2026-08-27 23:57:45.256436+03:00,2026-08-31 19:00:00+03:00,35.7797,133.59,97.8103
2026-08-27 23:57:45.256436+03:00,2026-08-31 19:15:00+03:00,35.664,130.89,95.22599999999998
2026-08-27 23:57:45.256436+03:00,2026-08-31 19:30:00+03:00,35.6674,132.89,97.2226
2026-08-27 23:57:45.256436+03:00,2026-08-31 19:45:00+03:00,35.7181,112.47,76.7519
2026-08-27 23:57:45.256436+03:00,2026-08-31 20:00:00+03:00,35.7462,144.25,108.5038
2026-08-27 23:57:45.256436+03:00,2026-08-31 20:15:00+03:00,35.5353,130.84,95.3047
2026-08-27 23:57:45.256436+03:00,2026-08-31 20:30:00+03:00,35.5798,113.34,77.7602
2026-08-27 23:57:45.256436+03:00,2026-08-31 20:45:00+03:00,35.6449,88.77,53.1251
2026-08-27 23:57:45.256436+03:00,2026-08-31 21:00:00+03:00,35.6738,138.86,103.1862
2026-08-27 23:57:45.256436+03:00,2026-08-31 21:15:00+03:00,35.6913,115.49,79.7987
2026-08-27 23:57:45.256436+03:00,2026-08-31 21:30:00+03:00,35.6984,85.21,49.5116
2026-08-27 23:57:45.256436+03:00,2026-08-31 21:45:00+03:00,35.6946,60.47,24.7754
2026-08-27 23:57:45.256436+03:00,2026-08-31 22:00:00+03:00,35.6726,120.22,84.5474
2026-08-27 23:57:45.256436+03:00,2026-08-31 22:15:00+03:00,35.4383,119.89,84.4517
2026-08-27 23:57:45.256436+03:00,2026-08-31 22:30:00+03:00,35.0494,79.56,44.5106
2026-08-27 23:57:45.256436+03:00,2026-08-31 22:45:00+03:00,34.5199,61.66,27.1401
2026-08-27 23:57:45.256436+03:00,2026-08-31 23:00:00+03:00,34.1532,67.48,33.326800000000006
2026-08-27 23:57:45.256436+03:00,2026-08-31 23:15:00+03:00,33.6327,60.04,26.4073
2026-08-27 23:57:45.256436+03:00,2026-08-31 23:30:00+03:00,33.2374,47.41,14.172599999999996
2026-08-27 23:57:45.256436+03:00,2026-08-31 23:45:00+03:00,32.8527,34.37,1.5172999999999988
2026-08-27 23:57:45.256436+03:00,2026-09-01 00:00:00+03:00,32.4892,53.76,21.2708
2026-08-27 23:57:45.256436+03:00,2026-09-01 00:15:00+03:00,32.2814,49.71,17.428600000000003
2026-08-27 23:57:45.256436+03:00,2026-09-01 00:30:00+03:00,32.4063,45.09,12.683700000000002
2026-08-27 23:57:45.256436+03:00,2026-09-01 00:45:00+03:00,32.5194,35.36,2.840600000000002
2026-08-27 23:57:45.256436+03:00,2026-09-01 01:00:00+03:00,32.4773,46.56,14.082700000000003
2026-08-27 23:57:45.256436+03:00,2026-09-01 01:15:00+03:00,32.3817,39.86,7.478299999999997
2026-08-27 23:57:45.256436+03:00,2026-09-01 01:30:00+03:00,32.4353,36.76,4.3247
2026-08-27 23:57:45.256436+03:00,2026-09-01 01:45:00+03:00,32.4712,30.03,2.441200000000002
2026-08-27 23:57:45.256436+03:00,2026-09-01 02:00:00+03:00,32.4999,41.16,8.6601
2026-08-27 23:57:45.256436+03:00,2026-09-01 02:15:00+03:00,32.5234,39.13,6.6066
2026-08-27 23:57:45.256436+03:00,2026-09-01 02:30:00+03:00,32.5391,37.89,5.350900000000003
2026-08-27 23:57:45.256436+03:00,2026-09-01 02:45:00+03:00,32.5247,36.85,4.325299999999999
2026-08-27 23:57:45.256436+03:00,2026-09-01 03:00:00+03:00,32.531,40.3,7.768999999999998
2026-08-27 23:57:45.256436+03:00,2026-09-01 03:15:00+03:00,32.5629,39.91,7.3470999999999975
2026-08-27 23:57:45.256436+03:00,2026-09-01 03:30:00+03:00,32.5633,39.28,6.716700000000003
2026-08-27 23:57:45.256436+03:00,2026-09-01 03:45:00+03:00,32.5405,36.87,4.329499999999996
2026-08-27 23:57:45.256436+03:00,2026-09-01 04:00:00+03:00,32.5552,36.87,4.314799999999998
2026-08-27 23:57:45.256436+03:00,2026-09-01 04:15:00+03:00,32.7288,35.79,3.0611999999999995
2026-08-27 23:57:45.256436+03:00,2026-09-01 04:30:00+03:00,33.0946,34.69,1.595399999999998
2026-08-27 23:57:45.256436+03:00,2026-09-01 04:45:00+03:00,33.5466,36.18,2.6334000000000017
2026-08-27 23:57:45.256436+03:00,2026-09-01 05:00:00+03:00,34.1866,36.85,2.663400000000003
2026-08-27 23:57:45.256436+03:00,2026-09-01 05:15:00+03:00,34.9611,36.77,1.8089000000000013
2026-08-27 23:57:45.256436+03:00,2026-09-01 05:30:00+03:00,35.5917,37.18,1.5882999999999967
2026-08-27 23:57:45.256436+03:00,2026-09-01 05:45:00+03:00,36.4543,42.48,6.025699999999993
2026-08-27 23:57:45.256436+03:00,2026-09-01 06:00:00+03:00,37.3483,31.21,6.138300000000001
2026-08-27 23:57:45.256436+03:00,2026-09-01 06:15:00+03:00,38.7578,41.72,2.9621999999999957
2026-08-27 23:57:45.256436+03:00,2026-09-01 06:30:00+03:00,39.6491,45.15,5.5009000000000015
2026-08-27 23:57:45.256436+03:00,2026-09-01 06:45:00+03:00,40.636,53.55,12.913999999999994
2026-08-27 23:57:45.256436+03:00,2026-09-01 07:00:00+03:00,41.2605,22.39,18.8705
2026-08-27 23:57:45.256436+03:00,2026-09-01 07:15:00+03:00,42.0258,29.06,12.965799999999998
2026-08-27 23:57:45.256436+03:00,2026-09-01 07:30:00+03:00,43.2175,50.0,6.782499999999999
2026-08-27 23:57:45.256436+03:00,2026-09-01 07:45:00+03:00,44.0098,59.47,15.4602
2026-08-27 23:57:45.256436+03:00,2026-09-01 08:00:00+03:00,44.4348,50.0,5.565199999999997
2026-08-27 23:57:45.256436+03:00,2026-09-01 08:15:00+03:00,45.056,86.8,41.744
2026-08-27 23:57:45.256436+03:00,2026-09-01 08:30:00+03:00,45.1928,96.19,50.9972
2026-08-27 23:57:45.256436+03:00,2026-09-01 08:45:00+03:00,45.1054,123.6,78.49459999999999
2026-08-27 23:57:45.256436+03:00,2026-09-01 09:00:00+03:00,45.0516,127.95,82.89840000000001
2026-08-27 23:57:45.256436+03:00,2026-09-01 09:15:00+03:00,44.6968,128.57,83.8732
2026-08-27 23:57:45.256436+03:00,2026-09-01 09:30:00+03:00,44.2132,126.54,82.3268
2026-08-27 23:57:45.256436+03:00,2026-09-01 09:45:00+03:00,43.6324,128.57,84.9376
2026-08-27 23:57:45.256436+03:00,2026-09-01 10:00:00+03:00,43.6483,141.32,97.67169999999999
2026-08-27 23:57:45.256436+03:00,2026-09-01 10:15:00+03:00,43.5882,135.25,91.6618
2026-08-27 23:57:45.256436+03:00,2026-09-01 10:30:00+03:00,43.2318,139.65,96.41820000000001
2026-08-27 23:57:45.256436+03:00,2026-09-01 10:45:00+03:00,43.2511,124.61,81.3589
2026-08-27 23:57:45.256436+03:00,2026-09-01 11:00:00+03:00,43.221,135.46,92.239
2026-08-27 23:57:45.256436+03:00,2026-09-01 11:15:00+03:00,43.3192,118.02,74.70079999999999
2026-08-27 23:57:45.256436+03:00,2026-09-01 11:30:00+03:00,43.3016,111.14,67.83840000000001
2026-08-27 23:57:45.256436+03:00,2026-09-01 11:45:00+03:00,43.3122,101.21,57.8978
2026-08-27 23:57:45.256436+03:00,2026-09-01 12:00:00+03:00,43.3142,108.75,65.4358
2026-08-27 23:57:45.256436+03:00,2026-09-01 12:15:00+03:00,43.2981,97.23,53.931900000000006
2026-08-27 23:57:45.256436+03:00,2026-09-01 12:30:00+03:00,43.2769,100.97,57.6931
2026-08-27 23:57:45.256436+03:00,2026-09-01 12:45:00+03:00,43.2903,89.92,46.6297
2026-08-27 23:57:45.256436+03:00,2026-09-01 13:00:00+03:00,43.2774,105.48,62.202600000000004
2026-08-27 23:57:45.256436+03:00,2026-09-01 13:15:00+03:00,43.26,103.41,60.15
2026-08-27 23:57:45.256436+03:00,2026-09-01 13:30:00+03:00,43.2487,99.08,55.8313
2026-08-27 23:57:45.256436+03:00,2026-09-01 13:45:00+03:00,43.2595,86.38,43.12049999999999
2026-08-27 23:57:45.256436+03:00,2026-09-01 14:00:00+03:00,43.303,105.76,62.45700000000001
2026-08-27 23:57:45.256436+03:00,2026-09-01 14:15:00+03:00,43.3394,104.24,60.9006
2026-08-27 23:57:45.256436+03:00,2026-09-01 14:30:00+03:00,43.3342,94.56,51.2258
2026-08-27 23:57:45.256436+03:00,2026-09-01 14:45:00+03:00,43.3048,81.25,37.9452
2026-08-27 23:57:45.256436+03:00,2026-09-01 15:00:00+03:00,43.321,85.09,41.769000000000005
2026-08-27 23:57:45.256436+03:00,2026-09-01 15:15:00+03:00,43.3836,86.91,43.526399999999995
2026-08-27 23:57:45.256436+03:00,2026-09-01 15:30:00+03:00,43.3614,95.39,52.0286
2026-08-27 23:57:45.256436+03:00,2026-09-01 15:45:00+03:00,43.3453,92.85,49.50469999999999
2026-08-27 23:57:45.256436+03:00,2026-09-01 16:00:00+03:00,43.3258,85.3,41.974199999999996
2026-08-27 23:57:45.256436+03:00,2026-09-01 16:15:00+03:00,43.3846,102.78,59.3954
2026-08-27 23:57:45.256436+03:00,2026-09-01 16:30:00+03:00,43.3756,92.56,49.184400000000004
2026-08-27 23:57:45.256436+03:00,2026-09-01 16:45:00+03:00,43.359,103.95,60.591
2026-08-27 23:57:45.256436+03:00,2026-09-01 17:00:00+03:00,43.3743,70.14,26.765700000000002
2026-08-27 23:57:45.256436+03:00,2026-09-01 17:15:00+03:00,43.4718,86.18,42.708200000000005
2026-08-27 23:57:45.256436+03:00,2026-09-01 17:30:00+03:00,43.4687,104.99,61.5213
2026-08-27 23:57:45.256436+03:00,2026-09-01 17:45:00+03:00,43.394,111.29,67.89600000000002
2026-08-27 23:57:45.256436+03:00,2026-09-01 18:00:00+03:00,43.3903,107.48,64.0897
2026-08-27 23:57:45.256436+03:00,2026-09-01 18:15:00+03:00,43.2968,114.79,71.4932
2026-08-27 23:57:45.256436+03:00,2026-09-01 18:30:00+03:00,43.249,108.25,65.001
2026-08-27 23:57:45.256436+03:00,2026-09-01 18:45:00+03:00,43.252,119.56,76.30799999999999
2026-08-27 23:57:45.256436+03:00,2026-09-01 19:00:00+03:00,43.289,116.88,73.591
2026-08-27 23:57:45.256436+03:00,2026-09-01 19:15:00+03:00,43.1788,125.38,82.2012
2026-08-27 23:57:45.256436+03:00,2026-09-01 19:30:00+03:00,43.182,115.99,72.80799999999999
2026-08-27 23:57:45.256436+03:00,2026-09-01 19:45:00+03:00,43.2306,101.72,58.489399999999996
2026-08-27 23:57:45.256436+03:00,2026-09-01 20:00:00+03:00,43.315,114.54,71.22500000000001
2026-08-27 23:57:45.256436+03:00,2026-09-01 20:15:00+03:00,42.883,108.99,66.107
2026-08-27 23:57:45.256436+03:00,2026-09-01 20:30:00+03:00,42.2676,87.38,45.112399999999994
2026-08-27 23:57:45.256436+03:00,2026-09-01 20:45:00+03:00,42.0075,70.08,28.072499999999998
2026-08-27 23:57:45.256436+03:00,2026-09-01 21:00:00+03:00,41.8687,97.39,55.521300000000004
2026-08-27 23:57:45.256436+03:00,2026-09-01 21:15:00+03:00,40.8664,68.76,27.893600000000006
2026-08-27 23:57:45.256436+03:00,2026-09-01 21:30:00+03:00,40.3173,54.69,14.372699999999995
2026-08-27 23:57:45.256436+03:00,2026-09-01 21:45:00+03:00,39.8442,41.99,2.1458000000000013
2026-08-27 23:57:45.256436+03:00,2026-09-01 22:00:00+03:00,38.9914,61.62,22.6286
2026-08-27 23:57:45.256436+03:00,2026-09-01 22:15:00+03:00,37.8219,58.58,20.7581
2026-08-27 23:57:45.256436+03:00,2026-09-01 22:30:00+03:00,36.5427,55.32,18.777299999999997
2026-08-27 23:57:45.256436+03:00,2026-09-01 22:45:00+03:00,35.6818,45.0,9.318199999999997
2026-08-27 23:57:45.256436+03:00,2026-09-01 23:00:00+03:00,34.9062,60.19,25.2838
2026-08-27 23:57:45.256436+03:00,2026-09-01 23:15:00+03:00,33.9883,45.36,11.371699999999997
2026-08-27 23:57:45.256436+03:00,2026-09-01 23:30:00+03:00,33.2646,39.36,6.095399999999998
2026-08-27 23:57:45.256436+03:00,2026-09-01 23:45:00+03:00,32.4916,41.83,9.3384
2026-08-27 23:57:45.256436+03:00,2026-09-02 00:00:00+03:00,31.6858,40.87,9.184199999999997
2026-08-27 23:57:45.256436+03:00,2026-09-02 00:15:00+03:00,31.4045,,
2026-08-27 23:57:45.256436+03:00,2026-09-02 00:30:00+03:00,31.0539,,
2026-08-27 23:57:45.256436+03:00,2026-09-02 00:45:00+03:00,30.8151,,
2026-08-27 23:57:45.256436+03:00,2026-09-02 01:00:00+03:00,30.8964,,
2026-08-27 23:57:45.256436+03:00,2026-09-02 01:15:00+03:00,30.856,,
2026-08-27 23:57:45.256436+03:00,2026-09-02 01:30:00+03:00,30.9264,,
2026-08-27 23:57:45.256436+03:00,2026-09-02 01:45:00+03:00,30.9499,,
2026-08-27 23:57:45.256436+03:00,2026-09-02 02:00:00+03:00,30.9517,,
2026-08-27 23:57:45.256436+03:00,2026-09-02 02:15:00+03:00,30.998,,
2026-08-27 23:57:45.256436+03:00,2026-09-02 02:30:00+03:00,31.0175,,
2026-08-27 23:57:45.256436+03:00,2026-09-02 02:45:00+03:00,31.0091,,
2026-08-27 23:57:45.256436+03:00,2026-09-02 03:00:00+03:00,31.0006,,
2026-08-27 23:57:45.256436+03:00,2026-09-02 03:15:00+03:00,31.034,,
2026-08-27 23:57:45.256436+03:00,2026-09-02 03:30:00+03:00,31.05,,
2026-08-27 23:57:45.256436+03:00,2026-09-02 03:45:00+03:00,31.0391,,
2026-08-27 23:57:45.256436+03:00,2026-09-02 04:00:00+03:00,31.063,,
2026-08-27 23:57:45.256436+03:00,2026-09-02 04:15:00+03:00,31.2801,,
2026-08-27 23:57:45.256436+03:00,2026-09-02 04:30:00+03:00,31.7776,,
2026-08-27 23:57:45.256436+03:00,2026-09-02 04:45:00+03:00,32.3846,,
2026-08-27 23:57:45.256436+03:00,2026-09-02 05:00:00+03:00,32.8037,,
2026-08-27 23:57:45.256436+03:00,2026-09-02 05:15:00+03:00,33.6118,,
2026-08-27 23:57:45.256436+03:00,2026-09-02 05:30:00+03:00,34.631,,
2026-08-27 23:57:45.256436+03:00,2026-09-02 05:45:00+03:00,35.0876,,
2026-08-27 23:57:45.256436+03:00,2026-09-02 06:00:00+03:00,35.996,,
2026-08-27 23:57:45.256436+03:00,2026-09-02 06:15:00+03:00,36.9658,,
2026-08-27 23:57:45.256436+03:00,2026-09-02 06:30:00+03:00,38.0735,,
2026-08-27 23:57:45.256436+03:00,2026-09-02 06:45:00+03:00,38.9195,,
2026-08-27 23:57:45.256436+03:00,2026-09-02 07:00:00+03:00,39.4326,,
2026-08-27 23:57:45.256436+03:00,2026-09-02 07:15:00+03:00,39.8746,,
2026-08-27 23:57:45.256436+03:00,2026-09-02 07:30:00+03:00,40.1537,,
2026-08-27 23:57:45.256436+03:00,2026-09-02 07:45:00+03:00,40.6797,,
2026-08-27 23:57:45.256436+03:00,2026-09-02 08:00:00+03:00,40.5099,,
2026-08-27 23:57:45.256436+03:00,2026-09-02 08:15:00+03:00,40.5224,,
2026-08-27 23:57:45.256436+03:00,2026-09-02 08:30:00+03:00,40.4248,,
2026-08-27 23:57:45.256436+03:00,2026-09-02 08:45:00+03:00,40.4005,,
2026-08-27 23:57:45.256436+03:00,2026-09-02 09:00:00+03:00,40.3541,,
2026-08-27 23:57:45.256436+03:00,2026-09-02 09:15:00+03:00,40.1533,,
2026-08-27 23:57:45.256436+03:00,2026-09-02 09:30:00+03:00,40.1377,,
2026-08-27 23:57:45.256436+03:00,2026-09-02 09:45:00+03:00,40.172,,
2026-08-27 23:57:45.256436+03:00,2026-09-02 10:00:00+03:00,40.0894,,
2026-08-27 23:57:45.256436+03:00,2026-09-02 10:15:00+03:00,40.201,,
2026-08-27 23:57:45.256436+03:00,2026-09-02 10:30:00+03:00,40.1752,,
2026-08-27 23:57:45.256436+03:00,2026-09-02 10:45:00+03:00,40.1894,,
2026-08-27 23:57:45.256436+03:00,2026-09-02 11:00:00+03:00,40.1575,,
2026-08-27 23:57:45.256436+03:00,2026-09-02 11:15:00+03:00,40.2132,,
2026-08-27 23:57:45.256436+03:00,2026-09-02 11:30:00+03:00,40.1631,,
2026-08-27 23:57:45.256436+03:00,2026-09-02 11:45:00+03:00,40.1667,,
2026-08-27 23:57:45.256436+03:00,2026-09-02 12:00:00+03:00,40.1536,,
2026-08-27 23:57:45.256436+03:00,2026-09-02 12:15:00+03:00,40.2365,,
2026-08-27 23:57:45.256436+03:00,2026-09-02 12:30:00+03:00,40.1775,,
2026-08-27 23:57:45.256436+03:00,2026-09-02 12:45:00+03:00,40.1941,,
2026-08-27 23:57:45.256436+03:00,2026-09-02 13:00:00+03:00,40.1449,,
2026-08-27 23:57:45.256436+03:00,2026-09-02 13:15:00+03:00,40.2132,,
2026-08-27 23:57:45.256436+03:00,2026-09-02 13:30:00+03:00,40.1597,,
2026-08-27 23:57:45.256436+03:00,2026-09-02 13:45:00+03:00,40.1682,,
2026-08-27 23:57:45.256436+03:00,2026-09-02 14:00:00+03:00,40.1207,,
2026-08-27 23:57:45.256436+03:00,2026-09-02 14:15:00+03:00,40.256,,
2026-08-27 23:57:45.256436+03:00,2026-09-02 14:30:00+03:00,40.2167,,
2026-08-27 23:57:45.256436+03:00,2026-09-02 14:45:00+03:00,40.1896,,
2026-08-27 23:57:45.256436+03:00,2026-09-02 15:00:00+03:00,40.1277,,
2026-08-27 23:57:45.256436+03:00,2026-09-02 15:15:00+03:00,40.2931,,
2026-08-27 23:57:45.256436+03:00,2026-09-02 15:30:00+03:00,40.2414,,
2026-08-27 23:57:45.256436+03:00,2026-09-02 15:45:00+03:00,40.2165,,
2026-08-27 23:57:45.256436+03:00,2026-09-02 16:00:00+03:00,40.159,,
2026-08-27 23:57:45.256436+03:00,2026-09-02 16:15:00+03:00,40.3486,,
2026-08-27 23:57:45.256436+03:00,2026-09-02 16:30:00+03:00,40.2911,,
2026-08-27 23:57:45.256436+03:00,2026-09-02 16:45:00+03:00,40.2571,,
2026-08-27 23:57:45.256436+03:00,2026-09-02 17:00:00+03:00,40.23,,
2026-08-27 23:57:45.256436+03:00,2026-09-02 17:15:00+03:00,40.4117,,
2026-08-27 23:57:45.256436+03:00,2026-09-02 17:30:00+03:00,40.3507,,
2026-08-27 23:57:45.256436+03:00,2026-09-02 17:45:00+03:00,40.288,,
2026-08-27 23:57:45.256436+03:00,2026-09-02 18:00:00+03:00,40.2142,,
2026-08-27 23:57:45.256436+03:00,2026-09-02 18:15:00+03:00,40.1965,,
2026-08-27 23:57:45.256436+03:00,2026-09-02 18:30:00+03:00,40.1505,,
2026-08-27 23:57:45.256436+03:00,2026-09-02 18:45:00+03:00,40.1476,,
2026-08-27 23:57:45.256436+03:00,2026-09-02 19:00:00+03:00,40.1369,,
2026-08-27 23:57:45.256436+03:00,2026-09-02 19:15:00+03:00,40.1326,,
2026-08-27 23:57:45.256436+03:00,2026-09-02 19:30:00+03:00,40.0856,,
2026-08-27 23:57:45.256436+03:00,2026-09-02 19:45:00+03:00,40.1156,,
2026-08-27 23:57:45.256436+03:00,2026-09-02 20:00:00+03:00,40.1007,,
2026-08-27 23:57:45.256436+03:00,2026-09-02 20:15:00+03:00,39.7896,,
2026-08-27 23:57:45.256436+03:00,2026-09-02 20:30:00+03:00,39.0757,,
2026-08-27 23:57:45.256436+03:00,2026-09-02 20:45:00+03:00,38.7465,,
2026-08-27 23:57:45.256436+03:00,2026-09-02 21:00:00+03:00,38.0078,,
2026-08-27 23:57:45.256436+03:00,2026-09-02 21:15:00+03:00,37.5614,,
2026-08-27 23:57:45.256436+03:00,2026-09-02 21:30:00+03:00,37.1119,,
2026-08-27 23:57:45.256436+03:00,2026-09-02 21:45:00+03:00,36.7864,,
2026-08-27 23:57:45.256436+03:00,2026-09-02 22:00:00+03:00,36.2336,,
2026-08-27 23:57:45.256436+03:00,2026-09-02 22:15:00+03:00,35.477,,
2026-08-27 23:57:45.256436+03:00,2026-09-02 22:30:00+03:00,35.1798,,
2026-08-27 23:57:45.256436+03:00,2026-09-02 22:45:00+03:00,34.766,,
2026-08-27 23:57:45.256436+03:00,2026-09-02 23:00:00+03:00,34.3843,,
2026-08-27 23:57:45.256436+03:00,2026-09-02 23:15:00+03:00,33.8925,,
2026-08-27 23:57:45.256436+03:00,2026-09-02 23:30:00+03:00,32.8782,,
2026-08-27 23:57:45.256436+03:00,2026-09-02 23:45:00+03:00,32.2272,,
2026-08-27 23:57:45.256436+03:00,2026-09-03 00:00:00+03:00,31.8816,,
2026-08-27 23:57:45.256436+03:00,2026-09-03 00:15:00+03:00,31.4973,,
2026-08-27 23:57:45.256436+03:00,2026-09-03 00:30:00+03:00,31.2384,,
2026-08-27 23:57:45.256436+03:00,2026-09-03 00:45:00+03:00,30.9162,,
2026-08-27 23:57:45.256436+03:00,2026-09-03 01:00:00+03:00,30.8999,,
2026-08-27 23:57:45.256436+03:00,2026-09-03 01:15:00+03:00,30.8573,,
2026-08-27 23:57:45.256436+03:00,2026-09-03 01:30:00+03:00,30.9132,,
2026-08-27 23:57:45.256436+03:00,2026-09-03 01:45:00+03:00,30.93,,
2026-08-27 23:57:45.256436+03:00,2026-09-03 02:00:00+03:00,30.959,,
2026-08-27 23:57:45.256436+03:00,2026-09-03 02:15:00+03:00,31.0062,,
2026-08-27 23:57:45.256436+03:00,2026-09-03 02:30:00+03:00,31.0285,,
2026-08-27 23:57:45.256436+03:00,2026-09-03 02:45:00+03:00,31.0222,,
2026-08-27 23:57:45.256436+03:00,2026-09-03 03:00:00+03:00,30.9855,,
2026-08-27 23:57:45.256436+03:00,2026-09-03 03:15:00+03:00,31.0332,,
2026-08-27 23:57:45.256436+03:00,2026-09-03 03:30:00+03:00,31.0276,,
2026-08-27 23:57:45.256436+03:00,2026-09-03 03:45:00+03:00,31.0204,,
2026-08-27 23:57:45.256436+03:00,2026-09-03 04:00:00+03:00,31.0446,,
2026-08-27 23:57:45.256436+03:00,2026-09-03 04:15:00+03:00,31.2441,,
2026-08-27 23:57:45.256436+03:00,2026-09-03 04:30:00+03:00,31.1372,,
2026-08-27 23:57:45.256436+03:00,2026-09-03 04:45:00+03:00,31.0903,,
2026-08-27 23:57:45.256436+03:00,2026-09-03 05:00:00+03:00,31.208,,
2026-08-27 23:57:45.256436+03:00,2026-09-03 05:15:00+03:00,31.5481,,
2026-08-27 23:57:45.256436+03:00,2026-09-03 05:30:00+03:00,31.8719,,
2026-08-27 23:57:45.256436+03:00,2026-09-03 05:45:00+03:00,32.4102,,
2026-08-27 23:57:45.256436+03:00,2026-09-03 06:00:00+03:00,32.784,,
2026-08-27 23:57:45.256436+03:00,2026-09-03 06:15:00+03:00,33.4654,,
2026-08-27 23:57:45.256436+03:00,2026-09-03 06:30:00+03:00,34.5378,,
2026-08-27 23:57:45.256436+03:00,2026-09-03 06:45:00+03:00,35.0218,,
2026-08-27 23:57:45.256436+03:00,2026-09-03 07:00:00+03:00,35.5547,,
2026-08-27 23:57:45.256436+03:00,2026-09-03 07:15:00+03:00,36.5768,,
2026-08-27 23:57:45.256436+03:00,2026-09-03 07:30:00+03:00,37.4482,,
2026-08-27 23:57:45.256436+03:00,2026-09-03 07:45:00+03:00,38.5003,,
2026-08-27 23:57:45.256436+03:00,2026-09-03 08:00:00+03:00,39.0328,,
2026-08-27 23:57:45.256436+03:00,2026-09-03 08:15:00+03:00,39.251,,
2026-08-27 23:57:45.256436+03:00,2026-09-03 08:30:00+03:00,39.6609,,
2026-08-27 23:57:45.256436+03:00,2026-09-03 08:45:00+03:00,39.9423,,
2026-08-27 23:57:45.256436+03:00,2026-09-03 09:00:00+03:00,39.9109,,
2026-08-27 23:57:45.256436+03:00,2026-09-03 09:15:00+03:00,39.5545,,
2026-08-27 23:57:45.256436+03:00,2026-09-03 09:30:00+03:00,39.0679,,
2026-08-27 23:57:45.256436+03:00,2026-09-03 09:45:00+03:00,39.1135,,
2026-08-27 23:57:45.256436+03:00,2026-09-03 10:00:00+03:00,39.0908,,
2026-08-27 23:57:45.256436+03:00,2026-09-03 10:15:00+03:00,39.0599,,
2026-08-27 23:57:45.256436+03:00,2026-09-03 10:30:00+03:00,39.0487,,
2026-08-27 23:57:45.256436+03:00,2026-09-03 10:45:00+03:00,38.58,,
2026-08-27 23:57:45.256436+03:00,2026-09-03 11:00:00+03:00,38.6576,,
2026-08-27 23:57:45.256436+03:00,2026-09-03 11:15:00+03:00,38.6228,,
2026-08-27 23:57:45.256436+03:00,2026-09-03 11:30:00+03:00,38.6184,,
2026-08-27 23:57:45.256436+03:00,2026-09-03 11:45:00+03:00,38.6462,,
2026-08-27 23:57:45.256436+03:00,2026-09-03 12:00:00+03:00,38.6692,,
2026-08-27 23:57:45.256436+03:00,2026-09-03 12:15:00+03:00,38.6541,,
2026-08-27 23:57:45.256436+03:00,2026-09-03 12:30:00+03:00,38.659,,
2026-08-27 23:57:45.256436+03:00,2026-09-03 12:45:00+03:00,38.6835,,
2026-08-27 23:57:45.256436+03:00,2026-09-03 13:00:00+03:00,38.6849,,
2026-08-27 23:57:45.256436+03:00,2026-09-03 13:15:00+03:00,38.6636,,
2026-08-27 23:57:45.256436+03:00,2026-09-03 13:30:00+03:00,38.6447,,
2026-08-27 23:57:45.256436+03:00,2026-09-03 13:45:00+03:00,38.6574,,
2026-08-27 23:57:45.256436+03:00,2026-09-03 14:00:00+03:00,38.6942,,
2026-08-27 23:57:45.256436+03:00,2026-09-03 14:15:00+03:00,38.744,,
2026-08-27 23:57:45.256436+03:00,2026-09-03 14:30:00+03:00,38.7389,,
2026-08-27 23:57:45.256436+03:00,2026-09-03 14:45:00+03:00,38.7167,,
2026-08-27 23:57:45.256436+03:00,2026-09-03 15:00:00+03:00,38.7083,,
2026-08-27 23:57:45.256436+03:00,2026-09-03 15:15:00+03:00,38.7741,,
2026-08-27 23:57:45.256436+03:00,2026-09-03 15:30:00+03:00,38.7478,,
2026-08-27 23:57:45.256436+03:00,2026-09-03 15:45:00+03:00,38.7294,,
2026-08-27 23:57:45.256436+03:00,2026-09-03 16:00:00+03:00,38.7269,,
2026-08-27 23:57:45.256436+03:00,2026-09-03 16:15:00+03:00,38.7877,,
2026-08-27 23:57:45.256436+03:00,2026-09-03 16:30:00+03:00,38.7688,,
2026-08-27 23:57:45.256436+03:00,2026-09-03 16:45:00+03:00,38.7515,,
2026-08-27 23:57:45.256436+03:00,2026-09-03 17:00:00+03:00,38.7734,,
2026-08-27 23:57:45.256436+03:00,2026-09-03 17:15:00+03:00,38.8385,,
2026-08-27 23:57:45.256436+03:00,2026-09-03 17:30:00+03:00,38.8282,,
2026-08-27 23:57:45.256436+03:00,2026-09-03 17:45:00+03:00,38.7909,,
2026-08-27 23:57:45.256436+03:00,2026-09-03 18:00:00+03:00,38.8135,,
2026-08-27 23:57:45.256436+03:00,2026-09-03 18:15:00+03:00,38.7061,,
2026-08-27 23:57:45.256436+03:00,2026-09-03 18:30:00+03:00,38.6636,,
2026-08-27 23:57:45.256436+03:00,2026-09-03 18:45:00+03:00,38.6779,,
2026-08-27 23:57:45.256436+03:00,2026-09-03 19:00:00+03:00,38.726,,
2026-08-27 23:57:45.256436+03:00,2026-09-03 19:15:00+03:00,38.5786,,
2026-08-27 23:57:45.256436+03:00,2026-09-03 19:30:00+03:00,38.5594,,
2026-08-27 23:57:45.256436+03:00,2026-09-03 19:45:00+03:00,38.6414,,
2026-08-27 23:57:45.256436+03:00,2026-09-03 20:00:00+03:00,38.6874,,
2026-08-27 23:57:45.256436+03:00,2026-09-03 20:15:00+03:00,38.2748,,
2026-08-27 23:57:45.256436+03:00,2026-09-03 20:30:00+03:00,37.8022,,
2026-08-27 23:57:45.256436+03:00,2026-09-03 20:45:00+03:00,37.3119,,
2026-08-27 23:57:45.256436+03:00,2026-09-03 21:00:00+03:00,36.7588,,
2026-08-27 23:57:45.256436+03:00,2026-09-03 21:15:00+03:00,36.1114,,
2026-08-27 23:57:45.256436+03:00,2026-09-03 21:30:00+03:00,35.6811,,
2026-08-27 23:57:45.256436+03:00,2026-09-03 21:45:00+03:00,35.4478,,
2026-08-27 23:57:45.256436+03:00,2026-09-03 22:00:00+03:00,35.6886,,
2026-08-27 23:57:45.256436+03:00,2026-09-03 22:15:00+03:00,35.4166,,
2026-08-27 23:57:45.256436+03:00,2026-09-03 22:30:00+03:00,35.0133,,
2026-08-27 23:57:45.256436+03:00,2026-09-03 22:45:00+03:00,34.5301,,
2026-08-27 23:57:45.256436+03:00,2026-09-03 23:00:00+03:00,34.1282,,
2026-08-27 23:57:45.256436+03:00,2026-09-03 23:15:00+03:00,33.5811,,
2026-08-27 23:57:45.256436+03:00,2026-09-03 23:30:00+03:00,33.1789,,
2026-08-27 23:57:45.256436+03:00,2026-09-03 23:45:00+03:00,32.8135,,
2026-08-29 18:34:21.864040+03:00,2026-08-30 00:00:00+03:00,2.1814,1.01,1.1714
2026-08-29 18:34:21.864040+03:00,2026-08-30 00:15:00+03:00,2.3426,1.5,0.8426
2026-08-29 18:34:21.864040+03:00,2026-08-30 00:30:00+03:00,2.3568,1.45,0.9067999999999998
2026-08-29 18:34:21.864040+03:00,2026-08-30 00:45:00+03:00,2.4613,1.83,0.6313
2026-08-29 18:34:21.864040+03:00,2026-08-30 01:00:00+03:00,2.402,1.5,0.902
2026-08-29 18:34:21.864040+03:00,2026-08-30 01:15:00+03:00,2.3918,1.51,0.8817999999999999
2026-08-29 18:34:21.864040+03:00,2026-08-30 01:30:00+03:00,2.3852,1.56,0.8252000000000002
2026-08-29 18:34:21.864040+03:00,2026-08-30 01:45:00+03:00,2.392,1.62,0.7719999999999998
2026-08-29 18:34:21.864040+03:00,2026-08-30 02:00:00+03:00,2.4034,1.48,0.9234
2026-08-29 18:34:21.864040+03:00,2026-08-30 02:15:00+03:00,2.4035,1.5,0.9035000000000002
2026-08-29 18:34:21.864040+03:00,2026-08-30 02:30:00+03:00,2.4079,1.51,0.8979000000000001
2026-08-29 18:34:21.864040+03:00,2026-08-30 02:45:00+03:00,2.4114,1.61,0.8013999999999999
2026-08-29 18:34:21.864040+03:00,2026-08-30 03:00:00+03:00,2.428,1.52,0.908
2026-08-29 18:34:21.864040+03:00,2026-08-30 03:15:00+03:00,2.4266,1.56,0.8666
2026-08-29 18:34:21.864040+03:00,2026-08-30 03:30:00+03:00,2.4322,1.67,0.7622
2026-08-29 18:34:21.864040+03:00,2026-08-30 03:45:00+03:00,2.4334,1.8,0.6333999999999997
2026-08-29 18:34:21.864040+03:00,2026-08-30 04:00:00+03:00,2.4621,1.65,0.8121
2026-08-29 18:34:21.864040+03:00,2026-08-30 04:15:00+03:00,2.4712,1.77,0.7012
2026-08-29 18:34:21.864040+03:00,2026-08-30 04:30:00+03:00,2.4745,1.8,0.6744999999999999
2026-08-29 18:34:21.864040+03:00,2026-08-30 04:45:00+03:00,2.4679,1.8,0.6679000000000002
2026-08-29 18:34:21.864040+03:00,2026-08-30 05:00:00+03:00,2.4476,1.94,0.5076
2026-08-29 18:34:21.864040+03:00,2026-08-30 05:15:00+03:00,2.4475,1.83,0.6174999999999997
2026-08-29 18:34:21.864040+03:00,2026-08-30 05:30:00+03:00,2.4815,1.83,0.6515
2026-08-29 18:34:21.864040+03:00,2026-08-30 05:45:00+03:00,2.6165,1.84,0.7764999999999997
2026-08-29 18:34:21.864040+03:00,2026-08-30 06:00:00+03:00,2.7072,2.0,0.7071999999999998
2026-08-29 18:34:21.864040+03:00,2026-08-30 06:15:00+03:00,2.7157,2.0,0.7157
2026-08-29 18:34:21.864040+03:00,2026-08-30 06:30:00+03:00,2.7552,2.0,0.7551999999999999
2026-08-29 18:34:21.864040+03:00,2026-08-30 06:45:00+03:00,2.9037,2.16,0.7437
2026-08-29 18:34:21.864040+03:00,2026-08-30 07:00:00+03:00,3.0938,3.49,0.3962000000000003
2026-08-29 18:34:21.864040+03:00,2026-08-30 07:15:00+03:00,3.3736,3.52,0.1463999999999998
2026-08-29 18:34:21.864040+03:00,2026-08-30 07:30:00+03:00,3.6529,4.0,0.3471000000000002
2026-08-29 18:34:21.864040+03:00,2026-08-30 07:45:00+03:00,3.8707,4.99,1.1193000000000004
2026-08-29 18:34:21.864040+03:00,2026-08-30 08:00:00+03:00,4.1875,8.26,4.0725
2026-08-29 18:34:21.864040+03:00,2026-08-30 08:15:00+03:00,4.5451,10.0,5.4549
2026-08-29 18:34:21.864040+03:00,2026-08-30 08:30:00+03:00,4.8023,13.77,8.9677
2026-08-29 18:34:21.864040+03:00,2026-08-30 08:45:00+03:00,5.2397,20.08,14.8403
2026-08-29 18:34:21.864040+03:00,2026-08-30 09:00:00+03:00,5.5022,20.0,14.4978
2026-08-29 18:34:21.864040+03:00,2026-08-30 09:15:00+03:00,5.5451,25.88,20.3349
2026-08-29 18:34:21.864040+03:00,2026-08-30 09:30:00+03:00,5.8416,17.6,11.758400000000002
2026-08-29 18:34:21.864040+03:00,2026-08-30 09:45:00+03:00,5.8606,10.84,4.9794
2026-08-29 18:34:21.864040+03:00,2026-08-30 10:00:00+03:00,5.8814,11.71,5.828600000000001
2026-08-29 18:34:21.864040+03:00,2026-08-30 10:15:00+03:00,5.8147,12.7,6.885299999999999
2026-08-29 18:34:21.864040+03:00,2026-08-30 10:30:00+03:00,5.9231,11.92,5.9969
2026-08-29 18:34:21.864040+03:00,2026-08-30 10:45:00+03:00,5.8963,13.87,7.973699999999999
2026-08-29 18:34:21.864040+03:00,2026-08-30 11:00:00+03:00,5.908,15.1,9.192
2026-08-29 18:34:21.864040+03:00,2026-08-30 11:15:00+03:00,5.878,14.72,8.842
2026-08-29 18:34:21.864040+03:00,2026-08-30 11:30:00+03:00,5.9322,13.14,7.207800000000001
2026-08-29 18:34:21.864040+03:00,2026-08-30 11:45:00+03:00,5.9301,11.84,5.9099
2026-08-29 18:34:21.864040+03:00,2026-08-30 12:00:00+03:00,5.951,18.06,12.108999999999998
2026-08-29 18:34:21.864040+03:00,2026-08-30 12:15:00+03:00,5.9018,17.27,11.3682
2026-08-29 18:34:21.864040+03:00,2026-08-30 12:30:00+03:00,5.928,14.0,8.072
2026-08-29 18:34:21.864040+03:00,2026-08-30 12:45:00+03:00,5.9308,14.0,8.0692
2026-08-29 18:34:21.864040+03:00,2026-08-30 13:00:00+03:00,5.948,17.57,11.622
2026-08-29 18:34:21.864040+03:00,2026-08-30 13:15:00+03:00,5.9176,15.79,9.8724
2026-08-29 18:34:21.864040+03:00,2026-08-30 13:30:00+03:00,5.9384,14.61,8.6716
2026-08-29 18:34:21.864040+03:00,2026-08-30 13:45:00+03:00,5.9372,13.99,8.052800000000001
2026-08-29 18:34:21.864040+03:00,2026-08-30 14:00:00+03:00,5.9403,14.0,8.0597
2026-08-29 18:34:21.864040+03:00,2026-08-30 14:15:00+03:00,5.9383,14.0,8.0617
2026-08-29 18:34:21.864040+03:00,2026-08-30 14:30:00+03:00,5.9489,13.99,8.0411
2026-08-29 18:34:21.864040+03:00,2026-08-30 14:45:00+03:00,5.9431,13.99,8.0469
2026-08-29 18:34:21.864040+03:00,2026-08-30 15:00:00+03:00,5.928,13.99,8.062000000000001
2026-08-29 18:34:21.864040+03:00,2026-08-30 15:15:00+03:00,5.9655,14.4,8.4345
2026-08-29 18:34:21.864040+03:00,2026-08-30 15:30:00+03:00,5.9622,14.71,8.747800000000002
2026-08-29 18:34:21.864040+03:00,2026-08-30 15:45:00+03:00,5.9569,17.41,11.4531
2026-08-29 18:34:21.864040+03:00,2026-08-30 16:00:00+03:00,5.9384,13.99,8.0516
2026-08-29 18:34:21.864040+03:00,2026-08-30 16:15:00+03:00,5.9754,16.94,10.9646
2026-08-29 18:34:21.864040+03:00,2026-08-30 16:30:00+03:00,5.9721,23.05,17.0779
2026-08-29 18:34:21.864040+03:00,2026-08-30 16:45:00+03:00,5.9626,33.29,27.3274
2026-08-29 18:34:21.864040+03:00,2026-08-30 17:00:00+03:00,5.9675,14.37,8.4025
2026-08-29 18:34:21.864040+03:00,2026-08-30 17:15:00+03:00,6.0112,20.34,14.3288
2026-08-29 18:34:21.864040+03:00,2026-08-30 17:30:00+03:00,6.428,34.66,28.232
2026-08-29 18:34:21.864040+03:00,2026-08-30 17:45:00+03:00,6.4783,61.87,55.3917
2026-08-29 18:34:21.864040+03:00,2026-08-30 18:00:00+03:00,6.4286,11.14,4.7114
2026-08-29 18:34:21.864040+03:00,2026-08-30 18:15:00+03:00,6.4394,34.22,27.7806
2026-08-29 18:34:21.864040+03:00,2026-08-30 18:30:00+03:00,6.5873,59.35,52.7627
2026-08-29 18:34:21.864040+03:00,2026-08-30 18:45:00+03:00,6.7573,67.82,61.06269999999999
2026-08-29 18:34:21.864040+03:00,2026-08-30 19:00:00+03:00,6.7253,53.88,47.154700000000005
2026-08-29 18:34:21.864040+03:00,2026-08-30 19:15:00+03:00,6.6574,50.89,44.2326
2026-08-29 18:34:21.864040+03:00,2026-08-30 19:30:00+03:00,6.6546,49.99,43.3354
2026-08-29 18:34:21.864040+03:00,2026-08-30 19:45:00+03:00,6.7028,50.0,43.2972
2026-08-29 18:34:21.864040+03:00,2026-08-30 20:00:00+03:00,6.6987,49.33,42.6313
2026-08-29 18:34:21.864040+03:00,2026-08-30 20:15:00+03:00,6.6258,48.8,42.1742
2026-08-29 18:34:21.864040+03:00,2026-08-30 20:30:00+03:00,6.6288,43.36,36.7312
2026-08-29 18:34:21.864040+03:00,2026-08-30 20:45:00+03:00,6.6601,40.4,33.7399
2026-08-29 18:34:21.864040+03:00,2026-08-30 21:00:00+03:00,6.6704,49.08,42.4096
2026-08-29 18:34:21.864040+03:00,2026-08-30 21:15:00+03:00,6.711,45.67,38.959
2026-08-29 18:34:21.864040+03:00,2026-08-30 21:30:00+03:00,6.699,40.93,34.231
2026-08-29 18:34:21.864040+03:00,2026-08-30 21:45:00+03:00,6.7205,31.04,24.3195
2026-08-29 18:34:21.864040+03:00,2026-08-30 22:00:00+03:00,6.7122,41.13,34.4178
2026-08-29 18:34:21.864040+03:00,2026-08-30 22:15:00+03:00,6.621,40.92,34.299
2026-08-29 18:34:21.864040+03:00,2026-08-30 22:30:00+03:00,6.6127,35.32,28.7073
2026-08-29 18:34:21.864040+03:00,2026-08-30 22:45:00+03:00,6.633,29.23,22.597
2026-08-29 18:34:21.864040+03:00,2026-08-30 23:00:00+03:00,6.6519,45.56,38.908100000000005
2026-08-29 18:34:21.864040+03:00,2026-08-30 23:15:00+03:00,6.5297,35.93,29.4003
2026-08-29 18:34:21.864040+03:00,2026-08-30 23:30:00+03:00,6.3797,29.6,23.2203
2026-08-29 18:34:21.864040+03:00,2026-08-30 23:45:00+03:00,6.4134,24.68,18.2666
2026-08-29 18:34:21.864040+03:00,2026-08-31 00:00:00+03:00,6.4083,38.38,31.9717
2026-08-29 18:34:21.864040+03:00,2026-08-31 00:15:00+03:00,6.4012,35.14,28.7388
2026-08-29 18:34:21.864040+03:00,2026-08-31 00:30:00+03:00,6.4817,29.48,22.9983
2026-08-29 18:34:21.864040+03:00,2026-08-31 00:45:00+03:00,6.4239,26.59,20.1661
2026-08-29 18:34:21.864040+03:00,2026-08-31 01:00:00+03:00,6.4144,27.02,20.6056
2026-08-29 18:34:21.864040+03:00,2026-08-31 01:15:00+03:00,6.4356,26.63,20.1944
2026-08-29 18:34:21.864040+03:00,2026-08-31 01:30:00+03:00,6.475,26.36,19.885
2026-08-29 18:34:21.864040+03:00,2026-08-31 01:45:00+03:00,6.4806,27.75,21.2694
2026-08-29 18:34:21.864040+03:00,2026-08-31 02:00:00+03:00,6.4624,26.16,19.6976
2026-08-29 18:34:21.864040+03:00,2026-08-31 02:15:00+03:00,6.4908,26.54,20.0492
2026-08-29 18:34:21.864040+03:00,2026-08-31 02:30:00+03:00,6.5151,27.94,21.4249
2026-08-29 18:34:21.864040+03:00,2026-08-31 02:45:00+03:00,6.5054,28.0,21.4946
2026-08-29 18:34:21.864040+03:00,2026-08-31 03:00:00+03:00,6.4796,27.55,21.0704
2026-08-29 18:34:21.864040+03:00,2026-08-31 03:15:00+03:00,6.5068,27.89,21.3832
2026-08-29 18:34:21.864040+03:00,2026-08-31 03:30:00+03:00,6.5219,29.96,23.4381
2026-08-29 18:34:21.864040+03:00,2026-08-31 03:45:00+03:00,6.5136,31.7,25.1864
2026-08-29 18:34:21.864040+03:00,2026-08-31 04:00:00+03:00,6.5174,27.03,20.5126
2026-08-29 18:34:21.864040+03:00,2026-08-31 04:15:00+03:00,6.6821,27.52,20.8379
2026-08-29 18:34:21.864040+03:00,2026-08-31 04:30:00+03:00,6.7607,28.02,21.2593
2026-08-29 18:34:21.864040+03:00,2026-08-31 04:45:00+03:00,6.7331,30.0,23.2669
2026-08-29 18:34:21.864040+03:00,2026-08-31 05:00:00+03:00,6.9242,24.02,17.0958
2026-08-29 18:34:21.864040+03:00,2026-08-31 05:15:00+03:00,8.6445,26.68,18.0355
2026-08-29 18:34:21.864040+03:00,2026-08-31 05:30:00+03:00,9.9051,34.01,24.1049
2026-08-29 18:34:21.864040+03:00,2026-08-31 05:45:00+03:00,11.5336,45.28,33.7464
2026-08-29 18:34:21.864040+03:00,2026-08-31 06:00:00+03:00,13.0783,17.46,4.3817
2026-08-29 18:34:21.864040+03:00,2026-08-31 06:15:00+03:00,14.2243,29.49,15.2657
2026-08-29 18:34:21.864040+03:00,2026-08-31 06:30:00+03:00,15.3055,50.14,34.8345
2026-08-29 18:34:21.864040+03:00,2026-08-31 06:45:00+03:00,16.754,77.76,61.006
2026-08-29 18:34:21.864040+03:00,2026-08-31 07:00:00+03:00,17.7599,34.26,16.5001
2026-08-29 18:34:21.864040+03:00,2026-08-31 07:15:00+03:00,18.6069,70.77,52.1631
2026-08-29 18:34:21.864040+03:00,2026-08-31 07:30:00+03:00,19.4141,102.99,83.57589999999999
2026-08-29 18:34:21.864040+03:00,2026-08-31 07:45:00+03:00,19.9461,108.99,89.0439
2026-08-29 18:34:21.864040+03:00,2026-08-31 08:00:00+03:00,20.7253,109.42,88.6947
2026-08-29 18:34:21.864040+03:00,2026-08-31 08:15:00+03:00,21.2527,110.91,89.65729999999999
2026-08-29 18:34:21.864040+03:00,2026-08-31 08:30:00+03:00,22.0683,112.81,90.7417
2026-08-29 18:34:21.864040+03:00,2026-08-31 08:45:00+03:00,22.6158,114.0,91.3842
2026-08-29 18:34:21.864040+03:00,2026-08-31 09:00:00+03:00,23.0139,118.47,95.4561
2026-08-29 18:34:21.864040+03:00,2026-08-31 09:15:00+03:00,23.0381,118.74,95.7019
2026-08-29 18:34:21.864040+03:00,2026-08-31 09:30:00+03:00,23.0368,117.21,94.1732
2026-08-29 18:34:21.864040+03:00,2026-08-31 09:45:00+03:00,23.0747,118.03,94.9553
2026-08-29 18:34:21.864040+03:00,2026-08-31 10:00:00+03:00,23.0904,123.14,100.0496
2026-08-29 18:34:21.864040+03:00,2026-08-31 10:15:00+03:00,23.2378,121.27,98.0322
2026-08-29 18:34:21.864040+03:00,2026-08-31 10:30:00+03:00,23.2361,112.85,89.6139
2026-08-29 18:34:21.864040+03:00,2026-08-31 10:45:00+03:00,23.2397,101.58,78.3403
2026-08-29 18:34:21.864040+03:00,2026-08-31 11:00:00+03:00,23.2522,102.05,78.7978
2026-08-29 18:34:21.864040+03:00,2026-08-31 11:15:00+03:00,23.232,91.24,68.008
2026-08-29 18:34:21.864040+03:00,2026-08-31 11:30:00+03:00,23.2401,68.36,45.1199
2026-08-29 18:34:21.864040+03:00,2026-08-31 11:45:00+03:00,23.2451,52.75,29.5049
2026-08-29 18:34:21.864040+03:00,2026-08-31 12:00:00+03:00,23.2884,70.46,47.1716
2026-08-29 18:34:21.864040+03:00,2026-08-31 12:15:00+03:00,23.2567,60.72,37.4633
2026-08-29 18:34:21.864040+03:00,2026-08-31 12:30:00+03:00,23.2642,51.65,28.3858
2026-08-29 18:34:21.864040+03:00,2026-08-31 12:45:00+03:00,23.2633,50.43,27.1667
2026-08-29 18:34:21.864040+03:00,2026-08-31 13:00:00+03:00,23.2688,50.35,27.081200000000003
2026-08-29 18:34:21.864040+03:00,2026-08-31 13:15:00+03:00,23.2299,52.96,29.7301
2026-08-29 18:34:21.864040+03:00,2026-08-31 13:30:00+03:00,23.2267,50.36,27.1333
2026-08-29 18:34:21.864040+03:00,2026-08-31 13:45:00+03:00,23.2328,48.68,25.4472
2026-08-29 18:34:21.864040+03:00,2026-08-31 14:00:00+03:00,23.2239,46.47,23.2461
2026-08-29 18:34:21.864040+03:00,2026-08-31 14:15:00+03:00,23.2467,48.27,25.023300000000003
2026-08-29 18:34:21.864040+03:00,2026-08-31 14:30:00+03:00,23.2427,50.07,26.8273
2026-08-29 18:34:21.864040+03:00,2026-08-31 14:45:00+03:00,23.2373,52.75,29.5127
2026-08-29 18:34:21.864040+03:00,2026-08-31 15:00:00+03:00,23.2093,43.43,20.2207
2026-08-29 18:34:21.864040+03:00,2026-08-31 15:15:00+03:00,23.2564,49.98,26.7236
2026-08-29 18:34:21.864040+03:00,2026-08-31 15:30:00+03:00,23.2506,54.98,31.7294
2026-08-29 18:34:21.864040+03:00,2026-08-31 15:45:00+03:00,23.2406,60.89,37.6494
2026-08-29 18:34:21.864040+03:00,2026-08-31 16:00:00+03:00,23.2074,36.14,12.9326
2026-08-29 18:34:21.864040+03:00,2026-08-31 16:15:00+03:00,23.278,43.0,19.722
2026-08-29 18:34:21.864040+03:00,2026-08-31 16:30:00+03:00,23.26,72.86,49.6
2026-08-29 18:34:21.864040+03:00,2026-08-31 16:45:00+03:00,23.2556,93.53,70.2744
2026-08-29 18:34:21.864040+03:00,2026-08-31 17:00:00+03:00,23.2557,71.0,47.7443
2026-08-29 18:34:21.864040+03:00,2026-08-31 17:15:00+03:00,23.2998,91.8,68.50019999999999
2026-08-29 18:34:21.864040+03:00,2026-08-31 17:30:00+03:00,23.2702,109.04,85.7698
2026-08-29 18:34:21.864040+03:00,2026-08-31 17:45:00+03:00,23.2555,111.19,87.9345
2026-08-29 18:34:21.864040+03:00,2026-08-31 18:00:00+03:00,23.2894,123.04,99.7506
2026-08-29 18:34:21.864040+03:00,2026-08-31 18:15:00+03:00,23.2457,126.1,102.8543
2026-08-29 18:34:21.864040+03:00,2026-08-31 18:30:00+03:00,23.2459,127.52,104.2741
2026-08-29 18:34:21.864040+03:00,2026-08-31 18:45:00+03:00,23.2437,132.94,109.6963
2026-08-29 18:34:21.864040+03:00,2026-08-31 19:00:00+03:00,23.2231,133.59,110.3669
2026-08-29 18:34:21.864040+03:00,2026-08-31 19:15:00+03:00,23.1096,130.89,107.7804
2026-08-29 18:34:21.864040+03:00,2026-08-31 19:30:00+03:00,23.1152,132.89,109.77479999999998
2026-08-29 18:34:21.864040+03:00,2026-08-31 19:45:00+03:00,23.1232,112.47,89.3468
2026-08-29 18:34:21.864040+03:00,2026-08-31 20:00:00+03:00,23.1327,144.25,121.1173
2026-08-29 18:34:21.864040+03:00,2026-08-31 20:15:00+03:00,22.9144,130.84,107.9256
2026-08-29 18:34:21.864040+03:00,2026-08-31 20:30:00+03:00,22.7497,113.34,90.5903
2026-08-29 18:34:21.864040+03:00,2026-08-31 20:45:00+03:00,22.819,88.77,65.951
2026-08-29 18:34:21.864040+03:00,2026-08-31 21:00:00+03:00,22.8478,138.86,116.0122
2026-08-29 18:34:21.864040+03:00,2026-08-31 21:15:00+03:00,22.8867,115.49,92.6033
2026-08-29 18:34:21.864040+03:00,2026-08-31 21:30:00+03:00,22.9244,85.21,62.2856
2026-08-29 18:34:21.864040+03:00,2026-08-31 21:45:00+03:00,22.9111,60.47,37.5589
2026-08-29 18:34:21.864040+03:00,2026-08-31 22:00:00+03:00,22.8985,120.22,97.3215
2026-08-29 18:34:21.864040+03:00,2026-08-31 22:15:00+03:00,22.7161,119.89,97.1739
2026-08-29 18:34:21.864040+03:00,2026-08-31 22:30:00+03:00,22.7779,79.56,56.7821
2026-08-29 18:34:21.864040+03:00,2026-08-31 22:45:00+03:00,22.8044,61.66,38.8556
2026-08-29 18:34:21.864040+03:00,2026-08-31 23:00:00+03:00,22.8896,67.48,44.5904
2026-08-29 18:34:21.864040+03:00,2026-08-31 23:15:00+03:00,22.5717,60.04,37.4683
2026-08-29 18:34:21.864040+03:00,2026-08-31 23:30:00+03:00,22.4361,47.41,24.9739
2026-08-29 18:34:21.864040+03:00,2026-08-31 23:45:00+03:00,22.5644,34.37,11.805599999999998
2026-08-29 18:34:21.864040+03:00,2026-09-01 00:00:00+03:00,22.6941,53.76,31.0659
2026-08-29 18:34:21.864040+03:00,2026-09-01 00:15:00+03:00,23.0234,49.71,26.686600000000002
2026-08-29 18:34:21.864040+03:00,2026-09-01 00:30:00+03:00,23.0382,45.09,22.051800000000004
2026-08-29 18:34:21.864040+03:00,2026-09-01 00:45:00+03:00,23.0389,35.36,12.321099999999998
2026-08-29 18:34:21.864040+03:00,2026-09-01 01:00:00+03:00,23.0263,46.56,23.533700000000003
2026-08-29 18:34:21.864040+03:00,2026-09-01 01:15:00+03:00,23.0002,39.86,16.8598
2026-08-29 18:34:21.864040+03:00,2026-09-01 01:30:00+03:00,23.0111,36.76,13.748899999999999
2026-08-29 18:34:21.864040+03:00,2026-09-01 01:45:00+03:00,23.0272,30.03,7.002800000000001
2026-08-29 18:34:21.864040+03:00,2026-09-01 02:00:00+03:00,23.0409,41.16,18.119099999999996
2026-08-29 18:34:21.864040+03:00,2026-09-01 02:15:00+03:00,23.076,39.13,16.054000000000002
2026-08-29 18:34:21.864040+03:00,2026-09-01 02:30:00+03:00,23.0784,37.89,14.811600000000002
2026-08-29 18:34:21.864040+03:00,2026-09-01 02:45:00+03:00,23.0761,36.85,13.773900000000001
2026-08-29 18:34:21.864040+03:00,2026-09-01 03:00:00+03:00,23.0971,40.3,17.202899999999996
2026-08-29 18:34:21.864040+03:00,2026-09-01 03:15:00+03:00,23.3204,39.91,16.589599999999997
2026-08-29 18:34:21.864040+03:00,2026-09-01 03:30:00+03:00,23.3263,39.28,15.953700000000001
2026-08-29 18:34:21.864040+03:00,2026-09-01 03:45:00+03:00,23.3247,36.87,13.545299999999997
2026-08-29 18:34:21.864040+03:00,2026-09-01 04:00:00+03:00,23.3338,36.87,13.536199999999997
2026-08-29 18:34:21.864040+03:00,2026-09-01 04:15:00+03:00,23.5149,35.79,12.275099999999998
2026-08-29 18:34:21.864040+03:00,2026-09-01 04:30:00+03:00,24.038,34.69,10.651999999999997
2026-08-29 18:34:21.864040+03:00,2026-09-01 04:45:00+03:00,24.2799,36.18,11.900099999999998
2026-08-29 18:34:21.864040+03:00,2026-09-01 05:00:00+03:00,24.7439,36.85,12.106100000000001
2026-08-29 18:34:21.864040+03:00,2026-09-01 05:15:00+03:00,25.4369,36.77,11.333100000000002
2026-08-29 18:34:21.864040+03:00,2026-09-01 05:30:00+03:00,26.1176,37.18,11.0624
2026-08-29 18:34:21.864040+03:00,2026-09-01 05:45:00+03:00,26.9243,42.48,15.555699999999998
2026-08-29 18:34:21.864040+03:00,2026-09-01 06:00:00+03:00,27.6463,31.21,3.5637000000000008
2026-08-29 18:34:21.864040+03:00,2026-09-01 06:15:00+03:00,28.6161,41.72,13.1039
2026-08-29 18:34:21.864040+03:00,2026-09-01 06:30:00+03:00,29.853,45.15,15.296999999999997
2026-08-29 18:34:21.864040+03:00,2026-09-01 06:45:00+03:00,31.2235,53.55,22.326499999999996
2026-08-29 18:34:21.864040+03:00,2026-09-01 07:00:00+03:00,32.3425,22.39,9.9525
2026-08-29 18:34:21.864040+03:00,2026-09-01 07:15:00+03:00,33.5886,29.06,4.528600000000001
2026-08-29 18:34:21.864040+03:00,2026-09-01 07:30:00+03:00,35.2141,50.0,14.785899999999998
2026-08-29 18:34:21.864040+03:00,2026-09-01 07:45:00+03:00,36.75,59.47,22.72
2026-08-29 18:34:21.864040+03:00,2026-09-01 08:00:00+03:00,38.2287,50.0,11.771299999999997
2026-08-29 18:34:21.864040+03:00,2026-09-01 08:15:00+03:00,39.4432,86.8,47.3568
2026-08-29 18:34:21.864040+03:00,2026-09-01 08:30:00+03:00,40.3569,96.19,55.833099999999995
2026-08-29 18:34:21.864040+03:00,2026-09-01 08:45:00+03:00,41.2267,123.6,82.3733
2026-08-29 18:34:21.864040+03:00,2026-09-01 09:00:00+03:00,41.3527,127.95,86.5973
2026-08-29 18:34:21.864040+03:00,2026-09-01 09:15:00+03:00,41.1974,128.57,87.37259999999999
2026-08-29 18:34:21.864040+03:00,2026-09-01 09:30:00+03:00,40.5971,126.54,85.94290000000001
2026-08-29 18:34:21.864040+03:00,2026-09-01 09:45:00+03:00,40.0886,128.57,88.4814
2026-08-29 18:34:21.864040+03:00,2026-09-01 10:00:00+03:00,40.075,141.32,101.24499999999999
2026-08-29 18:34:21.864040+03:00,2026-09-01 10:15:00+03:00,40.0533,135.25,95.19669999999999
2026-08-29 18:34:21.864040+03:00,2026-09-01 10:30:00+03:00,40.1191,139.65,99.5309
2026-08-29 18:34:21.864040+03:00,2026-09-01 10:45:00+03:00,40.1053,124.61,84.5047
2026-08-29 18:34:21.864040+03:00,2026-09-01 11:00:00+03:00,40.0855,135.46,95.37450000000001
2026-08-29 18:34:21.864040+03:00,2026-09-01 11:15:00+03:00,40.1301,118.02,77.8899
2026-08-29 18:34:21.864040+03:00,2026-09-01 11:30:00+03:00,40.0931,111.14,71.0469
2026-08-29 18:34:21.864040+03:00,2026-09-01 11:45:00+03:00,40.1056,101.21,61.10439999999999
2026-08-29 18:34:21.864040+03:00,2026-09-01 12:00:00+03:00,40.0787,108.75,68.6713
2026-08-29 18:34:21.864040+03:00,2026-09-01 12:15:00+03:00,40.1543,97.23,57.075700000000005
2026-08-29 18:34:21.864040+03:00,2026-09-01 12:30:00+03:00,40.1226,100.97,60.8474
2026-08-29 18:34:21.864040+03:00,2026-09-01 12:45:00+03:00,40.1423,89.92,49.7777
2026-08-29 18:34:21.864040+03:00,2026-09-01 13:00:00+03:00,40.1291,105.48,65.3509
2026-08-29 18:34:21.864040+03:00,2026-09-01 13:15:00+03:00,40.1827,103.41,63.2273
2026-08-29 18:34:21.864040+03:00,2026-09-01 13:30:00+03:00,40.1392,99.08,58.940799999999996
2026-08-29 18:34:21.864040+03:00,2026-09-01 13:45:00+03:00,40.1532,86.38,46.2268
2026-08-29 18:34:21.864040+03:00,2026-09-01 14:00:00+03:00,40.1465,105.76,65.6135
2026-08-29 18:34:21.864040+03:00,2026-09-01 14:15:00+03:00,40.2744,104.24,63.965599999999995
2026-08-29 18:34:21.864040+03:00,2026-09-01 14:30:00+03:00,40.2506,94.56,54.309400000000004
2026-08-29 18:34:21.864040+03:00,2026-09-01 14:45:00+03:00,40.2111,81.25,41.0389
2026-08-29 18:34:21.864040+03:00,2026-09-01 15:00:00+03:00,40.1687,85.09,44.9213
2026-08-29 18:34:21.864040+03:00,2026-09-01 15:15:00+03:00,40.3096,86.91,46.60039999999999
2026-08-29 18:34:21.864040+03:00,2026-09-01 15:30:00+03:00,40.2526,95.39,55.1374
2026-08-29 18:34:21.864040+03:00,2026-09-01 15:45:00+03:00,40.2279,92.85,52.622099999999996
2026-08-29 18:34:21.864040+03:00,2026-09-01 16:00:00+03:00,40.1779,85.3,45.122099999999996
2026-08-29 18:34:21.864040+03:00,2026-09-01 16:15:00+03:00,40.3486,102.78,62.431400000000004
2026-08-29 18:34:21.864040+03:00,2026-09-01 16:30:00+03:00,40.3068,92.56,52.2532
2026-08-29 18:34:21.864040+03:00,2026-09-01 16:45:00+03:00,40.2538,103.95,63.696200000000005
2026-08-29 18:34:21.864040+03:00,2026-09-01 17:00:00+03:00,40.2192,70.14,29.9208
2026-08-29 18:34:21.864040+03:00,2026-09-01 17:15:00+03:00,40.403,86.18,45.77700000000001
2026-08-29 18:34:21.864040+03:00,2026-09-01 17:30:00+03:00,40.3581,104.99,64.6319
2026-08-29 18:34:21.864040+03:00,2026-09-01 17:45:00+03:00,40.2832,111.29,71.0068
2026-08-29 18:34:21.864040+03:00,2026-09-01 18:00:00+03:00,40.2384,107.48,67.2416
2026-08-29 18:34:21.864040+03:00,2026-09-01 18:15:00+03:00,40.2304,114.79,74.5596
2026-08-29 18:34:21.864040+03:00,2026-09-01 18:30:00+03:00,40.1783,108.25,68.07169999999999
2026-08-29 18:34:21.864040+03:00,2026-09-01 18:45:00+03:00,40.1615,119.56,79.39850000000001
2026-08-29 18:34:21.864040+03:00,2026-09-01 19:00:00+03:00,40.1313,116.88,76.74869999999999
2026-08-29 18:34:21.864040+03:00,2026-09-01 19:15:00+03:00,40.1213,125.38,85.2587
2026-08-29 18:34:21.864040+03:00,2026-09-01 19:30:00+03:00,40.0782,115.99,75.9118
2026-08-29 18:34:21.864040+03:00,2026-09-01 19:45:00+03:00,40.1167,101.72,61.6033
2026-08-29 18:34:21.864040+03:00,2026-09-01 20:00:00+03:00,40.1122,114.54,74.4278
2026-08-29 18:34:21.864040+03:00,2026-09-01 20:15:00+03:00,39.7845,108.99,69.2055
2026-08-29 18:34:21.864040+03:00,2026-09-01 20:30:00+03:00,39.0628,87.38,48.31719999999999
2026-08-29 18:34:21.864040+03:00,2026-09-01 20:45:00+03:00,38.7119,70.08,31.3681
2026-08-29 18:34:21.864040+03:00,2026-09-01 21:00:00+03:00,37.9818,97.39,59.4082
2026-08-29 18:34:21.864040+03:00,2026-09-01 21:15:00+03:00,37.5383,68.76,31.221700000000006
2026-08-29 18:34:21.864040+03:00,2026-09-01 21:30:00+03:00,37.1078,54.69,17.5822
2026-08-29 18:34:21.864040+03:00,2026-09-01 21:45:00+03:00,36.8119,41.99,5.178100000000001
2026-08-29 18:34:21.864040+03:00,2026-09-01 22:00:00+03:00,36.287,61.62,25.333
2026-08-29 18:34:21.864040+03:00,2026-09-01 22:15:00+03:00,35.5781,58.58,23.0019
2026-08-29 18:34:21.864040+03:00,2026-09-01 22:30:00+03:00,35.2958,55.32,20.0242
2026-08-29 18:34:21.864040+03:00,2026-09-01 22:45:00+03:00,34.8402,45.0,10.159799999999997
2026-08-29 18:34:21.864040+03:00,2026-09-01 23:00:00+03:00,34.4261,60.19,25.7639
2026-08-29 18:34:21.864040+03:00,2026-09-01 23:15:00+03:00,33.9234,45.36,11.436599999999999
2026-08-29 18:34:21.864040+03:00,2026-09-01 23:30:00+03:00,33.6818,39.36,5.678199999999997
2026-08-29 18:34:21.864040+03:00,2026-09-01 23:45:00+03:00,33.3318,41.83,8.498199999999997
2026-08-29 18:34:21.864040+03:00,2026-09-02 00:00:00+03:00,33.0575,40.87,7.8125
2026-08-29 18:34:21.864040+03:00,2026-09-02 00:15:00+03:00,33.2512,,
2026-08-29 18:34:21.864040+03:00,2026-09-02 00:30:00+03:00,33.292,,
2026-08-29 18:34:21.864040+03:00,2026-09-02 00:45:00+03:00,33.3142,,
2026-08-29 18:34:21.864040+03:00,2026-09-02 01:00:00+03:00,33.253,,
2026-08-29 18:34:21.864040+03:00,2026-09-02 01:15:00+03:00,33.19,,
2026-08-29 18:34:21.864040+03:00,2026-09-02 01:30:00+03:00,33.2262,,
2026-08-29 18:34:21.864040+03:00,2026-09-02 01:45:00+03:00,33.2495,,
2026-08-29 18:34:21.864040+03:00,2026-09-02 02:00:00+03:00,33.2284,,
2026-08-29 18:34:21.864040+03:00,2026-09-02 02:15:00+03:00,33.2592,,
2026-08-29 18:34:21.864040+03:00,2026-09-02 02:30:00+03:00,33.2795,,
2026-08-29 18:34:21.864040+03:00,2026-09-02 02:45:00+03:00,33.2673,,
2026-08-29 18:34:21.864040+03:00,2026-09-02 03:00:00+03:00,33.2701,,
2026-08-29 18:34:21.864040+03:00,2026-09-02 03:15:00+03:00,33.2962,,
2026-08-29 18:34:21.864040+03:00,2026-09-02 03:30:00+03:00,33.3088,,
2026-08-29 18:34:21.864040+03:00,2026-09-02 03:45:00+03:00,33.2971,,
2026-08-29 18:34:21.864040+03:00,2026-09-02 04:00:00+03:00,33.2887,,
2026-08-29 18:34:21.864040+03:00,2026-09-02 04:15:00+03:00,33.5039,,
2026-08-29 18:34:21.864040+03:00,2026-09-02 04:30:00+03:00,34.1127,,
2026-08-29 18:34:21.864040+03:00,2026-09-02 04:45:00+03:00,34.4304,,
2026-08-29 18:34:21.864040+03:00,2026-09-02 05:00:00+03:00,34.7432,,
2026-08-29 18:34:21.864040+03:00,2026-09-02 05:15:00+03:00,35.4035,,
2026-08-29 18:34:21.864040+03:00,2026-09-02 05:30:00+03:00,35.6678,,
2026-08-29 18:34:21.864040+03:00,2026-09-02 05:45:00+03:00,35.9834,,
2026-08-29 18:34:21.864040+03:00,2026-09-02 06:00:00+03:00,36.2311,,
2026-08-29 18:34:21.864040+03:00,2026-09-02 06:15:00+03:00,36.492,,
2026-08-29 18:34:21.864040+03:00,2026-09-02 06:30:00+03:00,36.8604,,
2026-08-29 18:34:21.864040+03:00,2026-09-02 06:45:00+03:00,37.4551,,
2026-08-29 18:34:21.864040+03:00,2026-09-02 07:00:00+03:00,38.0305,,
2026-08-29 18:34:21.864040+03:00,2026-09-02 07:15:00+03:00,39.0073,,
2026-08-29 18:34:21.864040+03:00,2026-09-02 07:30:00+03:00,39.2983,,
2026-08-29 18:34:21.864040+03:00,2026-09-02 07:45:00+03:00,39.7387,,
2026-08-29 18:34:21.864040+03:00,2026-09-02 08:00:00+03:00,40.1281,,
2026-08-29 18:34:21.864040+03:00,2026-09-02 08:15:00+03:00,40.7012,,
2026-08-29 18:34:21.864040+03:00,2026-09-02 08:30:00+03:00,40.6625,,
2026-08-29 18:34:21.864040+03:00,2026-09-02 08:45:00+03:00,40.4737,,
2026-08-29 18:34:21.864040+03:00,2026-09-02 09:00:00+03:00,40.376,,
2026-08-29 18:34:21.864040+03:00,2026-09-02 09:15:00+03:00,40.1693,,
2026-08-29 18:34:21.864040+03:00,2026-09-02 09:30:00+03:00,40.1323,,
2026-08-29 18:34:21.864040+03:00,2026-09-02 09:45:00+03:00,40.1674,,
2026-08-29 18:34:21.864040+03:00,2026-09-02 10:00:00+03:00,40.1228,,
2026-08-29 18:34:21.864040+03:00,2026-09-02 10:15:00+03:00,40.208,,
2026-08-29 18:34:21.864040+03:00,2026-09-02 10:30:00+03:00,40.1878,,
2026-08-29 18:34:21.864040+03:00,2026-09-02 10:45:00+03:00,40.202,,
2026-08-29 18:34:21.864040+03:00,2026-09-02 11:00:00+03:00,40.1262,,
2026-08-29 18:34:21.864040+03:00,2026-09-02 11:15:00+03:00,40.2107,,
2026-08-29 18:34:21.864040+03:00,2026-09-02 11:30:00+03:00,40.1573,,
2026-08-29 18:34:21.864040+03:00,2026-09-02 11:45:00+03:00,40.1763,,
2026-08-29 18:34:21.864040+03:00,2026-09-02 12:00:00+03:00,40.1077,,
2026-08-29 18:34:21.864040+03:00,2026-09-02 12:15:00+03:00,40.2014,,
2026-08-29 18:34:21.864040+03:00,2026-09-02 12:30:00+03:00,40.1431,,
2026-08-29 18:34:21.864040+03:00,2026-09-02 12:45:00+03:00,40.1716,,
2026-08-29 18:34:21.864040+03:00,2026-09-02 13:00:00+03:00,40.1159,,
2026-08-29 18:34:21.864040+03:00,2026-09-02 13:15:00+03:00,40.1886,,
2026-08-29 18:34:21.864040+03:00,2026-09-02 13:30:00+03:00,40.1372,,
2026-08-29 18:34:21.864040+03:00,2026-09-02 13:45:00+03:00,40.1406,,
2026-08-29 18:34:21.864040+03:00,2026-09-02 14:00:00+03:00,40.0945,,
2026-08-29 18:34:21.864040+03:00,2026-09-02 14:15:00+03:00,40.2355,,
2026-08-29 18:34:21.864040+03:00,2026-09-02 14:30:00+03:00,40.194,,
2026-08-29 18:34:21.864040+03:00,2026-09-02 14:45:00+03:00,40.1806,,
2026-08-29 18:34:21.864040+03:00,2026-09-02 15:00:00+03:00,40.0994,,
2026-08-29 18:34:21.864040+03:00,2026-09-02 15:15:00+03:00,40.2702,,
2026-08-29 18:34:21.864040+03:00,2026-09-02 15:30:00+03:00,40.2152,,
2026-08-29 18:34:21.864040+03:00,2026-09-02 15:45:00+03:00,40.207,,
2026-08-29 18:34:21.864040+03:00,2026-09-02 16:00:00+03:00,40.1659,,
2026-08-29 18:34:21.864040+03:00,2026-09-02 16:15:00+03:00,40.3623,,
2026-08-29 18:34:21.864040+03:00,2026-09-02 16:30:00+03:00,40.2999,,
2026-08-29 18:34:21.864040+03:00,2026-09-02 16:45:00+03:00,40.2637,,
2026-08-29 18:34:21.864040+03:00,2026-09-02 17:00:00+03:00,40.2258,,
2026-08-29 18:34:21.864040+03:00,2026-09-02 17:15:00+03:00,40.4223,,
2026-08-29 18:34:21.864040+03:00,2026-09-02 17:30:00+03:00,40.3211,,
2026-08-29 18:34:21.864040+03:00,2026-09-02 17:45:00+03:00,40.2764,,
2026-08-29 18:34:21.864040+03:00,2026-09-02 18:00:00+03:00,40.2346,,
2026-08-29 18:34:21.864040+03:00,2026-09-02 18:15:00+03:00,40.2095,,
2026-08-29 18:34:21.864040+03:00,2026-09-02 18:30:00+03:00,40.1543,,
2026-08-29 18:34:21.864040+03:00,2026-09-02 18:45:00+03:00,40.1498,,
2026-08-29 18:34:21.864040+03:00,2026-09-02 19:00:00+03:00,40.1571,,
2026-08-29 18:34:21.864040+03:00,2026-09-02 19:15:00+03:00,40.1452,,
2026-08-29 18:34:21.864040+03:00,2026-09-02 19:30:00+03:00,40.0789,,
2026-08-29 18:34:21.864040+03:00,2026-09-02 19:45:00+03:00,40.1221,,
2026-08-29 18:34:21.864040+03:00,2026-09-02 20:00:00+03:00,40.1123,,
2026-08-29 18:34:21.864040+03:00,2026-09-02 20:15:00+03:00,39.7904,,
2026-08-29 18:34:21.864040+03:00,2026-09-02 20:30:00+03:00,39.0768,,
2026-08-29 18:34:21.864040+03:00,2026-09-02 20:45:00+03:00,38.7512,,
2026-08-29 18:34:21.864040+03:00,2026-09-02 21:00:00+03:00,38.0002,,
2026-08-29 18:34:21.864040+03:00,2026-09-02 21:15:00+03:00,37.5387,,
2026-08-29 18:34:21.864040+03:00,2026-09-02 21:30:00+03:00,37.1051,,
2026-08-29 18:34:21.864040+03:00,2026-09-02 21:45:00+03:00,36.7809,,
2026-08-29 18:34:21.864040+03:00,2026-09-02 22:00:00+03:00,36.2693,,
2026-08-29 18:34:21.864040+03:00,2026-09-02 22:15:00+03:00,35.5614,,
2026-08-29 18:34:21.864040+03:00,2026-09-02 22:30:00+03:00,35.2518,,
2026-08-29 18:34:21.864040+03:00,2026-09-02 22:45:00+03:00,34.8431,,
2026-08-29 18:34:21.864040+03:00,2026-09-02 23:00:00+03:00,34.4078,,
2026-08-29 18:34:21.864040+03:00,2026-09-02 23:15:00+03:00,33.9037,,
2026-08-29 18:34:21.864040+03:00,2026-09-02 23:30:00+03:00,32.8689,,
2026-08-29 18:34:21.864040+03:00,2026-09-02 23:45:00+03:00,32.2471,,
2026-08-29 18:34:21.864040+03:00,2026-09-03 00:00:00+03:00,31.9251,,
2026-08-29 18:34:21.864040+03:00,2026-09-03 00:15:00+03:00,31.5345,,
2026-08-29 18:34:21.864040+03:00,2026-09-03 00:30:00+03:00,31.2784,,
2026-08-29 18:34:21.864040+03:00,2026-09-03 00:45:00+03:00,31.4182,,
2026-08-29 18:34:21.864040+03:00,2026-09-03 01:00:00+03:00,31.4003,,
2026-08-29 18:34:21.864040+03:00,2026-09-03 01:15:00+03:00,31.3608,,
2026-08-29 18:34:21.864040+03:00,2026-09-03 01:30:00+03:00,31.4043,,
2026-08-29 18:34:21.864040+03:00,2026-09-03 01:45:00+03:00,31.4245,,
2026-08-29 18:34:21.864040+03:00,2026-09-03 02:00:00+03:00,31.422,,
2026-08-29 18:34:21.864040+03:00,2026-09-03 02:15:00+03:00,31.4652,,
2026-08-29 18:34:21.864040+03:00,2026-09-03 02:30:00+03:00,31.4744,,
2026-08-29 18:34:21.864040+03:00,2026-09-03 02:45:00+03:00,31.4653,,
2026-08-29 18:34:21.864040+03:00,2026-09-03 03:00:00+03:00,31.449,,
2026-08-29 18:34:21.864040+03:00,2026-09-03 03:15:00+03:00,31.5032,,
2026-08-29 18:34:21.864040+03:00,2026-09-03 03:30:00+03:00,31.4924,,
2026-08-29 18:34:21.864040+03:00,2026-09-03 03:45:00+03:00,31.4832,,
2026-08-29 18:34:21.864040+03:00,2026-09-03 04:00:00+03:00,31.5189,,
2026-08-29 18:34:21.864040+03:00,2026-09-03 04:15:00+03:00,31.7187,,
2026-08-29 18:34:21.864040+03:00,2026-09-03 04:30:00+03:00,32.2531,,
2026-08-29 18:34:21.864040+03:00,2026-09-03 04:45:00+03:00,32.7778,,
2026-08-29 18:34:21.864040+03:00,2026-09-03 05:00:00+03:00,33.1567,,
2026-08-29 18:34:21.864040+03:00,2026-09-03 05:15:00+03:00,34.0574,,
2026-08-29 18:34:21.864040+03:00,2026-09-03 05:30:00+03:00,34.7941,,
2026-08-29 18:34:21.864040+03:00,2026-09-03 05:45:00+03:00,35.5231,,
2026-08-29 18:34:21.864040+03:00,2026-09-03 06:00:00+03:00,36.3106,,
2026-08-29 18:34:21.864040+03:00,2026-09-03 06:15:00+03:00,36.9558,,
2026-08-29 18:34:21.864040+03:00,2026-09-03 06:30:00+03:00,38.1157,,
2026-08-29 18:34:21.864040+03:00,2026-09-03 06:45:00+03:00,38.8933,,
2026-08-29 18:34:21.864040+03:00,2026-09-03 07:00:00+03:00,39.4462,,
2026-08-29 18:34:21.864040+03:00,2026-09-03 07:15:00+03:00,40.001,,
2026-08-29 18:34:21.864040+03:00,2026-09-03 07:30:00+03:00,40.2822,,
2026-08-29 18:34:21.864040+03:00,2026-09-03 07:45:00+03:00,40.9667,,
2026-08-29 18:34:21.864040+03:00,2026-09-03 08:00:00+03:00,41.318,,
2026-08-29 18:34:21.864040+03:00,2026-09-03 08:15:00+03:00,41.7014,,
2026-08-29 18:34:21.864040+03:00,2026-09-03 08:30:00+03:00,41.6361,,
2026-08-29 18:34:21.864040+03:00,2026-09-03 08:45:00+03:00,41.4789,,
2026-08-29 18:34:21.864040+03:00,2026-09-03 09:00:00+03:00,41.4294,,
2026-08-29 18:34:21.864040+03:00,2026-09-03 09:15:00+03:00,41.1306,,
2026-08-29 18:34:21.864040+03:00,2026-09-03 09:30:00+03:00,40.6404,,
2026-08-29 18:34:21.864040+03:00,2026-09-03 09:45:00+03:00,40.1433,,
2026-08-29 18:34:21.864040+03:00,2026-09-03 10:00:00+03:00,40.0575,,
2026-08-29 18:34:21.864040+03:00,2026-09-03 10:15:00+03:00,40.1518,,
2026-08-29 18:34:21.864040+03:00,2026-09-03 10:30:00+03:00,40.1678,,
2026-08-29 18:34:21.864040+03:00,2026-09-03 10:45:00+03:00,40.1779,,
2026-08-29 18:34:21.864040+03:00,2026-09-03 11:00:00+03:00,40.1252,,
2026-08-29 18:34:21.864040+03:00,2026-09-03 11:15:00+03:00,40.1801,,
2026-08-29 18:34:21.864040+03:00,2026-09-03 11:30:00+03:00,40.1269,,
2026-08-29 18:34:21.864040+03:00,2026-09-03 11:45:00+03:00,40.1453,,
2026-08-29 18:34:21.864040+03:00,2026-09-03 12:00:00+03:00,40.1268,,
2026-08-29 18:34:21.864040+03:00,2026-09-03 12:15:00+03:00,40.2052,,
2026-08-29 18:34:21.864040+03:00,2026-09-03 12:30:00+03:00,40.1474,,
2026-08-29 18:34:21.864040+03:00,2026-09-03 12:45:00+03:00,40.1699,,
2026-08-29 18:34:21.864040+03:00,2026-09-03 13:00:00+03:00,40.1195,,
2026-08-29 18:34:21.864040+03:00,2026-09-03 13:15:00+03:00,40.1899,,
2026-08-29 18:34:21.864040+03:00,2026-09-03 13:30:00+03:00,40.1315,,
2026-08-29 18:34:21.864040+03:00,2026-09-03 13:45:00+03:00,40.1374,,
2026-08-29 18:34:21.864040+03:00,2026-09-03 14:00:00+03:00,40.1126,,
2026-08-29 18:34:21.864040+03:00,2026-09-03 14:15:00+03:00,40.2489,,
2026-08-29 18:34:21.864040+03:00,2026-09-03 14:30:00+03:00,40.1939,,
2026-08-29 18:34:21.864040+03:00,2026-09-03 14:45:00+03:00,40.1657,,
2026-08-29 18:34:21.864040+03:00,2026-09-03 15:00:00+03:00,40.1333,,
2026-08-29 18:34:21.864040+03:00,2026-09-03 15:15:00+03:00,40.2735,,
2026-08-29 18:34:21.864040+03:00,2026-09-03 15:30:00+03:00,40.2066,,
2026-08-29 18:34:21.864040+03:00,2026-09-03 15:45:00+03:00,40.188,,
2026-08-29 18:34:21.864040+03:00,2026-09-03 16:00:00+03:00,40.1553,,
2026-08-29 18:34:21.864040+03:00,2026-09-03 16:15:00+03:00,40.3252,,
2026-08-29 18:34:21.864040+03:00,2026-09-03 16:30:00+03:00,40.2558,,
2026-08-29 18:34:21.864040+03:00,2026-09-03 16:45:00+03:00,40.2083,,
2026-08-29 18:34:21.864040+03:00,2026-09-03 17:00:00+03:00,40.184,,
2026-08-29 18:34:21.864040+03:00,2026-09-03 17:15:00+03:00,40.316,,
2026-08-29 18:34:21.864040+03:00,2026-09-03 17:30:00+03:00,40.251,,
2026-08-29 18:34:21.864040+03:00,2026-09-03 17:45:00+03:00,40.2114,,
2026-08-29 18:34:21.864040+03:00,2026-09-03 18:00:00+03:00,40.2017,,
2026-08-29 18:34:21.864040+03:00,2026-09-03 18:15:00+03:00,40.2086,,
2026-08-29 18:34:21.864040+03:00,2026-09-03 18:30:00+03:00,40.1246,,
2026-08-29 18:34:21.864040+03:00,2026-09-03 18:45:00+03:00,40.1366,,
2026-08-29 18:34:21.864040+03:00,2026-09-03 19:00:00+03:00,40.1352,,
2026-08-29 18:34:21.864040+03:00,2026-09-03 19:15:00+03:00,40.136,,
2026-08-29 18:34:21.864040+03:00,2026-09-03 19:30:00+03:00,40.0567,,
2026-08-29 18:34:21.864040+03:00,2026-09-03 19:45:00+03:00,40.1142,,
2026-08-29 18:34:21.864040+03:00,2026-09-03 20:00:00+03:00,40.0944,,
2026-08-29 18:34:21.864040+03:00,2026-09-03 20:15:00+03:00,39.7814,,
2026-08-29 18:34:21.864040+03:00,2026-09-03 20:30:00+03:00,39.0394,,
2026-08-29 18:34:21.864040+03:00,2026-09-03 20:45:00+03:00,38.1718,,
2026-08-29 18:34:21.864040+03:00,2026-09-03 21:00:00+03:00,37.3947,,
2026-08-29 18:34:21.864040+03:00,2026-09-03 21:15:00+03:00,37.1266,,
2026-08-29 18:34:21.864040+03:00,2026-09-03 21:30:00+03:00,36.7599,,
2026-08-29 18:34:21.864040+03:00,2026-09-03 21:45:00+03:00,36.0827,,
2026-08-29 18:34:21.864040+03:00,2026-09-03 22:00:00+03:00,35.7929,,
2026-08-29 18:34:21.864040+03:00,2026-09-03 22:15:00+03:00,35.2724,,
2026-08-29 18:34:21.864040+03:00,2026-09-03 22:30:00+03:00,34.8136,,
2026-08-29 18:34:21.864040+03:00,2026-09-03 22:45:00+03:00,34.5116,,
2026-08-29 18:34:21.864040+03:00,2026-09-03 23:00:00+03:00,34.1127,,
2026-08-29 18:34:21.864040+03:00,2026-09-03 23:15:00+03:00,33.5944,,
2026-08-29 18:34:21.864040+03:00,2026-09-03 23:30:00+03:00,33.1684,,
2026-08-29 18:34:21.864040+03:00,2026-09-03 23:45:00+03:00,32.8196,,
2026-08-29 18:34:21.864040+03:00,2026-09-04 00:00:00+03:00,32.5025,,
2026-08-29 18:34:21.864040+03:00,2026-09-04 00:15:00+03:00,32.2582,,
2026-08-29 18:34:21.864040+03:00,2026-09-04 00:30:00+03:00,32.3897,,
2026-08-29 18:34:21.864040+03:00,2026-09-04 00:45:00+03:00,32.5177,,
2026-08-29 18:34:21.864040+03:00,2026-09-04 01:00:00+03:00,32.5009,,
2026-08-29 18:34:21.864040+03:00,2026-09-04 01:15:00+03:00,32.4189,,
2026-08-29 18:34:21.864040+03:00,2026-09-04 01:30:00+03:00,32.4568,,
2026-08-29 18:34:21.864040+03:00,2026-09-04 01:45:00+03:00,32.4802,,
2026-08-29 18:34:21.864040+03:00,2026-09-04 02:00:00+03:00,32.5105,,
2026-08-29 18:34:21.864040+03:00,2026-09-04 02:15:00+03:00,32.5439,,
2026-08-29 18:34:21.864040+03:00,2026-09-04 02:30:00+03:00,32.5596,,
2026-08-29 18:34:21.864040+03:00,2026-09-04 02:45:00+03:00,32.5402,,
2026-08-29 18:34:21.864040+03:00,2026-09-04 03:00:00+03:00,32.5436,,
2026-08-29 18:34:21.864040+03:00,2026-09-04 03:15:00+03:00,32.5747,,
2026-08-29 18:34:21.864040+03:00,2026-09-04 03:30:00+03:00,32.5458,,
2026-08-29 18:34:21.864040+03:00,2026-09-04 03:45:00+03:00,32.554,,
2026-08-29 18:34:21.864040+03:00,2026-09-04 04:00:00+03:00,32.5669,,
2026-08-29 18:34:21.864040+03:00,2026-09-04 04:15:00+03:00,32.7583,,
2026-08-29 18:34:21.864040+03:00,2026-09-04 04:30:00+03:00,33.1721,,
2026-08-29 18:34:21.864040+03:00,2026-09-04 04:45:00+03:00,33.5521,,
2026-08-29 18:34:21.864040+03:00,2026-09-04 05:00:00+03:00,34.2035,,
2026-08-29 18:34:21.864040+03:00,2026-09-04 05:15:00+03:00,34.97,,
2026-08-29 18:34:21.864040+03:00,2026-09-04 05:30:00+03:00,35.6132,,
2026-08-29 18:34:21.864040+03:00,2026-09-04 05:45:00+03:00,36.4511,,
2026-08-29 18:34:21.864040+03:00,2026-09-04 06:00:00+03:00,37.3245,,
2026-08-29 18:34:21.864040+03:00,2026-09-04 06:15:00+03:00,38.3237,,
2026-08-29 18:34:21.864040+03:00,2026-09-04 06:30:00+03:00,39.0307,,
2026-08-29 18:34:21.864040+03:00,2026-09-04 06:45:00+03:00,39.227,,
2026-08-29 18:34:21.864040+03:00,2026-09-04 07:00:00+03:00,39.7509,,
2026-08-29 18:34:21.864040+03:00,2026-09-04 07:15:00+03:00,40.4783,,
2026-08-29 18:34:21.864040+03:00,2026-09-04 07:30:00+03:00,41.0579,,
2026-08-29 18:34:21.864040+03:00,2026-09-04 07:45:00+03:00,41.4106,,
2026-08-29 18:34:21.864040+03:00,2026-09-04 08:00:00+03:00,41.763,,
2026-08-29 18:34:21.864040+03:00,2026-09-04 08:15:00+03:00,41.5439,,
2026-08-29 18:34:21.864040+03:00,2026-09-04 08:30:00+03:00,41.4677,,
2026-08-29 18:34:21.864040+03:00,2026-09-04 08:45:00+03:00,41.4313,,
2026-08-29 18:34:21.864040+03:00,2026-09-04 09:00:00+03:00,41.3928,,
2026-08-29 18:34:21.864040+03:00,2026-09-04 09:15:00+03:00,41.1035,,
2026-08-29 18:34:21.864040+03:00,2026-09-04 09:30:00+03:00,40.6495,,
2026-08-29 18:34:21.864040+03:00,2026-09-04 09:45:00+03:00,40.158,,
2026-08-29 18:34:21.864040+03:00,2026-09-04 10:00:00+03:00,40.0706,,
2026-08-29 18:34:21.864040+03:00,2026-09-04 10:15:00+03:00,40.1406,,
2026-08-29 18:34:21.864040+03:00,2026-09-04 10:30:00+03:00,40.1736,,
2026-08-29 18:34:21.864040+03:00,2026-09-04 10:45:00+03:00,40.1725,,
2026-08-29 18:34:21.864040+03:00,2026-09-04 11:00:00+03:00,40.1524,,
2026-08-29 18:34:21.864040+03:00,2026-09-04 11:15:00+03:00,40.221,,
2026-08-29 18:34:21.864040+03:00,2026-09-04 11:30:00+03:00,40.182,,
2026-08-29 18:34:21.864040+03:00,2026-09-04 11:45:00+03:00,40.1951,,
2026-08-29 18:34:21.864040+03:00,2026-09-04 12:00:00+03:00,40.1676,,
2026-08-29 18:34:21.864040+03:00,2026-09-04 12:15:00+03:00,40.2281,,
2026-08-29 18:34:21.864040+03:00,2026-09-04 12:30:00+03:00,40.1926,,
2026-08-29 18:34:21.864040+03:00,2026-09-04 12:45:00+03:00,40.2131,,
2026-08-29 18:34:21.864040+03:00,2026-09-04 13:00:00+03:00,40.1555,,
2026-08-29 18:34:21.864040+03:00,2026-09-04 13:15:00+03:00,40.2229,,
2026-08-29 18:34:21.864040+03:00,2026-09-04 13:30:00+03:00,40.1854,,
2026-08-29 18:34:21.864040+03:00,2026-09-04 13:45:00+03:00,40.1668,,
2026-08-29 18:34:21.864040+03:00,2026-09-04 14:00:00+03:00,40.136,,
2026-08-29 18:34:21.864040+03:00,2026-09-04 14:15:00+03:00,40.2769,,
2026-08-29 18:34:21.864040+03:00,2026-09-04 14:30:00+03:00,40.2491,,
2026-08-29 18:34:21.864040+03:00,2026-09-04 14:45:00+03:00,40.224,,
2026-08-29 18:34:21.864040+03:00,2026-09-04 15:00:00+03:00,40.1167,,
2026-08-29 18:34:21.864040+03:00,2026-09-04 15:15:00+03:00,40.3287,,
2026-08-29 18:34:21.864040+03:00,2026-09-04 15:30:00+03:00,40.2722,,
2026-08-29 18:34:21.864040+03:00,2026-09-04 15:45:00+03:00,40.2568,,
2026-08-29 18:34:21.864040+03:00,2026-09-04 16:00:00+03:00,40.1445,,
2026-08-29 18:34:21.864040+03:00,2026-09-04 16:15:00+03:00,40.3568,,
2026-08-29 18:34:21.864040+03:00,2026-09-04 16:30:00+03:00,40.3058,,
2026-08-29 18:34:21.864040+03:00,2026-09-04 16:45:00+03:00,40.2519,,
2026-08-29 18:34:21.864040+03:00,2026-09-04 17:00:00+03:00,40.1337,,
2026-08-29 18:34:21.864040+03:00,2026-09-04 17:15:00+03:00,40.3912,,
2026-08-29 18:34:21.864040+03:00,2026-09-04 17:30:00+03:00,40.2919,,
2026-08-29 18:34:21.864040+03:00,2026-09-04 17:45:00+03:00,40.2445,,
2026-08-29 18:34:21.864040+03:00,2026-09-04 18:00:00+03:00,40.2394,,
2026-08-29 18:34:21.864040+03:00,2026-09-04 18:15:00+03:00,40.2333,,
2026-08-29 18:34:21.864040+03:00,2026-09-04 18:30:00+03:00,40.1793,,
2026-08-29 18:34:21.864040+03:00,2026-09-04 18:45:00+03:00,40.1881,,
2026-08-29 18:34:21.864040+03:00,2026-09-04 19:00:00+03:00,40.1585,,
2026-08-29 18:34:21.864040+03:00,2026-09-04 19:15:00+03:00,40.1193,,
2026-08-29 18:34:21.864040+03:00,2026-09-04 19:30:00+03:00,40.0621,,
2026-08-29 18:34:21.864040+03:00,2026-09-04 19:45:00+03:00,40.1114,,
2026-08-29 18:34:21.864040+03:00,2026-09-04 20:00:00+03:00,40.1525,,
2026-08-29 18:34:21.864040+03:00,2026-09-04 20:15:00+03:00,39.8496,,
2026-08-29 18:34:21.864040+03:00,2026-09-04 20:30:00+03:00,39.0857,,
2026-08-29 18:34:21.864040+03:00,2026-09-04 20:45:00+03:00,38.7403,,
2026-08-29 18:34:21.864040+03:00,2026-09-04 21:00:00+03:00,37.9824,,
2026-08-29 18:34:21.864040+03:00,2026-09-04 21:15:00+03:00,37.5415,,
2026-08-29 18:34:21.864040+03:00,2026-09-04 21:30:00+03:00,37.1225,,
2026-08-29 18:34:21.864040+03:00,2026-09-04 21:45:00+03:00,36.8366,,
2026-08-29 18:34:21.864040+03:00,2026-09-04 22:00:00+03:00,37.0459,,
2026-08-29 18:34:21.864040+03:00,2026-09-04 22:15:00+03:00,36.9047,,
2026-08-29 18:34:21.864040+03:00,2026-09-04 22:30:00+03:00,36.9782,,
2026-08-29 18:34:21.864040+03:00,2026-09-04 22:45:00+03:00,37.0359,,
2026-08-29 18:34:21.864040+03:00,2026-09-04 23:00:00+03:00,37.0729,,
2026-08-29 18:34:21.864040+03:00,2026-09-04 23:15:00+03:00,36.8338,,
2026-08-29 18:34:21.864040+03:00,2026-09-04 23:30:00+03:00,36.1513,,
2026-08-29 18:34:21.864040+03:00,2026-09-04 23:45:00+03:00,35.6774,,
2026-08-29 18:34:21.864040+03:00,2026-09-05 00:00:00+03:00,35.3796,,
2026-08-29 18:34:21.864040+03:00,2026-09-05 00:15:00+03:00,35.0988,,
2026-08-29 18:34:21.864040+03:00,2026-09-05 00:30:00+03:00,35.3796,,
2026-08-29 18:34:21.864040+03:00,2026-09-05 00:45:00+03:00,35.3583,,
2026-08-29 18:34:21.864040+03:00,2026-09-05 01:00:00+03:00,35.343,,
2026-08-29 18:34:21.864040+03:00,2026-09-05 01:15:00+03:00,35.2535,,
2026-08-29 18:34:21.864040+03:00,2026-09-05 01:30:00+03:00,35.2637,,
2026-08-29 18:34:21.864040+03:00,2026-09-05 01:45:00+03:00,35.2918,,
2026-08-29 18:34:21.864040+03:00,2026-09-05 02:00:00+03:00,35.295,,
2026-08-29 18:34:21.864040+03:00,2026-09-05 02:15:00+03:00,35.3464,,
2026-08-29 18:34:21.864040+03:00,2026-09-05 02:30:00+03:00,35.3617,,
2026-08-29 18:34:21.864040+03:00,2026-09-05 02:45:00+03:00,35.3576,,
2026-08-29 18:34:21.864040+03:00,2026-09-05 03:00:00+03:00,35.3431,,
2026-08-29 18:34:21.864040+03:00,2026-09-05 03:15:00+03:00,35.3871,,
2026-08-29 18:34:21.864040+03:00,2026-09-05 03:30:00+03:00,35.3884,,
2026-08-29 18:34:21.864040+03:00,2026-09-05 03:45:00+03:00,35.3913,,
2026-08-29 18:34:21.864040+03:00,2026-09-05 04:00:00+03:00,35.3485,,
2026-08-29 18:34:21.864040+03:00,2026-09-05 04:15:00+03:00,35.4057,,
2026-08-29 18:34:21.864040+03:00,2026-09-05 04:30:00+03:00,35.4028,,
2026-08-29 18:34:21.864040+03:00,2026-09-05 04:45:00+03:00,35.3863,,
2026-08-29 18:34:21.864040+03:00,2026-09-05 05:00:00+03:00,35.3502,,
2026-08-29 18:34:21.864040+03:00,2026-09-05 05:15:00+03:00,35.3995,,
2026-08-29 18:34:21.864040+03:00,2026-09-05 05:30:00+03:00,35.3928,,
2026-08-29 18:34:21.864040+03:00,2026-09-05 05:45:00+03:00,35.3688,,
2026-08-29 18:34:21.864040+03:00,2026-09-05 06:00:00+03:00,35.3346,,
2026-08-29 18:34:21.864040+03:00,2026-09-05 06:15:00+03:00,35.3534,,
2026-08-29 18:34:21.864040+03:00,2026-09-05 06:30:00+03:00,35.3625,,
2026-08-29 18:34:21.864040+03:00,2026-09-05 06:45:00+03:00,35.3511,,
2026-08-29 18:34:21.864040+03:00,2026-09-05 07:00:00+03:00,35.4025,,
2026-08-29 18:34:21.864040+03:00,2026-09-05 07:15:00+03:00,35.555,,
2026-08-29 18:34:21.864040+03:00,2026-09-05 07:30:00+03:00,35.9684,,
2026-08-29 18:34:21.864040+03:00,2026-09-05 07:45:00+03:00,36.3919,,
2026-08-29 18:34:21.864040+03:00,2026-09-05 08:00:00+03:00,36.9354,,
2026-08-29 18:34:21.864040+03:00,2026-09-05 08:15:00+03:00,37.8958,,
2026-08-29 18:34:21.864040+03:00,2026-09-05 08:30:00+03:00,38.3088,,
2026-08-29 18:34:21.864040+03:00,2026-09-05 08:45:00+03:00,38.9386,,
2026-08-29 18:34:21.864040+03:00,2026-09-05 09:00:00+03:00,39.1465,,
2026-08-29 18:34:21.864040+03:00,2026-09-05 09:15:00+03:00,39.1935,,
2026-08-29 18:34:21.864040+03:00,2026-09-05 09:30:00+03:00,39.1594,,
2026-08-29 18:34:21.864040+03:00,2026-09-05 09:45:00+03:00,39.1251,,
2026-08-29 18:34:21.864040+03:00,2026-09-05 10:00:00+03:00,39.0689,,
2026-08-29 18:34:21.864040+03:00,2026-09-05 10:15:00+03:00,39.0555,,
2026-08-29 18:34:21.864040+03:00,2026-09-05 10:30:00+03:00,39.0835,,
2026-08-29 18:34:21.864040+03:00,2026-09-05 10:45:00+03:00,39.0863,,
2026-08-29 18:34:21.864040+03:00,2026-09-05 11:00:00+03:00,39.0383,,
2026-08-29 18:34:21.864040+03:00,2026-09-05 11:15:00+03:00,38.5541,,
2026-08-29 18:34:21.864040+03:00,2026-09-05 11:30:00+03:00,38.5685,,
2026-08-29 18:34:21.864040+03:00,2026-09-05 11:45:00+03:00,38.5787,,
2026-08-29 18:34:21.864040+03:00,2026-09-05 12:00:00+03:00,38.6776,,
2026-08-29 18:34:21.864040+03:00,2026-09-05 12:15:00+03:00,38.6262,,
2026-08-29 18:34:21.864040+03:00,2026-09-05 12:30:00+03:00,38.6298,,
2026-08-29 18:34:21.864040+03:00,2026-09-05 12:45:00+03:00,38.6409,,
2026-08-29 18:34:21.864040+03:00,2026-09-05 13:00:00+03:00,38.6382,,
2026-08-29 18:34:21.864040+03:00,2026-09-05 13:15:00+03:00,38.6131,,
2026-08-29 18:34:21.864040+03:00,2026-09-05 13:30:00+03:00,38.6113,,
2026-08-29 18:34:21.864040+03:00,2026-09-05 13:45:00+03:00,38.6281,,
2026-08-29 18:34:21.864040+03:00,2026-09-05 14:00:00+03:00,38.631,,
2026-08-29 18:34:21.864040+03:00,2026-09-05 14:15:00+03:00,38.6934,,
2026-08-29 18:34:21.864040+03:00,2026-09-05 14:30:00+03:00,38.6963,,
2026-08-29 18:34:21.864040+03:00,2026-09-05 14:45:00+03:00,38.6918,,
2026-08-29 18:34:21.864040+03:00,2026-09-05 15:00:00+03:00,38.6408,,
2026-08-29 18:34:21.864040+03:00,2026-09-05 15:15:00+03:00,38.6927,,
2026-08-29 18:34:21.864040+03:00,2026-09-05 15:30:00+03:00,38.6898,,
2026-08-29 18:34:21.864040+03:00,2026-09-05 15:45:00+03:00,38.7035,,
2026-08-29 18:34:21.864040+03:00,2026-09-05 16:00:00+03:00,38.6806,,
2026-08-29 18:34:21.864040+03:00,2026-09-05 16:15:00+03:00,38.722,,
2026-08-29 18:34:21.864040+03:00,2026-09-05 16:30:00+03:00,38.7199,,
2026-08-29 18:34:21.864040+03:00,2026-09-05 16:45:00+03:00,38.7139,,
2026-08-29 18:34:21.864040+03:00,2026-09-05 17:00:00+03:00,38.7099,,
2026-08-29 18:34:21.864040+03:00,2026-09-05 17:15:00+03:00,38.7557,,
2026-08-29 18:34:21.864040+03:00,2026-09-05 17:30:00+03:00,38.7489,,
2026-08-29 18:34:21.864040+03:00,2026-09-05 17:45:00+03:00,38.7348,,
2026-08-29 18:34:21.864040+03:00,2026-09-05 18:00:00+03:00,38.7439,,
2026-08-29 18:34:21.864040+03:00,2026-09-05 18:15:00+03:00,38.6197,,
2026-08-29 18:34:21.864040+03:00,2026-09-05 18:30:00+03:00,38.6238,,
2026-08-29 18:34:21.864040+03:00,2026-09-05 18:45:00+03:00,38.6442,,
2026-08-29 18:34:21.864040+03:00,2026-09-05 19:00:00+03:00,38.6894,,
2026-08-29 18:34:21.864040+03:00,2026-09-05 19:15:00+03:00,38.5349,,
2026-08-29 18:34:21.864040+03:00,2026-09-05 19:30:00+03:00,38.5536,,
2026-08-29 18:34:21.864040+03:00,2026-09-05 19:45:00+03:00,38.6235,,
2026-08-29 18:34:21.864040+03:00,2026-09-05 20:00:00+03:00,38.656,,
2026-08-29 18:34:21.864040+03:00,2026-09-05 20:15:00+03:00,38.2356,,
2026-08-29 18:34:21.864040+03:00,2026-09-05 20:30:00+03:00,37.7912,,
2026-08-29 18:34:21.864040+03:00,2026-09-05 20:45:00+03:00,37.3483,,
2026-08-29 18:34:21.864040+03:00,2026-09-05 21:00:00+03:00,37.4053,,
2026-08-29 18:34:21.864040+03:00,2026-09-05 21:15:00+03:00,37.5016,,
2026-08-29 18:34:21.864040+03:00,2026-09-05 21:30:00+03:00,37.5626,,
2026-08-29 18:34:21.864040+03:00,2026-09-05 21:45:00+03:00,37.5334,,
2026-08-29 18:34:21.864040+03:00,2026-09-05 22:00:00+03:00,37.5285,,
2026-08-29 18:34:21.864040+03:00,2026-09-05 22:15:00+03:00,37.2625,,
2026-08-29 18:34:21.864040+03:00,2026-09-05 22:30:00+03:00,36.9175,,
2026-08-29 18:34:21.864040+03:00,2026-09-05 22:45:00+03:00,36.9871,,
2026-08-29 18:34:21.864040+03:00,2026-09-05 23:00:00+03:00,37.0581,,
2026-08-29 18:34:21.864040+03:00,2026-09-05 23:15:00+03:00,36.816,,
2026-08-29 18:34:21.864040+03:00,2026-09-05 23:30:00+03:00,36.1373,,
2026-08-29 18:34:21.864040+03:00,2026-09-05 23:45:00+03:00,35.6755,,
2026-08-30 18:17:37.824011+03:00,2026-08-31 00:00:00+03:00,18.6592,38.38,19.720800000000004
2026-08-30 18:17:37.824011+03:00,2026-08-31 00:15:00+03:00,16.75,35.14,18.39
2026-08-30 18:17:37.824011+03:00,2026-08-31 00:30:00+03:00,15.3396,29.48,14.1404
2026-08-30 18:17:37.824011+03:00,2026-08-31 00:45:00+03:00,13.0901,26.59,13.4999
2026-08-30 18:17:37.824011+03:00,2026-08-31 01:00:00+03:00,10.6205,27.02,16.3995
2026-08-30 18:17:37.824011+03:00,2026-08-31 01:15:00+03:00,9.4066,26.63,17.223399999999998
2026-08-30 18:17:37.824011+03:00,2026-08-31 01:30:00+03:00,8.2121,26.36,18.1479
2026-08-30 18:17:37.824011+03:00,2026-08-31 01:45:00+03:00,7.2564,27.75,20.4936
2026-08-30 18:17:37.824011+03:00,2026-08-31 02:00:00+03:00,5.622,26.16,20.538
2026-08-30 18:17:37.824011+03:00,2026-08-31 02:15:00+03:00,4.9493,26.54,21.5907
2026-08-30 18:17:37.824011+03:00,2026-08-31 02:30:00+03:00,4.3655,27.94,23.5745
2026-08-30 18:17:37.824011+03:00,2026-08-31 02:45:00+03:00,3.3499,28.0,24.650100000000002
2026-08-30 18:17:37.824011+03:00,2026-08-31 03:00:00+03:00,2.4027,27.55,25.1473
2026-08-30 18:17:37.824011+03:00,2026-08-31 03:15:00+03:00,2.0624,27.89,25.8276
2026-08-30 18:17:37.824011+03:00,2026-08-31 03:30:00+03:00,1.9405,29.96,28.0195
2026-08-30 18:17:37.824011+03:00,2026-08-31 03:45:00+03:00,1.719,31.7,29.980999999999998
2026-08-30 18:17:37.824011+03:00,2026-08-31 04:00:00+03:00,1.6106,27.03,25.4194
2026-08-30 18:17:37.824011+03:00,2026-08-31 04:15:00+03:00,1.8356,27.52,25.6844
2026-08-30 18:17:37.824011+03:00,2026-08-31 04:30:00+03:00,1.8976,28.02,26.1224
2026-08-30 18:17:37.824011+03:00,2026-08-31 04:45:00+03:00,1.9204,30.0,28.0796
2026-08-30 18:17:37.824011+03:00,2026-08-31 05:00:00+03:00,2.0931,24.02,21.9269
2026-08-30 18:17:37.824011+03:00,2026-08-31 05:15:00+03:00,2.3105,26.68,24.3695
2026-08-30 18:17:37.824011+03:00,2026-08-31 05:30:00+03:00,2.5507,34.01,31.4593
2026-08-30 18:17:37.824011+03:00,2026-08-31 05:45:00+03:00,2.7628,45.28,42.5172
2026-08-30 18:17:37.824011+03:00,2026-08-31 06:00:00+03:00,3.0121,17.46,14.4479
2026-08-30 18:17:37.824011+03:00,2026-08-31 06:15:00+03:00,3.7531,29.49,25.7369
2026-08-30 18:17:37.824011+03:00,2026-08-31 06:30:00+03:00,4.5369,50.14,45.6031
2026-08-30 18:17:37.824011+03:00,2026-08-31 06:45:00+03:00,5.4126,77.76,72.34740000000001
2026-08-30 18:17:37.824011+03:00,2026-08-31 07:00:00+03:00,6.3026,34.26,27.9574
2026-08-30 18:17:37.824011+03:00,2026-08-31 07:15:00+03:00,8.7114,70.77,62.0586
2026-08-30 18:17:37.824011+03:00,2026-08-31 07:30:00+03:00,10.7618,102.99,92.2282
2026-08-30 18:17:37.824011+03:00,2026-08-31 07:45:00+03:00,12.8715,108.99,96.1185
2026-08-30 18:17:37.824011+03:00,2026-08-31 08:00:00+03:00,14.4488,109.42,94.9712
2026-08-30 18:17:37.824011+03:00,2026-08-31 08:15:00+03:00,15.6703,110.91,95.2397
2026-08-30 18:17:37.824011+03:00,2026-08-31 08:30:00+03:00,16.3049,112.81,96.5051
2026-08-30 18:17:37.824011+03:00,2026-08-31 08:45:00+03:00,17.15,114.0,96.85
2026-08-30 18:17:37.824011+03:00,2026-08-31 09:00:00+03:00,17.5554,118.47,100.91460000000001
2026-08-30 18:17:37.824011+03:00,2026-08-31 09:15:00+03:00,17.5401,118.74,101.1999
2026-08-30 18:17:37.824011+03:00,2026-08-31 09:30:00+03:00,17.5862,117.21,99.62379999999999
2026-08-30 18:17:37.824011+03:00,2026-08-31 09:45:00+03:00,17.4679,118.03,100.5621
2026-08-30 18:17:37.824011+03:00,2026-08-31 10:00:00+03:00,17.4807,123.14,105.6593
2026-08-30 18:17:37.824011+03:00,2026-08-31 10:15:00+03:00,17.4622,121.27,103.8078
2026-08-30 18:17:37.824011+03:00,2026-08-31 10:30:00+03:00,17.4742,112.85,95.3758
2026-08-30 18:17:37.824011+03:00,2026-08-31 10:45:00+03:00,17.4795,101.58,84.1005
2026-08-30 18:17:37.824011+03:00,2026-08-31 11:00:00+03:00,17.5082,102.05,84.5418
2026-08-30 18:17:37.824011+03:00,2026-08-31 11:15:00+03:00,17.491,91.24,73.749
2026-08-30 18:17:37.824011+03:00,2026-08-31 11:30:00+03:00,17.5009,68.36,50.8591
2026-08-30 18:17:37.824011+03:00,2026-08-31 11:45:00+03:00,17.5059,52.75,35.2441
2026-08-30 18:17:37.824011+03:00,2026-08-31 12:00:00+03:00,17.4978,70.46,52.962199999999996
2026-08-30 18:17:37.824011+03:00,2026-08-31 12:15:00+03:00,17.4824,60.72,43.2376
2026-08-30 18:17:37.824011+03:00,2026-08-31 12:30:00+03:00,17.4908,51.65,34.1592
2026-08-30 18:17:37.824011+03:00,2026-08-31 12:45:00+03:00,17.487,50.43,32.943
2026-08-30 18:17:37.824011+03:00,2026-08-31 13:00:00+03:00,17.4837,50.35,32.8663
2026-08-30 18:17:37.824011+03:00,2026-08-31 13:15:00+03:00,17.4721,52.96,35.487899999999996
2026-08-30 18:17:37.824011+03:00,2026-08-31 13:30:00+03:00,17.472,50.36,32.888
2026-08-30 18:17:37.824011+03:00,2026-08-31 13:45:00+03:00,17.4735,48.68,31.2065
2026-08-30 18:17:37.824011+03:00,2026-08-31 14:00:00+03:00,17.4437,46.47,29.0263
2026-08-30 18:17:37.824011+03:00,2026-08-31 14:15:00+03:00,17.4776,48.27,30.792400000000004
2026-08-30 18:17:37.824011+03:00,2026-08-31 14:30:00+03:00,17.4813,50.07,32.5887
2026-08-30 18:17:37.824011+03:00,2026-08-31 14:45:00+03:00,17.4672,52.75,35.2828
2026-08-30 18:17:37.824011+03:00,2026-08-31 15:00:00+03:00,17.4239,43.43,26.0061
2026-08-30 18:17:37.824011+03:00,2026-08-31 15:15:00+03:00,17.4892,49.98,32.49079999999999
2026-08-30 18:17:37.824011+03:00,2026-08-31 15:30:00+03:00,17.4907,54.98,37.4893
2026-08-30 18:17:37.824011+03:00,2026-08-31 15:45:00+03:00,17.484,60.89,43.406
2026-08-30 18:17:37.824011+03:00,2026-08-31 16:00:00+03:00,17.4534,36.14,18.686600000000002
2026-08-30 18:17:37.824011+03:00,2026-08-31 16:15:00+03:00,17.545,43.0,25.455
2026-08-30 18:17:37.824011+03:00,2026-08-31 16:30:00+03:00,17.5151,72.86,55.344899999999996
2026-08-30 18:17:37.824011+03:00,2026-08-31 16:45:00+03:00,17.5043,93.53,76.0257
2026-08-30 18:17:37.824011+03:00,2026-08-31 17:00:00+03:00,17.4789,71.0,53.521100000000004
2026-08-30 18:17:37.824011+03:00,2026-08-31 17:15:00+03:00,17.5753,91.8,74.2247
2026-08-30 18:17:37.824011+03:00,2026-08-31 17:30:00+03:00,17.5034,109.04,91.5366
2026-08-30 18:17:37.824011+03:00,2026-08-31 17:45:00+03:00,17.4896,111.19,93.7004
2026-08-30 18:17:37.824011+03:00,2026-08-31 18:00:00+03:00,17.5022,123.04,105.5378
2026-08-30 18:17:37.824011+03:00,2026-08-31 18:15:00+03:00,17.4691,126.1,108.6309
2026-08-30 18:17:37.824011+03:00,2026-08-31 18:30:00+03:00,17.4814,127.52,110.0386
2026-08-30 18:17:37.824011+03:00,2026-08-31 18:45:00+03:00,17.4684,132.94,115.4716
2026-08-30 18:17:37.824011+03:00,2026-08-31 19:00:00+03:00,17.4442,133.59,116.14580000000001
2026-08-30 18:17:37.824011+03:00,2026-08-31 19:15:00+03:00,17.3332,130.89,113.55679999999998
2026-08-30 18:17:37.824011+03:00,2026-08-31 19:30:00+03:00,17.345,132.89,115.54499999999999
2026-08-30 18:17:37.824011+03:00,2026-08-31 19:45:00+03:00,17.3949,112.47,95.07509999999999
2026-08-30 18:17:37.824011+03:00,2026-08-31 20:00:00+03:00,17.4254,144.25,126.8246
2026-08-30 18:17:37.824011+03:00,2026-08-31 20:15:00+03:00,17.2085,130.84,113.6315
2026-08-30 18:17:37.824011+03:00,2026-08-31 20:30:00+03:00,17.2515,113.34,96.08850000000001
2026-08-30 18:17:37.824011+03:00,2026-08-31 20:45:00+03:00,17.3244,88.77,71.4456
2026-08-30 18:17:37.824011+03:00,2026-08-31 21:00:00+03:00,17.3259,138.86,121.53410000000001
2026-08-30 18:17:37.824011+03:00,2026-08-31 21:15:00+03:00,17.3578,115.49,98.1322
2026-08-30 18:17:37.824011+03:00,2026-08-31 21:30:00+03:00,17.3734,85.21,67.83659999999999
2026-08-30 18:17:37.824011+03:00,2026-08-31 21:45:00+03:00,17.3542,60.47,43.1158
2026-08-30 18:17:37.824011+03:00,2026-08-31 22:00:00+03:00,17.3411,120.22,102.8789
2026-08-30 18:17:37.824011+03:00,2026-08-31 22:15:00+03:00,17.1918,119.89,102.6982
2026-08-30 18:17:37.824011+03:00,2026-08-31 22:30:00+03:00,16.8393,79.56,62.7207
2026-08-30 18:17:37.824011+03:00,2026-08-31 22:45:00+03:00,16.8245,61.66,44.835499999999996
2026-08-30 18:17:37.824011+03:00,2026-08-31 23:00:00+03:00,16.8909,67.48,50.5891
2026-08-30 18:17:37.824011+03:00,2026-08-31 23:15:00+03:00,16.6345,60.04,43.4055
2026-08-30 18:17:37.824011+03:00,2026-08-31 23:30:00+03:00,16.3094,47.41,31.100599999999996
2026-08-30 18:17:37.824011+03:00,2026-08-31 23:45:00+03:00,16.3753,34.37,17.994699999999998
2026-08-30 18:17:37.824011+03:00,2026-09-01 00:00:00+03:00,16.3663,53.76,37.393699999999995
2026-08-30 18:17:37.824011+03:00,2026-09-01 00:15:00+03:00,16.4706,49.71,33.2394
2026-08-30 18:17:37.824011+03:00,2026-09-01 00:30:00+03:00,16.5066,45.09,28.583400000000005
2026-08-30 18:17:37.824011+03:00,2026-09-01 00:45:00+03:00,16.4986,35.36,18.8614
2026-08-30 18:17:37.824011+03:00,2026-09-01 01:00:00+03:00,16.468,46.56,30.092000000000002
2026-08-30 18:17:37.824011+03:00,2026-09-01 01:15:00+03:00,16.4971,39.86,23.3629
2026-08-30 18:17:37.824011+03:00,2026-09-01 01:30:00+03:00,16.5222,36.76,20.237799999999996
2026-08-30 18:17:37.824011+03:00,2026-09-01 01:45:00+03:00,16.5446,30.03,13.485400000000002
2026-08-30 18:17:37.824011+03:00,2026-09-01 02:00:00+03:00,16.5211,41.16,24.638899999999996
2026-08-30 18:17:37.824011+03:00,2026-09-01 02:15:00+03:00,16.575,39.13,22.555000000000003
2026-08-30 18:17:37.824011+03:00,2026-09-01 02:30:00+03:00,16.575,37.89,21.315
2026-08-30 18:17:37.824011+03:00,2026-09-01 02:45:00+03:00,16.5755,36.85,20.2745
2026-08-30 18:17:37.824011+03:00,2026-09-01 03:00:00+03:00,16.5331,40.3,23.766899999999996
2026-08-30 18:17:37.824011+03:00,2026-09-01 03:15:00+03:00,16.5944,39.91,23.315599999999996
2026-08-30 18:17:37.824011+03:00,2026-09-01 03:30:00+03:00,16.5909,39.28,22.6891
2026-08-30 18:17:37.824011+03:00,2026-09-01 03:45:00+03:00,16.5942,36.87,20.275799999999997
2026-08-30 18:17:37.824011+03:00,2026-09-01 04:00:00+03:00,16.62,36.87,20.249999999999996
2026-08-30 18:17:37.824011+03:00,2026-09-01 04:15:00+03:00,16.8456,35.79,18.944399999999998
2026-08-30 18:17:37.824011+03:00,2026-09-01 04:30:00+03:00,17.1335,34.69,17.556499999999996
2026-08-30 18:17:37.824011+03:00,2026-09-01 04:45:00+03:00,17.0734,36.18,19.1066
2026-08-30 18:17:37.824011+03:00,2026-09-01 05:00:00+03:00,17.2041,36.85,19.6459
2026-08-30 18:17:37.824011+03:00,2026-09-01 05:15:00+03:00,17.9637,36.77,18.806300000000004
2026-08-30 18:17:37.824011+03:00,2026-09-01 05:30:00+03:00,18.3681,37.18,18.8119
2026-08-30 18:17:37.824011+03:00,2026-09-01 05:45:00+03:00,18.8392,42.48,23.640799999999995
2026-08-30 18:17:37.824011+03:00,2026-09-01 06:00:00+03:00,19.4579,31.21,11.752100000000002
2026-08-30 18:17:37.824011+03:00,2026-09-01 06:15:00+03:00,20.0471,41.72,21.6729
2026-08-30 18:17:37.824011+03:00,2026-09-01 06:30:00+03:00,20.6809,45.15,24.469099999999997
2026-08-30 18:17:37.824011+03:00,2026-09-01 06:45:00+03:00,21.2726,53.55,32.2774
2026-08-30 18:17:37.824011+03:00,2026-09-01 07:00:00+03:00,22.006,22.39,0.38400000000000034
2026-08-30 18:17:37.824011+03:00,2026-09-01 07:15:00+03:00,22.7906,29.06,6.269399999999997
2026-08-30 18:17:37.824011+03:00,2026-09-01 07:30:00+03:00,23.6417,50.0,26.3583
2026-08-30 18:17:37.824011+03:00,2026-09-01 07:45:00+03:00,24.5677,59.47,34.9023
2026-08-30 18:17:37.824011+03:00,2026-09-01 08:00:00+03:00,25.2849,50.0,24.7151
2026-08-30 18:17:37.824011+03:00,2026-09-01 08:15:00+03:00,26.1413,86.8,60.658699999999996
2026-08-30 18:17:37.824011+03:00,2026-09-01 08:30:00+03:00,26.821,96.19,69.369
2026-08-30 18:17:37.824011+03:00,2026-09-01 08:45:00+03:00,27.6212,123.6,95.97879999999999
2026-08-30 18:17:37.824011+03:00,2026-09-01 09:00:00+03:00,28.2277,127.95,99.7223
2026-08-30 18:17:37.824011+03:00,2026-09-01 09:15:00+03:00,28.518,128.57,100.05199999999999
2026-08-30 18:17:37.824011+03:00,2026-09-01 09:30:00+03:00,28.4527,126.54,98.0873
2026-08-30 18:17:37.824011+03:00,2026-09-01 09:45:00+03:00,28.4244,128.57,100.1456
2026-08-30 18:17:37.824011+03:00,2026-09-01 10:00:00+03:00,28.3717,141.32,112.94829999999999
2026-08-30 18:17:37.824011+03:00,2026-09-01 10:15:00+03:00,28.3482,135.25,106.90180000000001
2026-08-30 18:17:37.824011+03:00,2026-09-01 10:30:00+03:00,28.3816,139.65,111.26840000000001
2026-08-30 18:17:37.824011+03:00,2026-09-01 10:45:00+03:00,28.3756,124.61,96.2344
2026-08-30 18:17:37.824011+03:00,2026-09-01 11:00:00+03:00,28.3629,135.46,107.09710000000001
2026-08-30 18:17:37.824011+03:00,2026-09-01 11:15:00+03:00,28.315,118.02,89.705
2026-08-30 18:17:37.824011+03:00,2026-09-01 11:30:00+03:00,28.3219,111.14,82.8181
2026-08-30 18:17:37.824011+03:00,2026-09-01 11:45:00+03:00,28.3201,101.21,72.8899
2026-08-30 18:17:37.824011+03:00,2026-09-01 12:00:00+03:00,28.3462,108.75,80.4038
2026-08-30 18:17:37.824011+03:00,2026-09-01 12:15:00+03:00,28.298,97.23,68.932
2026-08-30 18:17:37.824011+03:00,2026-09-01 12:30:00+03:00,28.3155,100.97,72.6545
2026-08-30 18:17:37.824011+03:00,2026-09-01 12:45:00+03:00,28.3101,89.92,61.6099
2026-08-30 18:17:37.824011+03:00,2026-09-01 13:00:00+03:00,28.3363,105.48,77.1437
2026-08-30 18:17:37.824011+03:00,2026-09-01 13:15:00+03:00,28.2898,103.41,75.1202
2026-08-30 18:17:37.824011+03:00,2026-09-01 13:30:00+03:00,28.3053,99.08,70.7747
2026-08-30 18:17:37.824011+03:00,2026-09-01 13:45:00+03:00,28.3019,86.38,58.07809999999999
2026-08-30 18:17:37.824011+03:00,2026-09-01 14:00:00+03:00,28.3154,105.76,77.44460000000001
2026-08-30 18:17:37.824011+03:00,2026-09-01 14:15:00+03:00,28.3149,104.24,75.92509999999999
2026-08-30 18:17:37.824011+03:00,2026-09-01 14:30:00+03:00,28.3363,94.56,66.22370000000001
2026-08-30 18:17:37.824011+03:00,2026-09-01 14:45:00+03:00,28.3097,81.25,52.9403
2026-08-30 18:17:37.824011+03:00,2026-09-01 15:00:00+03:00,28.2949,85.09,56.795100000000005
2026-08-30 18:17:37.824011+03:00,2026-09-01 15:15:00+03:00,28.328,86.91,58.581999999999994
2026-08-30 18:17:37.824011+03:00,2026-09-01 15:30:00+03:00,28.3239,95.39,67.0661
2026-08-30 18:17:37.824011+03:00,2026-09-01 15:45:00+03:00,28.3075,92.85,64.54249999999999
2026-08-30 18:17:37.824011+03:00,2026-09-01 16:00:00+03:00,28.2956,85.3,57.0044
2026-08-30 18:17:37.824011+03:00,2026-09-01 16:15:00+03:00,28.3429,102.78,74.4371
2026-08-30 18:17:37.824011+03:00,2026-09-01 16:30:00+03:00,28.3542,92.56,64.20580000000001
2026-08-30 18:17:37.824011+03:00,2026-09-01 16:45:00+03:00,28.3376,103.95,75.61240000000001
2026-08-30 18:17:37.824011+03:00,2026-09-01 17:00:00+03:00,28.3951,70.14,41.7449
2026-08-30 18:17:37.824011+03:00,2026-09-01 17:15:00+03:00,28.4463,86.18,57.733700000000006
2026-08-30 18:17:37.824011+03:00,2026-09-01 17:30:00+03:00,28.4717,104.99,76.5183
2026-08-30 18:17:37.824011+03:00,2026-09-01 17:45:00+03:00,28.4121,111.29,82.87790000000001
2026-08-30 18:17:37.824011+03:00,2026-09-01 18:00:00+03:00,28.4331,107.48,79.04690000000001
2026-08-30 18:17:37.824011+03:00,2026-09-01 18:15:00+03:00,28.3721,114.79,86.4179
2026-08-30 18:17:37.824011+03:00,2026-09-01 18:30:00+03:00,28.3726,108.25,79.8774
2026-08-30 18:17:37.824011+03:00,2026-09-01 18:45:00+03:00,28.3723,119.56,91.1877
2026-08-30 18:17:37.824011+03:00,2026-09-01 19:00:00+03:00,28.3612,116.88,88.5188
2026-08-30 18:17:37.824011+03:00,2026-09-01 19:15:00+03:00,28.2692,125.38,97.1108
2026-08-30 18:17:37.824011+03:00,2026-09-01 19:30:00+03:00,28.2716,115.99,87.7184
2026-08-30 18:17:37.824011+03:00,2026-09-01 19:45:00+03:00,28.2554,101.72,73.46459999999999
2026-08-30 18:17:37.824011+03:00,2026-09-01 20:00:00+03:00,28.2754,114.54,86.2646
2026-08-30 18:17:37.824011+03:00,2026-09-01 20:15:00+03:00,28.0852,108.99,80.9048
2026-08-30 18:17:37.824011+03:00,2026-09-01 20:30:00+03:00,27.8492,87.38,59.5308
2026-08-30 18:17:37.824011+03:00,2026-09-01 20:45:00+03:00,27.9162,70.08,42.163799999999995
2026-08-30 18:17:37.824011+03:00,2026-09-01 21:00:00+03:00,27.9396,97.39,69.4504
2026-08-30 18:17:37.824011+03:00,2026-09-01 21:15:00+03:00,28.0082,68.76,40.7518
2026-08-30 18:17:37.824011+03:00,2026-09-01 21:30:00+03:00,28.0193,54.69,26.670699999999997
2026-08-30 18:17:37.824011+03:00,2026-09-01 21:45:00+03:00,28.032,41.99,13.958000000000002
2026-08-30 18:17:37.824011+03:00,2026-09-01 22:00:00+03:00,28.01,61.62,33.61
2026-08-30 18:17:37.824011+03:00,2026-09-01 22:15:00+03:00,27.8887,58.58,30.6913
2026-08-30 18:17:37.824011+03:00,2026-09-01 22:30:00+03:00,27.9561,55.32,27.3639
2026-08-30 18:17:37.824011+03:00,2026-09-01 22:45:00+03:00,27.9899,45.0,17.0101
2026-08-30 18:17:37.824011+03:00,2026-09-01 23:00:00+03:00,28.0299,60.19,32.1601
2026-08-30 18:17:37.824011+03:00,2026-09-01 23:15:00+03:00,27.8011,45.36,17.558899999999998
2026-08-30 18:17:37.824011+03:00,2026-09-01 23:30:00+03:00,27.8676,39.36,11.4924
2026-08-30 18:17:37.824011+03:00,2026-09-01 23:45:00+03:00,27.9719,41.83,13.858099999999997
2026-08-30 18:17:37.824011+03:00,2026-09-02 00:00:00+03:00,27.9902,40.87,12.879799999999996
2026-08-30 18:17:37.824011+03:00,2026-09-02 00:15:00+03:00,28.0077,,
2026-08-30 18:17:37.824011+03:00,2026-09-02 00:30:00+03:00,28.0426,,
2026-08-30 18:17:37.824011+03:00,2026-09-02 00:45:00+03:00,28.0466,,
2026-08-30 18:17:37.824011+03:00,2026-09-02 01:00:00+03:00,28.0234,,
2026-08-30 18:17:37.824011+03:00,2026-09-02 01:15:00+03:00,28.0339,,
2026-08-30 18:17:37.824011+03:00,2026-09-02 01:30:00+03:00,28.0584,,
2026-08-30 18:17:37.824011+03:00,2026-09-02 01:45:00+03:00,28.0778,,
2026-08-30 18:17:37.824011+03:00,2026-09-02 02:00:00+03:00,28.0683,,
2026-08-30 18:17:37.824011+03:00,2026-09-02 02:15:00+03:00,28.1076,,
2026-08-30 18:17:37.824011+03:00,2026-09-02 02:30:00+03:00,28.1195,,
2026-08-30 18:17:37.824011+03:00,2026-09-02 02:45:00+03:00,28.1167,,
2026-08-30 18:17:37.824011+03:00,2026-09-02 03:00:00+03:00,28.1014,,
2026-08-30 18:17:37.824011+03:00,2026-09-02 03:15:00+03:00,28.1294,,
2026-08-30 18:17:37.824011+03:00,2026-09-02 03:30:00+03:00,28.1347,,
2026-08-30 18:17:37.824011+03:00,2026-09-02 03:45:00+03:00,28.134,,
2026-08-30 18:17:37.824011+03:00,2026-09-02 04:00:00+03:00,28.1754,,
2026-08-30 18:17:37.824011+03:00,2026-09-02 04:15:00+03:00,28.5745,,
2026-08-30 18:17:37.824011+03:00,2026-09-02 04:30:00+03:00,29.1664,,
2026-08-30 18:17:37.824011+03:00,2026-09-02 04:45:00+03:00,29.5586,,
2026-08-30 18:17:37.824011+03:00,2026-09-02 05:00:00+03:00,29.798,,
2026-08-30 18:17:37.824011+03:00,2026-09-02 05:15:00+03:00,30.7636,,
2026-08-30 18:17:37.824011+03:00,2026-09-02 05:30:00+03:00,31.4338,,
2026-08-30 18:17:37.824011+03:00,2026-09-02 05:45:00+03:00,32.1911,,
2026-08-30 18:17:37.824011+03:00,2026-09-02 06:00:00+03:00,33.0095,,
2026-08-30 18:17:37.824011+03:00,2026-09-02 06:15:00+03:00,33.9929,,
2026-08-30 18:17:37.824011+03:00,2026-09-02 06:30:00+03:00,34.7128,,
2026-08-30 18:17:37.824011+03:00,2026-09-02 06:45:00+03:00,35.5688,,
2026-08-30 18:17:37.824011+03:00,2026-09-02 07:00:00+03:00,36.4307,,
2026-08-30 18:17:37.824011+03:00,2026-09-02 07:15:00+03:00,37.5379,,
2026-08-30 18:17:37.824011+03:00,2026-09-02 07:30:00+03:00,38.4778,,
2026-08-30 18:17:37.824011+03:00,2026-09-02 07:45:00+03:00,38.9984,,
2026-08-30 18:17:37.824011+03:00,2026-09-02 08:00:00+03:00,39.3493,,
2026-08-30 18:17:37.824011+03:00,2026-09-02 08:15:00+03:00,39.5626,,
2026-08-30 18:17:37.824011+03:00,2026-09-02 08:30:00+03:00,39.3305,,
2026-08-30 18:17:37.824011+03:00,2026-09-02 08:45:00+03:00,39.3195,,
2026-08-30 18:17:37.824011+03:00,2026-09-02 09:00:00+03:00,39.3151,,
2026-08-30 18:17:37.824011+03:00,2026-09-02 09:15:00+03:00,39.0095,,
2026-08-30 18:17:37.824011+03:00,2026-09-02 09:30:00+03:00,38.5929,,
2026-08-30 18:17:37.824011+03:00,2026-09-02 09:45:00+03:00,38.6995,,
2026-08-30 18:17:37.824011+03:00,2026-09-02 10:00:00+03:00,38.6944,,
2026-08-30 18:17:37.824011+03:00,2026-09-02 10:15:00+03:00,38.6764,,
2026-08-30 18:17:37.824011+03:00,2026-09-02 10:30:00+03:00,38.6491,,
2026-08-30 18:17:37.824011+03:00,2026-09-02 10:45:00+03:00,38.6583,,
2026-08-30 18:17:37.824011+03:00,2026-09-02 11:00:00+03:00,38.6655,,
2026-08-30 18:17:37.824011+03:00,2026-09-02 11:15:00+03:00,38.6572,,
2026-08-30 18:17:37.824011+03:00,2026-09-02 11:30:00+03:00,38.6482,,
2026-08-30 18:17:37.824011+03:00,2026-09-02 11:45:00+03:00,38.6802,,
2026-08-30 18:17:37.824011+03:00,2026-09-02 12:00:00+03:00,38.705,,
2026-08-30 18:17:37.824011+03:00,2026-09-02 12:15:00+03:00,38.6821,,
2026-08-30 18:17:37.824011+03:00,2026-09-02 12:30:00+03:00,38.6562,,
2026-08-30 18:17:37.824011+03:00,2026-09-02 12:45:00+03:00,38.6636,,
2026-08-30 18:17:37.824011+03:00,2026-09-02 13:00:00+03:00,38.6756,,
2026-08-30 18:17:37.824011+03:00,2026-09-02 13:15:00+03:00,38.6578,,
2026-08-30 18:17:37.824011+03:00,2026-09-02 13:30:00+03:00,38.641,,
2026-08-30 18:17:37.824011+03:00,2026-09-02 13:45:00+03:00,38.6431,,
2026-08-30 18:17:37.824011+03:00,2026-09-02 14:00:00+03:00,38.6445,,
2026-08-30 18:17:37.824011+03:00,2026-09-02 14:15:00+03:00,38.7019,,
2026-08-30 18:17:37.824011+03:00,2026-09-02 14:30:00+03:00,38.6843,,
2026-08-30 18:17:37.824011+03:00,2026-09-02 14:45:00+03:00,38.6715,,
2026-08-30 18:17:37.824011+03:00,2026-09-02 15:00:00+03:00,38.6771,,
2026-08-30 18:17:37.824011+03:00,2026-09-02 15:15:00+03:00,38.7519,,
2026-08-30 18:17:37.824011+03:00,2026-09-02 15:30:00+03:00,38.716,,
2026-08-30 18:17:37.824011+03:00,2026-09-02 15:45:00+03:00,38.7055,,
2026-08-30 18:17:37.824011+03:00,2026-09-02 16:00:00+03:00,38.7015,,
2026-08-30 18:17:37.824011+03:00,2026-09-02 16:15:00+03:00,38.7942,,
2026-08-30 18:17:37.824011+03:00,2026-09-02 16:30:00+03:00,38.7916,,
2026-08-30 18:17:37.824011+03:00,2026-09-02 16:45:00+03:00,38.7651,,
2026-08-30 18:17:37.824011+03:00,2026-09-02 17:00:00+03:00,38.7675,,
2026-08-30 18:17:37.824011+03:00,2026-09-02 17:15:00+03:00,38.8799,,
2026-08-30 18:17:37.824011+03:00,2026-09-02 17:30:00+03:00,38.8301,,
2026-08-30 18:17:37.824011+03:00,2026-09-02 17:45:00+03:00,38.7843,,
2026-08-30 18:17:37.824011+03:00,2026-09-02 18:00:00+03:00,38.8076,,
2026-08-30 18:17:37.824011+03:00,2026-09-02 18:15:00+03:00,38.6681,,
2026-08-30 18:17:37.824011+03:00,2026-09-02 18:30:00+03:00,38.6423,,
2026-08-30 18:17:37.824011+03:00,2026-09-02 18:45:00+03:00,38.6509,,
2026-08-30 18:17:37.824011+03:00,2026-09-02 19:00:00+03:00,38.7049,,
2026-08-30 18:17:37.824011+03:00,2026-09-02 19:15:00+03:00,38.5819,,
2026-08-30 18:17:37.824011+03:00,2026-09-02 19:30:00+03:00,38.572,,
2026-08-30 18:17:37.824011+03:00,2026-09-02 19:45:00+03:00,38.6047,,
2026-08-30 18:17:37.824011+03:00,2026-09-02 20:00:00+03:00,38.6961,,
2026-08-30 18:17:37.824011+03:00,2026-09-02 20:15:00+03:00,38.2786,,
2026-08-30 18:17:37.824011+03:00,2026-09-02 20:30:00+03:00,37.8168,,
2026-08-30 18:17:37.824011+03:00,2026-09-02 20:45:00+03:00,37.3392,,
2026-08-30 18:17:37.824011+03:00,2026-09-02 21:00:00+03:00,36.7347,,
2026-08-30 18:17:37.824011+03:00,2026-09-02 21:15:00+03:00,36.0803,,
2026-08-30 18:17:37.824011+03:00,2026-09-02 21:30:00+03:00,35.7169,,
2026-08-30 18:17:37.824011+03:00,2026-09-02 21:45:00+03:00,35.5077,,
2026-08-30 18:17:37.824011+03:00,2026-09-02 22:00:00+03:00,35.7348,,
2026-08-30 18:17:37.824011+03:00,2026-09-02 22:15:00+03:00,35.4661,,
2026-08-30 18:17:37.824011+03:00,2026-09-02 22:30:00+03:00,35.5043,,
2026-08-30 18:17:37.824011+03:00,2026-09-02 22:45:00+03:00,35.5564,,
2026-08-30 18:17:37.824011+03:00,2026-09-02 23:00:00+03:00,35.5175,,
2026-08-30 18:17:37.824011+03:00,2026-09-02 23:15:00+03:00,35.2651,,
2026-08-30 18:17:37.824011+03:00,2026-09-02 23:30:00+03:00,34.9656,,
2026-08-30 18:17:37.824011+03:00,2026-09-02 23:45:00+03:00,34.5434,,
2026-08-30 18:17:37.824011+03:00,2026-09-03 00:00:00+03:00,34.2451,,
2026-08-30 18:17:37.824011+03:00,2026-09-03 00:15:00+03:00,33.985,,
2026-08-30 18:17:37.824011+03:00,2026-09-03 00:30:00+03:00,34.1317,,
2026-08-30 18:17:37.824011+03:00,2026-09-03 00:45:00+03:00,34.1547,,
2026-08-30 18:17:37.824011+03:00,2026-09-03 01:00:00+03:00,34.1449,,
2026-08-30 18:17:37.824011+03:00,2026-09-03 01:15:00+03:00,34.0787,,
2026-08-30 18:17:37.824011+03:00,2026-09-03 01:30:00+03:00,34.128,,
2026-08-30 18:17:37.824011+03:00,2026-09-03 01:45:00+03:00,34.1422,,
2026-08-30 18:17:37.824011+03:00,2026-09-03 02:00:00+03:00,34.1336,,
2026-08-30 18:17:37.824011+03:00,2026-09-03 02:15:00+03:00,34.173,,
2026-08-30 18:17:37.824011+03:00,2026-09-03 02:30:00+03:00,34.17,,
2026-08-30 18:17:37.824011+03:00,2026-09-03 02:45:00+03:00,34.1679,,
2026-08-30 18:17:37.824011+03:00,2026-09-03 03:00:00+03:00,34.159,,
2026-08-30 18:17:37.824011+03:00,2026-09-03 03:15:00+03:00,34.1985,,
2026-08-30 18:17:37.824011+03:00,2026-09-03 03:30:00+03:00,34.1968,,
2026-08-30 18:17:37.824011+03:00,2026-09-03 03:45:00+03:00,34.1972,,
2026-08-30 18:17:37.824011+03:00,2026-09-03 04:00:00+03:00,34.167,,
2026-08-30 18:17:37.824011+03:00,2026-09-03 04:15:00+03:00,34.373,,
2026-08-30 18:17:37.824011+03:00,2026-09-03 04:30:00+03:00,34.6555,,
2026-08-30 18:17:37.824011+03:00,2026-09-03 04:45:00+03:00,34.5839,,
2026-08-30 18:17:37.824011+03:00,2026-09-03 05:00:00+03:00,34.5878,,
2026-08-30 18:17:37.824011+03:00,2026-09-03 05:15:00+03:00,34.9217,,
2026-08-30 18:17:37.824011+03:00,2026-09-03 05:30:00+03:00,35.064,,
2026-08-30 18:17:37.824011+03:00,2026-09-03 05:45:00+03:00,35.4693,,
2026-08-30 18:17:37.824011+03:00,2026-09-03 06:00:00+03:00,35.8502,,
2026-08-30 18:17:37.824011+03:00,2026-09-03 06:15:00+03:00,36.1903,,
2026-08-30 18:17:37.824011+03:00,2026-09-03 06:30:00+03:00,36.3644,,
2026-08-30 18:17:37.824011+03:00,2026-09-03 06:45:00+03:00,36.8069,,
2026-08-30 18:17:37.824011+03:00,2026-09-03 07:00:00+03:00,36.9086,,
2026-08-30 18:17:37.824011+03:00,2026-09-03 07:15:00+03:00,37.832,,
2026-08-30 18:17:37.824011+03:00,2026-09-03 07:30:00+03:00,38.3564,,
2026-08-30 18:17:37.824011+03:00,2026-09-03 07:45:00+03:00,38.8718,,
2026-08-30 18:17:37.824011+03:00,2026-09-03 08:00:00+03:00,39.232,,
2026-08-30 18:17:37.824011+03:00,2026-09-03 08:15:00+03:00,39.6345,,
2026-08-30 18:17:37.824011+03:00,2026-09-03 08:30:00+03:00,40.002,,
2026-08-30 18:17:37.824011+03:00,2026-09-03 08:45:00+03:00,39.9886,,
2026-08-30 18:17:37.824011+03:00,2026-09-03 09:00:00+03:00,39.9329,,
2026-08-30 18:17:37.824011+03:00,2026-09-03 09:15:00+03:00,39.566,,
2026-08-30 18:17:37.824011+03:00,2026-09-03 09:30:00+03:00,39.103,,
2026-08-30 18:17:37.824011+03:00,2026-09-03 09:45:00+03:00,39.1295,,
2026-08-30 18:17:37.824011+03:00,2026-09-03 10:00:00+03:00,39.067,,
2026-08-30 18:17:37.824011+03:00,2026-09-03 10:15:00+03:00,39.0641,,
2026-08-30 18:17:37.824011+03:00,2026-09-03 10:30:00+03:00,39.0534,,
2026-08-30 18:17:37.824011+03:00,2026-09-03 10:45:00+03:00,39.0768,,
2026-08-30 18:17:37.824011+03:00,2026-09-03 11:00:00+03:00,39.0774,,
2026-08-30 18:17:37.824011+03:00,2026-09-03 11:15:00+03:00,39.0633,,
2026-08-30 18:17:37.824011+03:00,2026-09-03 11:30:00+03:00,39.0825,,
2026-08-30 18:17:37.824011+03:00,2026-09-03 11:45:00+03:00,39.0933,,
2026-08-30 18:17:37.824011+03:00,2026-09-03 12:00:00+03:00,39.0877,,
2026-08-30 18:17:37.824011+03:00,2026-09-03 12:15:00+03:00,39.0794,,
2026-08-30 18:17:37.824011+03:00,2026-09-03 12:30:00+03:00,39.0959,,
2026-08-30 18:17:37.824011+03:00,2026-09-03 12:45:00+03:00,39.1143,,
2026-08-30 18:17:37.824011+03:00,2026-09-03 13:00:00+03:00,39.0969,,
2026-08-30 18:17:37.824011+03:00,2026-09-03 13:15:00+03:00,39.0719,,
2026-08-30 18:17:37.824011+03:00,2026-09-03 13:30:00+03:00,39.0906,,
2026-08-30 18:17:37.824011+03:00,2026-09-03 13:45:00+03:00,39.0988,,
2026-08-30 18:17:37.824011+03:00,2026-09-03 14:00:00+03:00,39.0626,,
2026-08-30 18:17:37.824011+03:00,2026-09-03 14:15:00+03:00,39.132,,
2026-08-30 18:17:37.824011+03:00,2026-09-03 14:30:00+03:00,39.1406,,
2026-08-30 18:17:37.824011+03:00,2026-09-03 14:45:00+03:00,39.1224,,
2026-08-30 18:17:37.824011+03:00,2026-09-03 15:00:00+03:00,39.069,,
2026-08-30 18:17:37.824011+03:00,2026-09-03 15:15:00+03:00,39.1369,,
2026-08-30 18:17:37.824011+03:00,2026-09-03 15:30:00+03:00,39.1424,,
2026-08-30 18:17:37.824011+03:00,2026-09-03 15:45:00+03:00,39.141,,
2026-08-30 18:17:37.824011+03:00,2026-09-03 16:00:00+03:00,39.099,,
2026-08-30 18:17:37.824011+03:00,2026-09-03 16:15:00+03:00,39.1565,,
2026-08-30 18:17:37.824011+03:00,2026-09-03 16:30:00+03:00,39.1654,,
2026-08-30 18:17:37.824011+03:00,2026-09-03 16:45:00+03:00,39.1571,,
2026-08-30 18:17:37.824011+03:00,2026-09-03 17:00:00+03:00,39.1447,,
2026-08-30 18:17:37.824011+03:00,2026-09-03 17:15:00+03:00,39.2563,,
2026-08-30 18:17:37.824011+03:00,2026-09-03 17:30:00+03:00,39.2322,,
2026-08-30 18:17:37.824011+03:00,2026-09-03 17:45:00+03:00,39.1865,,
2026-08-30 18:17:37.824011+03:00,2026-09-03 18:00:00+03:00,39.1767,,
2026-08-30 18:17:37.824011+03:00,2026-09-03 18:15:00+03:00,39.0562,,
2026-08-30 18:17:37.824011+03:00,2026-09-03 18:30:00+03:00,39.0512,,
2026-08-30 18:17:37.824011+03:00,2026-09-03 18:45:00+03:00,39.0605,,
2026-08-30 18:17:37.824011+03:00,2026-09-03 19:00:00+03:00,39.0599,,
2026-08-30 18:17:37.824011+03:00,2026-09-03 19:15:00+03:00,38.919,,
2026-08-30 18:17:37.824011+03:00,2026-09-03 19:30:00+03:00,38.4867,,
2026-08-30 18:17:37.824011+03:00,2026-09-03 19:45:00+03:00,38.0055,,
2026-08-30 18:17:37.824011+03:00,2026-09-03 20:00:00+03:00,38.0884,,
2026-08-30 18:17:37.824011+03:00,2026-09-03 20:15:00+03:00,37.761,,
2026-08-30 18:17:37.824011+03:00,2026-09-03 20:30:00+03:00,37.258,,
2026-08-30 18:17:37.824011+03:00,2026-09-03 20:45:00+03:00,36.928,,
2026-08-30 18:17:37.824011+03:00,2026-09-03 21:00:00+03:00,36.954,,
2026-08-30 18:17:37.824011+03:00,2026-09-03 21:15:00+03:00,37.1399,,
2026-08-30 18:17:37.824011+03:00,2026-09-03 21:30:00+03:00,37.1703,,
2026-08-30 18:17:37.824011+03:00,2026-09-03 21:45:00+03:00,37.1609,,
2026-08-30 18:17:37.824011+03:00,2026-09-03 22:00:00+03:00,37.1465,,
2026-08-30 18:17:37.824011+03:00,2026-09-03 22:15:00+03:00,36.9269,,
2026-08-30 18:17:37.824011+03:00,2026-09-03 22:30:00+03:00,36.933,,
2026-08-30 18:17:37.824011+03:00,2026-09-03 22:45:00+03:00,36.9793,,
2026-08-30 18:17:37.824011+03:00,2026-09-03 23:00:00+03:00,37.0368,,
2026-08-30 18:17:37.824011+03:00,2026-09-03 23:15:00+03:00,36.7763,,
2026-08-30 18:17:37.824011+03:00,2026-09-03 23:30:00+03:00,36.1062,,
2026-08-30 18:17:37.824011+03:00,2026-09-03 23:45:00+03:00,35.6423,,
2026-08-30 18:17:37.824011+03:00,2026-09-04 00:00:00+03:00,35.4177,,
2026-08-30 18:17:37.824011+03:00,2026-09-04 00:15:00+03:00,35.2087,,
2026-08-30 18:17:37.824011+03:00,2026-09-04 00:30:00+03:00,35.4163,,
2026-08-30 18:17:37.824011+03:00,2026-09-04 00:45:00+03:00,35.4063,,
2026-08-30 18:17:37.824011+03:00,2026-09-04 01:00:00+03:00,35.3593,,
2026-08-30 18:17:37.824011+03:00,2026-09-04 01:15:00+03:00,35.2352,,
2026-08-30 18:17:37.824011+03:00,2026-09-04 01:30:00+03:00,35.269,,
2026-08-30 18:17:37.824011+03:00,2026-09-04 01:45:00+03:00,35.3016,,
2026-08-30 18:17:37.824011+03:00,2026-09-04 02:00:00+03:00,35.3315,,
2026-08-30 18:17:37.824011+03:00,2026-09-04 02:15:00+03:00,35.3732,,
2026-08-30 18:17:37.824011+03:00,2026-09-04 02:30:00+03:00,35.3877,,
2026-08-30 18:17:37.824011+03:00,2026-09-04 02:45:00+03:00,35.3756,,
2026-08-30 18:17:37.824011+03:00,2026-09-04 03:00:00+03:00,35.3821,,
2026-08-30 18:17:37.824011+03:00,2026-09-04 03:15:00+03:00,35.4219,,
2026-08-30 18:17:37.824011+03:00,2026-09-04 03:30:00+03:00,35.4158,,
2026-08-30 18:17:37.824011+03:00,2026-09-04 03:45:00+03:00,35.4129,,
2026-08-30 18:17:37.824011+03:00,2026-09-04 04:00:00+03:00,35.4082,,
2026-08-30 18:17:37.824011+03:00,2026-09-04 04:15:00+03:00,35.659,,
2026-08-30 18:17:37.824011+03:00,2026-09-04 04:30:00+03:00,36.0084,,
2026-08-30 18:17:37.824011+03:00,2026-09-04 04:45:00+03:00,36.3944,,
2026-08-30 18:17:37.824011+03:00,2026-09-04 05:00:00+03:00,36.8881,,
2026-08-30 18:17:37.824011+03:00,2026-09-04 05:15:00+03:00,38.1293,,
2026-08-30 18:17:37.824011+03:00,2026-09-04 05:30:00+03:00,39.0472,,
2026-08-30 18:17:37.824011+03:00,2026-09-04 05:45:00+03:00,39.3698,,
2026-08-30 18:17:37.824011+03:00,2026-09-04 06:00:00+03:00,39.7397,,
2026-08-30 18:17:37.824011+03:00,2026-09-04 06:15:00+03:00,40.5756,,
2026-08-30 18:17:37.824011+03:00,2026-09-04 06:30:00+03:00,41.0044,,
2026-08-30 18:17:37.824011+03:00,2026-09-04 06:45:00+03:00,41.2953,,
2026-08-30 18:17:37.824011+03:00,2026-09-04 07:00:00+03:00,41.736,,
2026-08-30 18:17:37.824011+03:00,2026-09-04 07:15:00+03:00,41.7603,,
2026-08-30 18:17:37.824011+03:00,2026-09-04 07:30:00+03:00,41.5294,,
2026-08-30 18:17:37.824011+03:00,2026-09-04 07:45:00+03:00,41.4347,,
2026-08-30 18:17:37.824011+03:00,2026-09-04 08:00:00+03:00,41.454,,
2026-08-30 18:17:37.824011+03:00,2026-09-04 08:15:00+03:00,41.485,,
2026-08-30 18:17:37.824011+03:00,2026-09-04 08:30:00+03:00,41.4557,,
2026-08-30 18:17:37.824011+03:00,2026-09-04 08:45:00+03:00,41.4512,,
2026-08-30 18:17:37.824011+03:00,2026-09-04 09:00:00+03:00,41.4448,,
2026-08-30 18:17:37.824011+03:00,2026-09-04 09:15:00+03:00,41.1449,,
2026-08-30 18:17:37.824011+03:00,2026-09-04 09:30:00+03:00,40.6523,,
2026-08-30 18:17:37.824011+03:00,2026-09-04 09:45:00+03:00,40.1674,,
2026-08-30 18:17:37.824011+03:00,2026-09-04 10:00:00+03:00,40.1188,,
2026-08-30 18:17:37.824011+03:00,2026-09-04 10:15:00+03:00,40.1783,,
2026-08-30 18:17:37.824011+03:00,2026-09-04 10:30:00+03:00,40.1766,,
2026-08-30 18:17:37.824011+03:00,2026-09-04 10:45:00+03:00,40.1848,,
2026-08-30 18:17:37.824011+03:00,2026-09-04 11:00:00+03:00,40.133,,
2026-08-30 18:17:37.824011+03:00,2026-09-04 11:15:00+03:00,40.2205,,
2026-08-30 18:17:37.824011+03:00,2026-09-04 11:30:00+03:00,40.1782,,
2026-08-30 18:17:37.824011+03:00,2026-09-04 11:45:00+03:00,40.1862,,
2026-08-30 18:17:37.824011+03:00,2026-09-04 12:00:00+03:00,40.169,,
2026-08-30 18:17:37.824011+03:00,2026-09-04 12:15:00+03:00,40.2379,,
2026-08-30 18:17:37.824011+03:00,2026-09-04 12:30:00+03:00,40.1909,,
2026-08-30 18:17:37.824011+03:00,2026-09-04 12:45:00+03:00,40.2005,,
2026-08-30 18:17:37.824011+03:00,2026-09-04 13:00:00+03:00,40.1414,,
2026-08-30 18:17:37.824011+03:00,2026-09-04 13:15:00+03:00,40.2011,,
2026-08-30 18:17:37.824011+03:00,2026-09-04 13:30:00+03:00,40.163,,
2026-08-30 18:17:37.824011+03:00,2026-09-04 13:45:00+03:00,40.1264,,
2026-08-30 18:17:37.824011+03:00,2026-09-04 14:00:00+03:00,40.1058,,
2026-08-30 18:17:37.824011+03:00,2026-09-04 14:15:00+03:00,40.2849,,
2026-08-30 18:17:37.824011+03:00,2026-09-04 14:30:00+03:00,40.2502,,
2026-08-30 18:17:37.824011+03:00,2026-09-04 14:45:00+03:00,40.2295,,
2026-08-30 18:17:37.824011+03:00,2026-09-04 15:00:00+03:00,40.1097,,
2026-08-30 18:17:37.824011+03:00,2026-09-04 15:15:00+03:00,40.3065,,
2026-08-30 18:17:37.824011+03:00,2026-09-04 15:30:00+03:00,40.2471,,
2026-08-30 18:17:37.824011+03:00,2026-09-04 15:45:00+03:00,40.2272,,
2026-08-30 18:17:37.824011+03:00,2026-09-04 16:00:00+03:00,40.1471,,
2026-08-30 18:17:37.824011+03:00,2026-09-04 16:15:00+03:00,40.3589,,
2026-08-30 18:17:37.824011+03:00,2026-09-04 16:30:00+03:00,40.2993,,
2026-08-30 18:17:37.824011+03:00,2026-09-04 16:45:00+03:00,40.2446,,
2026-08-30 18:17:37.824011+03:00,2026-09-04 17:00:00+03:00,40.1895,,
2026-08-30 18:17:37.824011+03:00,2026-09-04 17:15:00+03:00,40.3799,,
2026-08-30 18:17:37.824011+03:00,2026-09-04 17:30:00+03:00,40.3163,,
2026-08-30 18:17:37.824011+03:00,2026-09-04 17:45:00+03:00,40.2853,,
2026-08-30 18:17:37.824011+03:00,2026-09-04 18:00:00+03:00,40.2397,,
2026-08-30 18:17:37.824011+03:00,2026-09-04 18:15:00+03:00,40.2125,,
2026-08-30 18:17:37.824011+03:00,2026-09-04 18:30:00+03:00,40.1765,,
2026-08-30 18:17:37.824011+03:00,2026-09-04 18:45:00+03:00,40.1913,,
2026-08-30 18:17:37.824011+03:00,2026-09-04 19:00:00+03:00,40.1699,,
2026-08-30 18:17:37.824011+03:00,2026-09-04 19:15:00+03:00,40.1328,,
2026-08-30 18:17:37.824011+03:00,2026-09-04 19:30:00+03:00,40.1019,,
2026-08-30 18:17:37.824011+03:00,2026-09-04 19:45:00+03:00,40.145,,
2026-08-30 18:17:37.824011+03:00,2026-09-04 20:00:00+03:00,40.1398,,
2026-08-30 18:17:37.824011+03:00,2026-09-04 20:15:00+03:00,39.8147,,
2026-08-30 18:17:37.824011+03:00,2026-09-04 20:30:00+03:00,39.0755,,
2026-08-30 18:17:37.824011+03:00,2026-09-04 20:45:00+03:00,38.7533,,
2026-08-30 18:17:37.824011+03:00,2026-09-04 21:00:00+03:00,37.9775,,
2026-08-30 18:17:37.824011+03:00,2026-09-04 21:15:00+03:00,37.5462,,
2026-08-30 18:17:37.824011+03:00,2026-09-04 21:30:00+03:00,37.095,,
2026-08-30 18:17:37.824011+03:00,2026-09-04 21:45:00+03:00,36.7762,,
2026-08-30 18:17:37.824011+03:00,2026-09-04 22:00:00+03:00,36.2592,,
2026-08-30 18:17:37.824011+03:00,2026-09-04 22:15:00+03:00,35.4754,,
2026-08-30 18:17:37.824011+03:00,2026-09-04 22:30:00+03:00,35.2058,,
2026-08-30 18:17:37.824011+03:00,2026-09-04 22:45:00+03:00,34.8134,,
2026-08-30 18:17:37.824011+03:00,2026-09-04 23:00:00+03:00,34.4625,,
2026-08-30 18:17:37.824011+03:00,2026-09-04 23:15:00+03:00,33.9304,,
2026-08-30 18:17:37.824011+03:00,2026-09-04 23:30:00+03:00,33.7526,,
2026-08-30 18:17:37.824011+03:00,2026-09-04 23:45:00+03:00,33.3749,,
2026-08-30 18:17:37.824011+03:00,2026-09-05 00:00:00+03:00,33.0924,,
2026-08-30 18:17:37.824011+03:00,2026-09-05 00:15:00+03:00,33.3106,,
2026-08-30 18:17:37.824011+03:00,2026-09-05 00:30:00+03:00,33.3364,,
2026-08-30 18:17:37.824011+03:00,2026-09-05 00:45:00+03:00,33.3428,,
2026-08-30 18:17:37.824011+03:00,2026-09-05 01:00:00+03:00,33.2894,,
2026-08-30 18:17:37.824011+03:00,2026-09-05 01:15:00+03:00,33.1303,,
2026-08-30 18:17:37.824011+03:00,2026-09-05 01:30:00+03:00,33.1703,,
2026-08-30 18:17:37.824011+03:00,2026-09-05 01:45:00+03:00,33.2,,
2026-08-30 18:17:37.824011+03:00,2026-09-05 02:00:00+03:00,33.2241,,
2026-08-30 18:17:37.824011+03:00,2026-09-05 02:15:00+03:00,33.2615,,
2026-08-30 18:17:37.824011+03:00,2026-09-05 02:30:00+03:00,33.2738,,
2026-08-30 18:17:37.824011+03:00,2026-09-05 02:45:00+03:00,33.2561,,
2026-08-30 18:17:37.824011+03:00,2026-09-05 03:00:00+03:00,33.2737,,
2026-08-30 18:17:37.824011+03:00,2026-09-05 03:15:00+03:00,33.3039,,
2026-08-30 18:17:37.824011+03:00,2026-09-05 03:30:00+03:00,33.3052,,
2026-08-30 18:17:37.824011+03:00,2026-09-05 03:45:00+03:00,33.2872,,
2026-08-30 18:17:37.824011+03:00,2026-09-05 04:00:00+03:00,33.3084,,
2026-08-30 18:17:37.824011+03:00,2026-09-05 04:15:00+03:00,33.3666,,
2026-08-30 18:17:37.824011+03:00,2026-09-05 04:30:00+03:00,33.3596,,
2026-08-30 18:17:37.824011+03:00,2026-09-05 04:45:00+03:00,33.3321,,
2026-08-30 18:17:37.824011+03:00,2026-09-05 05:00:00+03:00,33.3226,,
2026-08-30 18:17:37.824011+03:00,2026-09-05 05:15:00+03:00,33.3827,,
2026-08-30 18:17:37.824011+03:00,2026-09-05 05:30:00+03:00,33.3683,,
2026-08-30 18:17:37.824011+03:00,2026-09-05 05:45:00+03:00,33.3433,,
2026-08-30 18:17:37.824011+03:00,2026-09-05 06:00:00+03:00,33.3146,,
2026-08-30 18:17:37.824011+03:00,2026-09-05 06:15:00+03:00,33.3464,,
2026-08-30 18:17:37.824011+03:00,2026-09-05 06:30:00+03:00,33.3255,,
2026-08-30 18:17:37.824011+03:00,2026-09-05 06:45:00+03:00,33.3137,,
2026-08-30 18:17:37.824011+03:00,2026-09-05 07:00:00+03:00,33.3413,,
2026-08-30 18:17:37.824011+03:00,2026-09-05 07:15:00+03:00,33.4616,,
2026-08-30 18:17:37.824011+03:00,2026-09-05 07:30:00+03:00,34.1678,,
2026-08-30 18:17:37.824011+03:00,2026-09-05 07:45:00+03:00,34.5248,,
2026-08-30 18:17:37.824011+03:00,2026-09-05 08:00:00+03:00,34.8319,,
2026-08-30 18:17:37.824011+03:00,2026-09-05 08:15:00+03:00,35.2758,,
2026-08-30 18:17:37.824011+03:00,2026-09-05 08:30:00+03:00,35.5932,,
2026-08-30 18:17:37.824011+03:00,2026-09-05 08:45:00+03:00,36.0395,,
2026-08-30 18:17:37.824011+03:00,2026-09-05 09:00:00+03:00,36.4644,,
2026-08-30 18:17:37.824011+03:00,2026-09-05 09:15:00+03:00,36.7692,,
2026-08-30 18:17:37.824011+03:00,2026-09-05 09:30:00+03:00,36.6536,,
2026-08-30 18:17:37.824011+03:00,2026-09-05 09:45:00+03:00,36.6761,,
2026-08-30 18:17:37.824011+03:00,2026-09-05 10:00:00+03:00,36.6264,,
2026-08-30 18:17:37.824011+03:00,2026-09-05 10:15:00+03:00,36.6062,,
2026-08-30 18:17:37.824011+03:00,2026-09-05 10:30:00+03:00,36.6135,,
2026-08-30 18:17:37.824011+03:00,2026-09-05 10:45:00+03:00,36.6079,,
2026-08-30 18:17:37.824011+03:00,2026-09-05 11:00:00+03:00,36.6017,,
2026-08-30 18:17:37.824011+03:00,2026-09-05 11:15:00+03:00,36.5859,,
2026-08-30 18:17:37.824011+03:00,2026-09-05 11:30:00+03:00,36.587,,
2026-08-30 18:17:37.824011+03:00,2026-09-05 11:45:00+03:00,36.5917,,
2026-08-30 18:17:37.824011+03:00,2026-09-05 12:00:00+03:00,36.5659,,
2026-08-30 18:17:37.824011+03:00,2026-09-05 12:15:00+03:00,36.5424,,
2026-08-30 18:17:37.824011+03:00,2026-09-05 12:30:00+03:00,36.5515,,
2026-08-30 18:17:37.824011+03:00,2026-09-05 12:45:00+03:00,36.5596,,
2026-08-30 18:17:37.824011+03:00,2026-09-05 13:00:00+03:00,36.5607,,
2026-08-30 18:17:37.824011+03:00,2026-09-05 13:15:00+03:00,36.5399,,
2026-08-30 18:17:37.824011+03:00,2026-09-05 13:30:00+03:00,36.5425,,
2026-08-30 18:17:37.824011+03:00,2026-09-05 13:45:00+03:00,36.5472,,
2026-08-30 18:17:37.824011+03:00,2026-09-05 14:00:00+03:00,36.5919,,
2026-08-30 18:17:37.824011+03:00,2026-09-05 14:15:00+03:00,36.6705,,
2026-08-30 18:17:37.824011+03:00,2026-09-05 14:30:00+03:00,36.6881,,
2026-08-30 18:17:37.824011+03:00,2026-09-05 14:45:00+03:00,36.6652,,
2026-08-30 18:17:37.824011+03:00,2026-09-05 15:00:00+03:00,36.6178,,
2026-08-30 18:17:37.824011+03:00,2026-09-05 15:15:00+03:00,36.705,,
2026-08-30 18:17:37.824011+03:00,2026-09-05 15:30:00+03:00,36.6985,,
2026-08-30 18:17:37.824011+03:00,2026-09-05 15:45:00+03:00,36.685,,
2026-08-30 18:17:37.824011+03:00,2026-09-05 16:00:00+03:00,36.659,,
2026-08-30 18:17:37.824011+03:00,2026-09-05 16:15:00+03:00,36.7428,,
2026-08-30 18:17:37.824011+03:00,2026-09-05 16:30:00+03:00,36.7288,,
2026-08-30 18:17:37.824011+03:00,2026-09-05 16:45:00+03:00,36.7042,,
2026-08-30 18:17:37.824011+03:00,2026-09-05 17:00:00+03:00,36.6975,,
2026-08-30 18:17:37.824011+03:00,2026-09-05 17:15:00+03:00,36.8492,,
2026-08-30 18:17:37.824011+03:00,2026-09-05 17:30:00+03:00,37.523,,
2026-08-30 18:17:37.824011+03:00,2026-09-05 17:45:00+03:00,37.927,,
2026-08-30 18:17:37.824011+03:00,2026-09-05 18:00:00+03:00,37.9621,,
2026-08-30 18:17:37.824011+03:00,2026-09-05 18:15:00+03:00,38.1863,,
2026-08-30 18:17:37.824011+03:00,2026-09-05 18:30:00+03:00,38.111,,
2026-08-30 18:17:37.824011+03:00,2026-09-05 18:45:00+03:00,38.114,,
2026-08-30 18:17:37.824011+03:00,2026-09-05 19:00:00+03:00,38.1485,,
2026-08-30 18:17:37.824011+03:00,2026-09-05 19:15:00+03:00,38.0031,,
2026-08-30 18:17:37.824011+03:00,2026-09-05 19:30:00+03:00,38.031,,
2026-08-30 18:17:37.824011+03:00,2026-09-05 19:45:00+03:00,38.0864,,
2026-08-30 18:17:37.824011+03:00,2026-09-05 20:00:00+03:00,38.0866,,
2026-08-30 18:17:37.824011+03:00,2026-09-05 20:15:00+03:00,37.7445,,
2026-08-30 18:17:37.824011+03:00,2026-09-05 20:30:00+03:00,37.264,,
2026-08-30 18:17:37.824011+03:00,2026-09-05 20:45:00+03:00,36.962,,
2026-08-30 18:17:37.824011+03:00,2026-09-05 21:00:00+03:00,37.032,,
2026-08-30 18:17:37.824011+03:00,2026-09-05 21:15:00+03:00,37.1701,,
2026-08-30 18:17:37.824011+03:00,2026-09-05 21:30:00+03:00,37.1723,,
2026-08-30 18:17:37.824011+03:00,2026-09-05 21:45:00+03:00,37.1741,,
2026-08-30 18:17:37.824011+03:00,2026-09-05 22:00:00+03:00,37.172,,
2026-08-30 18:17:37.824011+03:00,2026-09-05 22:15:00+03:00,36.9078,,
2026-08-30 18:17:37.824011+03:00,2026-09-05 22:30:00+03:00,36.9539,,
2026-08-30 18:17:37.824011+03:00,2026-09-05 22:45:00+03:00,37.0177,,
2026-08-30 18:17:37.824011+03:00,2026-09-05 23:00:00+03:00,37.065,,
2026-08-30 18:17:37.824011+03:00,2026-09-05 23:15:00+03:00,36.8091,,
2026-08-30 18:17:37.824011+03:00,2026-09-05 23:30:00+03:00,36.1253,,
2026-08-30 18:17:37.824011+03:00,2026-09-05 23:45:00+03:00,35.6632,,
2026-08-30 18:17:37.824011+03:00,2026-09-06 00:00:00+03:00,35.4043,,
2026-08-30 18:17:37.824011+03:00,2026-09-06 00:15:00+03:00,35.1527,,
2026-08-30 18:17:37.824011+03:00,2026-09-06 00:30:00+03:00,35.3713,,
2026-08-30 18:17:37.824011+03:00,2026-09-06 00:45:00+03:00,35.3536,,
2026-08-30 18:17:37.824011+03:00,2026-09-06 01:00:00+03:00,35.3181,,
2026-08-30 18:17:37.824011+03:00,2026-09-06 01:15:00+03:00,35.2047,,
2026-08-30 18:17:37.824011+03:00,2026-09-06 01:30:00+03:00,35.2462,,
2026-08-30 18:17:37.824011+03:00,2026-09-06 01:45:00+03:00,35.2769,,
2026-08-30 18:17:37.824011+03:00,2026-09-06 02:00:00+03:00,35.2967,,
2026-08-30 18:17:37.824011+03:00,2026-09-06 02:15:00+03:00,35.347,,
2026-08-30 18:17:37.824011+03:00,2026-09-06 02:30:00+03:00,35.3564,,
2026-08-30 18:17:37.824011+03:00,2026-09-06 02:45:00+03:00,35.3519,,
2026-08-30 18:17:37.824011+03:00,2026-09-06 03:00:00+03:00,35.3473,,
2026-08-30 18:17:37.824011+03:00,2026-09-06 03:15:00+03:00,35.3911,,
2026-08-30 18:17:37.824011+03:00,2026-09-06 03:30:00+03:00,35.3957,,
2026-08-30 18:17:37.824011+03:00,2026-09-06 03:45:00+03:00,35.3914,,
2026-08-30 18:17:37.824011+03:00,2026-09-06 04:00:00+03:00,35.3559,,
2026-08-30 18:17:37.824011+03:00,2026-09-06 04:15:00+03:00,35.4083,,
2026-08-30 18:17:37.824011+03:00,2026-09-06 04:30:00+03:00,35.4061,,
2026-08-30 18:17:37.824011+03:00,2026-09-06 04:45:00+03:00,35.3971,,
2026-08-30 18:17:37.824011+03:00,2026-09-06 05:00:00+03:00,35.3668,,
2026-08-30 18:17:37.824011+03:00,2026-09-06 05:15:00+03:00,35.3932,,
2026-08-30 18:17:37.824011+03:00,2026-09-06 05:30:00+03:00,35.4028,,
2026-08-30 18:17:37.824011+03:00,2026-09-06 05:45:00+03:00,35.3822,,
2026-08-30 18:17:37.824011+03:00,2026-09-06 06:00:00+03:00,35.3349,,
2026-08-30 18:17:37.824011+03:00,2026-09-06 06:15:00+03:00,35.326,,
2026-08-30 18:17:37.824011+03:00,2026-09-06 06:30:00+03:00,35.3419,,
2026-08-30 18:17:37.824011+03:00,2026-09-06 06:45:00+03:00,35.3375,,
2026-08-30 18:17:37.824011+03:00,2026-09-06 07:00:00+03:00,35.4061,,
2026-08-30 18:17:37.824011+03:00,2026-09-06 07:15:00+03:00,35.5393,,
2026-08-30 18:17:37.824011+03:00,2026-09-06 07:30:00+03:00,35.9611,,
2026-08-30 18:17:37.824011+03:00,2026-09-06 07:45:00+03:00,36.3793,,
2026-08-30 18:17:37.824011+03:00,2026-09-06 08:00:00+03:00,36.9279,,
2026-08-30 18:17:37.824011+03:00,2026-09-06 08:15:00+03:00,37.8894,,
2026-08-30 18:17:37.824011+03:00,2026-09-06 08:30:00+03:00,38.3103,,
2026-08-30 18:17:37.824011+03:00,2026-09-06 08:45:00+03:00,38.9197,,
2026-08-30 18:17:37.824011+03:00,2026-09-06 09:00:00+03:00,39.1615,,
2026-08-30 18:17:37.824011+03:00,2026-09-06 09:15:00+03:00,39.19,,
2026-08-30 18:17:37.824011+03:00,2026-09-06 09:30:00+03:00,39.1391,,
2026-08-30 18:17:37.824011+03:00,2026-09-06 09:45:00+03:00,39.0945,,
2026-08-30 18:17:37.824011+03:00,2026-09-06 10:00:00+03:00,39.0566,,
2026-08-30 18:17:37.824011+03:00,2026-09-06 10:15:00+03:00,39.0287,,
2026-08-30 18:17:37.824011+03:00,2026-09-06 10:30:00+03:00,38.5459,,
2026-08-30 18:17:37.824011+03:00,2026-09-06 10:45:00+03:00,38.6298,,
2026-08-30 18:17:37.824011+03:00,2026-09-06 11:00:00+03:00,38.6125,,
2026-08-30 18:17:37.824011+03:00,2026-09-06 11:15:00+03:00,38.557,,
2026-08-30 18:17:37.824011+03:00,2026-09-06 11:30:00+03:00,38.5439,,
2026-08-30 18:17:37.824011+03:00,2026-09-06 11:45:00+03:00,38.5595,,
2026-08-30 18:17:37.824011+03:00,2026-09-06 12:00:00+03:00,38.6107,,
2026-08-30 18:17:37.824011+03:00,2026-09-06 12:15:00+03:00,38.5899,,
2026-08-30 18:17:37.824011+03:00,2026-09-06 12:30:00+03:00,38.5933,,
2026-08-30 18:17:37.824011+03:00,2026-09-06 12:45:00+03:00,38.6029,,
2026-08-30 18:17:37.824011+03:00,2026-09-06 13:00:00+03:00,38.6765,,
2026-08-30 18:17:37.824011+03:00,2026-09-06 13:15:00+03:00,38.616,,
2026-08-30 18:17:37.824011+03:00,2026-09-06 13:30:00+03:00,38.6179,,
2026-08-30 18:17:37.824011+03:00,2026-09-06 13:45:00+03:00,38.6296,,
2026-08-30 18:17:37.824011+03:00,2026-09-06 14:00:00+03:00,38.6335,,
2026-08-30 18:17:37.824011+03:00,2026-09-06 14:15:00+03:00,38.6917,,
2026-08-30 18:17:37.824011+03:00,2026-09-06 14:30:00+03:00,38.6928,,
2026-08-30 18:17:37.824011+03:00,2026-09-06 14:45:00+03:00,38.6787,,
2026-08-30 18:17:37.824011+03:00,2026-09-06 15:00:00+03:00,38.6461,,
2026-08-30 18:17:37.824011+03:00,2026-09-06 15:15:00+03:00,38.7148,,
2026-08-30 18:17:37.824011+03:00,2026-09-06 15:30:00+03:00,38.6924,,
2026-08-30 18:17:37.824011+03:00,2026-09-06 15:45:00+03:00,38.6825,,
2026-08-30 18:17:37.824011+03:00,2026-09-06 16:00:00+03:00,38.6572,,
2026-08-30 18:17:37.824011+03:00,2026-09-06 16:15:00+03:00,38.7052,,
2026-08-30 18:17:37.824011+03:00,2026-09-06 16:30:00+03:00,38.709,,
2026-08-30 18:17:37.824011+03:00,2026-09-06 16:45:00+03:00,38.7279,,
2026-08-30 18:17:37.824011+03:00,2026-09-06 17:00:00+03:00,38.6877,,
2026-08-30 18:17:37.824011+03:00,2026-09-06 17:15:00+03:00,38.7421,,
2026-08-30 18:17:37.824011+03:00,2026-09-06 17:30:00+03:00,38.7736,,
2026-08-30 18:17:37.824011+03:00,2026-09-06 17:45:00+03:00,38.7297,,
2026-08-30 18:17:37.824011+03:00,2026-09-06 18:00:00+03:00,38.7474,,
2026-08-30 18:17:37.824011+03:00,2026-09-06 18:15:00+03:00,38.6845,,
2026-08-30 18:17:37.824011+03:00,2026-09-06 18:30:00+03:00,38.6672,,
2026-08-30 18:17:37.824011+03:00,2026-09-06 18:45:00+03:00,38.6979,,
2026-08-30 18:17:37.824011+03:00,2026-09-06 19:00:00+03:00,38.7295,,
2026-08-30 18:17:37.824011+03:00,2026-09-06 19:15:00+03:00,38.6333,,
2026-08-30 18:17:37.824011+03:00,2026-09-06 19:30:00+03:00,38.6256,,
2026-08-30 18:17:37.824011+03:00,2026-09-06 19:45:00+03:00,38.6671,,
2026-08-30 18:17:37.824011+03:00,2026-09-06 20:00:00+03:00,38.7227,,
2026-08-30 18:17:37.824011+03:00,2026-09-06 20:15:00+03:00,38.293,,
2026-08-30 18:17:37.824011+03:00,2026-09-06 20:30:00+03:00,37.8173,,
2026-08-30 18:17:37.824011+03:00,2026-09-06 20:45:00+03:00,37.3333,,
2026-08-30 18:17:37.824011+03:00,2026-09-06 21:00:00+03:00,36.7832,,
2026-08-30 18:17:37.824011+03:00,2026-09-06 21:15:00+03:00,36.1097,,
2026-08-30 18:17:37.824011+03:00,2026-09-06 21:30:00+03:00,35.7134,,
2026-08-30 18:17:37.824011+03:00,2026-09-06 21:45:00+03:00,35.4763,,
2026-08-30 18:17:37.824011+03:00,2026-09-06 22:00:00+03:00,35.7477,,
2026-08-30 18:17:37.824011+03:00,2026-09-06 22:15:00+03:00,35.4616,,
2026-08-30 18:17:37.824011+03:00,2026-09-06 22:30:00+03:00,35.4858,,
2026-08-30 18:17:37.824011+03:00,2026-09-06 22:45:00+03:00,35.5031,,
2026-08-30 18:17:37.824011+03:00,2026-09-06 23:00:00+03:00,35.5572,,
2026-08-30 18:17:37.824011+03:00,2026-09-06 23:15:00+03:00,35.2948,,
2026-08-30 18:17:37.824011+03:00,2026-09-06 23:30:00+03:00,34.9787,,
2026-08-30 18:17:37.824011+03:00,2026-09-06 23:45:00+03:00,34.5672,,
2026-08-31 20:58:23.972563+03:00,2026-09-01 00:00:00+03:00,26.5872,,
2026-08-31 20:58:23.972563+03:00,2026-09-01 00:15:00+03:00,25.1604,,
2026-08-31 20:58:23.972563+03:00,2026-09-01 00:30:00+03:00,25.0108,,
2026-08-31 20:58:23.972563+03:00,2026-09-01 00:45:00+03:00,24.5657,,
2026-08-31 20:58:23.972563+03:00,2026-09-01 01:00:00+03:00,23.9472,,
2026-08-31 20:58:23.972563+03:00,2026-09-01 01:15:00+03:00,24.1125,,
2026-08-31 20:58:23.972563+03:00,2026-09-01 01:30:00+03:00,24.1042,,
2026-08-31 20:58:23.972563+03:00,2026-09-01 01:45:00+03:00,23.9742,,
2026-08-31 20:58:23.972563+03:00,2026-09-01 02:00:00+03:00,23.9907,,
2026-08-31 20:58:23.972563+03:00,2026-09-01 02:15:00+03:00,24.0748,,
2026-08-31 20:58:23.972563+03:00,2026-09-01 02:30:00+03:00,24.0937,,
2026-08-31 20:58:23.972563+03:00,2026-09-01 02:45:00+03:00,24.0535,,
2026-08-31 20:58:23.972563+03:00,2026-09-01 03:00:00+03:00,24.0538,,
2026-08-31 20:58:23.972563+03:00,2026-09-01 03:15:00+03:00,24.1035,,
2026-08-31 20:58:23.972563+03:00,2026-09-01 03:30:00+03:00,24.1141,,
2026-08-31 20:58:23.972563+03:00,2026-09-01 03:45:00+03:00,24.134,,
2026-08-31 20:58:23.972563+03:00,2026-09-01 04:00:00+03:00,24.1569,,
2026-08-31 20:58:23.972563+03:00,2026-09-01 04:15:00+03:00,24.4228,,
2026-08-31 20:58:23.972563+03:00,2026-09-01 04:30:00+03:00,24.6265,,
2026-08-31 20:58:23.972563+03:00,2026-09-01 04:45:00+03:00,24.862,,
2026-08-31 20:58:23.972563+03:00,2026-09-01 05:00:00+03:00,24.8712,,
2026-08-31 20:58:23.972563+03:00,2026-09-01 05:15:00+03:00,25.5103,,
2026-08-31 20:58:23.972563+03:00,2026-09-01 05:30:00+03:00,26.0066,,
2026-08-31 20:58:23.972563+03:00,2026-09-01 05:45:00+03:00,26.6265,,
2026-08-31 20:58:23.972563+03:00,2026-09-01 06:00:00+03:00,27.7539,,
2026-08-31 20:58:23.972563+03:00,2026-09-01 06:15:00+03:00,29.4896,,
2026-08-31 20:58:23.972563+03:00,2026-09-01 06:30:00+03:00,31.101,,
2026-08-31 20:58:23.972563+03:00,2026-09-01 06:45:00+03:00,32.4499,,
2026-08-31 20:58:23.972563+03:00,2026-09-01 07:00:00+03:00,33.5884,,
2026-08-31 20:58:23.972563+03:00,2026-09-01 07:15:00+03:00,34.7117,,
2026-08-31 20:58:23.972563+03:00,2026-09-01 07:30:00+03:00,36.1264,,
2026-08-31 20:58:23.972563+03:00,2026-09-01 07:45:00+03:00,37.3513,,
2026-08-31 20:58:23.972563+03:00,2026-09-01 08:00:00+03:00,39.1395,,
2026-08-31 20:58:23.972563+03:00,2026-09-01 08:15:00+03:00,40.0759,,
2026-08-31 20:58:23.972563+03:00,2026-09-01 08:30:00+03:00,41.2762,,
2026-08-31 20:58:23.972563+03:00,2026-09-01 08:45:00+03:00,42.1402,,
2026-08-31 20:58:23.972563+03:00,2026-09-01 09:00:00+03:00,43.1264,,
2026-08-31 20:58:23.972563+03:00,2026-09-01 09:15:00+03:00,43.374,,
2026-08-31 20:58:23.972563+03:00,2026-09-01 09:30:00+03:00,43.1809,,
2026-08-31 20:58:23.972563+03:00,2026-09-01 09:45:00+03:00,43.3278,,
2026-08-31 20:58:23.972563+03:00,2026-09-01 10:00:00+03:00,43.3547,,
2026-08-31 20:58:23.972563+03:00,2026-09-01 10:15:00+03:00,43.3345,,
2026-08-31 20:58:23.972563+03:00,2026-09-01 10:30:00+03:00,43.3447,,
2026-08-31 20:58:23.972563+03:00,2026-09-01 10:45:00+03:00,43.3806,,
2026-08-31 20:58:23.972563+03:00,2026-09-01 11:00:00+03:00,43.3941,,
2026-08-31 20:58:23.972563+03:00,2026-09-01 11:15:00+03:00,43.3369,,
2026-08-31 20:58:23.972563+03:00,2026-09-01 11:30:00+03:00,43.3509,,
2026-08-31 20:58:23.972563+03:00,2026-09-01 11:45:00+03:00,43.3538,,
2026-08-31 20:58:23.972563+03:00,2026-09-01 12:00:00+03:00,43.374,,
2026-08-31 20:58:23.972563+03:00,2026-09-01 12:15:00+03:00,43.3469,,
2026-08-31 20:58:23.972563+03:00,2026-09-01 12:30:00+03:00,43.3408,,
2026-08-31 20:58:23.972563+03:00,2026-09-01 12:45:00+03:00,43.3537,,
2026-08-31 20:58:23.972563+03:00,2026-09-01 13:00:00+03:00,43.383,,
2026-08-31 20:58:23.972563+03:00,2026-09-01 13:15:00+03:00,43.358,,
2026-08-31 20:58:23.972563+03:00,2026-09-01 13:30:00+03:00,43.351,,
2026-08-31 20:58:23.972563+03:00,2026-09-01 13:45:00+03:00,43.361,,
2026-08-31 20:58:23.972563+03:00,2026-09-01 14:00:00+03:00,43.3744,,
2026-08-31 20:58:23.972563+03:00,2026-09-01 14:15:00+03:00,43.4168,,
2026-08-31 20:58:23.972563+03:00,2026-09-01 14:30:00+03:00,43.4155,,
2026-08-31 20:58:23.972563+03:00,2026-09-01 14:45:00+03:00,43.3868,,
2026-08-31 20:58:23.972563+03:00,2026-09-01 15:00:00+03:00,43.3718,,
2026-08-31 20:58:23.972563+03:00,2026-09-01 15:15:00+03:00,43.4768,,
2026-08-31 20:58:23.972563+03:00,2026-09-01 15:30:00+03:00,43.4571,,
2026-08-31 20:58:23.972563+03:00,2026-09-01 15:45:00+03:00,43.4436,,
2026-08-31 20:58:23.972563+03:00,2026-09-01 16:00:00+03:00,43.3866,,
2026-08-31 20:58:23.972563+03:00,2026-09-01 16:15:00+03:00,43.4919,,
2026-08-31 20:58:23.972563+03:00,2026-09-01 16:30:00+03:00,43.5267,,
2026-08-31 20:58:23.972563+03:00,2026-09-01 16:45:00+03:00,43.4791,,
2026-08-31 20:58:23.972563+03:00,2026-09-01 17:00:00+03:00,43.4825,,
2026-08-31 20:58:23.972563+03:00,2026-09-01 17:15:00+03:00,43.635,,
2026-08-31 20:58:23.972563+03:00,2026-09-01 17:30:00+03:00,44.0559,,
2026-08-31 20:58:23.972563+03:00,2026-09-01 17:45:00+03:00,43.9218,,
2026-08-31 20:58:23.972563+03:00,2026-09-01 18:00:00+03:00,43.8742,,
2026-08-31 20:58:23.972563+03:00,2026-09-01 18:15:00+03:00,43.6296,,
2026-08-31 20:58:23.972563+03:00,2026-09-01 18:30:00+03:00,43.6186,,
2026-08-31 20:58:23.972563+03:00,2026-09-01 18:45:00+03:00,43.16,,
2026-08-31 20:58:23.972563+03:00,2026-09-01 19:00:00+03:00,43.1276,,
2026-08-31 20:58:23.972563+03:00,2026-09-01 19:15:00+03:00,43.0437,,
2026-08-31 20:58:23.972563+03:00,2026-09-01 19:30:00+03:00,43.2133,,
2026-08-31 20:58:23.972563+03:00,2026-09-01 19:45:00+03:00,43.3,,
2026-08-31 20:58:23.972563+03:00,2026-09-01 20:00:00+03:00,43.3425,,
2026-08-31 20:58:23.972563+03:00,2026-09-01 20:15:00+03:00,42.9101,,
2026-08-31 20:58:23.972563+03:00,2026-09-01 20:30:00+03:00,42.2845,,
2026-08-31 20:58:23.972563+03:00,2026-09-01 20:45:00+03:00,41.8985,,
2026-08-31 20:58:23.972563+03:00,2026-09-01 21:00:00+03:00,40.4768,,
2026-08-31 20:58:23.972563+03:00,2026-09-01 21:15:00+03:00,39.8691,,
2026-08-31 20:58:23.972563+03:00,2026-09-01 21:30:00+03:00,39.1372,,
2026-08-31 20:58:23.972563+03:00,2026-09-01 21:45:00+03:00,38.8048,,
2026-08-31 20:58:23.972563+03:00,2026-09-01 22:00:00+03:00,38.0113,,
2026-08-31 20:58:23.972563+03:00,2026-09-01 22:15:00+03:00,37.1629,,
2026-08-31 20:58:23.972563+03:00,2026-09-01 22:30:00+03:00,36.3624,,
2026-08-31 20:58:23.972563+03:00,2026-09-01 22:45:00+03:00,35.8365,,
2026-08-31 20:58:23.972563+03:00,2026-09-01 23:00:00+03:00,35.1062,,
2026-08-31 20:58:23.972563+03:00,2026-09-01 23:15:00+03:00,34.6644,,
2026-08-31 20:58:23.972563+03:00,2026-09-01 23:30:00+03:00,33.7781,,
2026-08-31 20:58:23.972563+03:00,2026-09-01 23:45:00+03:00,32.8867,,
2026-08-31 20:58:23.972563+03:00,2026-09-02 00:00:00+03:00,32.2159,,
2026-08-31 20:58:23.972563+03:00,2026-09-02 00:15:00+03:00,31.9264,,
2026-08-31 20:58:23.972563+03:00,2026-09-02 00:30:00+03:00,31.4858,,
2026-08-31 20:58:23.972563+03:00,2026-09-02 00:45:00+03:00,31.2288,,
2026-08-31 20:58:23.972563+03:00,2026-09-02 01:00:00+03:00,30.8885,,
2026-08-31 20:58:23.972563+03:00,2026-09-02 01:15:00+03:00,30.9264,,
2026-08-31 20:58:23.972563+03:00,2026-09-02 01:30:00+03:00,30.9393,,
2026-08-31 20:58:23.972563+03:00,2026-09-02 01:45:00+03:00,30.9797,,
2026-08-31 20:58:23.972563+03:00,2026-09-02 02:00:00+03:00,30.9855,,
2026-08-31 20:58:23.972563+03:00,2026-09-02 02:15:00+03:00,31.0171,,
2026-08-31 20:58:23.972563+03:00,2026-09-02 02:30:00+03:00,31.0484,,
2026-08-31 20:58:23.972563+03:00,2026-09-02 02:45:00+03:00,31.0356,,
2026-08-31 20:58:23.972563+03:00,2026-09-02 03:00:00+03:00,31.0164,,
2026-08-31 20:58:23.972563+03:00,2026-09-02 03:15:00+03:00,31.0404,,
2026-08-31 20:58:23.972563+03:00,2026-09-02 03:30:00+03:00,31.0479,,
2026-08-31 20:58:23.972563+03:00,2026-09-02 03:45:00+03:00,31.0352,,
2026-08-31 20:58:23.972563+03:00,2026-09-02 04:00:00+03:00,31.0601,,
2026-08-31 20:58:23.972563+03:00,2026-09-02 04:15:00+03:00,31.265,,
2026-08-31 20:58:23.972563+03:00,2026-09-02 04:30:00+03:00,31.7795,,
2026-08-31 20:58:23.972563+03:00,2026-09-02 04:45:00+03:00,32.4056,,
2026-08-31 20:58:23.972563+03:00,2026-09-02 05:00:00+03:00,32.8085,,
2026-08-31 20:58:23.972563+03:00,2026-09-02 05:15:00+03:00,33.6185,,
2026-08-31 20:58:23.972563+03:00,2026-09-02 05:30:00+03:00,34.6182,,
2026-08-31 20:58:23.972563+03:00,2026-09-02 05:45:00+03:00,35.0776,,
2026-08-31 20:58:23.972563+03:00,2026-09-02 06:00:00+03:00,35.9985,,
2026-08-31 20:58:23.972563+03:00,2026-09-02 06:15:00+03:00,36.9724,,
2026-08-31 20:58:23.972563+03:00,2026-09-02 06:30:00+03:00,38.0737,,
2026-08-31 20:58:23.972563+03:00,2026-09-02 06:45:00+03:00,38.9124,,
2026-08-31 20:58:23.972563+03:00,2026-09-02 07:00:00+03:00,39.4176,,
2026-08-31 20:58:23.972563+03:00,2026-09-02 07:15:00+03:00,39.8776,,
2026-08-31 20:58:23.972563+03:00,2026-09-02 07:30:00+03:00,40.1515,,
2026-08-31 20:58:23.972563+03:00,2026-09-02 07:45:00+03:00,40.6687,,
2026-08-31 20:58:23.972563+03:00,2026-09-02 08:00:00+03:00,40.5056,,
2026-08-31 20:58:23.972563+03:00,2026-09-02 08:15:00+03:00,40.5194,,
2026-08-31 20:58:23.972563+03:00,2026-09-02 08:30:00+03:00,40.4277,,
2026-08-31 20:58:23.972563+03:00,2026-09-02 08:45:00+03:00,40.3934,,
2026-08-31 20:58:23.972563+03:00,2026-09-02 09:00:00+03:00,40.3823,,
2026-08-31 20:58:23.972563+03:00,2026-09-02 09:15:00+03:00,40.1603,,
2026-08-31 20:58:23.972563+03:00,2026-09-02 09:30:00+03:00,40.1616,,
2026-08-31 20:58:23.972563+03:00,2026-09-02 09:45:00+03:00,40.188,,
2026-08-31 20:58:23.972563+03:00,2026-09-02 10:00:00+03:00,40.1183,,
2026-08-31 20:58:23.972563+03:00,2026-09-02 10:15:00+03:00,40.1945,,
2026-08-31 20:58:23.972563+03:00,2026-09-02 10:30:00+03:00,40.1754,,
2026-08-31 20:58:23.972563+03:00,2026-09-02 10:45:00+03:00,40.1867,,
2026-08-31 20:58:23.972563+03:00,2026-09-02 11:00:00+03:00,40.1469,,
2026-08-31 20:58:23.972563+03:00,2026-09-02 11:15:00+03:00,40.1967,,
2026-08-31 20:58:23.972563+03:00,2026-09-02 11:30:00+03:00,40.1545,,
2026-08-31 20:58:23.972563+03:00,2026-09-02 11:45:00+03:00,40.1624,,
2026-08-31 20:58:23.972563+03:00,2026-09-02 12:00:00+03:00,40.1173,,
2026-08-31 20:58:23.972563+03:00,2026-09-02 12:15:00+03:00,40.1971,,
2026-08-31 20:58:23.972563+03:00,2026-09-02 12:30:00+03:00,40.1343,,
2026-08-31 20:58:23.972563+03:00,2026-09-02 12:45:00+03:00,40.1476,,
2026-08-31 20:58:23.972563+03:00,2026-09-02 13:00:00+03:00,40.1183,,
2026-08-31 20:58:23.972563+03:00,2026-09-02 13:15:00+03:00,40.1798,,
2026-08-31 20:58:23.972563+03:00,2026-09-02 13:30:00+03:00,40.1276,,
2026-08-31 20:58:23.972563+03:00,2026-09-02 13:45:00+03:00,40.1292,,
2026-08-31 20:58:23.972563+03:00,2026-09-02 14:00:00+03:00,40.1195,,
2026-08-31 20:58:23.972563+03:00,2026-09-02 14:15:00+03:00,40.251,,
2026-08-31 20:58:23.972563+03:00,2026-09-02 14:30:00+03:00,40.2094,,
2026-08-31 20:58:23.972563+03:00,2026-09-02 14:45:00+03:00,40.1827,,
2026-08-31 20:58:23.972563+03:00,2026-09-02 15:00:00+03:00,40.1286,,
2026-08-31 20:58:23.972563+03:00,2026-09-02 15:15:00+03:00,40.2852,,
2026-08-31 20:58:23.972563+03:00,2026-09-02 15:30:00+03:00,40.2345,,
2026-08-31 20:58:23.972563+03:00,2026-09-02 15:45:00+03:00,40.2099,,
2026-08-31 20:58:23.972563+03:00,2026-09-02 16:00:00+03:00,40.1611,,
2026-08-31 20:58:23.972563+03:00,2026-09-02 16:15:00+03:00,40.3605,,
2026-08-31 20:58:23.972563+03:00,2026-09-02 16:30:00+03:00,40.3005,,
2026-08-31 20:58:23.972563+03:00,2026-09-02 16:45:00+03:00,40.2504,,
2026-08-31 20:58:23.972563+03:00,2026-09-02 17:00:00+03:00,40.215,,
2026-08-31 20:58:23.972563+03:00,2026-09-02 17:15:00+03:00,40.3744,,
2026-08-31 20:58:23.972563+03:00,2026-09-02 17:30:00+03:00,40.3146,,
2026-08-31 20:58:23.972563+03:00,2026-09-02 17:45:00+03:00,40.2562,,
2026-08-31 20:58:23.972563+03:00,2026-09-02 18:00:00+03:00,40.2356,,
2026-08-31 20:58:23.972563+03:00,2026-09-02 18:15:00+03:00,40.2221,,
2026-08-31 20:58:23.972563+03:00,2026-09-02 18:30:00+03:00,40.1593,,
2026-08-31 20:58:23.972563+03:00,2026-09-02 18:45:00+03:00,40.156,,
2026-08-31 20:58:23.972563+03:00,2026-09-02 19:00:00+03:00,40.1427,,
2026-08-31 20:58:23.972563+03:00,2026-09-02 19:15:00+03:00,40.1423,,
2026-08-31 20:58:23.972563+03:00,2026-09-02 19:30:00+03:00,40.0943,,
2026-08-31 20:58:23.972563+03:00,2026-09-02 19:45:00+03:00,40.1198,,
2026-08-31 20:58:23.972563+03:00,2026-09-02 20:00:00+03:00,40.1035,,
2026-08-31 20:58:23.972563+03:00,2026-09-02 20:15:00+03:00,39.8051,,
2026-08-31 20:58:23.972563+03:00,2026-09-02 20:30:00+03:00,39.0757,,
2026-08-31 20:58:23.972563+03:00,2026-09-02 20:45:00+03:00,38.7397,,
2026-08-31 20:58:23.972563+03:00,2026-09-02 21:00:00+03:00,37.9857,,
2026-08-31 20:58:23.972563+03:00,2026-09-02 21:15:00+03:00,37.5218,,
2026-08-31 20:58:23.972563+03:00,2026-09-02 21:30:00+03:00,37.0892,,
2026-08-31 20:58:23.972563+03:00,2026-09-02 21:45:00+03:00,36.7733,,
2026-08-31 20:58:23.972563+03:00,2026-09-02 22:00:00+03:00,36.2173,,
2026-08-31 20:58:23.972563+03:00,2026-09-02 22:15:00+03:00,35.5396,,
2026-08-31 20:58:23.972563+03:00,2026-09-02 22:30:00+03:00,35.2499,,
2026-08-31 20:58:23.972563+03:00,2026-09-02 22:45:00+03:00,34.8354,,
2026-08-31 20:58:23.972563+03:00,2026-09-02 23:00:00+03:00,34.5277,,
2026-08-31 20:58:23.972563+03:00,2026-09-02 23:15:00+03:00,33.9552,,
2026-08-31 20:58:23.972563+03:00,2026-09-02 23:30:00+03:00,33.7514,,
2026-08-31 20:58:23.972563+03:00,2026-09-02 23:45:00+03:00,33.3624,,
2026-08-31 20:58:23.972563+03:00,2026-09-03 00:00:00+03:00,33.0695,,
2026-08-31 20:58:23.972563+03:00,2026-09-03 00:15:00+03:00,33.2621,,
2026-08-31 20:58:23.972563+03:00,2026-09-03 00:30:00+03:00,33.2994,,
2026-08-31 20:58:23.972563+03:00,2026-09-03 00:45:00+03:00,33.2924,,
2026-08-31 20:58:23.972563+03:00,2026-09-03 01:00:00+03:00,33.2368,,
2026-08-31 20:58:23.972563+03:00,2026-09-03 01:15:00+03:00,33.1364,,
2026-08-31 20:58:23.972563+03:00,2026-09-03 01:30:00+03:00,33.1789,,
2026-08-31 20:58:23.972563+03:00,2026-09-03 01:45:00+03:00,33.2147,,
2026-08-31 20:58:23.972563+03:00,2026-09-03 02:00:00+03:00,33.2372,,
2026-08-31 20:58:23.972563+03:00,2026-09-03 02:15:00+03:00,33.2701,,
2026-08-31 20:58:23.972563+03:00,2026-09-03 02:30:00+03:00,33.2705,,
2026-08-31 20:58:23.972563+03:00,2026-09-03 02:45:00+03:00,33.2623,,
2026-08-31 20:58:23.972563+03:00,2026-09-03 03:00:00+03:00,33.2496,,
2026-08-31 20:58:23.972563+03:00,2026-09-03 03:15:00+03:00,33.2904,,
2026-08-31 20:58:23.972563+03:00,2026-09-03 03:30:00+03:00,33.2844,,
2026-08-31 20:58:23.972563+03:00,2026-09-03 03:45:00+03:00,33.2794,,
2026-08-31 20:58:23.972563+03:00,2026-09-03 04:00:00+03:00,33.2952,,
2026-08-31 20:58:23.972563+03:00,2026-09-03 04:15:00+03:00,33.507,,
2026-08-31 20:58:23.972563+03:00,2026-09-03 04:30:00+03:00,34.1194,,
2026-08-31 20:58:23.972563+03:00,2026-09-03 04:45:00+03:00,34.415,,
2026-08-31 20:58:23.972563+03:00,2026-09-03 05:00:00+03:00,34.7509,,
2026-08-31 20:58:23.972563+03:00,2026-09-03 05:15:00+03:00,35.434,,
2026-08-31 20:58:23.972563+03:00,2026-09-03 05:30:00+03:00,35.698,,
2026-08-31 20:58:23.972563+03:00,2026-09-03 05:45:00+03:00,36.2905,,
2026-08-31 20:58:23.972563+03:00,2026-09-03 06:00:00+03:00,36.6134,,
2026-08-31 20:58:23.972563+03:00,2026-09-03 06:15:00+03:00,37.2097,,
2026-08-31 20:58:23.972563+03:00,2026-09-03 06:30:00+03:00,37.8538,,
2026-08-31 20:58:23.972563+03:00,2026-09-03 06:45:00+03:00,38.2301,,
2026-08-31 20:58:23.972563+03:00,2026-09-03 07:00:00+03:00,38.8254,,
2026-08-31 20:58:23.972563+03:00,2026-09-03 07:15:00+03:00,39.5528,,
2026-08-31 20:58:23.972563+03:00,2026-09-03 07:30:00+03:00,39.805,,
2026-08-31 20:58:23.972563+03:00,2026-09-03 07:45:00+03:00,40.2521,,
2026-08-31 20:58:23.972563+03:00,2026-09-03 08:00:00+03:00,40.8794,,
2026-08-31 20:58:23.972563+03:00,2026-09-03 08:15:00+03:00,41.1824,,
2026-08-31 20:58:23.972563+03:00,2026-09-03 08:30:00+03:00,41.2067,,
2026-08-31 20:58:23.972563+03:00,2026-09-03 08:45:00+03:00,41.0211,,
2026-08-31 20:58:23.972563+03:00,2026-09-03 09:00:00+03:00,40.9906,,
2026-08-31 20:58:23.972563+03:00,2026-09-03 09:15:00+03:00,40.6558,,
2026-08-31 20:58:23.972563+03:00,2026-09-03 09:30:00+03:00,40.1217,,
2026-08-31 20:58:23.972563+03:00,2026-09-03 09:45:00+03:00,40.1544,,
2026-08-31 20:58:23.972563+03:00,2026-09-03 10:00:00+03:00,40.1098,,
2026-08-31 20:58:23.972563+03:00,2026-09-03 10:15:00+03:00,40.2208,,
2026-08-31 20:58:23.972563+03:00,2026-09-03 10:30:00+03:00,40.1692,,
2026-08-31 20:58:23.972563+03:00,2026-09-03 10:45:00+03:00,40.1716,,
2026-08-31 20:58:23.972563+03:00,2026-09-03 11:00:00+03:00,40.1227,,
2026-08-31 20:58:23.972563+03:00,2026-09-03 11:15:00+03:00,40.2023,,
2026-08-31 20:58:23.972563+03:00,2026-09-03 11:30:00+03:00,40.1415,,
2026-08-31 20:58:23.972563+03:00,2026-09-03 11:45:00+03:00,40.148,,
2026-08-31 20:58:23.972563+03:00,2026-09-03 12:00:00+03:00,40.1448,,
2026-08-31 20:58:23.972563+03:00,2026-09-03 12:15:00+03:00,40.2423,,
2026-08-31 20:58:23.972563+03:00,2026-09-03 12:30:00+03:00,40.1903,,
2026-08-31 20:58:23.972563+03:00,2026-09-03 12:45:00+03:00,40.2028,,
2026-08-31 20:58:23.972563+03:00,2026-09-03 13:00:00+03:00,40.1663,,
2026-08-31 20:58:23.972563+03:00,2026-09-03 13:15:00+03:00,40.2434,,
2026-08-31 20:58:23.972563+03:00,2026-09-03 13:30:00+03:00,40.1772,,
2026-08-31 20:58:23.972563+03:00,2026-09-03 13:45:00+03:00,40.1926,,
2026-08-31 20:58:23.972563+03:00,2026-09-03 14:00:00+03:00,40.1434,,
2026-08-31 20:58:23.972563+03:00,2026-09-03 14:15:00+03:00,40.3172,,
2026-08-31 20:58:23.972563+03:00,2026-09-03 14:30:00+03:00,40.2545,,
2026-08-31 20:58:23.972563+03:00,2026-09-03 14:45:00+03:00,40.2386,,
2026-08-31 20:58:23.972563+03:00,2026-09-03 15:00:00+03:00,40.1477,,
2026-08-31 20:58:23.972563+03:00,2026-09-03 15:15:00+03:00,40.3169,,
2026-08-31 20:58:23.972563+03:00,2026-09-03 15:30:00+03:00,40.2571,,
2026-08-31 20:58:23.972563+03:00,2026-09-03 15:45:00+03:00,40.255,,
2026-08-31 20:58:23.972563+03:00,2026-09-03 16:00:00+03:00,40.1812,,
2026-08-31 20:58:23.972563+03:00,2026-09-03 16:15:00+03:00,40.362,,
2026-08-31 20:58:23.972563+03:00,2026-09-03 16:30:00+03:00,40.3015,,
2026-08-31 20:58:23.972563+03:00,2026-09-03 16:45:00+03:00,40.2623,,
2026-08-31 20:58:23.972563+03:00,2026-09-03 17:00:00+03:00,40.2439,,
2026-08-31 20:58:23.972563+03:00,2026-09-03 17:15:00+03:00,40.4211,,
2026-08-31 20:58:23.972563+03:00,2026-09-03 17:30:00+03:00,40.363,,
2026-08-31 20:58:23.972563+03:00,2026-09-03 17:45:00+03:00,40.3172,,
2026-08-31 20:58:23.972563+03:00,2026-09-03 18:00:00+03:00,40.2393,,
2026-08-31 20:58:23.972563+03:00,2026-09-03 18:15:00+03:00,40.2147,,
2026-08-31 20:58:23.972563+03:00,2026-09-03 18:30:00+03:00,40.1439,,
2026-08-31 20:58:23.972563+03:00,2026-09-03 18:45:00+03:00,40.1556,,
2026-08-31 20:58:23.972563+03:00,2026-09-03 19:00:00+03:00,40.1527,,
2026-08-31 20:58:23.972563+03:00,2026-09-03 19:15:00+03:00,40.12,,
2026-08-31 20:58:23.972563+03:00,2026-09-03 19:30:00+03:00,40.0662,,
2026-08-31 20:58:23.972563+03:00,2026-09-03 19:45:00+03:00,40.1469,,
2026-08-31 20:58:23.972563+03:00,2026-09-03 20:00:00+03:00,40.123,,
2026-08-31 20:58:23.972563+03:00,2026-09-03 20:15:00+03:00,39.82,,
2026-08-31 20:58:23.972563+03:00,2026-09-03 20:30:00+03:00,39.1028,,
2026-08-31 20:58:23.972563+03:00,2026-09-03 20:45:00+03:00,38.7613,,
2026-08-31 20:58:23.972563+03:00,2026-09-03 21:00:00+03:00,38.0192,,
2026-08-31 20:58:23.972563+03:00,2026-09-03 21:15:00+03:00,37.5567,,
2026-08-31 20:58:23.972563+03:00,2026-09-03 21:30:00+03:00,37.1151,,
2026-08-31 20:58:23.972563+03:00,2026-09-03 21:45:00+03:00,36.8131,,
2026-08-31 20:58:23.972563+03:00,2026-09-03 22:00:00+03:00,36.2612,,
2026-08-31 20:58:23.972563+03:00,2026-09-03 22:15:00+03:00,35.5239,,
2026-08-31 20:58:23.972563+03:00,2026-09-03 22:30:00+03:00,35.2326,,
2026-08-31 20:58:23.972563+03:00,2026-09-03 22:45:00+03:00,34.794,,
2026-08-31 20:58:23.972563+03:00,2026-09-03 23:00:00+03:00,34.415,,
2026-08-31 20:58:23.972563+03:00,2026-09-03 23:15:00+03:00,33.8947,,
2026-08-31 20:58:23.972563+03:00,2026-09-03 23:30:00+03:00,32.8615,,
2026-08-31 20:58:23.972563+03:00,2026-09-03 23:45:00+03:00,32.2273,,
2026-08-31 20:58:23.972563+03:00,2026-09-04 00:00:00+03:00,31.8772,,
2026-08-31 20:58:23.972563+03:00,2026-09-04 00:15:00+03:00,31.4845,,
2026-08-31 20:58:23.972563+03:00,2026-09-04 00:30:00+03:00,31.2409,,
2026-08-31 20:58:23.972563+03:00,2026-09-04 00:45:00+03:00,30.9039,,
2026-08-31 20:58:23.972563+03:00,2026-09-04 01:00:00+03:00,30.9178,,
2026-08-31 20:58:23.972563+03:00,2026-09-04 01:15:00+03:00,30.8631,,
2026-08-31 20:58:23.972563+03:00,2026-09-04 01:30:00+03:00,30.9195,,
2026-08-31 20:58:23.972563+03:00,2026-09-04 01:45:00+03:00,30.9342,,
2026-08-31 20:58:23.972563+03:00,2026-09-04 02:00:00+03:00,30.9368,,
2026-08-31 20:58:23.972563+03:00,2026-09-04 02:15:00+03:00,30.9755,,
2026-08-31 20:58:23.972563+03:00,2026-09-04 02:30:00+03:00,31.0014,,
2026-08-31 20:58:23.972563+03:00,2026-09-04 02:45:00+03:00,30.994,,
2026-08-31 20:58:23.972563+03:00,2026-09-04 03:00:00+03:00,30.9634,,
2026-08-31 20:58:23.972563+03:00,2026-09-04 03:15:00+03:00,30.9944,,
2026-08-31 20:58:23.972563+03:00,2026-09-04 03:30:00+03:00,30.9921,,
2026-08-31 20:58:23.972563+03:00,2026-09-04 03:45:00+03:00,30.9783,,
2026-08-31 20:58:23.972563+03:00,2026-09-04 04:00:00+03:00,31.0213,,
2026-08-31 20:58:23.972563+03:00,2026-09-04 04:15:00+03:00,31.2288,,
2026-08-31 20:58:23.972563+03:00,2026-09-04 04:30:00+03:00,31.1382,,
2026-08-31 20:58:23.972563+03:00,2026-09-04 04:45:00+03:00,31.067,,
2026-08-31 20:58:23.972563+03:00,2026-09-04 05:00:00+03:00,31.1841,,
2026-08-31 20:58:23.972563+03:00,2026-09-04 05:15:00+03:00,31.5141,,
2026-08-31 20:58:23.972563+03:00,2026-09-04 05:30:00+03:00,31.8364,,
2026-08-31 20:58:23.972563+03:00,2026-09-04 05:45:00+03:00,32.3814,,
2026-08-31 20:58:23.972563+03:00,2026-09-04 06:00:00+03:00,32.7928,,
2026-08-31 20:58:23.972563+03:00,2026-09-04 06:15:00+03:00,33.4583,,
2026-08-31 20:58:23.972563+03:00,2026-09-04 06:30:00+03:00,34.5431,,
2026-08-31 20:58:23.972563+03:00,2026-09-04 06:45:00+03:00,35.0277,,
2026-08-31 20:58:23.972563+03:00,2026-09-04 07:00:00+03:00,35.54,,
2026-08-31 20:58:23.972563+03:00,2026-09-04 07:15:00+03:00,36.5914,,
2026-08-31 20:58:23.972563+03:00,2026-09-04 07:30:00+03:00,37.4812,,
2026-08-31 20:58:23.972563+03:00,2026-09-04 07:45:00+03:00,38.5335,,
2026-08-31 20:58:23.972563+03:00,2026-09-04 08:00:00+03:00,39.5253,,
2026-08-31 20:58:23.972563+03:00,2026-09-04 08:15:00+03:00,39.8001,,
2026-08-31 20:58:23.972563+03:00,2026-09-04 08:30:00+03:00,40.2741,,
2026-08-31 20:58:23.972563+03:00,2026-09-04 08:45:00+03:00,40.9726,,
2026-08-31 20:58:23.972563+03:00,2026-09-04 09:00:00+03:00,41.3141,,
2026-08-31 20:58:23.972563+03:00,2026-09-04 09:15:00+03:00,41.4197,,
2026-08-31 20:58:23.972563+03:00,2026-09-04 09:30:00+03:00,41.2362,,
2026-08-31 20:58:23.972563+03:00,2026-09-04 09:45:00+03:00,40.7107,,
2026-08-31 20:58:23.972563+03:00,2026-09-04 10:00:00+03:00,40.1035,,
2026-08-31 20:58:23.972563+03:00,2026-09-04 10:15:00+03:00,40.1703,,
2026-08-31 20:58:23.972563+03:00,2026-09-04 10:30:00+03:00,40.1071,,
2026-08-31 20:58:23.972563+03:00,2026-09-04 10:45:00+03:00,40.1739,,
2026-08-31 20:58:23.972563+03:00,2026-09-04 11:00:00+03:00,40.143,,
2026-08-31 20:58:23.972563+03:00,2026-09-04 11:15:00+03:00,40.2546,,
2026-08-31 20:58:23.972563+03:00,2026-09-04 11:30:00+03:00,40.2116,,
2026-08-31 20:58:23.972563+03:00,2026-09-04 11:45:00+03:00,40.2278,,
2026-08-31 20:58:23.972563+03:00,2026-09-04 12:00:00+03:00,40.1436,,
2026-08-31 20:58:23.972563+03:00,2026-09-04 12:15:00+03:00,40.2169,,
2026-08-31 20:58:23.972563+03:00,2026-09-04 12:30:00+03:00,40.1679,,
2026-08-31 20:58:23.972563+03:00,2026-09-04 12:45:00+03:00,40.1929,,
2026-08-31 20:58:23.972563+03:00,2026-09-04 13:00:00+03:00,40.1546,,
2026-08-31 20:58:23.972563+03:00,2026-09-04 13:15:00+03:00,40.2392,,
2026-08-31 20:58:23.972563+03:00,2026-09-04 13:30:00+03:00,40.1824,,
2026-08-31 20:58:23.972563+03:00,2026-09-04 13:45:00+03:00,40.1531,,
2026-08-31 20:58:23.972563+03:00,2026-09-04 14:00:00+03:00,40.1353,,
2026-08-31 20:58:23.972563+03:00,2026-09-04 14:15:00+03:00,40.2932,,
2026-08-31 20:58:23.972563+03:00,2026-09-04 14:30:00+03:00,40.2511,,
2026-08-31 20:58:23.972563+03:00,2026-09-04 14:45:00+03:00,40.2265,,
2026-08-31 20:58:23.972563+03:00,2026-09-04 15:00:00+03:00,40.0724,,
2026-08-31 20:58:23.972563+03:00,2026-09-04 15:15:00+03:00,40.2919,,
2026-08-31 20:58:23.972563+03:00,2026-09-04 15:30:00+03:00,40.2197,,
2026-08-31 20:58:23.972563+03:00,2026-09-04 15:45:00+03:00,40.206,,
2026-08-31 20:58:23.972563+03:00,2026-09-04 16:00:00+03:00,40.0916,,
2026-08-31 20:58:23.972563+03:00,2026-09-04 16:15:00+03:00,40.3258,,
2026-08-31 20:58:23.972563+03:00,2026-09-04 16:30:00+03:00,40.278,,
2026-08-31 20:58:23.972563+03:00,2026-09-04 16:45:00+03:00,40.2387,,
2026-08-31 20:58:23.972563+03:00,2026-09-04 17:00:00+03:00,40.2092,,
2026-08-31 20:58:23.972563+03:00,2026-09-04 17:15:00+03:00,40.4351,,
2026-08-31 20:58:23.972563+03:00,2026-09-04 17:30:00+03:00,40.3672,,
2026-08-31 20:58:23.972563+03:00,2026-09-04 17:45:00+03:00,40.3222,,
2026-08-31 20:58:23.972563+03:00,2026-09-04 18:00:00+03:00,40.2774,,
2026-08-31 20:58:23.972563+03:00,2026-09-04 18:15:00+03:00,40.2647,,
2026-08-31 20:58:23.972563+03:00,2026-09-04 18:30:00+03:00,40.2307,,
2026-08-31 20:58:23.972563+03:00,2026-09-04 18:45:00+03:00,40.2361,,
2026-08-31 20:58:23.972563+03:00,2026-09-04 19:00:00+03:00,40.2213,,
2026-08-31 20:58:23.972563+03:00,2026-09-04 19:15:00+03:00,40.2008,,
2026-08-31 20:58:23.972563+03:00,2026-09-04 19:30:00+03:00,40.1588,,
2026-08-31 20:58:23.972563+03:00,2026-09-04 19:45:00+03:00,40.1575,,
2026-08-31 20:58:23.972563+03:00,2026-09-04 20:00:00+03:00,40.1734,,
2026-08-31 20:58:23.972563+03:00,2026-09-04 20:15:00+03:00,39.8323,,
2026-08-31 20:58:23.972563+03:00,2026-09-04 20:30:00+03:00,39.0993,,
2026-08-31 20:58:23.972563+03:00,2026-09-04 20:45:00+03:00,38.7616,,
2026-08-31 20:58:23.972563+03:00,2026-09-04 21:00:00+03:00,37.9389,,
2026-08-31 20:58:23.972563+03:00,2026-09-04 21:15:00+03:00,37.0032,,
2026-08-31 20:58:23.972563+03:00,2026-09-04 21:30:00+03:00,36.4815,,
2026-08-31 20:58:23.972563+03:00,2026-09-04 21:45:00+03:00,35.9357,,
2026-08-31 20:58:23.972563+03:00,2026-09-04 22:00:00+03:00,35.6579,,
2026-08-31 20:58:23.972563+03:00,2026-09-04 22:15:00+03:00,35.2554,,
2026-08-31 20:58:23.972563+03:00,2026-09-04 22:30:00+03:00,34.9966,,
2026-08-31 20:58:23.972563+03:00,2026-09-04 22:45:00+03:00,34.581,,
2026-08-31 20:58:23.972563+03:00,2026-09-04 23:00:00+03:00,34.2026,,
2026-08-31 20:58:23.972563+03:00,2026-09-04 23:15:00+03:00,33.7092,,
2026-08-31 20:58:23.972563+03:00,2026-09-04 23:30:00+03:00,33.277,,
2026-08-31 20:58:23.972563+03:00,2026-09-04 23:45:00+03:00,32.8662,,
2026-08-31 20:58:23.972563+03:00,2026-09-05 00:00:00+03:00,32.4553,,
2026-08-31 20:58:23.972563+03:00,2026-09-05 00:15:00+03:00,32.3061,,
2026-08-31 20:58:23.972563+03:00,2026-09-05 00:30:00+03:00,32.4185,,
2026-08-31 20:58:23.972563+03:00,2026-09-05 00:45:00+03:00,32.5297,,
2026-08-31 20:58:23.972563+03:00,2026-09-05 01:00:00+03:00,32.4846,,
2026-08-31 20:58:23.972563+03:00,2026-09-05 01:15:00+03:00,32.3917,,
2026-08-31 20:58:23.972563+03:00,2026-09-05 01:30:00+03:00,32.4409,,
2026-08-31 20:58:23.972563+03:00,2026-09-05 01:45:00+03:00,32.4672,,
2026-08-31 20:58:23.972563+03:00,2026-09-05 02:00:00+03:00,32.4843,,
2026-08-31 20:58:23.972563+03:00,2026-09-05 02:15:00+03:00,32.5243,,
2026-08-31 20:58:23.972563+03:00,2026-09-05 02:30:00+03:00,32.5425,,
2026-08-31 20:58:23.972563+03:00,2026-09-05 02:45:00+03:00,32.5304,,
2026-08-31 20:58:23.972563+03:00,2026-09-05 03:00:00+03:00,32.5024,,
2026-08-31 20:58:23.972563+03:00,2026-09-05 03:15:00+03:00,32.5328,,
2026-08-31 20:58:23.972563+03:00,2026-09-05 03:30:00+03:00,32.5391,,
2026-08-31 20:58:23.972563+03:00,2026-09-05 03:45:00+03:00,32.5231,,
2026-08-31 20:58:23.972563+03:00,2026-09-05 04:00:00+03:00,32.5219,,
2026-08-31 20:58:23.972563+03:00,2026-09-05 04:15:00+03:00,32.5599,,
2026-08-31 20:58:23.972563+03:00,2026-09-05 04:30:00+03:00,32.5693,,
2026-08-31 20:58:23.972563+03:00,2026-09-05 04:45:00+03:00,32.5478,,
2026-08-31 20:58:23.972563+03:00,2026-09-05 05:00:00+03:00,32.5383,,
2026-08-31 20:58:23.972563+03:00,2026-09-05 05:15:00+03:00,32.5687,,
2026-08-31 20:58:23.972563+03:00,2026-09-05 05:30:00+03:00,32.5595,,
2026-08-31 20:58:23.972563+03:00,2026-09-05 05:45:00+03:00,32.5485,,
2026-08-31 20:58:23.972563+03:00,2026-09-05 06:00:00+03:00,32.5376,,
2026-08-31 20:58:23.972563+03:00,2026-09-05 06:15:00+03:00,32.5489,,
2026-08-31 20:58:23.972563+03:00,2026-09-05 06:30:00+03:00,32.5389,,
2026-08-31 20:58:23.972563+03:00,2026-09-05 06:45:00+03:00,32.5467,,
2026-08-31 20:58:23.972563+03:00,2026-09-05 07:00:00+03:00,32.5789,,
2026-08-31 20:58:23.972563+03:00,2026-09-05 07:15:00+03:00,32.6865,,
2026-08-31 20:58:23.972563+03:00,2026-09-05 07:30:00+03:00,33.1416,,
2026-08-31 20:58:23.972563+03:00,2026-09-05 07:45:00+03:00,33.5651,,
2026-08-31 20:58:23.972563+03:00,2026-09-05 08:00:00+03:00,34.2461,,
2026-08-31 20:58:23.972563+03:00,2026-09-05 08:15:00+03:00,34.6306,,
2026-08-31 20:58:23.972563+03:00,2026-09-05 08:30:00+03:00,35.0259,,
2026-08-31 20:58:23.972563+03:00,2026-09-05 08:45:00+03:00,35.3628,,
2026-08-31 20:58:23.972563+03:00,2026-09-05 09:00:00+03:00,35.6599,,
2026-08-31 20:58:23.972563+03:00,2026-09-05 09:15:00+03:00,35.7685,,
2026-08-31 20:58:23.972563+03:00,2026-09-05 09:30:00+03:00,35.7986,,
2026-08-31 20:58:23.972563+03:00,2026-09-05 09:45:00+03:00,35.7697,,
2026-08-31 20:58:23.972563+03:00,2026-09-05 10:00:00+03:00,35.7276,,
2026-08-31 20:58:23.972563+03:00,2026-09-05 10:15:00+03:00,35.7071,,
2026-08-31 20:58:23.972563+03:00,2026-09-05 10:30:00+03:00,35.7332,,
2026-08-31 20:58:23.972563+03:00,2026-09-05 10:45:00+03:00,35.7373,,
2026-08-31 20:58:23.972563+03:00,2026-09-05 11:00:00+03:00,35.6985,,
2026-08-31 20:58:23.972563+03:00,2026-09-05 11:15:00+03:00,35.6728,,
2026-08-31 20:58:23.972563+03:00,2026-09-05 11:30:00+03:00,35.6843,,
2026-08-31 20:58:23.972563+03:00,2026-09-05 11:45:00+03:00,35.691,,
2026-08-31 20:58:23.972563+03:00,2026-09-05 12:00:00+03:00,35.6914,,
2026-08-31 20:58:23.972563+03:00,2026-09-05 12:15:00+03:00,35.6725,,
2026-08-31 20:58:23.972563+03:00,2026-09-05 12:30:00+03:00,35.6833,,
2026-08-31 20:58:23.972563+03:00,2026-09-05 12:45:00+03:00,35.6936,,
2026-08-31 20:58:23.972563+03:00,2026-09-05 13:00:00+03:00,35.6862,,
2026-08-31 20:58:23.972563+03:00,2026-09-05 13:15:00+03:00,35.6717,,
2026-08-31 20:58:23.972563+03:00,2026-09-05 13:30:00+03:00,35.6818,,
2026-08-31 20:58:23.972563+03:00,2026-09-05 13:45:00+03:00,35.6879,,
2026-08-31 20:58:23.972563+03:00,2026-09-05 14:00:00+03:00,35.7141,,
2026-08-31 20:58:23.972563+03:00,2026-09-05 14:15:00+03:00,35.7753,,
2026-08-31 20:58:23.972563+03:00,2026-09-05 14:30:00+03:00,35.7813,,
2026-08-31 20:58:23.972563+03:00,2026-09-05 14:45:00+03:00,35.7665,,
2026-08-31 20:58:23.972563+03:00,2026-09-05 15:00:00+03:00,35.7239,,
2026-08-31 20:58:23.972563+03:00,2026-09-05 15:15:00+03:00,35.8246,,
2026-08-31 20:58:23.972563+03:00,2026-09-05 15:30:00+03:00,35.8098,,
2026-08-31 20:58:23.972563+03:00,2026-09-05 15:45:00+03:00,35.7911,,
2026-08-31 20:58:23.972563+03:00,2026-09-05 16:00:00+03:00,35.7515,,
2026-08-31 20:58:23.972563+03:00,2026-09-05 16:15:00+03:00,35.8406,,
2026-08-31 20:58:23.972563+03:00,2026-09-05 16:30:00+03:00,35.8412,,
2026-08-31 20:58:23.972563+03:00,2026-09-05 16:45:00+03:00,35.8101,,
2026-08-31 20:58:23.972563+03:00,2026-09-05 17:00:00+03:00,35.7855,,
2026-08-31 20:58:23.972563+03:00,2026-09-05 17:15:00+03:00,35.8629,,
2026-08-31 20:58:23.972563+03:00,2026-09-05 17:30:00+03:00,35.8605,,
2026-08-31 20:58:23.972563+03:00,2026-09-05 17:45:00+03:00,35.822,,
2026-08-31 20:58:23.972563+03:00,2026-09-05 18:00:00+03:00,35.8155,,
2026-08-31 20:58:23.972563+03:00,2026-09-05 18:15:00+03:00,35.7621,,
2026-08-31 20:58:23.972563+03:00,2026-09-05 18:30:00+03:00,35.7703,,
2026-08-31 20:58:23.972563+03:00,2026-09-05 18:45:00+03:00,35.7701,,
2026-08-31 20:58:23.972563+03:00,2026-09-05 19:00:00+03:00,35.766,,
2026-08-31 20:58:23.972563+03:00,2026-09-05 19:15:00+03:00,35.6763,,
2026-08-31 20:58:23.972563+03:00,2026-09-05 19:30:00+03:00,35.6829,,
2026-08-31 20:58:23.972563+03:00,2026-09-05 19:45:00+03:00,35.7151,,
2026-08-31 20:58:23.972563+03:00,2026-09-05 20:00:00+03:00,35.7531,,
2026-08-31 20:58:23.972563+03:00,2026-09-05 20:15:00+03:00,35.5353,,
2026-08-31 20:58:23.972563+03:00,2026-09-05 20:30:00+03:00,35.5948,,
2026-08-31 20:58:23.972563+03:00,2026-09-05 20:45:00+03:00,35.6617,,
2026-08-31 20:58:23.972563+03:00,2026-09-05 21:00:00+03:00,35.6465,,
2026-08-31 20:58:23.972563+03:00,2026-09-05 21:15:00+03:00,35.685,,
2026-08-31 20:58:23.972563+03:00,2026-09-05 21:30:00+03:00,35.6923,,
2026-08-31 20:58:23.972563+03:00,2026-09-05 21:45:00+03:00,35.6873,,
2026-08-31 20:58:23.972563+03:00,2026-09-05 22:00:00+03:00,35.6324,,
2026-08-31 20:58:23.972563+03:00,2026-09-05 22:15:00+03:00,35.412,,
2026-08-31 20:58:23.972563+03:00,2026-09-05 22:30:00+03:00,35.0577,,
2026-08-31 20:58:23.972563+03:00,2026-09-05 22:45:00+03:00,35.1064,,
2026-08-31 20:58:23.972563+03:00,2026-09-05 23:00:00+03:00,35.1604,,
2026-08-31 20:58:23.972563+03:00,2026-09-05 23:15:00+03:00,34.9491,,
2026-08-31 20:58:23.972563+03:00,2026-09-05 23:30:00+03:00,34.5825,,
2026-08-31 20:58:23.972563+03:00,2026-09-05 23:45:00+03:00,34.3829,,
2026-08-31 20:58:23.972563+03:00,2026-09-06 00:00:00+03:00,34.3931,,
2026-08-31 20:58:23.972563+03:00,2026-09-06 00:15:00+03:00,34.5624,,
2026-08-31 20:58:23.972563+03:00,2026-09-06 00:30:00+03:00,34.566,,
2026-08-31 20:58:23.972563+03:00,2026-09-06 00:45:00+03:00,34.5499,,
2026-08-31 20:58:23.972563+03:00,2026-09-06 01:00:00+03:00,34.5334,,
2026-08-31 20:58:23.972563+03:00,2026-09-06 01:15:00+03:00,34.4211,,
2026-08-31 20:58:23.972563+03:00,2026-09-06 01:30:00+03:00,34.4556,,
2026-08-31 20:58:23.972563+03:00,2026-09-06 01:45:00+03:00,34.4816,,
2026-08-31 20:58:23.972563+03:00,2026-09-06 02:00:00+03:00,34.5183,,
2026-08-31 20:58:23.972563+03:00,2026-09-06 02:15:00+03:00,34.5507,,
2026-08-31 20:58:23.972563+03:00,2026-09-06 02:30:00+03:00,34.5548,,
2026-08-31 20:58:23.972563+03:00,2026-09-06 02:45:00+03:00,34.5425,,
2026-08-31 20:58:23.972563+03:00,2026-09-06 03:00:00+03:00,34.6105,,
2026-08-31 20:58:23.972563+03:00,2026-09-06 03:15:00+03:00,34.6174,,
2026-08-31 20:58:23.972563+03:00,2026-09-06 03:30:00+03:00,34.6205,,
2026-08-31 20:58:23.972563+03:00,2026-09-06 03:45:00+03:00,34.6064,,
2026-08-31 20:58:23.972563+03:00,2026-09-06 04:00:00+03:00,34.6111,,
2026-08-31 20:58:23.972563+03:00,2026-09-06 04:15:00+03:00,34.6397,,
2026-08-31 20:58:23.972563+03:00,2026-09-06 04:30:00+03:00,34.6341,,
2026-08-31 20:58:23.972563+03:00,2026-09-06 04:45:00+03:00,34.6169,,
2026-08-31 20:58:23.972563+03:00,2026-09-06 05:00:00+03:00,34.6341,,
2026-08-31 20:58:23.972563+03:00,2026-09-06 05:15:00+03:00,34.6515,,
2026-08-31 20:58:23.972563+03:00,2026-09-06 05:30:00+03:00,34.6547,,
2026-08-31 20:58:23.972563+03:00,2026-09-06 05:45:00+03:00,34.6347,,
2026-08-31 20:58:23.972563+03:00,2026-09-06 06:00:00+03:00,34.614,,
2026-08-31 20:58:23.972563+03:00,2026-09-06 06:15:00+03:00,34.6106,,
2026-08-31 20:58:23.972563+03:00,2026-09-06 06:30:00+03:00,34.6133,,
2026-08-31 20:58:23.972563+03:00,2026-09-06 06:45:00+03:00,34.604,,
2026-08-31 20:58:23.972563+03:00,2026-09-06 07:00:00+03:00,34.6533,,
2026-08-31 20:58:23.972563+03:00,2026-09-06 07:15:00+03:00,34.7662,,
2026-08-31 20:58:23.972563+03:00,2026-09-06 07:30:00+03:00,35.0828,,
2026-08-31 20:58:23.972563+03:00,2026-09-06 07:45:00+03:00,35.5548,,
2026-08-31 20:58:23.972563+03:00,2026-09-06 08:00:00+03:00,35.9698,,
2026-08-31 20:58:23.972563+03:00,2026-09-06 08:15:00+03:00,36.4144,,
2026-08-31 20:58:23.972563+03:00,2026-09-06 08:30:00+03:00,36.993,,
2026-08-31 20:58:23.972563+03:00,2026-09-06 08:45:00+03:00,37.9748,,
2026-08-31 20:58:23.972563+03:00,2026-09-06 09:00:00+03:00,38.7945,,
2026-08-31 20:58:23.972563+03:00,2026-09-06 09:15:00+03:00,38.9771,,
2026-08-31 20:58:23.972563+03:00,2026-09-06 09:30:00+03:00,38.6365,,
2026-08-31 20:58:23.972563+03:00,2026-09-06 09:45:00+03:00,38.6785,,
2026-08-31 20:58:23.972563+03:00,2026-09-06 10:00:00+03:00,38.6346,,
2026-08-31 20:58:23.972563+03:00,2026-09-06 10:15:00+03:00,38.5876,,
2026-08-31 20:58:23.972563+03:00,2026-09-06 10:30:00+03:00,38.5855,,
2026-08-31 20:58:23.972563+03:00,2026-09-06 10:45:00+03:00,38.5966,,
2026-08-31 20:58:23.972563+03:00,2026-09-06 11:00:00+03:00,38.6187,,
2026-08-31 20:58:23.972563+03:00,2026-09-06 11:15:00+03:00,38.5569,,
2026-08-31 20:58:23.972563+03:00,2026-09-06 11:30:00+03:00,38.5579,,
2026-08-31 20:58:23.972563+03:00,2026-09-06 11:45:00+03:00,38.5695,,
2026-08-31 20:58:23.972563+03:00,2026-09-06 12:00:00+03:00,38.6089,,
2026-08-31 20:58:23.972563+03:00,2026-09-06 12:15:00+03:00,38.5607,,
2026-08-31 20:58:23.972563+03:00,2026-09-06 12:30:00+03:00,38.5634,,
2026-08-31 20:58:23.972563+03:00,2026-09-06 12:45:00+03:00,38.5853,,
2026-08-31 20:58:23.972563+03:00,2026-09-06 13:00:00+03:00,38.6445,,
2026-08-31 20:58:23.972563+03:00,2026-09-06 13:15:00+03:00,38.5958,,
2026-08-31 20:58:23.972563+03:00,2026-09-06 13:30:00+03:00,38.5984,,
2026-08-31 20:58:23.972563+03:00,2026-09-06 13:45:00+03:00,38.6101,,
2026-08-31 20:58:23.972563+03:00,2026-09-06 14:00:00+03:00,38.6382,,
2026-08-31 20:58:23.972563+03:00,2026-09-06 14:15:00+03:00,38.6714,,
2026-08-31 20:58:23.972563+03:00,2026-09-06 14:30:00+03:00,38.6704,,
2026-08-31 20:58:23.972563+03:00,2026-09-06 14:45:00+03:00,38.658,,
2026-08-31 20:58:23.972563+03:00,2026-09-06 15:00:00+03:00,38.6412,,
2026-08-31 20:58:23.972563+03:00,2026-09-06 15:15:00+03:00,38.7122,,
2026-08-31 20:58:23.972563+03:00,2026-09-06 15:30:00+03:00,38.7035,,
2026-08-31 20:58:23.972563+03:00,2026-09-06 15:45:00+03:00,38.6929,,
2026-08-31 20:58:23.972563+03:00,2026-09-06 16:00:00+03:00,38.6723,,
2026-08-31 20:58:23.972563+03:00,2026-09-06 16:15:00+03:00,38.729,,
2026-08-31 20:58:23.972563+03:00,2026-09-06 16:30:00+03:00,38.7322,,
2026-08-31 20:58:23.972563+03:00,2026-09-06 16:45:00+03:00,38.7541,,
2026-08-31 20:58:23.972563+03:00,2026-09-06 17:00:00+03:00,38.7181,,
2026-08-31 20:58:23.972563+03:00,2026-09-06 17:15:00+03:00,38.7903,,
2026-08-31 20:58:23.972563+03:00,2026-09-06 17:30:00+03:00,38.819,,
2026-08-31 20:58:23.972563+03:00,2026-09-06 17:45:00+03:00,38.7838,,
2026-08-31 20:58:23.972563+03:00,2026-09-06 18:00:00+03:00,38.7925,,
2026-08-31 20:58:23.972563+03:00,2026-09-06 18:15:00+03:00,38.7197,,
2026-08-31 20:58:23.972563+03:00,2026-09-06 18:30:00+03:00,38.7017,,
2026-08-31 20:58:23.972563+03:00,2026-09-06 18:45:00+03:00,38.7408,,
2026-08-31 20:58:23.972563+03:00,2026-09-06 19:00:00+03:00,38.7965,,
2026-08-31 20:58:23.972563+03:00,2026-09-06 19:15:00+03:00,38.6475,,
2026-08-31 20:58:23.972563+03:00,2026-09-06 19:30:00+03:00,38.6471,,
2026-08-31 20:58:23.972563+03:00,2026-09-06 19:45:00+03:00,38.7069,,
2026-08-31 20:58:23.972563+03:00,2026-09-06 20:00:00+03:00,38.7693,,
2026-08-31 20:58:23.972563+03:00,2026-09-06 20:15:00+03:00,38.3231,,
2026-08-31 20:58:23.972563+03:00,2026-09-06 20:30:00+03:00,37.8537,,
2026-08-31 20:58:23.972563+03:00,2026-09-06 20:45:00+03:00,37.3703,,
2026-08-31 20:58:23.972563+03:00,2026-09-06 21:00:00+03:00,37.259,,
2026-08-31 20:58:23.972563+03:00,2026-09-06 21:15:00+03:00,37.0968,,
2026-08-31 20:58:23.972563+03:00,2026-09-06 21:30:00+03:00,37.1638,,
2026-08-31 20:58:23.972563+03:00,2026-09-06 21:45:00+03:00,37.1482,,
2026-08-31 20:58:23.972563+03:00,2026-09-06 22:00:00+03:00,37.206,,
2026-08-31 20:58:23.972563+03:00,2026-09-06 22:15:00+03:00,36.9781,,
2026-08-31 20:58:23.972563+03:00,2026-09-06 22:30:00+03:00,36.9682,,
2026-08-31 20:58:23.972563+03:00,2026-09-06 22:45:00+03:00,36.9973,,
2026-08-31 20:58:23.972563+03:00,2026-09-06 23:00:00+03:00,37.1284,,
2026-08-31 20:58:23.972563+03:00,2026-09-06 23:15:00+03:00,36.8314,,
2026-08-31 20:58:23.972563+03:00,2026-09-06 23:30:00+03:00,36.1552,,
2026-08-31 20:58:23.972563+03:00,2026-09-06 23:45:00+03:00,35.6889,,
2026-08-31 20:58:23.972563+03:00,2026-09-07 00:00:00+03:00,35.4471,,
2026-08-31 20:58:23.972563+03:00,2026-09-07 00:15:00+03:00,35.7659,,
2026-08-31 20:58:23.972563+03:00,2026-09-07 00:30:00+03:00,35.7487,,
2026-08-31 20:58:23.972563+03:00,2026-09-07 00:45:00+03:00,35.7062,,
2026-08-31 20:58:23.972563+03:00,2026-09-07 01:00:00+03:00,35.6776,,
2026-08-31 20:58:23.972563+03:00,2026-09-07 01:15:00+03:00,35.5548,,
2026-08-31 20:58:23.972563+03:00,2026-09-07 01:30:00+03:00,35.5929,,
2026-08-31 20:58:23.972563+03:00,2026-09-07 01:45:00+03:00,35.6318,,
2026-08-31 20:58:23.972563+03:00,2026-09-07 02:00:00+03:00,35.6772,,
2026-08-31 20:58:23.972563+03:00,2026-09-07 02:15:00+03:00,35.7304,,
2026-08-31 20:58:23.972563+03:00,2026-09-07 02:30:00+03:00,35.7488,,
2026-08-31 20:58:23.972563+03:00,2026-09-07 02:45:00+03:00,35.7508,,
2026-08-31 20:58:23.972563+03:00,2026-09-07 03:00:00+03:00,35.7415,,
2026-08-31 20:58:23.972563+03:00,2026-09-07 03:15:00+03:00,35.7943,,
2026-08-31 20:58:23.972563+03:00,2026-09-07 03:30:00+03:00,35.7935,,
2026-08-31 20:58:23.972563+03:00,2026-09-07 03:45:00+03:00,35.7824,,
2026-08-31 20:58:23.972563+03:00,2026-09-07 04:00:00+03:00,35.8018,,
2026-08-31 20:58:23.972563+03:00,2026-09-07 04:15:00+03:00,36.0965,,
2026-08-31 20:58:23.972563+03:00,2026-09-07 04:30:00+03:00,36.4756,,
2026-08-31 20:58:23.972563+03:00,2026-09-07 04:45:00+03:00,36.9632,,
2026-08-31 20:58:23.972563+03:00,2026-09-07 05:00:00+03:00,37.5949,,
2026-08-31 20:58:23.972563+03:00,2026-09-07 05:15:00+03:00,38.8106,,
2026-08-31 20:58:23.972563+03:00,2026-09-07 05:30:00+03:00,39.7206,,
2026-08-31 20:58:23.972563+03:00,2026-09-07 05:45:00+03:00,40.4458,,
2026-08-31 20:58:23.972563+03:00,2026-09-07 06:00:00+03:00,41.0347,,
2026-08-31 20:58:23.972563+03:00,2026-09-07 06:15:00+03:00,41.8082,,
2026-08-31 20:58:23.972563+03:00,2026-09-07 06:30:00+03:00,41.9544,,
2026-08-31 20:58:23.972563+03:00,2026-09-07 06:45:00+03:00,42.8519,,
2026-08-31 20:58:23.972563+03:00,2026-09-07 07:00:00+03:00,43.3657,,
2026-08-31 20:58:23.972563+03:00,2026-09-07 07:15:00+03:00,44.2372,,
2026-08-31 20:58:23.972563+03:00,2026-09-07 07:30:00+03:00,44.4693,,
2026-08-31 20:58:23.972563+03:00,2026-09-07 07:45:00+03:00,44.9203,,
2026-08-31 20:58:23.972563+03:00,2026-09-07 08:00:00+03:00,45.2218,,
2026-08-31 20:58:23.972563+03:00,2026-09-07 08:15:00+03:00,45.1198,,
2026-08-31 20:58:23.972563+03:00,2026-09-07 08:30:00+03:00,45.124,,
2026-08-31 20:58:23.972563+03:00,2026-09-07 08:45:00+03:00,45.1316,,
2026-08-31 20:58:23.972563+03:00,2026-09-07 09:00:00+03:00,45.0904,,
2026-08-31 20:58:23.972563+03:00,2026-09-07 09:15:00+03:00,44.7432,,
2026-08-31 20:58:23.972563+03:00,2026-09-07 09:30:00+03:00,44.2534,,
2026-08-31 20:58:23.972563+03:00,2026-09-07 09:45:00+03:00,43.6781,,
2026-08-31 20:58:23.972563+03:00,2026-09-07 10:00:00+03:00,43.685,,
2026-08-31 20:58:23.972563+03:00,2026-09-07 10:15:00+03:00,43.6052,,
2026-08-31 20:58:23.972563+03:00,2026-09-07 10:30:00+03:00,43.2588,,
2026-08-31 20:58:23.972563+03:00,2026-09-07 10:45:00+03:00,43.277,,
2026-08-31 20:58:23.972563+03:00,2026-09-07 11:00:00+03:00,43.2505,,
2026-08-31 20:58:23.972563+03:00,2026-09-07 11:15:00+03:00,43.3327,,
2026-08-31 20:58:23.972563+03:00,2026-09-07 11:30:00+03:00,43.3128,,
2026-08-31 20:58:23.972563+03:00,2026-09-07 11:45:00+03:00,43.3106,,
2026-08-31 20:58:23.972563+03:00,2026-09-07 12:00:00+03:00,43.3406,,
2026-08-31 20:58:23.972563+03:00,2026-09-07 12:15:00+03:00,43.3096,,
2026-08-31 20:58:23.972563+03:00,2026-09-07 12:30:00+03:00,43.3001,,
2026-08-31 20:58:23.972563+03:00,2026-09-07 12:45:00+03:00,43.317,,
2026-08-31 20:58:23.972563+03:00,2026-09-07 13:00:00+03:00,43.3363,,
2026-08-31 20:58:23.972563+03:00,2026-09-07 13:15:00+03:00,43.3081,,
2026-08-31 20:58:23.972563+03:00,2026-09-07 13:30:00+03:00,43.2982,,
2026-08-31 20:58:23.972563+03:00,2026-09-07 13:45:00+03:00,43.3132,,
2026-08-31 20:58:23.972563+03:00,2026-09-07 14:00:00+03:00,43.3373,,
2026-08-31 20:58:23.972563+03:00,2026-09-07 14:15:00+03:00,43.3867,,
2026-08-31 20:58:23.972563+03:00,2026-09-07 14:30:00+03:00,43.3911,,
2026-08-31 20:58:23.972563+03:00,2026-09-07 14:45:00+03:00,43.3677,,
2026-08-31 20:58:23.972563+03:00,2026-09-07 15:00:00+03:00,43.3453,,
2026-08-31 20:58:23.972563+03:00,2026-09-07 15:15:00+03:00,43.426,,
2026-08-31 20:58:23.972563+03:00,2026-09-07 15:30:00+03:00,43.3964,,
2026-08-31 20:58:23.972563+03:00,2026-09-07 15:45:00+03:00,43.3769,,
2026-08-31 20:58:23.972563+03:00,2026-09-07 16:00:00+03:00,43.3568,,
2026-08-31 20:58:23.972563+03:00,2026-09-07 16:15:00+03:00,43.4462,,
2026-08-31 20:58:23.972563+03:00,2026-09-07 16:30:00+03:00,43.4219,,
2026-08-31 20:58:23.972563+03:00,2026-09-07 16:45:00+03:00,43.4212,,
2026-08-31 20:58:23.972563+03:00,2026-09-07 17:00:00+03:00,43.4045,,
2026-08-31 20:58:23.972563+03:00,2026-09-07 17:15:00+03:00,43.5199,,
2026-08-31 20:58:23.972563+03:00,2026-09-07 17:30:00+03:00,43.5216,,
2026-08-31 20:58:23.972563+03:00,2026-09-07 17:45:00+03:00,43.453,,
2026-08-31 20:58:23.972563+03:00,2026-09-07 18:00:00+03:00,43.4551,,
2026-08-31 20:58:23.972563+03:00,2026-09-07 18:15:00+03:00,43.3658,,
2026-08-31 20:58:23.972563+03:00,2026-09-07 18:30:00+03:00,43.3182,,
2026-08-31 20:58:23.972563+03:00,2026-09-07 18:45:00+03:00,43.3201,,
2026-08-31 20:58:23.972563+03:00,2026-09-07 19:00:00+03:00,43.3341,,
2026-08-31 20:58:23.972563+03:00,2026-09-07 19:15:00+03:00,43.2342,,
2026-08-31 20:58:23.972563+03:00,2026-09-07 19:30:00+03:00,43.2356,,
2026-08-31 20:58:23.972563+03:00,2026-09-07 19:45:00+03:00,43.2962,,
2026-08-31 20:58:23.972563+03:00,2026-09-07 20:00:00+03:00,43.3217,,
2026-08-31 20:58:23.972563+03:00,2026-09-07 20:15:00+03:00,42.8258,,
2026-08-31 20:58:23.972563+03:00,2026-09-07 20:30:00+03:00,42.2373,,
2026-08-31 20:58:23.972563+03:00,2026-09-07 20:45:00+03:00,41.9505,,
2026-08-31 20:58:23.972563+03:00,2026-09-07 21:00:00+03:00,41.9204,,
2026-08-31 20:58:23.972563+03:00,2026-09-07 21:15:00+03:00,42.1432,,
2026-08-31 20:58:23.972563+03:00,2026-09-07 21:30:00+03:00,42.1498,,
2026-08-31 20:58:23.972563+03:00,2026-09-07 21:45:00+03:00,42.1383,,
2026-08-31 20:58:23.972563+03:00,2026-09-07 22:00:00+03:00,42.093,,
2026-08-31 20:58:23.972563+03:00,2026-09-07 22:15:00+03:00,41.7828,,
2026-08-31 20:58:23.972563+03:00,2026-09-07 22:30:00+03:00,40.6581,,
2026-08-31 20:58:23.972563+03:00,2026-09-07 22:45:00+03:00,39.4924,,
2026-08-31 20:58:23.972563+03:00,2026-09-07 23:00:00+03:00,38.36,,
2026-08-31 20:58:23.972563+03:00,2026-09-07 23:15:00+03:00,36.974,,
2026-08-31 20:58:23.972563+03:00,2026-09-07 23:30:00+03:00,36.0238,,
2026-08-31 20:58:23.972563+03:00,2026-09-07 23:45:00+03:00,35.1304,,
