run_date,target_datetime,predicted_price,actual_price,abs_error
2026-08-01 15:05:54.574337+03:00,2026-08-02 00:00:00+03:00,-3.3007,25.81,29.1107
2026-08-01 15:05:54.574337+03:00,2026-08-02 00:15:00+03:00,-5.7213,20.74,26.4613
2026-08-01 15:05:54.574337+03:00,2026-08-02 00:30:00+03:00,-4.7269,18.09,22.8169
2026-08-01 15:05:54.574337+03:00,2026-08-02 00:45:00+03:00,-4.7174,13.51,18.2274
2026-08-01 15:05:54.574337+03:00,2026-08-02 01:00:00+03:00,-4.7576,23.15,27.9076
2026-08-01 15:05:54.574337+03:00,2026-08-02 01:15:00+03:00,-4.6866,21.3,25.986600000000003
2026-08-01 15:05:54.574337+03:00,2026-08-02 01:30:00+03:00,-4.7038,19.05,23.7538
2026-08-01 15:05:54.574337+03:00,2026-08-02 01:45:00+03:00,-4.7038,16.52,21.2238
2026-08-01 15:05:54.574337+03:00,2026-08-02 02:00:00+03:00,-5.3639,20.04,25.4039
2026-08-01 15:05:54.574337+03:00,2026-08-02 02:15:00+03:00,-5.323,19.97,25.293
2026-08-01 15:05:54.574337+03:00,2026-08-02 02:30:00+03:00,-5.3402,19.2,24.5402
2026-08-01 15:05:54.574337+03:00,2026-08-02 02:45:00+03:00,-5.3402,17.52,22.8602
2026-08-01 15:05:54.574337+03:00,2026-08-02 03:00:00+03:00,-4.6315,18.16,22.7915
2026-08-01 15:05:54.574337+03:00,2026-08-02 03:15:00+03:00,-4.5677,18.66,23.2277
2026-08-01 15:05:54.574337+03:00,2026-08-02 03:30:00+03:00,-4.5849,19.1,23.684900000000003
2026-08-01 15:05:54.574337+03:00,2026-08-02 03:45:00+03:00,-4.5849,19.14,23.7249
2026-08-01 15:05:54.574337+03:00,2026-08-02 04:00:00+03:00,-5.1613,21.36,26.5213
2026-08-01 15:05:54.574337+03:00,2026-08-02 04:15:00+03:00,-5.0975,21.9,26.9975
2026-08-01 15:05:54.574337+03:00,2026-08-02 04:30:00+03:00,-5.1147,22.47,27.5847
2026-08-01 15:05:54.574337+03:00,2026-08-02 04:45:00+03:00,-5.1147,22.35,27.4647
2026-08-01 15:05:54.574337+03:00,2026-08-02 05:00:00+03:00,-5.0635,22.08,27.1435
2026-08-01 15:05:54.574337+03:00,2026-08-02 05:15:00+03:00,-4.924,22.09,27.014
2026-08-01 15:05:54.574337+03:00,2026-08-02 05:30:00+03:00,-5.0169,22.9,27.9169
2026-08-01 15:05:54.574337+03:00,2026-08-02 05:45:00+03:00,-5.0169,23.27,28.2869
2026-08-01 15:05:54.574337+03:00,2026-08-02 06:00:00+03:00,-5.0635,21.09,26.1535
2026-08-01 15:05:54.574337+03:00,2026-08-02 06:15:00+03:00,-4.924,22.43,27.354
2026-08-01 15:05:54.574337+03:00,2026-08-02 06:30:00+03:00,-5.0169,23.79,28.8069
2026-08-01 15:05:54.574337+03:00,2026-08-02 06:45:00+03:00,-5.0169,24.95,29.9669
2026-08-01 15:05:54.574337+03:00,2026-08-02 07:00:00+03:00,-5.0635,23.96,29.0235
2026-08-01 15:05:54.574337+03:00,2026-08-02 07:15:00+03:00,-4.924,24.11,29.034
2026-08-01 15:05:54.574337+03:00,2026-08-02 07:30:00+03:00,-5.0169,24.89,29.9069
2026-08-01 15:05:54.574337+03:00,2026-08-02 07:45:00+03:00,-5.0169,24.59,29.6069
2026-08-01 15:05:54.574337+03:00,2026-08-02 08:00:00+03:00,-5.1642,25.17,30.334200000000003
2026-08-01 15:05:54.574337+03:00,2026-08-02 08:15:00+03:00,-5.1314,25.0,30.1314
2026-08-01 15:05:54.574337+03:00,2026-08-02 08:30:00+03:00,-5.1486,23.76,28.9086
2026-08-01 15:05:54.574337+03:00,2026-08-02 08:45:00+03:00,-5.1486,21.63,26.7786
2026-08-01 15:05:54.574337+03:00,2026-08-02 09:00:00+03:00,-5.2825,26.96,32.2425
2026-08-01 15:05:54.574337+03:00,2026-08-02 09:15:00+03:00,-5.2987,24.03,29.3287
2026-08-01 15:05:54.574337+03:00,2026-08-02 09:30:00+03:00,-5.3159,21.25,26.5659
2026-08-01 15:05:54.574337+03:00,2026-08-02 09:45:00+03:00,-5.3159,19.97,25.2859
2026-08-01 15:05:54.574337+03:00,2026-08-02 10:00:00+03:00,-5.4107,26.89,32.3007
2026-08-01 15:05:54.574337+03:00,2026-08-02 10:15:00+03:00,-5.347,23.65,28.997
2026-08-01 15:05:54.574337+03:00,2026-08-02 10:30:00+03:00,-5.3642,20.24,25.6042
2026-08-01 15:05:54.574337+03:00,2026-08-02 10:45:00+03:00,-5.3642,10.26,15.6242
2026-08-01 15:05:54.574337+03:00,2026-08-02 11:00:00+03:00,-5.4107,11.84,17.250700000000002
2026-08-01 15:05:54.574337+03:00,2026-08-02 11:15:00+03:00,-5.347,8.97,14.317
2026-08-01 15:05:54.574337+03:00,2026-08-02 11:30:00+03:00,-5.3642,8.91,14.2742
2026-08-01 15:05:54.574337+03:00,2026-08-02 11:45:00+03:00,-5.3642,8.3,13.6642
2026-08-01 15:05:54.574337+03:00,2026-08-02 12:00:00+03:00,-5.3355,6.97,12.3055
2026-08-01 15:05:54.574337+03:00,2026-08-02 12:15:00+03:00,-5.2717,6.31,11.5817
2026-08-01 15:05:54.574337+03:00,2026-08-02 12:30:00+03:00,-5.2889,6.12,11.4089
2026-08-01 15:05:54.574337+03:00,2026-08-02 12:45:00+03:00,-5.2889,5.63,10.9189
2026-08-01 15:05:54.574337+03:00,2026-08-02 13:00:00+03:00,-5.3355,5.41,10.7455
2026-08-01 15:05:54.574337+03:00,2026-08-02 13:15:00+03:00,-5.2717,4.99,10.2617
2026-08-01 15:05:54.574337+03:00,2026-08-02 13:30:00+03:00,-5.2889,4.59,9.8789
2026-08-01 15:05:54.574337+03:00,2026-08-02 13:45:00+03:00,-5.2889,4.04,9.3289
2026-08-01 15:05:54.574337+03:00,2026-08-02 14:00:00+03:00,-5.3234,3.76,9.0834
2026-08-01 15:05:54.574337+03:00,2026-08-02 14:15:00+03:00,-5.2596,3.09,8.349599999999999
2026-08-01 15:05:54.574337+03:00,2026-08-02 14:30:00+03:00,-5.2768,3.0,8.2768
2026-08-01 15:05:54.574337+03:00,2026-08-02 14:45:00+03:00,-5.2768,2.89,8.1668
2026-08-01 15:05:54.574337+03:00,2026-08-02 15:00:00+03:00,-5.1856,3.81,8.9956
2026-08-01 15:05:54.574337+03:00,2026-08-02 15:15:00+03:00,-5.0727,3.69,8.7627
2026-08-01 15:05:54.574337+03:00,2026-08-02 15:30:00+03:00,-5.0899,3.28,8.3699
2026-08-01 15:05:54.574337+03:00,2026-08-02 15:45:00+03:00,-5.0899,3.13,8.219899999999999
2026-08-01 15:05:54.574337+03:00,2026-08-02 16:00:00+03:00,-5.0572,3.8,8.857199999999999
2026-08-01 15:05:54.574337+03:00,2026-08-02 16:15:00+03:00,-5.0084,4.01,9.0184
2026-08-01 15:05:54.574337+03:00,2026-08-02 16:30:00+03:00,-5.0256,4.87,9.8956
2026-08-01 15:05:54.574337+03:00,2026-08-02 16:45:00+03:00,-5.0256,5.1,10.125599999999999
2026-08-01 15:05:54.574337+03:00,2026-08-02 17:00:00+03:00,-4.963,5.95,10.913
2026-08-01 15:05:54.574337+03:00,2026-08-02 17:15:00+03:00,-4.9141,7.72,12.6341
2026-08-01 15:05:54.574337+03:00,2026-08-02 17:30:00+03:00,-4.9313,9.99,14.9213
2026-08-01 15:05:54.574337+03:00,2026-08-02 17:45:00+03:00,-4.9313,16.36,21.2913
2026-08-01 15:05:54.574337+03:00,2026-08-02 18:00:00+03:00,-4.9682,10.0,14.9682
2026-08-01 15:05:54.574337+03:00,2026-08-02 18:15:00+03:00,-4.9243,19.99,24.914299999999997
2026-08-01 15:05:54.574337+03:00,2026-08-02 18:30:00+03:00,-4.9622,27.55,32.5122
2026-08-01 15:05:54.574337+03:00,2026-08-02 18:45:00+03:00,-4.9622,38.82,43.7822
2026-08-01 15:05:54.574337+03:00,2026-08-02 19:00:00+03:00,-4.9938,16.22,21.2138
2026-08-01 15:05:54.574337+03:00,2026-08-02 19:15:00+03:00,-4.9698,24.27,29.2398
2026-08-01 15:05:54.574337+03:00,2026-08-02 19:30:00+03:00,-4.987,31.15,36.137
2026-08-01 15:05:54.574337+03:00,2026-08-02 19:45:00+03:00,-4.987,41.71,46.697
2026-08-01 15:05:54.574337+03:00,2026-08-02 20:00:00+03:00,-5.1446,27.69,32.8346
2026-08-01 15:05:54.574337+03:00,2026-08-02 20:15:00+03:00,-5.3467,29.47,34.8167
2026-08-01 15:05:54.574337+03:00,2026-08-02 20:30:00+03:00,-5.2881,31.89,37.1781
2026-08-01 15:05:54.574337+03:00,2026-08-02 20:45:00+03:00,-5.2881,33.42,38.7081
2026-08-01 15:05:54.574337+03:00,2026-08-02 21:00:00+03:00,-5.1716,30.68,35.8516
2026-08-01 15:05:54.574337+03:00,2026-08-02 21:15:00+03:00,-4.9936,29.68,34.6736
2026-08-01 15:05:54.574337+03:00,2026-08-02 21:30:00+03:00,-5.0108,29.13,34.1408
2026-08-01 15:05:54.574337+03:00,2026-08-02 21:45:00+03:00,-5.0108,28.0,33.0108
2026-08-01 15:05:54.574337+03:00,2026-08-02 22:00:00+03:00,-5.2414,30.14,35.3814
2026-08-01 15:05:54.574337+03:00,2026-08-02 22:15:00+03:00,-5.3046,30.1,35.4046
2026-08-01 15:05:54.574337+03:00,2026-08-02 22:30:00+03:00,-5.3218,28.16,33.4818
2026-08-01 15:05:54.574337+03:00,2026-08-02 22:45:00+03:00,-5.3218,24.97,30.2918
2026-08-01 15:05:54.574337+03:00,2026-08-02 23:00:00+03:00,-5.3497,31.84,37.1897
2026-08-01 15:05:54.574337+03:00,2026-08-02 23:15:00+03:00,-5.3717,28.0,33.3717
2026-08-01 15:05:54.574337+03:00,2026-08-02 23:30:00+03:00,-5.3376,23.73,29.0676
2026-08-01 15:05:54.574337+03:00,2026-08-02 23:45:00+03:00,-5.3376,18.1,23.437600000000003
2026-08-01 15:05:54.574337+03:00,2026-08-03 00:00:00+03:00,-5.3405,29.72,35.0605
2026-08-01 15:05:54.574337+03:00,2026-08-03 00:15:00+03:00,-5.1578,26.03,31.187800000000003
2026-08-01 15:05:54.574337+03:00,2026-08-03 00:30:00+03:00,-5.175,21.03,26.205000000000002
2026-08-01 15:05:54.574337+03:00,2026-08-03 00:45:00+03:00,-5.1656,15.01,20.1756
2026-08-01 15:05:54.574337+03:00,2026-08-03 01:00:00+03:00,-5.2972,22.21,27.5072
2026-08-01 15:05:54.574337+03:00,2026-08-03 01:15:00+03:00,-5.2492,16.2,21.449199999999998
2026-08-01 15:05:54.574337+03:00,2026-08-03 01:30:00+03:00,-5.2665,13.85,19.1165
2026-08-01 15:05:54.574337+03:00,2026-08-03 01:45:00+03:00,-5.2665,9.99,15.256499999999999
2026-08-01 15:05:54.574337+03:00,2026-08-03 02:00:00+03:00,-5.2972,15.62,20.9172
2026-08-01 15:05:54.574337+03:00,2026-08-03 02:15:00+03:00,-5.2357,15.07,20.3057
2026-08-01 15:05:54.574337+03:00,2026-08-03 02:30:00+03:00,-5.2529,14.78,20.032899999999998
2026-08-01 15:05:54.574337+03:00,2026-08-03 02:45:00+03:00,-5.2529,14.34,19.5929
2026-08-01 15:05:54.574337+03:00,2026-08-03 03:00:00+03:00,-5.2961,15.19,20.4861
2026-08-01 15:05:54.574337+03:00,2026-08-03 03:15:00+03:00,-5.2323,14.77,20.002299999999998
2026-08-01 15:05:54.574337+03:00,2026-08-03 03:30:00+03:00,-5.2495,15.15,20.3995
2026-08-01 15:05:54.574337+03:00,2026-08-03 03:45:00+03:00,-5.2495,14.72,19.9695
2026-08-01 15:05:54.574337+03:00,2026-08-03 04:00:00+03:00,-5.1043,13.89,18.994300000000003
2026-08-01 15:05:54.574337+03:00,2026-08-03 04:15:00+03:00,-5.0405,14.97,20.0105
2026-08-01 15:05:54.574337+03:00,2026-08-03 04:30:00+03:00,-5.0577,16.35,21.407700000000002
2026-08-01 15:05:54.574337+03:00,2026-08-03 04:45:00+03:00,-5.0577,17.6,22.657700000000002
2026-08-01 15:05:54.574337+03:00,2026-08-03 05:00:00+03:00,-4.945,12.65,17.595
2026-08-01 15:05:54.574337+03:00,2026-08-03 05:15:00+03:00,-4.6677,15.12,19.7877
2026-08-01 15:05:54.574337+03:00,2026-08-03 05:30:00+03:00,-4.8984,19.16,24.0584
2026-08-01 15:05:54.574337+03:00,2026-08-03 05:45:00+03:00,-4.8984,22.68,27.5784
2026-08-01 15:05:54.574337+03:00,2026-08-03 06:00:00+03:00,-4.9549,13.49,18.4449
2026-08-01 15:05:54.574337+03:00,2026-08-03 06:15:00+03:00,-4.6776,20.12,24.797600000000003
2026-08-01 15:05:54.574337+03:00,2026-08-03 06:30:00+03:00,-4.9083,26.18,31.0883
2026-08-01 15:05:54.574337+03:00,2026-08-03 06:45:00+03:00,-4.9083,29.42,34.3283
2026-08-01 15:05:54.574337+03:00,2026-08-03 07:00:00+03:00,-4.9549,17.85,22.804900000000004
2026-08-01 15:05:54.574337+03:00,2026-08-03 07:15:00+03:00,-4.6776,27.65,32.3276
2026-08-01 15:05:54.574337+03:00,2026-08-03 07:30:00+03:00,-4.9083,29.99,34.8983
2026-08-01 15:05:54.574337+03:00,2026-08-03 07:45:00+03:00,-4.9083,34.24,39.1483
2026-08-01 15:05:54.574337+03:00,2026-08-03 08:00:00+03:00,-5.0948,25.61,30.7048
2026-08-01 15:05:54.574337+03:00,2026-08-03 08:15:00+03:00,-5.0769,28.55,33.6269
2026-08-01 15:05:54.574337+03:00,2026-08-03 08:30:00+03:00,-5.0941,30.45,35.5441
2026-08-01 15:05:54.574337+03:00,2026-08-03 08:45:00+03:00,-5.0941,30.46,35.5541
2026-08-01 15:05:54.574337+03:00,2026-08-03 09:00:00+03:00,-5.2645,34.88,40.1445
2026-08-01 15:05:54.574337+03:00,2026-08-03 09:15:00+03:00,-5.2957,30.12,35.4157
2026-08-01 15:05:54.574337+03:00,2026-08-03 09:30:00+03:00,-5.3129,27.37,32.682900000000004
2026-08-01 15:05:54.574337+03:00,2026-08-03 09:45:00+03:00,-5.3129,24.49,29.802899999999998
2026-08-01 15:05:54.574337+03:00,2026-08-03 10:00:00+03:00,-5.3928,34.49,39.8828
2026-08-01 15:05:54.574337+03:00,2026-08-03 10:15:00+03:00,-5.344,29.95,35.294
2026-08-01 15:05:54.574337+03:00,2026-08-03 10:30:00+03:00,-5.3612,25.0,30.3612
2026-08-01 15:05:54.574337+03:00,2026-08-03 10:45:00+03:00,-5.3612,19.9,25.2612
2026-08-01 15:05:54.574337+03:00,2026-08-03 11:00:00+03:00,-5.4066,24.96,30.366600000000002
2026-08-01 15:05:54.574337+03:00,2026-08-03 11:15:00+03:00,-5.3735,21.01,26.3835
2026-08-01 15:05:54.574337+03:00,2026-08-03 11:30:00+03:00,-5.3907,20.99,26.380699999999997
2026-08-01 15:05:54.574337+03:00,2026-08-03 11:45:00+03:00,-5.3907,18.13,23.520699999999998
2026-08-01 15:05:54.574337+03:00,2026-08-03 12:00:00+03:00,-5.4018,20.98,26.3818
2026-08-01 15:05:54.574337+03:00,2026-08-03 12:15:00+03:00,-5.3687,19.1,24.468700000000002
2026-08-01 15:05:54.574337+03:00,2026-08-03 12:30:00+03:00,-5.3859,19.23,24.6159
2026-08-01 15:05:54.574337+03:00,2026-08-03 12:45:00+03:00,-5.3859,16.88,22.2659
2026-08-01 15:05:54.574337+03:00,2026-08-03 13:00:00+03:00,-5.4018,22.16,27.561799999999998
2026-08-01 15:05:54.574337+03:00,2026-08-03 13:15:00+03:00,-5.3687,19.67,25.038700000000002
2026-08-01 15:05:54.574337+03:00,2026-08-03 13:30:00+03:00,-5.3859,18.2,23.5859
2026-08-01 15:05:54.574337+03:00,2026-08-03 13:45:00+03:00,-5.3859,14.95,20.3359
2026-08-01 15:05:54.574337+03:00,2026-08-03 14:00:00+03:00,-5.4016,17.75,23.151600000000002
2026-08-01 15:05:54.574337+03:00,2026-08-03 14:15:00+03:00,-5.3685,16.36,21.7285
2026-08-01 15:05:54.574337+03:00,2026-08-03 14:30:00+03:00,-5.3857,13.95,19.3357
2026-08-01 15:05:54.574337+03:00,2026-08-03 14:45:00+03:00,-5.3857,14.19,19.575699999999998
2026-08-01 15:05:54.574337+03:00,2026-08-03 15:00:00+03:00,-5.2689,12.69,17.9589
2026-08-01 15:05:54.574337+03:00,2026-08-03 15:15:00+03:00,-5.1718,15.29,20.4618
2026-08-01 15:05:54.574337+03:00,2026-08-03 15:30:00+03:00,-5.189,16.9,22.089
2026-08-01 15:05:54.574337+03:00,2026-08-03 15:45:00+03:00,-5.189,17.62,22.809
2026-08-01 15:05:54.574337+03:00,2026-08-03 16:00:00+03:00,-5.1406,16.21,21.3506
2026-08-01 15:05:54.574337+03:00,2026-08-03 16:15:00+03:00,-5.1075,19.52,24.627499999999998
2026-08-01 15:05:54.574337+03:00,2026-08-03 16:30:00+03:00,-5.1247,21.56,26.6847
2026-08-01 15:05:54.574337+03:00,2026-08-03 16:45:00+03:00,-5.1247,,
2026-08-01 15:05:54.574337+03:00,2026-08-03 17:00:00+03:00,-5.0956,,
2026-08-01 15:05:54.574337+03:00,2026-08-03 17:15:00+03:00,-5.0625,,
2026-08-01 15:05:54.574337+03:00,2026-08-03 17:30:00+03:00,-5.0797,,
2026-08-01 15:05:54.574337+03:00,2026-08-03 17:45:00+03:00,-5.0797,,
2026-08-01 15:05:54.574337+03:00,2026-08-03 18:00:00+03:00,-5.1511,,
2026-08-01 15:05:54.574337+03:00,2026-08-03 18:15:00+03:00,-5.118,,
2026-08-01 15:05:54.574337+03:00,2026-08-03 18:30:00+03:00,-5.1558,,
2026-08-01 15:05:54.574337+03:00,2026-08-03 18:45:00+03:00,-5.1558,,
2026-08-01 15:05:54.574337+03:00,2026-08-03 19:00:00+03:00,-5.1717,,
2026-08-01 15:05:54.574337+03:00,2026-08-03 19:15:00+03:00,-5.1634,,
2026-08-01 15:05:54.574337+03:00,2026-08-03 19:30:00+03:00,-5.1806,,
2026-08-01 15:05:54.574337+03:00,2026-08-03 19:45:00+03:00,-5.1806,,
2026-08-01 15:05:54.574337+03:00,2026-08-03 20:00:00+03:00,-5.2567,,
2026-08-01 15:05:54.574337+03:00,2026-08-03 20:15:00+03:00,-5.4745,,
2026-08-01 15:05:54.574337+03:00,2026-08-03 20:30:00+03:00,-5.416,,
2026-08-01 15:05:54.574337+03:00,2026-08-03 20:45:00+03:00,-5.416,,
2026-08-01 15:05:54.574337+03:00,2026-08-03 21:00:00+03:00,-5.3003,,
2026-08-01 15:05:54.574337+03:00,2026-08-03 21:15:00+03:00,-5.1381,,
2026-08-01 15:05:54.574337+03:00,2026-08-03 21:30:00+03:00,-5.1553,,
2026-08-01 15:05:54.574337+03:00,2026-08-03 21:45:00+03:00,-5.1553,,
2026-08-01 15:05:54.574337+03:00,2026-08-03 22:00:00+03:00,-5.289,,
2026-08-01 15:05:54.574337+03:00,2026-08-03 22:15:00+03:00,-5.3522,,
2026-08-01 15:05:54.574337+03:00,2026-08-03 22:30:00+03:00,-5.3694,,
2026-08-01 15:05:54.574337+03:00,2026-08-03 22:45:00+03:00,-5.3694,,
2026-08-01 15:05:54.574337+03:00,2026-08-03 23:00:00+03:00,-5.3854,,
2026-08-01 15:05:54.574337+03:00,2026-08-03 23:15:00+03:00,-5.4074,,
2026-08-01 15:05:54.574337+03:00,2026-08-03 23:30:00+03:00,-5.3733,,
2026-08-01 15:05:54.574337+03:00,2026-08-03 23:45:00+03:00,-5.3733,,
2026-08-01 15:05:54.574337+03:00,2026-08-04 00:00:00+03:00,-5.382,,
2026-08-01 15:05:54.574337+03:00,2026-08-04 00:15:00+03:00,-5.2143,,
2026-08-01 15:05:54.574337+03:00,2026-08-04 00:30:00+03:00,-5.2315,,
2026-08-01 15:05:54.574337+03:00,2026-08-04 00:45:00+03:00,-5.222,,
2026-08-01 15:05:54.574337+03:00,2026-08-04 01:00:00+03:00,-5.3387,,
2026-08-01 15:05:54.574337+03:00,2026-08-04 01:15:00+03:00,-5.3057,,
2026-08-01 15:05:54.574337+03:00,2026-08-04 01:30:00+03:00,-5.3229,,
2026-08-01 15:05:54.574337+03:00,2026-08-04 01:45:00+03:00,-5.3229,,
2026-08-01 15:05:54.574337+03:00,2026-08-04 02:00:00+03:00,-5.2899,,
2026-08-01 15:05:54.574337+03:00,2026-08-04 02:15:00+03:00,-5.2491,,
2026-08-01 15:05:54.574337+03:00,2026-08-04 02:30:00+03:00,-5.2663,,
2026-08-01 15:05:54.574337+03:00,2026-08-04 02:45:00+03:00,-5.2663,,
2026-08-01 15:05:54.574337+03:00,2026-08-04 03:00:00+03:00,-5.2068,,
2026-08-01 15:05:54.574337+03:00,2026-08-04 03:15:00+03:00,-5.158,,
2026-08-01 15:05:54.574337+03:00,2026-08-04 03:30:00+03:00,-5.1752,,
2026-08-01 15:05:54.574337+03:00,2026-08-04 03:45:00+03:00,-5.1752,,
2026-08-01 15:05:54.574337+03:00,2026-08-04 04:00:00+03:00,-5.015,,
2026-08-01 15:05:54.574337+03:00,2026-08-04 04:15:00+03:00,-4.9662,,
2026-08-01 15:05:54.574337+03:00,2026-08-04 04:30:00+03:00,-4.9834,,
2026-08-01 15:05:54.574337+03:00,2026-08-04 04:45:00+03:00,-4.9834,,
2026-08-01 15:05:54.574337+03:00,2026-08-04 05:00:00+03:00,-4.9211,,
2026-08-01 15:05:54.574337+03:00,2026-08-04 05:15:00+03:00,-4.6745,,
2026-08-01 15:05:54.574337+03:00,2026-08-04 05:30:00+03:00,-4.9052,,
2026-08-01 15:05:54.574337+03:00,2026-08-04 05:45:00+03:00,-4.9052,,
2026-08-01 15:05:54.574337+03:00,2026-08-04 06:00:00+03:00,-4.9211,,
2026-08-01 15:05:54.574337+03:00,2026-08-04 06:15:00+03:00,-4.6745,,
2026-08-01 15:05:54.574337+03:00,2026-08-04 06:30:00+03:00,-4.9052,,
2026-08-01 15:05:54.574337+03:00,2026-08-04 06:45:00+03:00,-4.9052,,
2026-08-01 15:05:54.574337+03:00,2026-08-04 07:00:00+03:00,-4.8557,,
2026-08-01 15:05:54.574337+03:00,2026-08-04 07:15:00+03:00,-4.5934,,
2026-08-01 15:05:54.574337+03:00,2026-08-04 07:30:00+03:00,-4.8241,,
2026-08-01 15:05:54.574337+03:00,2026-08-04 07:45:00+03:00,-4.8241,,
2026-08-01 15:05:54.574337+03:00,2026-08-04 08:00:00+03:00,-4.9943,,
2026-08-01 15:05:54.574337+03:00,2026-08-04 08:15:00+03:00,-4.9922,,
2026-08-01 15:05:54.574337+03:00,2026-08-04 08:30:00+03:00,-5.0094,,
2026-08-01 15:05:54.574337+03:00,2026-08-04 08:45:00+03:00,-5.0094,,
2026-08-01 15:05:54.574337+03:00,2026-08-04 09:00:00+03:00,-5.2219,,
2026-08-01 15:05:54.574337+03:00,2026-08-04 09:15:00+03:00,-5.2688,,
2026-08-01 15:05:54.574337+03:00,2026-08-04 09:30:00+03:00,-5.286,,
2026-08-01 15:05:54.574337+03:00,2026-08-04 09:45:00+03:00,-5.286,,
2026-08-01 15:05:54.574337+03:00,2026-08-04 10:00:00+03:00,-5.3579,,
2026-08-01 15:05:54.574337+03:00,2026-08-04 10:15:00+03:00,-5.3248,,
2026-08-01 15:05:54.574337+03:00,2026-08-04 10:30:00+03:00,-5.342,,
2026-08-01 15:05:54.574337+03:00,2026-08-04 10:45:00+03:00,-5.342,,
2026-08-01 15:05:54.574337+03:00,2026-08-04 11:00:00+03:00,-5.3579,,
2026-08-01 15:05:54.574337+03:00,2026-08-04 11:15:00+03:00,-5.3248,,
2026-08-01 15:05:54.574337+03:00,2026-08-04 11:30:00+03:00,-5.342,,
2026-08-01 15:05:54.574337+03:00,2026-08-04 11:45:00+03:00,-5.342,,
2026-08-01 15:05:54.574337+03:00,2026-08-04 12:00:00+03:00,-5.4066,,
2026-08-01 15:05:54.574337+03:00,2026-08-04 12:15:00+03:00,-5.3735,,
2026-08-01 15:05:54.574337+03:00,2026-08-04 12:30:00+03:00,-5.3907,,
2026-08-01 15:05:54.574337+03:00,2026-08-04 12:45:00+03:00,-5.3907,,
2026-08-01 15:05:54.574337+03:00,2026-08-04 13:00:00+03:00,-5.4066,,
2026-08-01 15:05:54.574337+03:00,2026-08-04 13:15:00+03:00,-5.3735,,
2026-08-01 15:05:54.574337+03:00,2026-08-04 13:30:00+03:00,-5.3907,,
2026-08-01 15:05:54.574337+03:00,2026-08-04 13:45:00+03:00,-5.3907,,
2026-08-01 15:05:54.574337+03:00,2026-08-04 14:00:00+03:00,-5.3577,,
2026-08-01 15:05:54.574337+03:00,2026-08-04 14:15:00+03:00,-5.3246,,
2026-08-01 15:05:54.574337+03:00,2026-08-04 14:30:00+03:00,-5.3418,,
2026-08-01 15:05:54.574337+03:00,2026-08-04 14:45:00+03:00,-5.3418,,
2026-08-01 15:05:54.574337+03:00,2026-08-04 15:00:00+03:00,-5.225,,
2026-08-01 15:05:54.574337+03:00,2026-08-04 15:15:00+03:00,-5.1279,,
2026-08-01 15:05:54.574337+03:00,2026-08-04 15:30:00+03:00,-5.1451,,
2026-08-01 15:05:54.574337+03:00,2026-08-04 15:45:00+03:00,-5.1451,,
2026-08-01 15:05:54.574337+03:00,2026-08-04 16:00:00+03:00,-5.089,,
2026-08-01 15:05:54.574337+03:00,2026-08-04 16:15:00+03:00,-5.0559,,
2026-08-01 15:05:54.574337+03:00,2026-08-04 16:30:00+03:00,-5.0731,,
2026-08-01 15:05:54.574337+03:00,2026-08-04 16:45:00+03:00,-5.0731,,
2026-08-01 15:05:54.574337+03:00,2026-08-04 17:00:00+03:00,-5.0439,,
2026-08-01 15:05:54.574337+03:00,2026-08-04 17:15:00+03:00,-5.0108,,
2026-08-01 15:05:54.574337+03:00,2026-08-04 17:30:00+03:00,-5.028,,
2026-08-01 15:05:54.574337+03:00,2026-08-04 17:45:00+03:00,-5.028,,
2026-08-01 15:05:54.574337+03:00,2026-08-04 18:00:00+03:00,-5.0956,,
2026-08-01 15:05:54.574337+03:00,2026-08-04 18:15:00+03:00,-5.0625,,
2026-08-01 15:05:54.574337+03:00,2026-08-04 18:30:00+03:00,-5.1003,,
2026-08-01 15:05:54.574337+03:00,2026-08-04 18:45:00+03:00,-5.1003,,
2026-08-01 15:05:54.574337+03:00,2026-08-04 19:00:00+03:00,-5.1717,,
2026-08-01 15:05:54.574337+03:00,2026-08-04 19:15:00+03:00,-5.1634,,
2026-08-01 15:05:54.574337+03:00,2026-08-04 19:30:00+03:00,-5.1806,,
2026-08-01 15:05:54.574337+03:00,2026-08-04 19:45:00+03:00,-5.1806,,
2026-08-01 15:05:54.574337+03:00,2026-08-04 20:00:00+03:00,-5.2567,,
2026-08-01 15:05:54.574337+03:00,2026-08-04 20:15:00+03:00,-5.4745,,
2026-08-01 15:05:54.574337+03:00,2026-08-04 20:30:00+03:00,-5.416,,
2026-08-01 15:05:54.574337+03:00,2026-08-04 20:45:00+03:00,-5.416,,
2026-08-01 15:05:54.574337+03:00,2026-08-04 21:00:00+03:00,-5.3003,,
2026-08-01 15:05:54.574337+03:00,2026-08-04 21:15:00+03:00,-5.1381,,
2026-08-01 15:05:54.574337+03:00,2026-08-04 21:30:00+03:00,-5.1553,,
2026-08-01 15:05:54.574337+03:00,2026-08-04 21:45:00+03:00,-5.1553,,
2026-08-01 15:05:54.574337+03:00,2026-08-04 22:00:00+03:00,-5.289,,
2026-08-01 15:05:54.574337+03:00,2026-08-04 22:15:00+03:00,-5.3522,,
2026-08-01 15:05:54.574337+03:00,2026-08-04 22:30:00+03:00,-5.3694,,
2026-08-01 15:05:54.574337+03:00,2026-08-04 22:45:00+03:00,-5.3694,,
2026-08-01 15:05:54.574337+03:00,2026-08-04 23:00:00+03:00,-5.3818,,
2026-08-01 15:05:54.574337+03:00,2026-08-04 23:15:00+03:00,-5.4038,,
2026-08-01 15:05:54.574337+03:00,2026-08-04 23:30:00+03:00,-5.3697,,
2026-08-01 15:05:54.574337+03:00,2026-08-04 23:45:00+03:00,-5.3697,,
2026-08-01 15:05:54.574337+03:00,2026-08-05 00:00:00+03:00,-5.3957,,
2026-08-01 15:05:54.574337+03:00,2026-08-05 00:15:00+03:00,-5.213,,
2026-08-01 15:05:54.574337+03:00,2026-08-05 00:30:00+03:00,-5.2302,,
2026-08-01 15:05:54.574337+03:00,2026-08-05 00:45:00+03:00,-5.2208,,
2026-08-01 15:05:54.574337+03:00,2026-08-05 01:00:00+03:00,-5.3524,,
2026-08-01 15:05:54.574337+03:00,2026-08-05 01:15:00+03:00,-5.3044,,
2026-08-01 15:05:54.574337+03:00,2026-08-05 01:30:00+03:00,-5.3216,,
2026-08-01 15:05:54.574337+03:00,2026-08-05 01:45:00+03:00,-5.3216,,
2026-08-01 15:05:54.574337+03:00,2026-08-05 02:00:00+03:00,-5.2871,,
2026-08-01 15:05:54.574337+03:00,2026-08-05 02:15:00+03:00,-5.2256,,
2026-08-01 15:05:54.574337+03:00,2026-08-05 02:30:00+03:00,-5.2428,,
2026-08-01 15:05:54.574337+03:00,2026-08-05 02:45:00+03:00,-5.2428,,
2026-08-01 15:05:54.574337+03:00,2026-08-05 03:00:00+03:00,-5.2059,,
2026-08-01 15:05:54.574337+03:00,2026-08-05 03:15:00+03:00,-5.1421,,
2026-08-01 15:05:54.574337+03:00,2026-08-05 03:30:00+03:00,-5.1594,,
2026-08-01 15:05:54.574337+03:00,2026-08-05 03:45:00+03:00,-5.1594,,
2026-08-01 15:05:54.574337+03:00,2026-08-05 04:00:00+03:00,-5.0141,,
2026-08-01 15:05:54.574337+03:00,2026-08-05 04:15:00+03:00,-4.9504,,
2026-08-01 15:05:54.574337+03:00,2026-08-05 04:30:00+03:00,-4.9676,,
2026-08-01 15:05:54.574337+03:00,2026-08-05 04:45:00+03:00,-4.9676,,
2026-08-01 15:05:54.574337+03:00,2026-08-05 05:00:00+03:00,-4.9064,,
2026-08-01 15:05:54.574337+03:00,2026-08-05 05:15:00+03:00,-4.6292,,
2026-08-01 15:05:54.574337+03:00,2026-08-05 05:30:00+03:00,-4.8599,,
2026-08-01 15:05:54.574337+03:00,2026-08-05 05:45:00+03:00,-4.8599,,
2026-08-01 15:05:54.574337+03:00,2026-08-05 06:00:00+03:00,-4.9816,,
2026-08-01 15:05:54.574337+03:00,2026-08-05 06:15:00+03:00,-4.7044,,
2026-08-01 15:05:54.574337+03:00,2026-08-05 06:30:00+03:00,-4.9351,,
2026-08-01 15:05:54.574337+03:00,2026-08-05 06:45:00+03:00,-4.9351,,
2026-08-01 15:05:54.574337+03:00,2026-08-05 07:00:00+03:00,-4.9816,,
2026-08-01 15:05:54.574337+03:00,2026-08-05 07:15:00+03:00,-4.7044,,
2026-08-01 15:05:54.574337+03:00,2026-08-05 07:30:00+03:00,-4.9351,,
2026-08-01 15:05:54.574337+03:00,2026-08-05 07:45:00+03:00,-4.9351,,
2026-08-01 15:05:54.574337+03:00,2026-08-05 08:00:00+03:00,-5.0658,,
2026-08-01 15:05:54.574337+03:00,2026-08-05 08:15:00+03:00,-5.033,,
2026-08-01 15:05:54.574337+03:00,2026-08-05 08:30:00+03:00,-5.0502,,
2026-08-01 15:05:54.574337+03:00,2026-08-05 08:45:00+03:00,-5.0502,,
2026-08-01 15:05:54.574337+03:00,2026-08-05 09:00:00+03:00,-5.2072,,
2026-08-01 15:05:54.574337+03:00,2026-08-05 09:15:00+03:00,-5.2235,,
2026-08-01 15:05:54.574337+03:00,2026-08-05 09:30:00+03:00,-5.2407,,
2026-08-01 15:05:54.574337+03:00,2026-08-05 09:45:00+03:00,-5.2407,,
2026-08-01 15:05:54.574337+03:00,2026-08-05 10:00:00+03:00,-5.3355,,
2026-08-01 15:05:54.574337+03:00,2026-08-05 10:15:00+03:00,-5.2717,,
2026-08-01 15:05:54.574337+03:00,2026-08-05 10:30:00+03:00,-5.2889,,
2026-08-01 15:05:54.574337+03:00,2026-08-05 10:45:00+03:00,-5.2889,,
2026-08-01 15:05:54.574337+03:00,2026-08-05 11:00:00+03:00,-5.3355,,
2026-08-01 15:05:54.574337+03:00,2026-08-05 11:15:00+03:00,-5.2717,,
2026-08-01 15:05:54.574337+03:00,2026-08-05 11:30:00+03:00,-5.2889,,
2026-08-01 15:05:54.574337+03:00,2026-08-05 11:45:00+03:00,-5.2889,,
2026-08-01 15:05:54.574337+03:00,2026-08-05 12:00:00+03:00,-5.3355,,
2026-08-01 15:05:54.574337+03:00,2026-08-05 12:15:00+03:00,-5.2717,,
2026-08-01 15:05:54.574337+03:00,2026-08-05 12:30:00+03:00,-5.2889,,
2026-08-01 15:05:54.574337+03:00,2026-08-05 12:45:00+03:00,-5.2889,,
2026-08-01 15:05:54.574337+03:00,2026-08-05 13:00:00+03:00,-5.3355,,
2026-08-01 15:05:54.574337+03:00,2026-08-05 13:15:00+03:00,-5.2717,,
2026-08-01 15:05:54.574337+03:00,2026-08-05 13:30:00+03:00,-5.2889,,
2026-08-01 15:05:54.574337+03:00,2026-08-05 13:45:00+03:00,-5.2889,,
2026-08-01 15:05:54.574337+03:00,2026-08-05 14:00:00+03:00,-5.3125,,
2026-08-01 15:05:54.574337+03:00,2026-08-05 14:15:00+03:00,-5.2637,,
2026-08-01 15:05:54.574337+03:00,2026-08-05 14:30:00+03:00,-5.2809,,
2026-08-01 15:05:54.574337+03:00,2026-08-05 14:45:00+03:00,-5.2809,,
2026-08-01 15:05:54.574337+03:00,2026-08-05 15:00:00+03:00,-5.1799,,
2026-08-01 15:05:54.574337+03:00,2026-08-05 15:15:00+03:00,-5.0671,,
2026-08-01 15:05:54.574337+03:00,2026-08-05 15:30:00+03:00,-5.0843,,
2026-08-01 15:05:54.574337+03:00,2026-08-05 15:45:00+03:00,-5.0843,,
2026-08-01 15:05:54.574337+03:00,2026-08-05 16:00:00+03:00,-5.0624,,
2026-08-01 15:05:54.574337+03:00,2026-08-05 16:15:00+03:00,-4.9987,,
2026-08-01 15:05:54.574337+03:00,2026-08-05 16:30:00+03:00,-5.0159,,
2026-08-01 15:05:54.574337+03:00,2026-08-05 16:45:00+03:00,-5.0159,,
2026-08-01 15:05:54.574337+03:00,2026-08-05 17:00:00+03:00,-4.9682,,
2026-08-01 15:05:54.574337+03:00,2026-08-05 17:15:00+03:00,-4.9044,,
2026-08-01 15:05:54.574337+03:00,2026-08-05 17:30:00+03:00,-4.9216,,
2026-08-01 15:05:54.574337+03:00,2026-08-05 17:45:00+03:00,-4.9216,,
2026-08-01 15:05:54.574337+03:00,2026-08-05 18:00:00+03:00,-4.9682,,
2026-08-01 15:05:54.574337+03:00,2026-08-05 18:15:00+03:00,-4.9243,,
2026-08-01 15:05:54.574337+03:00,2026-08-05 18:30:00+03:00,-4.9622,,
2026-08-01 15:05:54.574337+03:00,2026-08-05 18:45:00+03:00,-4.9622,,
2026-08-01 15:05:54.574337+03:00,2026-08-05 19:00:00+03:00,-4.9938,,
2026-08-01 15:05:54.574337+03:00,2026-08-05 19:15:00+03:00,-4.9698,,
2026-08-01 15:05:54.574337+03:00,2026-08-05 19:30:00+03:00,-4.987,,
2026-08-01 15:05:54.574337+03:00,2026-08-05 19:45:00+03:00,-4.987,,
2026-08-01 15:05:54.574337+03:00,2026-08-05 20:00:00+03:00,-5.128,,
2026-08-01 15:05:54.574337+03:00,2026-08-05 20:15:00+03:00,-5.3301,,
2026-08-01 15:05:54.574337+03:00,2026-08-05 20:30:00+03:00,-5.2715,,
2026-08-01 15:05:54.574337+03:00,2026-08-05 20:45:00+03:00,-5.2715,,
2026-08-01 15:05:54.574337+03:00,2026-08-05 21:00:00+03:00,-5.1716,,
2026-08-01 15:05:54.574337+03:00,2026-08-05 21:15:00+03:00,-4.9936,,
2026-08-01 15:05:54.574337+03:00,2026-08-05 21:30:00+03:00,-5.0108,,
2026-08-01 15:05:54.574337+03:00,2026-08-05 21:45:00+03:00,-5.0108,,
2026-08-01 15:05:54.574337+03:00,2026-08-05 22:00:00+03:00,-5.2687,,
2026-08-01 15:05:54.574337+03:00,2026-08-05 22:15:00+03:00,-5.3319,,
2026-08-01 15:05:54.574337+03:00,2026-08-05 22:30:00+03:00,-5.3491,,
2026-08-01 15:05:54.574337+03:00,2026-08-05 22:45:00+03:00,-5.3491,,
2026-08-01 15:05:54.574337+03:00,2026-08-05 23:00:00+03:00,-5.3936,,
2026-08-01 15:05:54.574337+03:00,2026-08-05 23:15:00+03:00,-5.4156,,
2026-08-01 15:05:54.574337+03:00,2026-08-05 23:30:00+03:00,-5.3815,,
2026-08-01 15:05:54.574337+03:00,2026-08-05 23:45:00+03:00,-5.3815,,
2026-08-01 15:05:54.574337+03:00,2026-08-06 00:00:00+03:00,-5.3909,,
2026-08-01 15:05:54.574337+03:00,2026-08-06 00:15:00+03:00,-5.1805,,
2026-08-01 15:05:54.574337+03:00,2026-08-06 00:30:00+03:00,-5.1977,,
2026-08-01 15:05:54.574337+03:00,2026-08-06 00:45:00+03:00,-5.2159,,
2026-08-01 15:05:54.574337+03:00,2026-08-06 01:00:00+03:00,-5.3476,,
2026-08-01 15:05:54.574337+03:00,2026-08-06 01:15:00+03:00,-5.2996,,
2026-08-01 15:05:54.574337+03:00,2026-08-06 01:30:00+03:00,-5.3168,,
2026-08-01 15:05:54.574337+03:00,2026-08-06 01:45:00+03:00,-5.3168,,
2026-08-01 15:05:54.574337+03:00,2026-08-06 02:00:00+03:00,-5.3476,,
2026-08-01 15:05:54.574337+03:00,2026-08-06 02:15:00+03:00,-5.2861,,
2026-08-01 15:05:54.574337+03:00,2026-08-06 02:30:00+03:00,-5.3033,,
2026-08-01 15:05:54.574337+03:00,2026-08-06 02:45:00+03:00,-5.3033,,
2026-08-01 15:05:54.574337+03:00,2026-08-06 03:00:00+03:00,-5.2977,,
2026-08-01 15:05:54.574337+03:00,2026-08-06 03:15:00+03:00,-5.234,,
2026-08-01 15:05:54.574337+03:00,2026-08-06 03:30:00+03:00,-5.2512,,
2026-08-01 15:05:54.574337+03:00,2026-08-06 03:45:00+03:00,-5.2512,,
2026-08-01 15:05:54.574337+03:00,2026-08-06 04:00:00+03:00,-5.106,,
2026-08-01 15:05:54.574337+03:00,2026-08-06 04:15:00+03:00,-5.0422,,
2026-08-01 15:05:54.574337+03:00,2026-08-06 04:30:00+03:00,-5.0594,,
2026-08-01 15:05:54.574337+03:00,2026-08-06 04:45:00+03:00,-5.0594,,
2026-08-01 15:05:54.574337+03:00,2026-08-06 05:00:00+03:00,-4.9982,,
2026-08-01 15:05:54.574337+03:00,2026-08-06 05:15:00+03:00,-4.721,,
2026-08-01 15:05:54.574337+03:00,2026-08-06 05:30:00+03:00,-4.9517,,
2026-08-01 15:05:54.574337+03:00,2026-08-06 05:45:00+03:00,-4.9517,,
2026-08-01 15:05:54.574337+03:00,2026-08-06 06:00:00+03:00,-4.9982,,
2026-08-01 15:05:54.574337+03:00,2026-08-06 06:15:00+03:00,-4.721,,
2026-08-01 15:05:54.574337+03:00,2026-08-06 06:30:00+03:00,-4.9517,,
2026-08-01 15:05:54.574337+03:00,2026-08-06 06:45:00+03:00,-4.9517,,
2026-08-01 15:05:54.574337+03:00,2026-08-06 07:00:00+03:00,-4.9982,,
2026-08-01 15:05:54.574337+03:00,2026-08-06 07:15:00+03:00,-4.721,,
2026-08-01 15:05:54.574337+03:00,2026-08-06 07:30:00+03:00,-4.9517,,
2026-08-01 15:05:54.574337+03:00,2026-08-06 07:45:00+03:00,-4.9517,,
2026-08-01 15:05:54.574337+03:00,2026-08-06 08:00:00+03:00,-5.0824,,
2026-08-01 15:05:54.574337+03:00,2026-08-06 08:15:00+03:00,-5.0496,,
2026-08-01 15:05:54.574337+03:00,2026-08-06 08:30:00+03:00,-5.0668,,
2026-08-01 15:05:54.574337+03:00,2026-08-06 08:45:00+03:00,-5.0668,,
2026-08-01 15:05:54.574337+03:00,2026-08-06 09:00:00+03:00,-5.2512,,
2026-08-01 15:05:54.574337+03:00,2026-08-06 09:15:00+03:00,-5.2674,,
2026-08-01 15:05:54.574337+03:00,2026-08-06 09:30:00+03:00,-5.2846,,
2026-08-01 15:05:54.574337+03:00,2026-08-06 09:45:00+03:00,-5.2846,,
2026-08-01 15:05:54.574337+03:00,2026-08-06 10:00:00+03:00,-5.3794,,
2026-08-01 15:05:54.574337+03:00,2026-08-06 10:15:00+03:00,-5.3156,,
2026-08-01 15:05:54.574337+03:00,2026-08-06 10:30:00+03:00,-5.3328,,
2026-08-01 15:05:54.574337+03:00,2026-08-06 10:45:00+03:00,-5.3328,,
2026-08-01 15:05:54.574337+03:00,2026-08-06 11:00:00+03:00,-5.3355,,
2026-08-01 15:05:54.574337+03:00,2026-08-06 11:15:00+03:00,-5.2717,,
2026-08-01 15:05:54.574337+03:00,2026-08-06 11:30:00+03:00,-5.2889,,
2026-08-01 15:05:54.574337+03:00,2026-08-06 11:45:00+03:00,-5.2889,,
2026-08-01 15:05:54.574337+03:00,2026-08-06 12:00:00+03:00,-5.3355,,
2026-08-01 15:05:54.574337+03:00,2026-08-06 12:15:00+03:00,-5.2717,,
2026-08-01 15:05:54.574337+03:00,2026-08-06 12:30:00+03:00,-5.2889,,
2026-08-01 15:05:54.574337+03:00,2026-08-06 12:45:00+03:00,-5.2889,,
2026-08-01 15:05:54.574337+03:00,2026-08-06 13:00:00+03:00,-5.3521,,
2026-08-01 15:05:54.574337+03:00,2026-08-06 13:15:00+03:00,-5.2883,,
2026-08-01 15:05:54.574337+03:00,2026-08-06 13:30:00+03:00,-5.3056,,
2026-08-01 15:05:54.574337+03:00,2026-08-06 13:45:00+03:00,-5.3056,,
2026-08-01 15:05:54.574337+03:00,2026-08-06 14:00:00+03:00,-5.3519,,
2026-08-01 15:05:54.574337+03:00,2026-08-06 14:15:00+03:00,-5.2881,,
2026-08-01 15:05:54.574337+03:00,2026-08-06 14:30:00+03:00,-5.3053,,
2026-08-01 15:05:54.574337+03:00,2026-08-06 14:45:00+03:00,-5.3053,,
2026-08-01 15:05:54.574337+03:00,2026-08-06 15:00:00+03:00,-5.2874,,
2026-08-01 15:05:54.574337+03:00,2026-08-06 15:15:00+03:00,-5.1596,,
2026-08-01 15:05:54.574337+03:00,2026-08-06 15:30:00+03:00,-5.1768,,
2026-08-01 15:05:54.574337+03:00,2026-08-06 15:45:00+03:00,-5.1768,,
2026-08-01 15:05:54.574337+03:00,2026-08-06 16:00:00+03:00,-5.1903,,
2026-08-01 15:05:54.574337+03:00,2026-08-06 16:15:00+03:00,-5.1265,,
2026-08-01 15:05:54.574337+03:00,2026-08-06 16:30:00+03:00,-5.1438,,
2026-08-01 15:05:54.574337+03:00,2026-08-06 16:45:00+03:00,-5.1438,,
2026-08-01 15:05:54.574337+03:00,2026-08-06 17:00:00+03:00,-5.0459,,
2026-08-01 15:05:54.574337+03:00,2026-08-06 17:15:00+03:00,-4.9821,,
2026-08-01 15:05:54.574337+03:00,2026-08-06 17:30:00+03:00,-4.9993,,
2026-08-01 15:05:54.574337+03:00,2026-08-06 17:45:00+03:00,-4.9993,,
2026-08-01 15:05:54.574337+03:00,2026-08-06 18:00:00+03:00,-4.9682,,
2026-08-01 15:05:54.574337+03:00,2026-08-06 18:15:00+03:00,-4.9243,,
2026-08-01 15:05:54.574337+03:00,2026-08-06 18:30:00+03:00,-4.9622,,
2026-08-01 15:05:54.574337+03:00,2026-08-06 18:45:00+03:00,-4.9622,,
2026-08-01 15:05:54.574337+03:00,2026-08-06 19:00:00+03:00,-5.069,,
2026-08-01 15:05:54.574337+03:00,2026-08-06 19:15:00+03:00,-5.045,,
2026-08-01 15:05:54.574337+03:00,2026-08-06 19:30:00+03:00,-5.0622,,
2026-08-01 15:05:54.574337+03:00,2026-08-06 19:45:00+03:00,-5.0622,,
2026-08-01 15:05:54.574337+03:00,2026-08-06 20:00:00+03:00,-5.2032,,
2026-08-01 15:05:54.574337+03:00,2026-08-06 20:15:00+03:00,-5.4053,,
2026-08-01 15:05:54.574337+03:00,2026-08-06 20:30:00+03:00,-5.3467,,
2026-08-01 15:05:54.574337+03:00,2026-08-06 20:45:00+03:00,-5.3467,,
2026-08-01 15:05:54.574337+03:00,2026-08-06 21:00:00+03:00,-5.2468,,
2026-08-01 15:05:54.574337+03:00,2026-08-06 21:15:00+03:00,-5.0688,,
2026-08-01 15:05:54.574337+03:00,2026-08-06 21:30:00+03:00,-5.086,,
2026-08-01 15:05:54.574337+03:00,2026-08-06 21:45:00+03:00,-5.086,,
2026-08-01 15:05:54.574337+03:00,2026-08-06 22:00:00+03:00,-5.2687,,
2026-08-01 15:05:54.574337+03:00,2026-08-06 22:15:00+03:00,-5.3319,,
2026-08-01 15:05:54.574337+03:00,2026-08-06 22:30:00+03:00,-5.3491,,
2026-08-01 15:05:54.574337+03:00,2026-08-06 22:45:00+03:00,-5.3491,,
2026-08-01 15:05:54.574337+03:00,2026-08-06 23:00:00+03:00,-5.3984,,
2026-08-01 15:05:54.574337+03:00,2026-08-06 23:15:00+03:00,-5.4204,,
2026-08-01 15:05:54.574337+03:00,2026-08-06 23:30:00+03:00,-5.3863,,
2026-08-01 15:05:54.574337+03:00,2026-08-06 23:45:00+03:00,-5.3863,,
2026-08-01 15:05:54.574337+03:00,2026-08-07 00:00:00+03:00,-5.3957,,
2026-08-01 15:05:54.574337+03:00,2026-08-07 00:15:00+03:00,-5.213,,
2026-08-01 15:05:54.574337+03:00,2026-08-07 00:30:00+03:00,-5.2302,,
2026-08-01 15:05:54.574337+03:00,2026-08-07 00:45:00+03:00,-5.2208,,
2026-08-01 15:05:54.574337+03:00,2026-08-07 01:00:00+03:00,-5.331,,
2026-08-01 15:05:54.574337+03:00,2026-08-07 01:15:00+03:00,-5.283,,
2026-08-01 15:05:54.574337+03:00,2026-08-07 01:30:00+03:00,-5.3002,,
2026-08-01 15:05:54.574337+03:00,2026-08-07 01:45:00+03:00,-5.3002,,
2026-08-01 15:05:54.574337+03:00,2026-08-07 02:00:00+03:00,-5.331,,
2026-08-01 15:05:54.574337+03:00,2026-08-07 02:15:00+03:00,-5.2695,,
2026-08-01 15:05:54.574337+03:00,2026-08-07 02:30:00+03:00,-5.2867,,
2026-08-01 15:05:54.574337+03:00,2026-08-07 02:45:00+03:00,-5.2867,,
2026-08-01 15:05:54.574337+03:00,2026-08-07 03:00:00+03:00,-5.2811,,
2026-08-01 15:05:54.574337+03:00,2026-08-07 03:15:00+03:00,-5.2174,,
2026-08-01 15:05:54.574337+03:00,2026-08-07 03:30:00+03:00,-5.2346,,
2026-08-01 15:05:54.574337+03:00,2026-08-07 03:45:00+03:00,-5.2346,,
2026-08-01 15:05:54.574337+03:00,2026-08-07 04:00:00+03:00,-5.0894,,
2026-08-01 15:05:54.574337+03:00,2026-08-07 04:15:00+03:00,-5.0256,,
2026-08-01 15:05:54.574337+03:00,2026-08-07 04:30:00+03:00,-5.0428,,
2026-08-01 15:05:54.574337+03:00,2026-08-07 04:45:00+03:00,-5.0428,,
2026-08-01 15:05:54.574337+03:00,2026-08-07 05:00:00+03:00,-4.9816,,
2026-08-01 15:05:54.574337+03:00,2026-08-07 05:15:00+03:00,-4.7044,,
2026-08-01 15:05:54.574337+03:00,2026-08-07 05:30:00+03:00,-4.9351,,
2026-08-01 15:05:54.574337+03:00,2026-08-07 05:45:00+03:00,-4.9351,,
2026-08-01 15:05:54.574337+03:00,2026-08-07 06:00:00+03:00,-4.9816,,
2026-08-01 15:05:54.574337+03:00,2026-08-07 06:15:00+03:00,-4.7044,,
2026-08-01 15:05:54.574337+03:00,2026-08-07 06:30:00+03:00,-4.9351,,
2026-08-01 15:05:54.574337+03:00,2026-08-07 06:45:00+03:00,-4.9351,,
2026-08-01 15:05:54.574337+03:00,2026-08-07 07:00:00+03:00,-4.9816,,
2026-08-01 15:05:54.574337+03:00,2026-08-07 07:15:00+03:00,-4.7044,,
2026-08-01 15:05:54.574337+03:00,2026-08-07 07:30:00+03:00,-4.9351,,
2026-08-01 15:05:54.574337+03:00,2026-08-07 07:45:00+03:00,-4.9351,,
2026-08-01 15:05:54.574337+03:00,2026-08-07 08:00:00+03:00,-5.0658,,
2026-08-01 15:05:54.574337+03:00,2026-08-07 08:15:00+03:00,-5.033,,
2026-08-01 15:05:54.574337+03:00,2026-08-07 08:30:00+03:00,-5.0502,,
2026-08-01 15:05:54.574337+03:00,2026-08-07 08:45:00+03:00,-5.0502,,
2026-08-01 15:05:54.574337+03:00,2026-08-07 09:00:00+03:00,-5.2512,,
2026-08-01 15:05:54.574337+03:00,2026-08-07 09:15:00+03:00,-5.2674,,
2026-08-01 15:05:54.574337+03:00,2026-08-07 09:30:00+03:00,-5.2846,,
2026-08-01 15:05:54.574337+03:00,2026-08-07 09:45:00+03:00,-5.2846,,
2026-08-01 15:05:54.574337+03:00,2026-08-07 10:00:00+03:00,-5.3794,,
2026-08-01 15:05:54.574337+03:00,2026-08-07 10:15:00+03:00,-5.3156,,
2026-08-01 15:05:54.574337+03:00,2026-08-07 10:30:00+03:00,-5.3328,,
2026-08-01 15:05:54.574337+03:00,2026-08-07 10:45:00+03:00,-5.3328,,
2026-08-01 15:05:54.574337+03:00,2026-08-07 11:00:00+03:00,-5.3794,,
2026-08-01 15:05:54.574337+03:00,2026-08-07 11:15:00+03:00,-5.3156,,
2026-08-01 15:05:54.574337+03:00,2026-08-07 11:30:00+03:00,-5.3328,,
2026-08-01 15:05:54.574337+03:00,2026-08-07 11:45:00+03:00,-5.3328,,
2026-08-01 15:05:54.574337+03:00,2026-08-07 12:00:00+03:00,-5.3355,,
2026-08-01 15:05:54.574337+03:00,2026-08-07 12:15:00+03:00,-5.2717,,
2026-08-01 15:05:54.574337+03:00,2026-08-07 12:30:00+03:00,-5.2889,,
2026-08-01 15:05:54.574337+03:00,2026-08-07 12:45:00+03:00,-5.2889,,
2026-08-01 15:05:54.574337+03:00,2026-08-07 13:00:00+03:00,-5.3303,,
2026-08-01 15:05:54.574337+03:00,2026-08-07 13:15:00+03:00,-5.2815,,
2026-08-01 15:05:54.574337+03:00,2026-08-07 13:30:00+03:00,-5.2987,,
2026-08-01 15:05:54.574337+03:00,2026-08-07 13:45:00+03:00,-5.2987,,
2026-08-01 15:05:54.574337+03:00,2026-08-07 14:00:00+03:00,-5.3141,,
2026-08-01 15:05:54.574337+03:00,2026-08-07 14:15:00+03:00,-5.2653,,
2026-08-01 15:05:54.574337+03:00,2026-08-07 14:30:00+03:00,-5.2825,,
2026-08-01 15:05:54.574337+03:00,2026-08-07 14:45:00+03:00,-5.2825,,
2026-08-01 15:05:54.574337+03:00,2026-08-07 15:00:00+03:00,-5.1815,,
2026-08-01 15:05:54.574337+03:00,2026-08-07 15:15:00+03:00,-5.0687,,
2026-08-01 15:05:54.574337+03:00,2026-08-07 15:30:00+03:00,-5.0859,,
2026-08-01 15:05:54.574337+03:00,2026-08-07 15:45:00+03:00,-5.0859,,
2026-08-01 15:05:54.574337+03:00,2026-08-07 16:00:00+03:00,-5.0532,,
2026-08-01 15:05:54.574337+03:00,2026-08-07 16:15:00+03:00,-5.0043,,
2026-08-01 15:05:54.574337+03:00,2026-08-07 16:30:00+03:00,-5.0215,,
2026-08-01 15:05:54.574337+03:00,2026-08-07 16:45:00+03:00,-5.0215,,
2026-08-01 15:05:54.574337+03:00,2026-08-07 17:00:00+03:00,-4.9589,,
2026-08-01 15:05:54.574337+03:00,2026-08-07 17:15:00+03:00,-4.9101,,
2026-08-01 15:05:54.574337+03:00,2026-08-07 17:30:00+03:00,-4.9273,,
2026-08-01 15:05:54.574337+03:00,2026-08-07 17:45:00+03:00,-4.9273,,
2026-08-01 15:05:54.574337+03:00,2026-08-07 18:00:00+03:00,-4.9589,,
2026-08-01 15:05:54.574337+03:00,2026-08-07 18:15:00+03:00,-4.9101,,
2026-08-01 15:05:54.574337+03:00,2026-08-07 18:30:00+03:00,-4.9479,,
2026-08-01 15:05:54.574337+03:00,2026-08-07 18:45:00+03:00,-4.9479,,
2026-08-01 15:05:54.574337+03:00,2026-08-07 19:00:00+03:00,-4.9796,,
2026-08-01 15:05:54.574337+03:00,2026-08-07 19:15:00+03:00,-4.9555,,
2026-08-01 15:05:54.574337+03:00,2026-08-07 19:30:00+03:00,-4.9727,,
2026-08-01 15:05:54.574337+03:00,2026-08-07 19:45:00+03:00,-4.9727,,
2026-08-01 15:05:54.574337+03:00,2026-08-07 20:00:00+03:00,-5.1102,,
2026-08-01 15:05:54.574337+03:00,2026-08-07 20:15:00+03:00,-5.328,,
2026-08-01 15:05:54.574337+03:00,2026-08-07 20:30:00+03:00,-5.2694,,
2026-08-01 15:05:54.574337+03:00,2026-08-07 20:45:00+03:00,-5.2694,,
2026-08-01 15:05:54.574337+03:00,2026-08-07 21:00:00+03:00,-5.1537,,
2026-08-01 15:05:54.574337+03:00,2026-08-07 21:15:00+03:00,-4.9915,,
2026-08-01 15:05:54.574337+03:00,2026-08-07 21:30:00+03:00,-5.0087,,
2026-08-01 15:05:54.574337+03:00,2026-08-07 21:45:00+03:00,-5.0087,,
2026-08-01 15:05:54.574337+03:00,2026-08-07 22:00:00+03:00,-5.2069,,
2026-08-01 15:05:54.574337+03:00,2026-08-07 22:15:00+03:00,-5.2859,,
2026-08-01 15:05:54.574337+03:00,2026-08-07 22:30:00+03:00,-5.3031,,
2026-08-01 15:05:54.574337+03:00,2026-08-07 22:45:00+03:00,-5.3031,,
2026-08-01 15:05:54.574337+03:00,2026-08-07 23:00:00+03:00,-5.3152,,
2026-08-01 15:05:54.574337+03:00,2026-08-07 23:15:00+03:00,-5.353,,
2026-08-01 15:05:54.574337+03:00,2026-08-07 23:30:00+03:00,-5.3188,,
2026-08-01 15:05:54.574337+03:00,2026-08-07 23:45:00+03:00,-5.3188,,
2026-08-01 15:05:54.574337+03:00,2026-08-08 00:00:00+03:00,-5.3306,,
2026-08-01 15:05:54.574337+03:00,2026-08-08 00:15:00+03:00,-5.1786,,
2026-08-01 15:05:54.574337+03:00,2026-08-08 00:30:00+03:00,-5.1958,,
2026-08-01 15:05:54.574337+03:00,2026-08-08 00:45:00+03:00,-5.1863,,
2026-08-01 15:05:54.574337+03:00,2026-08-08 01:00:00+03:00,-5.2872,,
2026-08-01 15:05:54.574337+03:00,2026-08-08 01:15:00+03:00,-5.27,,
2026-08-01 15:05:54.574337+03:00,2026-08-08 01:30:00+03:00,-5.2872,,
2026-08-01 15:05:54.574337+03:00,2026-08-08 01:45:00+03:00,-5.2872,,
2026-08-01 15:05:54.574337+03:00,2026-08-08 02:00:00+03:00,-5.2872,,
2026-08-01 15:05:54.574337+03:00,2026-08-08 02:15:00+03:00,-5.2621,,
2026-08-01 15:05:54.574337+03:00,2026-08-08 02:30:00+03:00,-5.2793,,
2026-08-01 15:05:54.574337+03:00,2026-08-08 02:45:00+03:00,-5.2793,,
2026-08-01 15:05:54.574337+03:00,2026-08-08 03:00:00+03:00,-5.2154,,
2026-08-01 15:05:54.574337+03:00,2026-08-08 03:15:00+03:00,-5.1666,,
2026-08-01 15:05:54.574337+03:00,2026-08-08 03:30:00+03:00,-5.1838,,
2026-08-01 15:05:54.574337+03:00,2026-08-08 03:45:00+03:00,-5.1838,,
2026-08-01 15:05:54.574337+03:00,2026-08-08 04:00:00+03:00,-5.0719,,
2026-08-01 15:05:54.574337+03:00,2026-08-08 04:15:00+03:00,-5.0231,,
2026-08-01 15:05:54.574337+03:00,2026-08-08 04:30:00+03:00,-5.0403,,
2026-08-01 15:05:54.574337+03:00,2026-08-08 04:45:00+03:00,-5.0403,,
2026-08-01 15:05:54.574337+03:00,2026-08-08 05:00:00+03:00,-4.9642,,
2026-08-01 15:05:54.574337+03:00,2026-08-08 05:15:00+03:00,-4.8396,,
2026-08-01 15:05:54.574337+03:00,2026-08-08 05:30:00+03:00,-4.9326,,
2026-08-01 15:05:54.574337+03:00,2026-08-08 05:45:00+03:00,-4.9326,,
2026-08-01 15:05:54.574337+03:00,2026-08-08 06:00:00+03:00,-4.9735,,
2026-08-01 15:05:54.574337+03:00,2026-08-08 06:15:00+03:00,-4.834,,
2026-08-01 15:05:54.574337+03:00,2026-08-08 06:30:00+03:00,-4.9269,,
2026-08-01 15:05:54.574337+03:00,2026-08-08 06:45:00+03:00,-4.9269,,
2026-08-01 15:05:54.574337+03:00,2026-08-08 07:00:00+03:00,-4.9735,,
2026-08-01 15:05:54.574337+03:00,2026-08-08 07:15:00+03:00,-4.834,,
2026-08-01 15:05:54.574337+03:00,2026-08-08 07:30:00+03:00,-4.9269,,
2026-08-01 15:05:54.574337+03:00,2026-08-08 07:45:00+03:00,-4.9269,,
2026-08-01 15:05:54.574337+03:00,2026-08-08 08:00:00+03:00,-5.0577,,
2026-08-01 15:05:54.574337+03:00,2026-08-08 08:15:00+03:00,-5.0248,,
2026-08-01 15:05:54.574337+03:00,2026-08-08 08:30:00+03:00,-5.042,,
2026-08-01 15:05:54.574337+03:00,2026-08-08 08:45:00+03:00,-5.042,,
2026-08-01 15:05:54.574337+03:00,2026-08-08 09:00:00+03:00,-5.2072,,
2026-08-01 15:05:54.574337+03:00,2026-08-08 09:15:00+03:00,-5.2235,,
2026-08-01 15:05:54.574337+03:00,2026-08-08 09:30:00+03:00,-5.2407,,
2026-08-01 15:05:54.574337+03:00,2026-08-08 09:45:00+03:00,-5.2407,,
2026-08-01 15:05:54.574337+03:00,2026-08-08 10:00:00+03:00,-5.3355,,
2026-08-01 15:05:54.574337+03:00,2026-08-08 10:15:00+03:00,-5.2717,,
2026-08-01 15:05:54.574337+03:00,2026-08-08 10:30:00+03:00,-5.2889,,
2026-08-01 15:05:54.574337+03:00,2026-08-08 10:45:00+03:00,-5.2889,,
2026-08-01 15:05:54.574337+03:00,2026-08-08 11:00:00+03:00,-5.3355,,
2026-08-01 15:05:54.574337+03:00,2026-08-08 11:15:00+03:00,-5.2717,,
2026-08-01 15:05:54.574337+03:00,2026-08-08 11:30:00+03:00,-5.2889,,
2026-08-01 15:05:54.574337+03:00,2026-08-08 11:45:00+03:00,-5.2889,,
2026-08-01 15:05:54.574337+03:00,2026-08-08 12:00:00+03:00,-5.3303,,
2026-08-01 15:05:54.574337+03:00,2026-08-08 12:15:00+03:00,-5.2815,,
2026-08-01 15:05:54.574337+03:00,2026-08-08 12:30:00+03:00,-5.2987,,
2026-08-01 15:05:54.574337+03:00,2026-08-08 12:45:00+03:00,-5.2987,,
2026-08-01 15:05:54.574337+03:00,2026-08-08 13:00:00+03:00,-5.3263,,
2026-08-01 15:05:54.574337+03:00,2026-08-08 13:15:00+03:00,-5.2774,,
2026-08-01 15:05:54.574337+03:00,2026-08-08 13:30:00+03:00,-5.2946,,
2026-08-01 15:05:54.574337+03:00,2026-08-08 13:45:00+03:00,-5.2946,,
2026-08-01 15:05:54.574337+03:00,2026-08-08 14:00:00+03:00,-5.3105,,
2026-08-01 15:05:54.574337+03:00,2026-08-08 14:15:00+03:00,-5.2774,,
2026-08-01 15:05:54.574337+03:00,2026-08-08 14:30:00+03:00,-5.2946,,
2026-08-01 15:05:54.574337+03:00,2026-08-08 14:45:00+03:00,-5.2946,,
2026-08-01 15:05:54.574337+03:00,2026-08-08 15:00:00+03:00,-5.1779,,
2026-08-01 15:05:54.574337+03:00,2026-08-08 15:15:00+03:00,-5.0808,,
2026-08-01 15:05:54.574337+03:00,2026-08-08 15:30:00+03:00,-5.098,,
2026-08-01 15:05:54.574337+03:00,2026-08-08 15:45:00+03:00,-5.098,,
2026-08-01 15:05:54.574337+03:00,2026-08-08 16:00:00+03:00,-5.0495,,
2026-08-01 15:05:54.574337+03:00,2026-08-08 16:15:00+03:00,-5.0164,,
2026-08-01 15:05:54.574337+03:00,2026-08-08 16:30:00+03:00,-5.0336,,
2026-08-01 15:05:54.574337+03:00,2026-08-08 16:45:00+03:00,-5.0336,,
2026-08-01 15:05:54.574337+03:00,2026-08-08 17:00:00+03:00,-4.9589,,
2026-08-01 15:05:54.574337+03:00,2026-08-08 17:15:00+03:00,-4.9101,,
2026-08-01 15:05:54.574337+03:00,2026-08-08 17:30:00+03:00,-4.9273,,
2026-08-01 15:05:54.574337+03:00,2026-08-08 17:45:00+03:00,-4.9273,,
2026-08-01 15:05:54.574337+03:00,2026-08-08 18:00:00+03:00,-4.9589,,
2026-08-01 15:05:54.574337+03:00,2026-08-08 18:15:00+03:00,-4.9101,,
2026-08-01 15:05:54.574337+03:00,2026-08-08 18:30:00+03:00,-4.9479,,
2026-08-01 15:05:54.574337+03:00,2026-08-08 18:45:00+03:00,-4.9479,,
2026-08-01 15:05:54.574337+03:00,2026-08-08 19:00:00+03:00,-4.9796,,
2026-08-01 15:05:54.574337+03:00,2026-08-08 19:15:00+03:00,-4.9555,,
2026-08-01 15:05:54.574337+03:00,2026-08-08 19:30:00+03:00,-4.9727,,
2026-08-01 15:05:54.574337+03:00,2026-08-08 19:45:00+03:00,-4.9727,,
2026-08-01 15:05:54.574337+03:00,2026-08-08 20:00:00+03:00,-5.1179,,
2026-08-01 15:05:54.574337+03:00,2026-08-08 20:15:00+03:00,-5.3199,,
2026-08-01 15:05:54.574337+03:00,2026-08-08 20:30:00+03:00,-5.2614,,
2026-08-01 15:05:54.574337+03:00,2026-08-08 20:45:00+03:00,-5.2614,,
2026-08-01 15:05:54.574337+03:00,2026-08-08 21:00:00+03:00,-5.2459,,
2026-08-01 15:05:54.574337+03:00,2026-08-08 21:15:00+03:00,-5.068,,
2026-08-01 15:05:54.574337+03:00,2026-08-08 21:30:00+03:00,-5.0852,,
2026-08-01 15:05:54.574337+03:00,2026-08-08 21:45:00+03:00,-5.0852,,
2026-08-01 15:05:54.574337+03:00,2026-08-08 22:00:00+03:00,-5.2622,,
2026-08-01 15:05:54.574337+03:00,2026-08-08 22:15:00+03:00,-5.3254,,
2026-08-01 15:05:54.574337+03:00,2026-08-08 22:30:00+03:00,-5.3426,,
2026-08-01 15:05:54.574337+03:00,2026-08-08 22:45:00+03:00,-5.3426,,
2026-08-01 15:05:54.574337+03:00,2026-08-08 23:00:00+03:00,-5.377,,
2026-08-01 15:05:54.574337+03:00,2026-08-08 23:15:00+03:00,-5.399,,
2026-08-01 15:05:54.574337+03:00,2026-08-08 23:30:00+03:00,-5.3649,,
2026-08-01 15:05:54.574337+03:00,2026-08-08 23:45:00+03:00,-5.3649,,
2026-08-02 15:08:27.344359+03:00,2026-08-03 00:00:00+03:00,-0.1958,29.72,29.915799999999997
2026-08-02 15:08:27.344359+03:00,2026-08-03 00:15:00+03:00,-1.7367,26.03,27.7667
2026-08-02 15:08:27.344359+03:00,2026-08-03 00:30:00+03:00,-2.8047,21.03,23.8347
2026-08-02 15:08:27.344359+03:00,2026-08-03 00:45:00+03:00,-3.8408,15.01,18.8508
2026-08-02 15:08:27.344359+03:00,2026-08-03 01:00:00+03:00,-3.5862,22.21,25.7962
2026-08-02 15:08:27.344359+03:00,2026-08-03 01:15:00+03:00,-3.443,16.2,19.643
2026-08-02 15:08:27.344359+03:00,2026-08-03 01:30:00+03:00,-3.4602,13.85,17.3102
2026-08-02 15:08:27.344359+03:00,2026-08-03 01:45:00+03:00,-3.4974,9.99,13.487400000000001
2026-08-02 15:08:27.344359+03:00,2026-08-03 02:00:00+03:00,-3.6229,15.62,19.2429
2026-08-02 15:08:27.344359+03:00,2026-08-03 02:15:00+03:00,-3.582,15.07,18.652
2026-08-02 15:08:27.344359+03:00,2026-08-03 02:30:00+03:00,-3.5992,14.78,18.3792
2026-08-02 15:08:27.344359+03:00,2026-08-03 02:45:00+03:00,-3.5992,14.34,17.9392
2026-08-02 15:08:27.344359+03:00,2026-08-03 03:00:00+03:00,-3.5787,15.19,18.7687
2026-08-02 15:08:27.344359+03:00,2026-08-03 03:15:00+03:00,-3.5299,14.77,18.2999
2026-08-02 15:08:27.344359+03:00,2026-08-03 03:30:00+03:00,-3.5471,15.15,18.6971
2026-08-02 15:08:27.344359+03:00,2026-08-03 03:45:00+03:00,-3.5471,14.72,18.2671
2026-08-02 15:08:27.344359+03:00,2026-08-03 04:00:00+03:00,-3.4845,13.89,17.3745
2026-08-02 15:08:27.344359+03:00,2026-08-03 04:15:00+03:00,-3.4357,14.97,18.4057
2026-08-02 15:08:27.344359+03:00,2026-08-03 04:30:00+03:00,-3.4529,16.35,19.8029
2026-08-02 15:08:27.344359+03:00,2026-08-03 04:45:00+03:00,-3.4529,17.6,21.0529
2026-08-02 15:08:27.344359+03:00,2026-08-03 05:00:00+03:00,-3.3051,12.65,15.9551
2026-08-02 15:08:27.344359+03:00,2026-08-03 05:15:00+03:00,-3.0428,15.12,18.1628
2026-08-02 15:08:27.344359+03:00,2026-08-03 05:30:00+03:00,-2.314,19.16,21.474
2026-08-02 15:08:27.344359+03:00,2026-08-03 05:45:00+03:00,-1.823,22.68,24.503
2026-08-02 15:08:27.344359+03:00,2026-08-03 06:00:00+03:00,-1.4128,13.49,14.902800000000001
2026-08-02 15:08:27.344359+03:00,2026-08-03 06:15:00+03:00,-0.8064,20.12,20.9264
2026-08-02 15:08:27.344359+03:00,2026-08-03 06:30:00+03:00,-0.3571,26.18,26.5371
2026-08-02 15:08:27.344359+03:00,2026-08-03 06:45:00+03:00,0.1686,29.42,29.2514
2026-08-02 15:08:27.344359+03:00,2026-08-03 07:00:00+03:00,0.5974,17.85,17.2526
2026-08-02 15:08:27.344359+03:00,2026-08-03 07:15:00+03:00,1.291,27.65,26.358999999999998
2026-08-02 15:08:27.344359+03:00,2026-08-03 07:30:00+03:00,1.8882,29.99,28.101799999999997
2026-08-02 15:08:27.344359+03:00,2026-08-03 07:45:00+03:00,2.3156,34.24,31.924400000000002
2026-08-02 15:08:27.344359+03:00,2026-08-03 08:00:00+03:00,2.5409,25.61,23.0691
2026-08-02 15:08:27.344359+03:00,2026-08-03 08:15:00+03:00,2.8362,28.55,25.7138
2026-08-02 15:08:27.344359+03:00,2026-08-03 08:30:00+03:00,2.8905,30.45,27.5595
2026-08-02 15:08:27.344359+03:00,2026-08-03 08:45:00+03:00,3.1834,30.46,27.276600000000002
2026-08-02 15:08:27.344359+03:00,2026-08-03 09:00:00+03:00,3.2437,34.88,31.636300000000002
2026-08-02 15:08:27.344359+03:00,2026-08-03 09:15:00+03:00,3.2326,30.12,26.8874
2026-08-02 15:08:27.344359+03:00,2026-08-03 09:30:00+03:00,3.1926,27.37,24.177400000000002
2026-08-02 15:08:27.344359+03:00,2026-08-03 09:45:00+03:00,3.1926,24.49,21.2974
2026-08-02 15:08:27.344359+03:00,2026-08-03 10:00:00+03:00,3.0964,34.49,31.393600000000003
2026-08-02 15:08:27.344359+03:00,2026-08-03 10:15:00+03:00,3.0422,29.95,26.907799999999998
2026-08-02 15:08:27.344359+03:00,2026-08-03 10:30:00+03:00,2.9533,25.0,22.0467
2026-08-02 15:08:27.344359+03:00,2026-08-03 10:45:00+03:00,2.9533,19.9,16.9467
2026-08-02 15:08:27.344359+03:00,2026-08-03 11:00:00+03:00,2.9169,24.96,22.043100000000003
2026-08-02 15:08:27.344359+03:00,2026-08-03 11:15:00+03:00,2.9829,21.01,18.0271
2026-08-02 15:08:27.344359+03:00,2026-08-03 11:30:00+03:00,2.9429,20.99,18.0471
2026-08-02 15:08:27.344359+03:00,2026-08-03 11:45:00+03:00,2.9429,18.13,15.1871
2026-08-02 15:08:27.344359+03:00,2026-08-03 12:00:00+03:00,2.9169,20.98,18.0631
2026-08-02 15:08:27.344359+03:00,2026-08-03 12:15:00+03:00,2.9829,19.1,16.1171
2026-08-02 15:08:27.344359+03:00,2026-08-03 12:30:00+03:00,2.9429,19.23,16.287100000000002
2026-08-02 15:08:27.344359+03:00,2026-08-03 12:45:00+03:00,2.9429,16.88,13.9371
2026-08-02 15:08:27.344359+03:00,2026-08-03 13:00:00+03:00,2.9025,22.16,19.2575
2026-08-02 15:08:27.344359+03:00,2026-08-03 13:15:00+03:00,2.9685,19.67,16.701500000000003
2026-08-02 15:08:27.344359+03:00,2026-08-03 13:30:00+03:00,2.9285,18.2,15.2715
2026-08-02 15:08:27.344359+03:00,2026-08-03 13:45:00+03:00,2.9285,14.95,12.0215
2026-08-02 15:08:27.344359+03:00,2026-08-03 14:00:00+03:00,2.8979,17.75,14.8521
2026-08-02 15:08:27.344359+03:00,2026-08-03 14:15:00+03:00,2.9639,16.36,13.396099999999999
2026-08-02 15:08:27.344359+03:00,2026-08-03 14:30:00+03:00,2.924,13.95,11.026
2026-08-02 15:08:27.344359+03:00,2026-08-03 14:45:00+03:00,2.924,14.19,11.266
2026-08-02 15:08:27.344359+03:00,2026-08-03 15:00:00+03:00,3.0522,12.69,9.637799999999999
2026-08-02 15:08:27.344359+03:00,2026-08-03 15:15:00+03:00,3.2515,15.29,12.038499999999999
2026-08-02 15:08:27.344359+03:00,2026-08-03 15:30:00+03:00,3.3474,16.9,13.552599999999998
2026-08-02 15:08:27.344359+03:00,2026-08-03 15:45:00+03:00,3.4427,17.62,14.1773
2026-08-02 15:08:27.344359+03:00,2026-08-03 16:00:00+03:00,3.4497,16.21,12.7603
2026-08-02 15:08:27.344359+03:00,2026-08-03 16:15:00+03:00,3.5158,19.52,16.0042
2026-08-02 15:08:27.344359+03:00,2026-08-03 16:30:00+03:00,3.4758,21.56,18.0842
2026-08-02 15:08:27.344359+03:00,2026-08-03 16:45:00+03:00,3.4758,,
2026-08-02 15:08:27.344359+03:00,2026-08-03 17:00:00+03:00,3.4948,,
2026-08-02 15:08:27.344359+03:00,2026-08-03 17:15:00+03:00,3.5608,,
2026-08-02 15:08:27.344359+03:00,2026-08-03 17:30:00+03:00,3.9379,,
2026-08-02 15:08:27.344359+03:00,2026-08-03 17:45:00+03:00,4.1691,,
2026-08-02 15:08:27.344359+03:00,2026-08-03 18:00:00+03:00,4.2193,,
2026-08-02 15:08:27.344359+03:00,2026-08-03 18:15:00+03:00,4.2853,,
2026-08-02 15:08:27.344359+03:00,2026-08-03 18:30:00+03:00,4.5881,,
2026-08-02 15:08:27.344359+03:00,2026-08-03 18:45:00+03:00,4.7992,,
2026-08-02 15:08:27.344359+03:00,2026-08-03 19:00:00+03:00,5.116,,
2026-08-02 15:08:27.344359+03:00,2026-08-03 19:15:00+03:00,5.3556,,
2026-08-02 15:08:27.344359+03:00,2026-08-03 19:30:00+03:00,5.4653,,
2026-08-02 15:08:27.344359+03:00,2026-08-03 19:45:00+03:00,5.4653,,
2026-08-02 15:08:27.344359+03:00,2026-08-03 20:00:00+03:00,5.3454,,
2026-08-02 15:08:27.344359+03:00,2026-08-03 20:15:00+03:00,5.1605,,
2026-08-02 15:08:27.344359+03:00,2026-08-03 20:30:00+03:00,5.0144,,
2026-08-02 15:08:27.344359+03:00,2026-08-03 20:45:00+03:00,4.9307,,
2026-08-02 15:08:27.344359+03:00,2026-08-03 21:00:00+03:00,4.8333,,
2026-08-02 15:08:27.344359+03:00,2026-08-03 21:15:00+03:00,5.0284,,
2026-08-02 15:08:27.344359+03:00,2026-08-03 21:30:00+03:00,5.1914,,
2026-08-02 15:08:27.344359+03:00,2026-08-03 21:45:00+03:00,5.2751,,
2026-08-02 15:08:27.344359+03:00,2026-08-03 22:00:00+03:00,5.1009,,
2026-08-02 15:08:27.344359+03:00,2026-08-03 22:15:00+03:00,5.0548,,
2026-08-02 15:08:27.344359+03:00,2026-08-03 22:30:00+03:00,4.9311,,
2026-08-02 15:08:27.344359+03:00,2026-08-03 22:45:00+03:00,4.7281,,
2026-08-02 15:08:27.344359+03:00,2026-08-03 23:00:00+03:00,4.462,,
2026-08-02 15:08:27.344359+03:00,2026-08-03 23:15:00+03:00,4.37,,
2026-08-02 15:08:27.344359+03:00,2026-08-03 23:30:00+03:00,4.1703,,
2026-08-02 15:08:27.344359+03:00,2026-08-03 23:45:00+03:00,3.8069,,
2026-08-02 15:08:27.344359+03:00,2026-08-04 00:00:00+03:00,3.6974,,
2026-08-02 15:08:27.344359+03:00,2026-08-04 00:15:00+03:00,3.9112,,
2026-08-02 15:08:27.344359+03:00,2026-08-04 00:30:00+03:00,3.9351,,
2026-08-02 15:08:27.344359+03:00,2026-08-04 00:45:00+03:00,3.9446,,
2026-08-02 15:08:27.344359+03:00,2026-08-04 01:00:00+03:00,3.8335,,
2026-08-02 15:08:27.344359+03:00,2026-08-04 01:15:00+03:00,3.8837,,
2026-08-02 15:08:27.344359+03:00,2026-08-04 01:30:00+03:00,3.8437,,
2026-08-02 15:08:27.344359+03:00,2026-08-04 01:45:00+03:00,3.8437,,
2026-08-02 15:08:27.344359+03:00,2026-08-04 02:00:00+03:00,3.8335,,
2026-08-02 15:08:27.344359+03:00,2026-08-04 02:15:00+03:00,3.8916,,
2026-08-02 15:08:27.344359+03:00,2026-08-04 02:30:00+03:00,3.8516,,
2026-08-02 15:08:27.344359+03:00,2026-08-04 02:45:00+03:00,3.8516,,
2026-08-02 15:08:27.344359+03:00,2026-08-04 03:00:00+03:00,3.909,,
2026-08-02 15:08:27.344359+03:00,2026-08-04 03:15:00+03:00,3.975,,
2026-08-02 15:08:27.344359+03:00,2026-08-04 03:30:00+03:00,4.0379,,
2026-08-02 15:08:27.344359+03:00,2026-08-04 03:45:00+03:00,4.0379,,
2026-08-02 15:08:27.344359+03:00,2026-08-04 04:00:00+03:00,4.1285,,
2026-08-02 15:08:27.344359+03:00,2026-08-04 04:15:00+03:00,4.1945,,
2026-08-02 15:08:27.344359+03:00,2026-08-04 04:30:00+03:00,4.1545,,
2026-08-02 15:08:27.344359+03:00,2026-08-04 04:45:00+03:00,4.1545,,
2026-08-02 15:08:27.344359+03:00,2026-08-04 05:00:00+03:00,4.4683,,
2026-08-02 15:08:27.344359+03:00,2026-08-04 05:15:00+03:00,5.428,,
2026-08-02 15:08:27.344359+03:00,2026-08-04 05:30:00+03:00,5.9859,,
2026-08-02 15:08:27.344359+03:00,2026-08-04 05:45:00+03:00,6.8886,,
2026-08-02 15:08:27.344359+03:00,2026-08-04 06:00:00+03:00,7.6228,,
2026-08-02 15:08:27.344359+03:00,2026-08-04 06:15:00+03:00,9.0948,,
2026-08-02 15:08:27.344359+03:00,2026-08-04 06:30:00+03:00,10.6714,,
2026-08-02 15:08:27.344359+03:00,2026-08-04 06:45:00+03:00,12.6091,,
2026-08-02 15:08:27.344359+03:00,2026-08-04 07:00:00+03:00,14.9274,,
2026-08-02 15:08:27.344359+03:00,2026-08-04 07:15:00+03:00,18.4126,,
2026-08-02 15:08:27.344359+03:00,2026-08-04 07:30:00+03:00,22.5132,,
2026-08-02 15:08:27.344359+03:00,2026-08-04 07:45:00+03:00,26.1339,,
2026-08-02 15:08:27.344359+03:00,2026-08-04 08:00:00+03:00,29.0581,,
2026-08-02 15:08:27.344359+03:00,2026-08-04 08:15:00+03:00,31.7236,,
2026-08-02 15:08:27.344359+03:00,2026-08-04 08:30:00+03:00,33.9404,,
2026-08-02 15:08:27.344359+03:00,2026-08-04 08:45:00+03:00,35.8806,,
2026-08-02 15:08:27.344359+03:00,2026-08-04 09:00:00+03:00,36.7981,,
2026-08-02 15:08:27.344359+03:00,2026-08-04 09:15:00+03:00,36.9697,,
2026-08-02 15:08:27.344359+03:00,2026-08-04 09:30:00+03:00,37.0691,,
2026-08-02 15:08:27.344359+03:00,2026-08-04 09:45:00+03:00,36.8263,,
2026-08-02 15:08:27.344359+03:00,2026-08-04 10:00:00+03:00,36.4208,,
2026-08-02 15:08:27.344359+03:00,2026-08-04 10:15:00+03:00,35.6544,,
2026-08-02 15:08:27.344359+03:00,2026-08-04 10:30:00+03:00,35.2727,,
2026-08-02 15:08:27.344359+03:00,2026-08-04 10:45:00+03:00,34.8738,,
2026-08-02 15:08:27.344359+03:00,2026-08-04 11:00:00+03:00,34.4625,,
2026-08-02 15:08:27.344359+03:00,2026-08-04 11:15:00+03:00,34.1789,,
2026-08-02 15:08:27.344359+03:00,2026-08-04 11:30:00+03:00,33.9714,,
2026-08-02 15:08:27.344359+03:00,2026-08-04 11:45:00+03:00,33.9714,,
2026-08-02 15:08:27.344359+03:00,2026-08-04 12:00:00+03:00,33.9535,,
2026-08-02 15:08:27.344359+03:00,2026-08-04 12:15:00+03:00,33.9694,,
2026-08-02 15:08:27.344359+03:00,2026-08-04 12:30:00+03:00,33.9522,,
2026-08-02 15:08:27.344359+03:00,2026-08-04 12:45:00+03:00,33.9522,,
2026-08-02 15:08:27.344359+03:00,2026-08-04 13:00:00+03:00,33.9535,,
2026-08-02 15:08:27.344359+03:00,2026-08-04 13:15:00+03:00,33.9694,,
2026-08-02 15:08:27.344359+03:00,2026-08-04 13:30:00+03:00,33.9522,,
2026-08-02 15:08:27.344359+03:00,2026-08-04 13:45:00+03:00,33.9522,,
2026-08-02 15:08:27.344359+03:00,2026-08-04 14:00:00+03:00,33.9858,,
2026-08-02 15:08:27.344359+03:00,2026-08-04 14:15:00+03:00,34.085,,
2026-08-02 15:08:27.344359+03:00,2026-08-04 14:30:00+03:00,34.0678,,
2026-08-02 15:08:27.344359+03:00,2026-08-04 14:45:00+03:00,34.0678,,
2026-08-02 15:08:27.344359+03:00,2026-08-04 15:00:00+03:00,34.2672,,
2026-08-02 15:08:27.344359+03:00,2026-08-04 15:15:00+03:00,34.6747,,
2026-08-02 15:08:27.344359+03:00,2026-08-04 15:30:00+03:00,34.8478,,
2026-08-02 15:08:27.344359+03:00,2026-08-04 15:45:00+03:00,35.383,,
2026-08-02 15:08:27.344359+03:00,2026-08-04 16:00:00+03:00,35.88,,
2026-08-02 15:08:27.344359+03:00,2026-08-04 16:15:00+03:00,36.0591,,
2026-08-02 15:08:27.344359+03:00,2026-08-04 16:30:00+03:00,36.4063,,
2026-08-02 15:08:27.344359+03:00,2026-08-04 16:45:00+03:00,36.4063,,
2026-08-02 15:08:27.344359+03:00,2026-08-04 17:00:00+03:00,36.4376,,
2026-08-02 15:08:27.344359+03:00,2026-08-04 17:15:00+03:00,36.4535,,
2026-08-02 15:08:27.344359+03:00,2026-08-04 17:30:00+03:00,37.2186,,
2026-08-02 15:08:27.344359+03:00,2026-08-04 17:45:00+03:00,37.571,,
2026-08-02 15:08:27.344359+03:00,2026-08-04 18:00:00+03:00,38.2271,,
2026-08-02 15:08:27.344359+03:00,2026-08-04 18:15:00+03:00,38.4447,,
2026-08-02 15:08:27.344359+03:00,2026-08-04 18:30:00+03:00,38.3684,,
2026-08-02 15:08:27.344359+03:00,2026-08-04 18:45:00+03:00,38.3684,,
2026-08-02 15:08:27.344359+03:00,2026-08-04 19:00:00+03:00,38.3698,,
2026-08-02 15:08:27.344359+03:00,2026-08-04 19:15:00+03:00,37.7517,,
2026-08-02 15:08:27.344359+03:00,2026-08-04 19:30:00+03:00,37.3732,,
2026-08-02 15:08:27.344359+03:00,2026-08-04 19:45:00+03:00,37.3732,,
2026-08-02 15:08:27.344359+03:00,2026-08-04 20:00:00+03:00,37.3144,,
2026-08-02 15:08:27.344359+03:00,2026-08-04 20:15:00+03:00,36.2856,,
2026-08-02 15:08:27.344359+03:00,2026-08-04 20:30:00+03:00,35.2095,,
2026-08-02 15:08:27.344359+03:00,2026-08-04 20:45:00+03:00,34.3086,,
2026-08-02 15:08:27.344359+03:00,2026-08-04 21:00:00+03:00,33.3497,,
2026-08-02 15:08:27.344359+03:00,2026-08-04 21:15:00+03:00,32.5533,,
2026-08-02 15:08:27.344359+03:00,2026-08-04 21:30:00+03:00,32.0187,,
2026-08-02 15:08:27.344359+03:00,2026-08-04 21:45:00+03:00,31.4898,,
2026-08-02 15:08:27.344359+03:00,2026-08-04 22:00:00+03:00,31.0485,,
2026-08-02 15:08:27.344359+03:00,2026-08-04 22:15:00+03:00,30.5195,,
2026-08-02 15:08:27.344359+03:00,2026-08-04 22:30:00+03:00,30.0758,,
2026-08-02 15:08:27.344359+03:00,2026-08-04 22:45:00+03:00,29.7263,,
2026-08-02 15:08:27.344359+03:00,2026-08-04 23:00:00+03:00,29.3456,,
2026-08-02 15:08:27.344359+03:00,2026-08-04 23:15:00+03:00,28.9854,,
2026-08-02 15:08:27.344359+03:00,2026-08-04 23:30:00+03:00,28.6806,,
2026-08-02 15:08:27.344359+03:00,2026-08-04 23:45:00+03:00,28.2387,,
2026-08-02 15:08:27.344359+03:00,2026-08-05 00:00:00+03:00,27.8756,,
2026-08-02 15:08:27.344359+03:00,2026-08-05 00:15:00+03:00,27.7988,,
2026-08-02 15:08:27.344359+03:00,2026-08-05 00:30:00+03:00,27.8545,,
2026-08-02 15:08:27.344359+03:00,2026-08-05 00:45:00+03:00,27.8639,,
2026-08-02 15:08:27.344359+03:00,2026-08-05 01:00:00+03:00,27.7495,,
2026-08-02 15:08:27.344359+03:00,2026-08-05 01:15:00+03:00,27.7803,,
2026-08-02 15:08:27.344359+03:00,2026-08-05 01:30:00+03:00,27.763,,
2026-08-02 15:08:27.344359+03:00,2026-08-05 01:45:00+03:00,27.763,,
2026-08-02 15:08:27.344359+03:00,2026-08-05 02:00:00+03:00,27.7604,,
2026-08-02 15:08:27.344359+03:00,2026-08-05 02:15:00+03:00,27.7841,,
2026-08-02 15:08:27.344359+03:00,2026-08-05 02:30:00+03:00,27.7669,,
2026-08-02 15:08:27.344359+03:00,2026-08-05 02:45:00+03:00,27.7669,,
2026-08-02 15:08:27.344359+03:00,2026-08-05 03:00:00+03:00,27.8408,,
2026-08-02 15:08:27.344359+03:00,2026-08-05 03:15:00+03:00,27.8724,,
2026-08-02 15:08:27.344359+03:00,2026-08-05 03:30:00+03:00,27.8552,,
2026-08-02 15:08:27.344359+03:00,2026-08-05 03:45:00+03:00,27.8552,,
2026-08-02 15:08:27.344359+03:00,2026-08-05 04:00:00+03:00,28.1299,,
2026-08-02 15:08:27.344359+03:00,2026-08-05 04:15:00+03:00,28.1615,,
2026-08-02 15:08:27.344359+03:00,2026-08-05 04:30:00+03:00,28.1745,,
2026-08-02 15:08:27.344359+03:00,2026-08-05 04:45:00+03:00,28.1745,,
2026-08-02 15:08:27.344359+03:00,2026-08-05 05:00:00+03:00,28.5502,,
2026-08-02 15:08:27.344359+03:00,2026-08-05 05:15:00+03:00,29.7858,,
2026-08-02 15:08:27.344359+03:00,2026-08-05 05:30:00+03:00,30.8405,,
2026-08-02 15:08:27.344359+03:00,2026-08-05 05:45:00+03:00,31.8294,,
2026-08-02 15:08:27.344359+03:00,2026-08-05 06:00:00+03:00,33.1314,,
2026-08-02 15:08:27.344359+03:00,2026-08-05 06:15:00+03:00,34.7711,,
2026-08-02 15:08:27.344359+03:00,2026-08-05 06:30:00+03:00,36.5599,,
2026-08-02 15:08:27.344359+03:00,2026-08-05 06:45:00+03:00,38.9734,,
2026-08-02 15:08:27.344359+03:00,2026-08-05 07:00:00+03:00,41.397,,
2026-08-02 15:08:27.344359+03:00,2026-08-05 07:15:00+03:00,45.0897,,
2026-08-02 15:08:27.344359+03:00,2026-08-05 07:30:00+03:00,48.9974,,
2026-08-02 15:08:27.344359+03:00,2026-08-05 07:45:00+03:00,53.8679,,
2026-08-02 15:08:27.344359+03:00,2026-08-05 08:00:00+03:00,57.8064,,
2026-08-02 15:08:27.344359+03:00,2026-08-05 08:15:00+03:00,60.936,,
2026-08-02 15:08:27.344359+03:00,2026-08-05 08:30:00+03:00,63.7269,,
2026-08-02 15:08:27.344359+03:00,2026-08-05 08:45:00+03:00,65.9435,,
2026-08-02 15:08:27.344359+03:00,2026-08-05 09:00:00+03:00,65.8848,,
2026-08-02 15:08:27.344359+03:00,2026-08-05 09:15:00+03:00,65.6803,,
2026-08-02 15:08:27.344359+03:00,2026-08-05 09:30:00+03:00,65.2658,,
2026-08-02 15:08:27.344359+03:00,2026-08-05 09:45:00+03:00,64.0201,,
2026-08-02 15:08:27.344359+03:00,2026-08-05 10:00:00+03:00,63.5098,,
2026-08-02 15:08:27.344359+03:00,2026-08-05 10:15:00+03:00,62.7641,,
2026-08-02 15:08:27.344359+03:00,2026-08-05 10:30:00+03:00,61.5688,,
2026-08-02 15:08:27.344359+03:00,2026-08-05 10:45:00+03:00,60.6963,,
2026-08-02 15:08:27.344359+03:00,2026-08-05 11:00:00+03:00,60.1265,,
2026-08-02 15:08:27.344359+03:00,2026-08-05 11:15:00+03:00,59.5438,,
2026-08-02 15:08:27.344359+03:00,2026-08-05 11:30:00+03:00,58.6766,,
2026-08-02 15:08:27.344359+03:00,2026-08-05 11:45:00+03:00,57.8975,,
2026-08-02 15:08:27.344359+03:00,2026-08-05 12:00:00+03:00,57.1147,,
2026-08-02 15:08:27.344359+03:00,2026-08-05 12:15:00+03:00,56.9076,,
2026-08-02 15:08:27.344359+03:00,2026-08-05 12:30:00+03:00,56.9076,,
2026-08-02 15:08:27.344359+03:00,2026-08-05 12:45:00+03:00,56.9379,,
2026-08-02 15:08:27.344359+03:00,2026-08-05 13:00:00+03:00,56.9331,,
2026-08-02 15:08:27.344359+03:00,2026-08-05 13:15:00+03:00,56.9488,,
2026-08-02 15:08:27.344359+03:00,2026-08-05 13:30:00+03:00,56.9488,,
2026-08-02 15:08:27.344359+03:00,2026-08-05 13:45:00+03:00,57.1879,,
2026-08-02 15:08:27.344359+03:00,2026-08-05 14:00:00+03:00,57.2513,,
2026-08-02 15:08:27.344359+03:00,2026-08-05 14:15:00+03:00,57.3503,,
2026-08-02 15:08:27.344359+03:00,2026-08-05 14:30:00+03:00,57.3737,,
2026-08-02 15:08:27.344359+03:00,2026-08-05 14:45:00+03:00,57.3737,,
2026-08-02 15:08:27.344359+03:00,2026-08-05 15:00:00+03:00,57.5711,,
2026-08-02 15:08:27.344359+03:00,2026-08-05 15:15:00+03:00,58.3191,,
2026-08-02 15:08:27.344359+03:00,2026-08-05 15:30:00+03:00,58.3576,,
2026-08-02 15:08:27.344359+03:00,2026-08-05 15:45:00+03:00,58.3576,,
2026-08-02 15:08:27.344359+03:00,2026-08-05 16:00:00+03:00,58.3734,,
2026-08-02 15:08:27.344359+03:00,2026-08-05 16:15:00+03:00,58.3891,,
2026-08-02 15:08:27.344359+03:00,2026-08-05 16:30:00+03:00,58.3891,,
2026-08-02 15:08:27.344359+03:00,2026-08-05 16:45:00+03:00,58.3891,,
2026-08-02 15:08:27.344359+03:00,2026-08-05 17:00:00+03:00,58.4076,,
2026-08-02 15:08:27.344359+03:00,2026-08-05 17:15:00+03:00,59.0192,,
2026-08-02 15:08:27.344359+03:00,2026-08-05 17:30:00+03:00,59.0192,,
2026-08-02 15:08:27.344359+03:00,2026-08-05 17:45:00+03:00,59.0192,,
2026-08-02 15:08:27.344359+03:00,2026-08-05 18:00:00+03:00,59.0277,,
2026-08-02 15:08:27.344359+03:00,2026-08-05 18:15:00+03:00,58.8785,,
2026-08-02 15:08:27.344359+03:00,2026-08-05 18:30:00+03:00,58.8578,,
2026-08-02 15:08:27.344359+03:00,2026-08-05 18:45:00+03:00,58.8578,,
2026-08-02 15:08:27.344359+03:00,2026-08-05 19:00:00+03:00,58.8421,,
2026-08-02 15:08:27.344359+03:00,2026-08-05 19:15:00+03:00,57.7474,,
2026-08-02 15:08:27.344359+03:00,2026-08-05 19:30:00+03:00,57.2335,,
2026-08-02 15:08:27.344359+03:00,2026-08-05 19:45:00+03:00,56.7874,,
2026-08-02 15:08:27.344359+03:00,2026-08-05 20:00:00+03:00,56.6622,,
2026-08-02 15:08:27.344359+03:00,2026-08-05 20:15:00+03:00,55.0191,,
2026-08-02 15:08:27.344359+03:00,2026-08-05 20:30:00+03:00,53.6844,,
2026-08-02 15:08:27.344359+03:00,2026-08-05 20:45:00+03:00,52.5168,,
2026-08-02 15:08:27.344359+03:00,2026-08-05 21:00:00+03:00,51.6931,,
2026-08-02 15:08:27.344359+03:00,2026-08-05 21:15:00+03:00,51.2428,,
2026-08-02 15:08:27.344359+03:00,2026-08-05 21:30:00+03:00,50.5165,,
2026-08-02 15:08:27.344359+03:00,2026-08-05 21:45:00+03:00,49.6234,,
2026-08-02 15:08:27.344359+03:00,2026-08-05 22:00:00+03:00,47.6989,,
2026-08-02 15:08:27.344359+03:00,2026-08-05 22:15:00+03:00,46.3663,,
2026-08-02 15:08:27.344359+03:00,2026-08-05 22:30:00+03:00,45.2095,,
2026-08-02 15:08:27.344359+03:00,2026-08-05 22:45:00+03:00,43.9709,,
2026-08-02 15:08:27.344359+03:00,2026-08-05 23:00:00+03:00,42.3469,,
2026-08-02 15:08:27.344359+03:00,2026-08-05 23:15:00+03:00,40.5688,,
2026-08-02 15:08:27.344359+03:00,2026-08-05 23:30:00+03:00,38.8338,,
2026-08-02 15:08:27.344359+03:00,2026-08-05 23:45:00+03:00,36.8443,,
2026-08-02 15:08:27.344359+03:00,2026-08-06 00:00:00+03:00,36.0565,,
2026-08-02 15:08:27.344359+03:00,2026-08-06 00:15:00+03:00,35.8006,,
2026-08-02 15:08:27.344359+03:00,2026-08-06 00:30:00+03:00,35.5315,,
2026-08-02 15:08:27.344359+03:00,2026-08-06 00:45:00+03:00,35.5133,,
2026-08-02 15:08:27.344359+03:00,2026-08-06 01:00:00+03:00,35.3823,,
2026-08-02 15:08:27.344359+03:00,2026-08-06 01:15:00+03:00,35.1208,,
2026-08-02 15:08:27.344359+03:00,2026-08-06 01:30:00+03:00,35.1036,,
2026-08-02 15:08:27.344359+03:00,2026-08-06 01:45:00+03:00,35.1036,,
2026-08-02 15:08:27.344359+03:00,2026-08-06 02:00:00+03:00,35.0901,,
2026-08-02 15:08:27.344359+03:00,2026-08-06 02:15:00+03:00,35.1344,,
2026-08-02 15:08:27.344359+03:00,2026-08-06 02:30:00+03:00,35.1172,,
2026-08-02 15:08:27.344359+03:00,2026-08-06 02:45:00+03:00,35.1172,,
2026-08-02 15:08:27.344359+03:00,2026-08-06 03:00:00+03:00,35.1417,,
2026-08-02 15:08:27.344359+03:00,2026-08-06 03:15:00+03:00,35.1883,,
2026-08-02 15:08:27.344359+03:00,2026-08-06 03:30:00+03:00,35.1711,,
2026-08-02 15:08:27.344359+03:00,2026-08-06 03:45:00+03:00,35.1711,,
2026-08-02 15:08:27.344359+03:00,2026-08-06 04:00:00+03:00,35.5163,,
2026-08-02 15:08:27.344359+03:00,2026-08-06 04:15:00+03:00,36.0691,,
2026-08-02 15:08:27.344359+03:00,2026-08-06 04:30:00+03:00,36.4163,,
2026-08-02 15:08:27.344359+03:00,2026-08-06 04:45:00+03:00,36.4163,,
2026-08-02 15:08:27.344359+03:00,2026-08-06 05:00:00+03:00,37.0743,,
2026-08-02 15:08:27.344359+03:00,2026-08-06 05:15:00+03:00,38.469,,
2026-08-02 15:08:27.344359+03:00,2026-08-06 05:30:00+03:00,39.3574,,
2026-08-02 15:08:27.344359+03:00,2026-08-06 05:45:00+03:00,40.2844,,
2026-08-02 15:08:27.344359+03:00,2026-08-06 06:00:00+03:00,41.4909,,
2026-08-02 15:08:27.344359+03:00,2026-08-06 06:15:00+03:00,43.2845,,
2026-08-02 15:08:27.344359+03:00,2026-08-06 06:30:00+03:00,45.3106,,
2026-08-02 15:08:27.344359+03:00,2026-08-06 06:45:00+03:00,47.5189,,
2026-08-02 15:08:27.344359+03:00,2026-08-06 07:00:00+03:00,50.7111,,
2026-08-02 15:08:27.344359+03:00,2026-08-06 07:15:00+03:00,53.4888,,
2026-08-02 15:08:27.344359+03:00,2026-08-06 07:30:00+03:00,57.0177,,
2026-08-02 15:08:27.344359+03:00,2026-08-06 07:45:00+03:00,61.475,,
2026-08-02 15:08:27.344359+03:00,2026-08-06 08:00:00+03:00,64.6073,,
2026-08-02 15:08:27.344359+03:00,2026-08-06 08:15:00+03:00,66.3406,,
2026-08-02 15:08:27.344359+03:00,2026-08-06 08:30:00+03:00,69.5124,,
2026-08-02 15:08:27.344359+03:00,2026-08-06 08:45:00+03:00,71.0941,,
2026-08-02 15:08:27.344359+03:00,2026-08-06 09:00:00+03:00,71.2011,,
2026-08-02 15:08:27.344359+03:00,2026-08-06 09:15:00+03:00,71.0659,,
2026-08-02 15:08:27.344359+03:00,2026-08-06 09:30:00+03:00,70.9179,,
2026-08-02 15:08:27.344359+03:00,2026-08-06 09:45:00+03:00,70.9482,,
2026-08-02 15:08:27.344359+03:00,2026-08-06 10:00:00+03:00,70.913,,
2026-08-02 15:08:27.344359+03:00,2026-08-06 10:15:00+03:00,70.9437,,
2026-08-02 15:08:27.344359+03:00,2026-08-06 10:30:00+03:00,70.9437,,
2026-08-02 15:08:27.344359+03:00,2026-08-06 10:45:00+03:00,70.9437,,
2026-08-02 15:08:27.344359+03:00,2026-08-06 11:00:00+03:00,70.913,,
2026-08-02 15:08:27.344359+03:00,2026-08-06 11:15:00+03:00,70.9437,,
2026-08-02 15:08:27.344359+03:00,2026-08-06 11:30:00+03:00,70.9437,,
2026-08-02 15:08:27.344359+03:00,2026-08-06 11:45:00+03:00,70.9437,,
2026-08-02 15:08:27.344359+03:00,2026-08-06 12:00:00+03:00,70.913,,
2026-08-02 15:08:27.344359+03:00,2026-08-06 12:15:00+03:00,70.9671,,
2026-08-02 15:08:27.344359+03:00,2026-08-06 12:30:00+03:00,70.9671,,
2026-08-02 15:08:27.344359+03:00,2026-08-06 12:45:00+03:00,70.9671,,
2026-08-02 15:08:27.344359+03:00,2026-08-06 13:00:00+03:00,70.9198,,
2026-08-02 15:08:27.344359+03:00,2026-08-06 13:15:00+03:00,70.9505,,
2026-08-02 15:08:27.344359+03:00,2026-08-06 13:30:00+03:00,70.9505,,
2026-08-02 15:08:27.344359+03:00,2026-08-06 13:45:00+03:00,70.9505,,
2026-08-02 15:08:27.344359+03:00,2026-08-06 14:00:00+03:00,70.9206,,
2026-08-02 15:08:27.344359+03:00,2026-08-06 14:15:00+03:00,71.0345,,
2026-08-02 15:08:27.344359+03:00,2026-08-06 14:30:00+03:00,71.0345,,
2026-08-02 15:08:27.344359+03:00,2026-08-06 14:45:00+03:00,71.0345,,
2026-08-02 15:08:27.344359+03:00,2026-08-06 15:00:00+03:00,71.4289,,
2026-08-02 15:08:27.344359+03:00,2026-08-06 15:15:00+03:00,71.717,,
2026-08-02 15:08:27.344359+03:00,2026-08-06 15:30:00+03:00,72.622,,
2026-08-02 15:08:27.344359+03:00,2026-08-06 15:45:00+03:00,74.0856,,
2026-08-02 15:08:27.344359+03:00,2026-08-06 16:00:00+03:00,75.2047,,
2026-08-02 15:08:27.344359+03:00,2026-08-06 16:15:00+03:00,75.5286,,
2026-08-02 15:08:27.344359+03:00,2026-08-06 16:30:00+03:00,76.6469,,
2026-08-02 15:08:27.344359+03:00,2026-08-06 16:45:00+03:00,77.9931,,
2026-08-02 15:08:27.344359+03:00,2026-08-06 17:00:00+03:00,78.8843,,
2026-08-02 15:08:27.344359+03:00,2026-08-06 17:15:00+03:00,79.9664,,
2026-08-02 15:08:27.344359+03:00,2026-08-06 17:30:00+03:00,80.5806,,
2026-08-02 15:08:27.344359+03:00,2026-08-06 17:45:00+03:00,81.1726,,
2026-08-02 15:08:27.344359+03:00,2026-08-06 18:00:00+03:00,82.2957,,
2026-08-02 15:08:27.344359+03:00,2026-08-06 18:15:00+03:00,83.1209,,
2026-08-02 15:08:27.344359+03:00,2026-08-06 18:30:00+03:00,83.804,,
2026-08-02 15:08:27.344359+03:00,2026-08-06 18:45:00+03:00,85.1568,,
2026-08-02 15:08:27.344359+03:00,2026-08-06 19:00:00+03:00,85.8513,,
2026-08-02 15:08:27.344359+03:00,2026-08-06 19:15:00+03:00,85.4609,,
2026-08-02 15:08:27.344359+03:00,2026-08-06 19:30:00+03:00,83.6414,,
2026-08-02 15:08:27.344359+03:00,2026-08-06 19:45:00+03:00,81.6597,,
2026-08-02 15:08:27.344359+03:00,2026-08-06 20:00:00+03:00,80.7184,,
2026-08-02 15:08:27.344359+03:00,2026-08-06 20:15:00+03:00,79.1697,,
2026-08-02 15:08:27.344359+03:00,2026-08-06 20:30:00+03:00,76.8159,,
2026-08-02 15:08:27.344359+03:00,2026-08-06 20:45:00+03:00,75.1105,,
2026-08-02 15:08:27.344359+03:00,2026-08-06 21:00:00+03:00,72.4131,,
2026-08-02 15:08:27.344359+03:00,2026-08-06 21:15:00+03:00,70.7221,,
2026-08-02 15:08:27.344359+03:00,2026-08-06 21:30:00+03:00,69.7574,,
2026-08-02 15:08:27.344359+03:00,2026-08-06 21:45:00+03:00,68.2265,,
2026-08-02 15:08:27.344359+03:00,2026-08-06 22:00:00+03:00,67.123,,
2026-08-02 15:08:27.344359+03:00,2026-08-06 22:15:00+03:00,64.9849,,
2026-08-02 15:08:27.344359+03:00,2026-08-06 22:30:00+03:00,62.6392,,
2026-08-02 15:08:27.344359+03:00,2026-08-06 22:45:00+03:00,59.9057,,
2026-08-02 15:08:27.344359+03:00,2026-08-06 23:00:00+03:00,57.7153,,
2026-08-02 15:08:27.344359+03:00,2026-08-06 23:15:00+03:00,55.6955,,
2026-08-02 15:08:27.344359+03:00,2026-08-06 23:30:00+03:00,52.6315,,
2026-08-02 15:08:27.344359+03:00,2026-08-06 23:45:00+03:00,49.3698,,
2026-08-02 15:08:27.344359+03:00,2026-08-07 00:00:00+03:00,46.0598,,
2026-08-02 15:08:27.344359+03:00,2026-08-07 00:15:00+03:00,44.6501,,
2026-08-02 15:08:27.344359+03:00,2026-08-07 00:30:00+03:00,43.5625,,
2026-08-02 15:08:27.344359+03:00,2026-08-07 00:45:00+03:00,42.503,,
2026-08-02 15:08:27.344359+03:00,2026-08-07 01:00:00+03:00,42.4029,,
2026-08-02 15:08:27.344359+03:00,2026-08-07 01:15:00+03:00,42.0722,,
2026-08-02 15:08:27.344359+03:00,2026-08-07 01:30:00+03:00,42.055,,
2026-08-02 15:08:27.344359+03:00,2026-08-07 01:45:00+03:00,42.055,,
2026-08-02 15:08:27.344359+03:00,2026-08-07 02:00:00+03:00,42.0431,,
2026-08-02 15:08:27.344359+03:00,2026-08-07 02:15:00+03:00,42.0667,,
2026-08-02 15:08:27.344359+03:00,2026-08-07 02:30:00+03:00,42.0495,,
2026-08-02 15:08:27.344359+03:00,2026-08-07 02:45:00+03:00,42.0495,,
2026-08-02 15:08:27.344359+03:00,2026-08-07 03:00:00+03:00,42.1177,,
2026-08-02 15:08:27.344359+03:00,2026-08-07 03:15:00+03:00,42.1493,,
2026-08-02 15:08:27.344359+03:00,2026-08-07 03:30:00+03:00,42.1321,,
2026-08-02 15:08:27.344359+03:00,2026-08-07 03:45:00+03:00,42.1321,,
2026-08-02 15:08:27.344359+03:00,2026-08-07 04:00:00+03:00,42.664,,
2026-08-02 15:08:27.344359+03:00,2026-08-07 04:15:00+03:00,43.2629,,
2026-08-02 15:08:27.344359+03:00,2026-08-07 04:30:00+03:00,43.811,,
2026-08-02 15:08:27.344359+03:00,2026-08-07 04:45:00+03:00,44.8238,,
2026-08-02 15:08:27.344359+03:00,2026-08-07 05:00:00+03:00,45.949,,
2026-08-02 15:08:27.344359+03:00,2026-08-07 05:15:00+03:00,47.4311,,
2026-08-02 15:08:27.344359+03:00,2026-08-07 05:30:00+03:00,49.6416,,
2026-08-02 15:08:27.344359+03:00,2026-08-07 05:45:00+03:00,51.2236,,
2026-08-02 15:08:27.344359+03:00,2026-08-07 06:00:00+03:00,53.3097,,
2026-08-02 15:08:27.344359+03:00,2026-08-07 06:15:00+03:00,55.9842,,
2026-08-02 15:08:27.344359+03:00,2026-08-07 06:30:00+03:00,58.3187,,
2026-08-02 15:08:27.344359+03:00,2026-08-07 06:45:00+03:00,60.7386,,
2026-08-02 15:08:27.344359+03:00,2026-08-07 07:00:00+03:00,63.5788,,
2026-08-02 15:08:27.344359+03:00,2026-08-07 07:15:00+03:00,66.0546,,
2026-08-02 15:08:27.344359+03:00,2026-08-07 07:30:00+03:00,68.8688,,
2026-08-02 15:08:27.344359+03:00,2026-08-07 07:45:00+03:00,71.4684,,
2026-08-02 15:08:27.344359+03:00,2026-08-07 08:00:00+03:00,72.4953,,
2026-08-02 15:08:27.344359+03:00,2026-08-07 08:15:00+03:00,73.2376,,
2026-08-02 15:08:27.344359+03:00,2026-08-07 08:30:00+03:00,74.2588,,
2026-08-02 15:08:27.344359+03:00,2026-08-07 08:45:00+03:00,75.2234,,
2026-08-02 15:08:27.344359+03:00,2026-08-07 09:00:00+03:00,75.0247,,
2026-08-02 15:08:27.344359+03:00,2026-08-07 09:15:00+03:00,74.6411,,
2026-08-02 15:08:27.344359+03:00,2026-08-07 09:30:00+03:00,74.6714,,
2026-08-02 15:08:27.344359+03:00,2026-08-07 09:45:00+03:00,74.4294,,
2026-08-02 15:08:27.344359+03:00,2026-08-07 10:00:00+03:00,73.6537,,
2026-08-02 15:08:27.344359+03:00,2026-08-07 10:15:00+03:00,73.6694,,
2026-08-02 15:08:27.344359+03:00,2026-08-07 10:30:00+03:00,73.6694,,
2026-08-02 15:08:27.344359+03:00,2026-08-07 10:45:00+03:00,73.9113,,
2026-08-02 15:08:27.344359+03:00,2026-08-07 11:00:00+03:00,73.8997,,
2026-08-02 15:08:27.344359+03:00,2026-08-07 11:15:00+03:00,73.9304,,
2026-08-02 15:08:27.344359+03:00,2026-08-07 11:30:00+03:00,73.9304,,
2026-08-02 15:08:27.344359+03:00,2026-08-07 11:45:00+03:00,73.9304,,
2026-08-02 15:08:27.344359+03:00,2026-08-07 12:00:00+03:00,73.8997,,
2026-08-02 15:08:27.344359+03:00,2026-08-07 12:15:00+03:00,73.9304,,
2026-08-02 15:08:27.344359+03:00,2026-08-07 12:30:00+03:00,73.9304,,
2026-08-02 15:08:27.344359+03:00,2026-08-07 12:45:00+03:00,73.9304,,
2026-08-02 15:08:27.344359+03:00,2026-08-07 13:00:00+03:00,73.8997,,
2026-08-02 15:08:27.344359+03:00,2026-08-07 13:15:00+03:00,73.9304,,
2026-08-02 15:08:27.344359+03:00,2026-08-07 13:30:00+03:00,73.9304,,
2026-08-02 15:08:27.344359+03:00,2026-08-07 13:45:00+03:00,73.9304,,
2026-08-02 15:08:27.344359+03:00,2026-08-07 14:00:00+03:00,73.9529,,
2026-08-02 15:08:27.344359+03:00,2026-08-07 14:15:00+03:00,74.0519,,
2026-08-02 15:08:27.344359+03:00,2026-08-07 14:30:00+03:00,74.0519,,
2026-08-02 15:08:27.344359+03:00,2026-08-07 14:45:00+03:00,74.0519,,
2026-08-02 15:08:27.344359+03:00,2026-08-07 15:00:00+03:00,74.4337,,
2026-08-02 15:08:27.344359+03:00,2026-08-07 15:15:00+03:00,74.8694,,
2026-08-02 15:08:27.344359+03:00,2026-08-07 15:30:00+03:00,75.8023,,
2026-08-02 15:08:27.344359+03:00,2026-08-07 15:45:00+03:00,76.624,,
2026-08-02 15:08:27.344359+03:00,2026-08-07 16:00:00+03:00,78.0863,,
2026-08-02 15:08:27.344359+03:00,2026-08-07 16:15:00+03:00,78.9787,,
2026-08-02 15:08:27.344359+03:00,2026-08-07 16:30:00+03:00,80.0302,,
2026-08-02 15:08:27.344359+03:00,2026-08-07 16:45:00+03:00,81.2364,,
2026-08-02 15:08:27.344359+03:00,2026-08-07 17:00:00+03:00,82.4953,,
2026-08-02 15:08:27.344359+03:00,2026-08-07 17:15:00+03:00,83.6107,,
2026-08-02 15:08:27.344359+03:00,2026-08-07 17:30:00+03:00,84.3123,,
2026-08-02 15:08:27.344359+03:00,2026-08-07 17:45:00+03:00,85.6651,,
2026-08-02 15:08:27.344359+03:00,2026-08-07 18:00:00+03:00,86.333,,
2026-08-02 15:08:27.344359+03:00,2026-08-07 18:15:00+03:00,86.7224,,
2026-08-02 15:08:27.344359+03:00,2026-08-07 18:30:00+03:00,86.9318,,
2026-08-02 15:08:27.344359+03:00,2026-08-07 18:45:00+03:00,87.9722,,
2026-08-02 15:08:27.344359+03:00,2026-08-07 19:00:00+03:00,89.3233,,
2026-08-02 15:08:27.344359+03:00,2026-08-07 19:15:00+03:00,89.8358,,
2026-08-02 15:08:27.344359+03:00,2026-08-07 19:30:00+03:00,89.5793,,
2026-08-02 15:08:27.344359+03:00,2026-08-07 19:45:00+03:00,89.3466,,
2026-08-02 15:08:27.344359+03:00,2026-08-07 20:00:00+03:00,88.9613,,
2026-08-02 15:08:27.344359+03:00,2026-08-07 20:15:00+03:00,87.1556,,
2026-08-02 15:08:27.344359+03:00,2026-08-07 20:30:00+03:00,85.8394,,
2026-08-02 15:08:27.344359+03:00,2026-08-07 20:45:00+03:00,84.6476,,
2026-08-02 15:08:27.344359+03:00,2026-08-07 21:00:00+03:00,82.4518,,
2026-08-02 15:08:27.344359+03:00,2026-08-07 21:15:00+03:00,81.1855,,
2026-08-02 15:08:27.344359+03:00,2026-08-07 21:30:00+03:00,80.0256,,
2026-08-02 15:08:27.344359+03:00,2026-08-07 21:45:00+03:00,79.3097,,
2026-08-02 15:08:27.344359+03:00,2026-08-07 22:00:00+03:00,78.2684,,
2026-08-02 15:08:27.344359+03:00,2026-08-07 22:15:00+03:00,75.9604,,
2026-08-02 15:08:27.344359+03:00,2026-08-07 22:30:00+03:00,73.5222,,
2026-08-02 15:08:27.344359+03:00,2026-08-07 22:45:00+03:00,71.9153,,
2026-08-02 15:08:27.344359+03:00,2026-08-07 23:00:00+03:00,69.6466,,
2026-08-02 15:08:27.344359+03:00,2026-08-07 23:15:00+03:00,67.2459,,
2026-08-02 15:08:27.344359+03:00,2026-08-07 23:30:00+03:00,65.2881,,
2026-08-02 15:08:27.344359+03:00,2026-08-07 23:45:00+03:00,63.4409,,
2026-08-02 15:08:27.344359+03:00,2026-08-08 00:00:00+03:00,62.1048,,
2026-08-02 15:08:27.344359+03:00,2026-08-08 00:15:00+03:00,62.0488,,
2026-08-02 15:08:27.344359+03:00,2026-08-08 00:30:00+03:00,62.0598,,
2026-08-02 15:08:27.344359+03:00,2026-08-08 00:45:00+03:00,61.9753,,
2026-08-02 15:08:27.344359+03:00,2026-08-08 01:00:00+03:00,60.9912,,
2026-08-02 15:08:27.344359+03:00,2026-08-08 01:15:00+03:00,60.484,,
2026-08-02 15:08:27.344359+03:00,2026-08-08 01:30:00+03:00,60.5924,,
2026-08-02 15:08:27.344359+03:00,2026-08-08 01:45:00+03:00,60.5924,,
2026-08-02 15:08:27.344359+03:00,2026-08-08 02:00:00+03:00,60.5775,,
2026-08-02 15:08:27.344359+03:00,2026-08-08 02:15:00+03:00,60.6059,,
2026-08-02 15:08:27.344359+03:00,2026-08-08 02:30:00+03:00,60.6059,,
2026-08-02 15:08:27.344359+03:00,2026-08-08 02:45:00+03:00,60.6059,,
2026-08-02 15:08:27.344359+03:00,2026-08-08 03:00:00+03:00,60.7191,,
2026-08-02 15:08:27.344359+03:00,2026-08-08 03:15:00+03:00,60.7498,,
2026-08-02 15:08:27.344359+03:00,2026-08-08 03:30:00+03:00,60.7498,,
2026-08-02 15:08:27.344359+03:00,2026-08-08 03:45:00+03:00,60.7498,,
2026-08-02 15:08:27.344359+03:00,2026-08-08 04:00:00+03:00,61.4017,,
2026-08-02 15:08:27.344359+03:00,2026-08-08 04:15:00+03:00,62.1214,,
2026-08-02 15:08:27.344359+03:00,2026-08-08 04:30:00+03:00,62.95,,
2026-08-02 15:08:27.344359+03:00,2026-08-08 04:45:00+03:00,64.1453,,
2026-08-02 15:08:27.344359+03:00,2026-08-08 05:00:00+03:00,65.2247,,
2026-08-02 15:08:27.344359+03:00,2026-08-08 05:15:00+03:00,65.9751,,
2026-08-02 15:08:27.344359+03:00,2026-08-08 05:30:00+03:00,66.9965,,
2026-08-02 15:08:27.344359+03:00,2026-08-08 05:45:00+03:00,67.6562,,
2026-08-02 15:08:27.344359+03:00,2026-08-08 06:00:00+03:00,68.4893,,
2026-08-02 15:08:27.344359+03:00,2026-08-08 06:15:00+03:00,69.4284,,
2026-08-02 15:08:27.344359+03:00,2026-08-08 06:30:00+03:00,69.9991,,
2026-08-02 15:08:27.344359+03:00,2026-08-08 06:45:00+03:00,71.1929,,
2026-08-02 15:08:27.344359+03:00,2026-08-08 07:00:00+03:00,72.0298,,
2026-08-02 15:08:27.344359+03:00,2026-08-08 07:15:00+03:00,73.1201,,
2026-08-02 15:08:27.344359+03:00,2026-08-08 07:30:00+03:00,74.4849,,
2026-08-02 15:08:27.344359+03:00,2026-08-08 07:45:00+03:00,76.35,,
2026-08-02 15:08:27.344359+03:00,2026-08-08 08:00:00+03:00,76.5322,,
2026-08-02 15:08:27.344359+03:00,2026-08-08 08:15:00+03:00,77.7439,,
2026-08-02 15:08:27.344359+03:00,2026-08-08 08:30:00+03:00,78.4805,,
2026-08-02 15:08:27.344359+03:00,2026-08-08 08:45:00+03:00,79.3649,,
2026-08-02 15:08:27.344359+03:00,2026-08-08 09:00:00+03:00,79.5598,,
2026-08-02 15:08:27.344359+03:00,2026-08-08 09:15:00+03:00,79.4238,,
2026-08-02 15:08:27.344359+03:00,2026-08-08 09:30:00+03:00,79.3299,,
2026-08-02 15:08:27.344359+03:00,2026-08-08 09:45:00+03:00,79.3299,,
2026-08-02 15:08:27.344359+03:00,2026-08-08 10:00:00+03:00,79.289,,
2026-08-02 15:08:27.344359+03:00,2026-08-08 10:15:00+03:00,79.3048,,
2026-08-02 15:08:27.344359+03:00,2026-08-08 10:30:00+03:00,79.3048,,
2026-08-02 15:08:27.344359+03:00,2026-08-08 10:45:00+03:00,79.3048,,
2026-08-02 15:08:27.344359+03:00,2026-08-08 11:00:00+03:00,79.2874,,
2026-08-02 15:08:27.344359+03:00,2026-08-08 11:15:00+03:00,79.3031,,
2026-08-02 15:08:27.344359+03:00,2026-08-08 11:30:00+03:00,79.3031,,
2026-08-02 15:08:27.344359+03:00,2026-08-08 11:45:00+03:00,79.3031,,
2026-08-02 15:08:27.344359+03:00,2026-08-08 12:00:00+03:00,79.2874,,
2026-08-02 15:08:27.344359+03:00,2026-08-08 12:15:00+03:00,79.3031,,
2026-08-02 15:08:27.344359+03:00,2026-08-08 12:30:00+03:00,79.3031,,
2026-08-02 15:08:27.344359+03:00,2026-08-08 12:45:00+03:00,79.3031,,
2026-08-02 15:08:27.344359+03:00,2026-08-08 13:00:00+03:00,79.2874,,
2026-08-02 15:08:27.344359+03:00,2026-08-08 13:15:00+03:00,79.3031,,
2026-08-02 15:08:27.344359+03:00,2026-08-08 13:30:00+03:00,79.3031,,
2026-08-02 15:08:27.344359+03:00,2026-08-08 13:45:00+03:00,79.3031,,
2026-08-02 15:08:27.344359+03:00,2026-08-08 14:00:00+03:00,79.3096,,
2026-08-02 15:08:27.344359+03:00,2026-08-08 14:15:00+03:00,79.4767,,
2026-08-02 15:08:27.344359+03:00,2026-08-08 14:30:00+03:00,79.4767,,
2026-08-02 15:08:27.344359+03:00,2026-08-08 14:45:00+03:00,79.4767,,
2026-08-02 15:08:27.344359+03:00,2026-08-08 15:00:00+03:00,79.9095,,
2026-08-02 15:08:27.344359+03:00,2026-08-08 15:15:00+03:00,80.3058,,
2026-08-02 15:08:27.344359+03:00,2026-08-08 15:30:00+03:00,81.022,,
2026-08-02 15:08:27.344359+03:00,2026-08-08 15:45:00+03:00,82.2408,,
2026-08-02 15:08:27.344359+03:00,2026-08-08 16:00:00+03:00,83.4645,,
2026-08-02 15:08:27.344359+03:00,2026-08-08 16:15:00+03:00,84.1661,,
2026-08-02 15:08:27.344359+03:00,2026-08-08 16:30:00+03:00,85.5189,,
2026-08-02 15:08:27.344359+03:00,2026-08-08 16:45:00+03:00,86.1594,,
2026-08-02 15:08:27.344359+03:00,2026-08-08 17:00:00+03:00,87.2426,,
2026-08-02 15:08:27.344359+03:00,2026-08-08 17:15:00+03:00,88.1142,,
2026-08-02 15:08:27.344359+03:00,2026-08-08 17:30:00+03:00,89.481,,
2026-08-02 15:08:27.344359+03:00,2026-08-08 17:45:00+03:00,90.9754,,
2026-08-02 15:08:27.344359+03:00,2026-08-08 18:00:00+03:00,91.6626,,
2026-08-02 15:08:27.344359+03:00,2026-08-08 18:15:00+03:00,92.0409,,
2026-08-02 15:08:27.344359+03:00,2026-08-08 18:30:00+03:00,91.9942,,
2026-08-02 15:08:27.344359+03:00,2026-08-08 18:45:00+03:00,91.9268,,
2026-08-02 15:08:27.344359+03:00,2026-08-08 19:00:00+03:00,91.9479,,
2026-08-02 15:08:27.344359+03:00,2026-08-08 19:15:00+03:00,90.4777,,
2026-08-02 15:08:27.344359+03:00,2026-08-08 19:30:00+03:00,89.1975,,
2026-08-02 15:08:27.344359+03:00,2026-08-08 19:45:00+03:00,88.8385,,
2026-08-02 15:08:27.344359+03:00,2026-08-08 20:00:00+03:00,87.1763,,
2026-08-02 15:08:27.344359+03:00,2026-08-08 20:15:00+03:00,85.5542,,
2026-08-02 15:08:27.344359+03:00,2026-08-08 20:30:00+03:00,82.6402,,
2026-08-02 15:08:27.344359+03:00,2026-08-08 20:45:00+03:00,81.2349,,
2026-08-02 15:08:27.344359+03:00,2026-08-08 21:00:00+03:00,78.8843,,
2026-08-02 15:08:27.344359+03:00,2026-08-08 21:15:00+03:00,77.0945,,
2026-08-02 15:08:27.344359+03:00,2026-08-08 21:30:00+03:00,75.4416,,
2026-08-02 15:08:27.344359+03:00,2026-08-08 21:45:00+03:00,74.3588,,
2026-08-02 15:08:27.344359+03:00,2026-08-08 22:00:00+03:00,72.2108,,
2026-08-02 15:08:27.344359+03:00,2026-08-08 22:15:00+03:00,70.1934,,
2026-08-02 15:08:27.344359+03:00,2026-08-08 22:30:00+03:00,68.3764,,
2026-08-02 15:08:27.344359+03:00,2026-08-08 22:45:00+03:00,66.6454,,
2026-08-02 15:08:27.344359+03:00,2026-08-08 23:00:00+03:00,64.3107,,
2026-08-02 15:08:27.344359+03:00,2026-08-08 23:15:00+03:00,61.7156,,
2026-08-02 15:08:27.344359+03:00,2026-08-08 23:30:00+03:00,58.5124,,
2026-08-02 15:08:27.344359+03:00,2026-08-08 23:45:00+03:00,55.3891,,
2026-08-02 15:08:27.344359+03:00,2026-08-09 00:00:00+03:00,52.72,,
2026-08-02 15:08:27.344359+03:00,2026-08-09 00:15:00+03:00,51.1423,,
2026-08-02 15:08:27.344359+03:00,2026-08-09 00:30:00+03:00,49.9998,,
2026-08-02 15:08:27.344359+03:00,2026-08-09 00:45:00+03:00,49.3393,,
2026-08-02 15:08:27.344359+03:00,2026-08-09 01:00:00+03:00,48.2773,,
2026-08-02 15:08:27.344359+03:00,2026-08-09 01:15:00+03:00,48.071,,
2026-08-02 15:08:27.344359+03:00,2026-08-09 01:30:00+03:00,47.9797,,
2026-08-02 15:08:27.344359+03:00,2026-08-09 01:45:00+03:00,47.1586,,
2026-08-02 15:08:27.344359+03:00,2026-08-09 02:00:00+03:00,46.4038,,
2026-08-02 15:08:27.344359+03:00,2026-08-09 02:15:00+03:00,46.2252,,
2026-08-02 15:08:27.344359+03:00,2026-08-09 02:30:00+03:00,46.1139,,
2026-08-02 15:08:27.344359+03:00,2026-08-09 02:45:00+03:00,45.4705,,
2026-08-02 15:08:27.344359+03:00,2026-08-09 03:00:00+03:00,44.6831,,
2026-08-02 15:08:27.344359+03:00,2026-08-09 03:15:00+03:00,44.3839,,
2026-08-02 15:08:27.344359+03:00,2026-08-09 03:30:00+03:00,44.4214,,
2026-08-02 15:08:27.344359+03:00,2026-08-09 03:45:00+03:00,44.4214,,
2026-08-02 15:08:27.344359+03:00,2026-08-09 04:00:00+03:00,44.9701,,
2026-08-02 15:08:27.344359+03:00,2026-08-09 04:15:00+03:00,45.3657,,
2026-08-02 15:08:27.344359+03:00,2026-08-09 04:30:00+03:00,45.3651,,
2026-08-02 15:08:27.344359+03:00,2026-08-09 04:45:00+03:00,45.3651,,
2026-08-02 15:08:27.344359+03:00,2026-08-09 05:00:00+03:00,45.6468,,
2026-08-02 15:08:27.344359+03:00,2026-08-09 05:15:00+03:00,46.429,,
2026-08-02 15:08:27.344359+03:00,2026-08-09 05:30:00+03:00,46.861,,
2026-08-02 15:08:27.344359+03:00,2026-08-09 05:45:00+03:00,47.5562,,
2026-08-02 15:08:27.344359+03:00,2026-08-09 06:00:00+03:00,48.1751,,
2026-08-02 15:08:27.344359+03:00,2026-08-09 06:15:00+03:00,49.2773,,
2026-08-02 15:08:27.344359+03:00,2026-08-09 06:30:00+03:00,50.1839,,
2026-08-02 15:08:27.344359+03:00,2026-08-09 06:45:00+03:00,51.0129,,
2026-08-02 15:08:27.344359+03:00,2026-08-09 07:00:00+03:00,52.1014,,
2026-08-02 15:08:27.344359+03:00,2026-08-09 07:15:00+03:00,53.0544,,
2026-08-02 15:08:27.344359+03:00,2026-08-09 07:30:00+03:00,53.7149,,
2026-08-02 15:08:27.344359+03:00,2026-08-09 07:45:00+03:00,54.4673,,
2026-08-02 15:08:27.344359+03:00,2026-08-09 08:00:00+03:00,54.633,,
2026-08-02 15:08:27.344359+03:00,2026-08-09 08:15:00+03:00,54.5265,,
2026-08-02 15:08:27.344359+03:00,2026-08-09 08:30:00+03:00,54.4923,,
2026-08-02 15:08:27.344359+03:00,2026-08-09 08:45:00+03:00,54.4923,,
2026-08-02 15:08:27.344359+03:00,2026-08-09 09:00:00+03:00,54.174,,
2026-08-02 15:08:27.344359+03:00,2026-08-09 09:15:00+03:00,54.0231,,
2026-08-02 15:08:27.344359+03:00,2026-08-09 09:30:00+03:00,54.0231,,
2026-08-02 15:08:27.344359+03:00,2026-08-09 09:45:00+03:00,54.0231,,
2026-08-02 15:08:27.344359+03:00,2026-08-09 10:00:00+03:00,53.9904,,
2026-08-02 15:08:27.344359+03:00,2026-08-09 10:15:00+03:00,54.0061,,
2026-08-02 15:08:27.344359+03:00,2026-08-09 10:30:00+03:00,54.0061,,
2026-08-02 15:08:27.344359+03:00,2026-08-09 10:45:00+03:00,54.0061,,
2026-08-02 15:08:27.344359+03:00,2026-08-09 11:00:00+03:00,53.9583,,
2026-08-02 15:08:27.344359+03:00,2026-08-09 11:15:00+03:00,53.3357,,
2026-08-02 15:08:27.344359+03:00,2026-08-09 11:30:00+03:00,53.3357,,
2026-08-02 15:08:27.344359+03:00,2026-08-09 11:45:00+03:00,53.3357,,
2026-08-02 15:08:27.344359+03:00,2026-08-09 12:00:00+03:00,53.3199,,
2026-08-02 15:08:27.344359+03:00,2026-08-09 12:15:00+03:00,53.3357,,
2026-08-02 15:08:27.344359+03:00,2026-08-09 12:30:00+03:00,53.3357,,
2026-08-02 15:08:27.344359+03:00,2026-08-09 12:45:00+03:00,53.3357,,
2026-08-02 15:08:27.344359+03:00,2026-08-09 13:00:00+03:00,53.3199,,
2026-08-02 15:08:27.344359+03:00,2026-08-09 13:15:00+03:00,53.3357,,
2026-08-02 15:08:27.344359+03:00,2026-08-09 13:30:00+03:00,53.3357,,
2026-08-02 15:08:27.344359+03:00,2026-08-09 13:45:00+03:00,53.3357,,
2026-08-02 15:08:27.344359+03:00,2026-08-09 14:00:00+03:00,53.3934,,
2026-08-02 15:08:27.344359+03:00,2026-08-09 14:15:00+03:00,53.4924,,
2026-08-02 15:08:27.344359+03:00,2026-08-09 14:30:00+03:00,53.4924,,
2026-08-02 15:08:27.344359+03:00,2026-08-09 14:45:00+03:00,53.4924,,
2026-08-02 15:08:27.344359+03:00,2026-08-09 15:00:00+03:00,53.712,,
2026-08-02 15:08:27.344359+03:00,2026-08-09 15:15:00+03:00,54.0677,,
2026-08-02 15:08:27.344359+03:00,2026-08-09 15:30:00+03:00,54.7061,,
2026-08-02 15:08:27.344359+03:00,2026-08-09 15:45:00+03:00,54.7445,,
2026-08-02 15:08:27.344359+03:00,2026-08-09 16:00:00+03:00,54.7931,,
2026-08-02 15:08:27.344359+03:00,2026-08-09 16:15:00+03:00,54.7704,,
2026-08-02 15:08:27.344359+03:00,2026-08-09 16:30:00+03:00,54.7704,,
2026-08-02 15:08:27.344359+03:00,2026-08-09 16:45:00+03:00,54.7704,,
2026-08-02 15:08:27.344359+03:00,2026-08-09 17:00:00+03:00,54.8489,,
2026-08-02 15:08:27.344359+03:00,2026-08-09 17:15:00+03:00,55.8723,,
2026-08-02 15:08:27.344359+03:00,2026-08-09 17:30:00+03:00,56.4315,,
2026-08-02 15:08:27.344359+03:00,2026-08-09 17:45:00+03:00,57.0093,,
2026-08-02 15:08:27.344359+03:00,2026-08-09 18:00:00+03:00,58.2641,,
2026-08-02 15:08:27.344359+03:00,2026-08-09 18:15:00+03:00,58.7574,,
2026-08-02 15:08:27.344359+03:00,2026-08-09 18:30:00+03:00,59.2792,,
2026-08-02 15:08:27.344359+03:00,2026-08-09 18:45:00+03:00,59.7186,,
2026-08-02 15:08:27.344359+03:00,2026-08-09 19:00:00+03:00,59.5696,,
2026-08-02 15:08:27.344359+03:00,2026-08-09 19:15:00+03:00,58.1992,,
2026-08-02 15:08:27.344359+03:00,2026-08-09 19:30:00+03:00,56.9062,,
2026-08-02 15:08:27.344359+03:00,2026-08-09 19:45:00+03:00,56.4601,,
2026-08-02 15:08:27.344359+03:00,2026-08-09 20:00:00+03:00,55.245,,
2026-08-02 15:08:27.344359+03:00,2026-08-09 20:15:00+03:00,53.7174,,
2026-08-02 15:08:27.344359+03:00,2026-08-09 20:30:00+03:00,52.2347,,
2026-08-02 15:08:27.344359+03:00,2026-08-09 20:45:00+03:00,50.5832,,
2026-08-02 15:08:27.344359+03:00,2026-08-09 21:00:00+03:00,48.8332,,
2026-08-02 15:08:27.344359+03:00,2026-08-09 21:15:00+03:00,48.0293,,
2026-08-02 15:08:27.344359+03:00,2026-08-09 21:30:00+03:00,46.3804,,
2026-08-02 15:08:27.344359+03:00,2026-08-09 21:45:00+03:00,45.9923,,
2026-08-02 15:08:27.344359+03:00,2026-08-09 22:00:00+03:00,44.822,,
2026-08-02 15:08:27.344359+03:00,2026-08-09 22:15:00+03:00,43.2534,,
2026-08-02 15:08:27.344359+03:00,2026-08-09 22:30:00+03:00,42.1358,,
2026-08-02 15:08:27.344359+03:00,2026-08-09 22:45:00+03:00,40.6838,,
2026-08-02 15:08:27.344359+03:00,2026-08-09 23:00:00+03:00,39.0306,,
2026-08-02 15:08:27.344359+03:00,2026-08-09 23:15:00+03:00,36.9278,,
2026-08-02 15:08:27.344359+03:00,2026-08-09 23:30:00+03:00,35.2146,,
2026-08-02 15:08:27.344359+03:00,2026-08-09 23:45:00+03:00,33.3721,,
2026-08-03 16:44:58.076912+03:00,2026-08-04 00:00:00+03:00,2.0528,,
2026-08-03 16:44:58.076912+03:00,2026-08-04 00:15:00+03:00,1.9498,,
2026-08-03 16:44:58.076912+03:00,2026-08-04 00:30:00+03:00,2.0756,,
2026-08-03 16:44:58.076912+03:00,2026-08-04 00:45:00+03:00,2.0594,,
2026-08-03 16:44:58.076912+03:00,2026-08-04 01:00:00+03:00,2.5992,,
2026-08-03 16:44:58.076912+03:00,2026-08-04 01:15:00+03:00,3.2903,,
2026-08-03 16:44:58.076912+03:00,2026-08-04 01:30:00+03:00,3.9449,,
2026-08-03 16:44:58.076912+03:00,2026-08-04 01:45:00+03:00,4.5559,,
2026-08-03 16:44:58.076912+03:00,2026-08-04 02:00:00+03:00,5.1734,,
2026-08-03 16:44:58.076912+03:00,2026-08-04 02:15:00+03:00,5.8217,,
2026-08-03 16:44:58.076912+03:00,2026-08-04 02:30:00+03:00,6.5091,,
2026-08-03 16:44:58.076912+03:00,2026-08-04 02:45:00+03:00,7.2112,,
2026-08-03 16:44:58.076912+03:00,2026-08-04 03:00:00+03:00,7.8645,,
2026-08-03 16:44:58.076912+03:00,2026-08-04 03:15:00+03:00,8.7069,,
2026-08-03 16:44:58.076912+03:00,2026-08-04 03:30:00+03:00,9.8112,,
2026-08-03 16:44:58.076912+03:00,2026-08-04 03:45:00+03:00,10.6842,,
2026-08-03 16:44:58.076912+03:00,2026-08-04 04:00:00+03:00,12.0232,,
2026-08-03 16:44:58.076912+03:00,2026-08-04 04:15:00+03:00,14.5124,,
2026-08-03 16:44:58.076912+03:00,2026-08-04 04:30:00+03:00,16.855,,
2026-08-03 16:44:58.076912+03:00,2026-08-04 04:45:00+03:00,20.1017,,
2026-08-03 16:44:58.076912+03:00,2026-08-04 05:00:00+03:00,24.0084,,
2026-08-03 16:44:58.076912+03:00,2026-08-04 05:15:00+03:00,28.8281,,
2026-08-03 16:44:58.076912+03:00,2026-08-04 05:30:00+03:00,32.7883,,
2026-08-03 16:44:58.076912+03:00,2026-08-04 05:45:00+03:00,38.2664,,
2026-08-03 16:44:58.076912+03:00,2026-08-04 06:00:00+03:00,44.0659,,
2026-08-03 16:44:58.076912+03:00,2026-08-04 06:15:00+03:00,51.0302,,
2026-08-03 16:44:58.076912+03:00,2026-08-04 06:30:00+03:00,59.6763,,
2026-08-03 16:44:58.076912+03:00,2026-08-04 06:45:00+03:00,67.2998,,
2026-08-03 16:44:58.076912+03:00,2026-08-04 07:00:00+03:00,76.1851,,
2026-08-03 16:44:58.076912+03:00,2026-08-04 07:15:00+03:00,83.0649,,
2026-08-03 16:44:58.076912+03:00,2026-08-04 07:30:00+03:00,91.1255,,
2026-08-03 16:44:58.076912+03:00,2026-08-04 07:45:00+03:00,98.4931,,
2026-08-03 16:44:58.076912+03:00,2026-08-04 08:00:00+03:00,103.352,,
2026-08-03 16:44:58.076912+03:00,2026-08-04 08:15:00+03:00,105.9476,,
2026-08-03 16:44:58.076912+03:00,2026-08-04 08:30:00+03:00,106.521,,
2026-08-03 16:44:58.076912+03:00,2026-08-04 08:45:00+03:00,107.2054,,
2026-08-03 16:44:58.076912+03:00,2026-08-04 09:00:00+03:00,104.76,,
2026-08-03 16:44:58.076912+03:00,2026-08-04 09:15:00+03:00,102.7948,,
2026-08-03 16:44:58.076912+03:00,2026-08-04 09:30:00+03:00,99.9755,,
2026-08-03 16:44:58.076912+03:00,2026-08-04 09:45:00+03:00,96.7413,,
2026-08-03 16:44:58.076912+03:00,2026-08-04 10:00:00+03:00,94.3307,,
2026-08-03 16:44:58.076912+03:00,2026-08-04 10:15:00+03:00,91.2209,,
2026-08-03 16:44:58.076912+03:00,2026-08-04 10:30:00+03:00,88.8282,,
2026-08-03 16:44:58.076912+03:00,2026-08-04 10:45:00+03:00,85.4414,,
2026-08-03 16:44:58.076912+03:00,2026-08-04 11:00:00+03:00,82.8799,,
2026-08-03 16:44:58.076912+03:00,2026-08-04 11:15:00+03:00,81.3153,,
2026-08-03 16:44:58.076912+03:00,2026-08-04 11:30:00+03:00,79.3116,,
2026-08-03 16:44:58.076912+03:00,2026-08-04 11:45:00+03:00,78.0467,,
2026-08-03 16:44:58.076912+03:00,2026-08-04 12:00:00+03:00,76.5886,,
2026-08-03 16:44:58.076912+03:00,2026-08-04 12:15:00+03:00,75.8065,,
2026-08-03 16:44:58.076912+03:00,2026-08-04 12:30:00+03:00,74.5352,,
2026-08-03 16:44:58.076912+03:00,2026-08-04 12:45:00+03:00,73.7797,,
2026-08-03 16:44:58.076912+03:00,2026-08-04 13:00:00+03:00,73.0323,,
2026-08-03 16:44:58.076912+03:00,2026-08-04 13:15:00+03:00,72.0238,,
2026-08-03 16:44:58.076912+03:00,2026-08-04 13:30:00+03:00,71.2207,,
2026-08-03 16:44:58.076912+03:00,2026-08-04 13:45:00+03:00,70.5811,,
2026-08-03 16:44:58.076912+03:00,2026-08-04 14:00:00+03:00,69.8081,,
2026-08-03 16:44:58.076912+03:00,2026-08-04 14:15:00+03:00,69.8914,,
2026-08-03 16:44:58.076912+03:00,2026-08-04 14:30:00+03:00,69.9217,,
2026-08-03 16:44:58.076912+03:00,2026-08-04 14:45:00+03:00,69.9217,,
2026-08-03 16:44:58.076912+03:00,2026-08-04 15:00:00+03:00,70.3712,,
2026-08-03 16:44:58.076912+03:00,2026-08-04 15:15:00+03:00,70.8293,,
2026-08-03 16:44:58.076912+03:00,2026-08-04 15:30:00+03:00,71.9441,,
2026-08-03 16:44:58.076912+03:00,2026-08-04 15:45:00+03:00,72.8491,,
2026-08-03 16:44:58.076912+03:00,2026-08-04 16:00:00+03:00,74.3603,,
2026-08-03 16:44:58.076912+03:00,2026-08-04 16:15:00+03:00,75.1371,,
2026-08-03 16:44:58.076912+03:00,2026-08-04 16:30:00+03:00,76.0557,,
2026-08-03 16:44:58.076912+03:00,2026-08-04 16:45:00+03:00,76.839,,
2026-08-03 16:44:58.076912+03:00,2026-08-04 17:00:00+03:00,78.0114,,
2026-08-03 16:44:58.076912+03:00,2026-08-04 17:15:00+03:00,79.107,,
2026-08-03 16:44:58.076912+03:00,2026-08-04 17:30:00+03:00,79.9539,,
2026-08-03 16:44:58.076912+03:00,2026-08-04 17:45:00+03:00,80.568,,
2026-08-03 16:44:58.076912+03:00,2026-08-04 18:00:00+03:00,81.1095,,
2026-08-03 16:44:58.076912+03:00,2026-08-04 18:15:00+03:00,81.9372,,
2026-08-03 16:44:58.076912+03:00,2026-08-04 18:30:00+03:00,83.0185,,
2026-08-03 16:44:58.076912+03:00,2026-08-04 18:45:00+03:00,83.7875,,
2026-08-03 16:44:58.076912+03:00,2026-08-04 19:00:00+03:00,85.1403,,
2026-08-03 16:44:58.076912+03:00,2026-08-04 19:15:00+03:00,83.903,,
2026-08-03 16:44:58.076912+03:00,2026-08-04 19:30:00+03:00,82.7496,,
2026-08-03 16:44:58.076912+03:00,2026-08-04 19:45:00+03:00,81.476,,
2026-08-03 16:44:58.076912+03:00,2026-08-04 20:00:00+03:00,78.9626,,
2026-08-03 16:44:58.076912+03:00,2026-08-04 20:15:00+03:00,76.302,,
2026-08-03 16:44:58.076912+03:00,2026-08-04 20:30:00+03:00,72.6705,,
2026-08-03 16:44:58.076912+03:00,2026-08-04 20:45:00+03:00,69.8854,,
2026-08-03 16:44:58.076912+03:00,2026-08-04 21:00:00+03:00,66.7349,,
2026-08-03 16:44:58.076912+03:00,2026-08-04 21:15:00+03:00,65.4268,,
2026-08-03 16:44:58.076912+03:00,2026-08-04 21:30:00+03:00,64.589,,
2026-08-03 16:44:58.076912+03:00,2026-08-04 21:45:00+03:00,63.4751,,
2026-08-03 16:44:58.076912+03:00,2026-08-04 22:00:00+03:00,61.7804,,
2026-08-03 16:44:58.076912+03:00,2026-08-04 22:15:00+03:00,59.0914,,
2026-08-03 16:44:58.076912+03:00,2026-08-04 22:30:00+03:00,56.6428,,
2026-08-03 16:44:58.076912+03:00,2026-08-04 22:45:00+03:00,52.5599,,
2026-08-03 16:44:58.076912+03:00,2026-08-04 23:00:00+03:00,48.0512,,
2026-08-03 16:44:58.076912+03:00,2026-08-04 23:15:00+03:00,45.1622,,
2026-08-03 16:44:58.076912+03:00,2026-08-04 23:30:00+03:00,41.6016,,
2026-08-03 16:44:58.076912+03:00,2026-08-04 23:45:00+03:00,37.7614,,
2026-08-03 16:44:58.076912+03:00,2026-08-05 00:00:00+03:00,34.0954,,
2026-08-03 16:44:58.076912+03:00,2026-08-05 00:15:00+03:00,32.7853,,
2026-08-03 16:44:58.076912+03:00,2026-08-05 00:30:00+03:00,32.163,,
2026-08-03 16:44:58.076912+03:00,2026-08-05 00:45:00+03:00,31.9044,,
2026-08-03 16:44:58.076912+03:00,2026-08-05 01:00:00+03:00,31.575,,
2026-08-03 16:44:58.076912+03:00,2026-08-05 01:15:00+03:00,31.3083,,
2026-08-03 16:44:58.076912+03:00,2026-08-05 01:30:00+03:00,31.2911,,
2026-08-03 16:44:58.076912+03:00,2026-08-05 01:45:00+03:00,31.2911,,
2026-08-03 16:44:58.076912+03:00,2026-08-05 02:00:00+03:00,31.3777,,
2026-08-03 16:44:58.076912+03:00,2026-08-05 02:15:00+03:00,31.4013,,
2026-08-03 16:44:58.076912+03:00,2026-08-05 02:30:00+03:00,31.3841,,
2026-08-03 16:44:58.076912+03:00,2026-08-05 02:45:00+03:00,31.3841,,
2026-08-03 16:44:58.076912+03:00,2026-08-05 03:00:00+03:00,31.4077,,
2026-08-03 16:44:58.076912+03:00,2026-08-05 03:15:00+03:00,31.4543,,
2026-08-03 16:44:58.076912+03:00,2026-08-05 03:30:00+03:00,31.4371,,
2026-08-03 16:44:58.076912+03:00,2026-08-05 03:45:00+03:00,31.4371,,
2026-08-03 16:44:58.076912+03:00,2026-08-05 04:00:00+03:00,31.5569,,
2026-08-03 16:44:58.076912+03:00,2026-08-05 04:15:00+03:00,31.6035,,
2026-08-03 16:44:58.076912+03:00,2026-08-05 04:30:00+03:00,31.5863,,
2026-08-03 16:44:58.076912+03:00,2026-08-05 04:45:00+03:00,31.5863,,
2026-08-03 16:44:58.076912+03:00,2026-08-05 05:00:00+03:00,32.0657,,
2026-08-03 16:44:58.076912+03:00,2026-08-05 05:15:00+03:00,32.8203,,
2026-08-03 16:44:58.076912+03:00,2026-08-05 05:30:00+03:00,33.6415,,
2026-08-03 16:44:58.076912+03:00,2026-08-05 05:45:00+03:00,34.478,,
2026-08-03 16:44:58.076912+03:00,2026-08-05 06:00:00+03:00,35.4839,,
2026-08-03 16:44:58.076912+03:00,2026-08-05 06:15:00+03:00,37.4719,,
2026-08-03 16:44:58.076912+03:00,2026-08-05 06:30:00+03:00,39.434,,
2026-08-03 16:44:58.076912+03:00,2026-08-05 06:45:00+03:00,41.6368,,
2026-08-03 16:44:58.076912+03:00,2026-08-05 07:00:00+03:00,44.5581,,
2026-08-03 16:44:58.076912+03:00,2026-08-05 07:15:00+03:00,48.2942,,
2026-08-03 16:44:58.076912+03:00,2026-08-05 07:30:00+03:00,53.0736,,
2026-08-03 16:44:58.076912+03:00,2026-08-05 07:45:00+03:00,58.3459,,
2026-08-03 16:44:58.076912+03:00,2026-08-05 08:00:00+03:00,61.2256,,
2026-08-03 16:44:58.076912+03:00,2026-08-05 08:15:00+03:00,64.9078,,
2026-08-03 16:44:58.076912+03:00,2026-08-05 08:30:00+03:00,66.3427,,
2026-08-03 16:44:58.076912+03:00,2026-08-05 08:45:00+03:00,68.6958,,
2026-08-03 16:44:58.076912+03:00,2026-08-05 09:00:00+03:00,69.1735,,
2026-08-03 16:44:58.076912+03:00,2026-08-05 09:15:00+03:00,68.6104,,
2026-08-03 16:44:58.076912+03:00,2026-08-05 09:30:00+03:00,68.0394,,
2026-08-03 16:44:58.076912+03:00,2026-08-05 09:45:00+03:00,66.8623,,
2026-08-03 16:44:58.076912+03:00,2026-08-05 10:00:00+03:00,65.9219,,
2026-08-03 16:44:58.076912+03:00,2026-08-05 10:15:00+03:00,65.1963,,
2026-08-03 16:44:58.076912+03:00,2026-08-05 10:30:00+03:00,64.0725,,
2026-08-03 16:44:58.076912+03:00,2026-08-05 10:45:00+03:00,63.6168,,
2026-08-03 16:44:58.076912+03:00,2026-08-05 11:00:00+03:00,62.8002,,
2026-08-03 16:44:58.076912+03:00,2026-08-05 11:15:00+03:00,61.605,,
2026-08-03 16:44:58.076912+03:00,2026-08-05 11:30:00+03:00,60.7325,,
2026-08-03 16:44:58.076912+03:00,2026-08-05 11:45:00+03:00,60.2105,,
2026-08-03 16:44:58.076912+03:00,2026-08-05 12:00:00+03:00,59.6044,,
2026-08-03 16:44:58.076912+03:00,2026-08-05 12:15:00+03:00,58.7371,,
2026-08-03 16:44:58.076912+03:00,2026-08-05 12:30:00+03:00,57.958,,
2026-08-03 16:44:58.076912+03:00,2026-08-05 12:45:00+03:00,57.2076,,
2026-08-03 16:44:58.076912+03:00,2026-08-05 13:00:00+03:00,57.1143,,
2026-08-03 16:44:58.076912+03:00,2026-08-05 13:15:00+03:00,57.1143,,
2026-08-03 16:44:58.076912+03:00,2026-08-05 13:30:00+03:00,57.1446,,
2026-08-03 16:44:58.076912+03:00,2026-08-05 13:45:00+03:00,57.1446,,
2026-08-03 16:44:58.076912+03:00,2026-08-05 14:00:00+03:00,57.2062,,
2026-08-03 16:44:58.076912+03:00,2026-08-05 14:15:00+03:00,57.3128,,
2026-08-03 16:44:58.076912+03:00,2026-08-05 14:30:00+03:00,57.3128,,
2026-08-03 16:44:58.076912+03:00,2026-08-05 14:45:00+03:00,57.3128,,
2026-08-03 16:44:58.076912+03:00,2026-08-05 15:00:00+03:00,57.5787,,
2026-08-03 16:44:58.076912+03:00,2026-08-05 15:15:00+03:00,58.3111,,
2026-08-03 16:44:58.076912+03:00,2026-08-05 15:30:00+03:00,58.3495,,
2026-08-03 16:44:58.076912+03:00,2026-08-05 15:45:00+03:00,58.3495,,
2026-08-03 16:44:58.076912+03:00,2026-08-05 16:00:00+03:00,58.3754,,
2026-08-03 16:44:58.076912+03:00,2026-08-05 16:15:00+03:00,58.3754,,
2026-08-03 16:44:58.076912+03:00,2026-08-05 16:30:00+03:00,58.3754,,
2026-08-03 16:44:58.076912+03:00,2026-08-05 16:45:00+03:00,58.3754,,
2026-08-03 16:44:58.076912+03:00,2026-08-05 17:00:00+03:00,58.4168,,
2026-08-03 16:44:58.076912+03:00,2026-08-05 17:15:00+03:00,59.0135,,
2026-08-03 16:44:58.076912+03:00,2026-08-05 17:30:00+03:00,59.0135,,
2026-08-03 16:44:58.076912+03:00,2026-08-05 17:45:00+03:00,59.0135,,
2026-08-03 16:44:58.076912+03:00,2026-08-05 18:00:00+03:00,58.9593,,
2026-08-03 16:44:58.076912+03:00,2026-08-05 18:15:00+03:00,58.815,,
2026-08-03 16:44:58.076912+03:00,2026-08-05 18:30:00+03:00,58.7943,,
2026-08-03 16:44:58.076912+03:00,2026-08-05 18:45:00+03:00,58.7943,,
2026-08-03 16:44:58.076912+03:00,2026-08-05 19:00:00+03:00,58.7786,,
2026-08-03 16:44:58.076912+03:00,2026-08-05 19:15:00+03:00,57.6839,,
2026-08-03 16:44:58.076912+03:00,2026-08-05 19:30:00+03:00,57.17,,
2026-08-03 16:44:58.076912+03:00,2026-08-05 19:45:00+03:00,56.7239,,
2026-08-03 16:44:58.076912+03:00,2026-08-05 20:00:00+03:00,55.4986,,
2026-08-03 16:44:58.076912+03:00,2026-08-05 20:15:00+03:00,54.4128,,
2026-08-03 16:44:58.076912+03:00,2026-08-05 20:30:00+03:00,53.0262,,
2026-08-03 16:44:58.076912+03:00,2026-08-05 20:45:00+03:00,51.5488,,
2026-08-03 16:44:58.076912+03:00,2026-08-05 21:00:00+03:00,49.5506,,
2026-08-03 16:44:58.076912+03:00,2026-08-05 21:15:00+03:00,48.645,,
2026-08-03 16:44:58.076912+03:00,2026-08-05 21:30:00+03:00,47.9303,,
2026-08-03 16:44:58.076912+03:00,2026-08-05 21:45:00+03:00,46.8061,,
2026-08-03 16:44:58.076912+03:00,2026-08-05 22:00:00+03:00,46.1308,,
2026-08-03 16:44:58.076912+03:00,2026-08-05 22:15:00+03:00,45.6238,,
2026-08-03 16:44:58.076912+03:00,2026-08-05 22:30:00+03:00,44.8691,,
2026-08-03 16:44:58.076912+03:00,2026-08-05 22:45:00+03:00,44.124,,
2026-08-03 16:44:58.076912+03:00,2026-08-05 23:00:00+03:00,42.9673,,
2026-08-03 16:44:58.076912+03:00,2026-08-05 23:15:00+03:00,41.6828,,
2026-08-03 16:44:58.076912+03:00,2026-08-05 23:30:00+03:00,40.2823,,
2026-08-03 16:44:58.076912+03:00,2026-08-05 23:45:00+03:00,39.0709,,
2026-08-03 16:44:58.076912+03:00,2026-08-06 00:00:00+03:00,38.3318,,
2026-08-03 16:44:58.076912+03:00,2026-08-06 00:15:00+03:00,38.1801,,
2026-08-03 16:44:58.076912+03:00,2026-08-06 00:30:00+03:00,38.0689,,
2026-08-03 16:44:58.076912+03:00,2026-08-06 00:45:00+03:00,38.0507,,
2026-08-03 16:44:58.076912+03:00,2026-08-06 01:00:00+03:00,37.9363,,
2026-08-03 16:44:58.076912+03:00,2026-08-06 01:15:00+03:00,37.967,,
2026-08-03 16:44:58.076912+03:00,2026-08-06 01:30:00+03:00,37.9498,,
2026-08-03 16:44:58.076912+03:00,2026-08-06 01:45:00+03:00,37.9498,,
2026-08-03 16:44:58.076912+03:00,2026-08-06 02:00:00+03:00,37.9363,,
2026-08-03 16:44:58.076912+03:00,2026-08-06 02:15:00+03:00,37.9805,,
2026-08-03 16:44:58.076912+03:00,2026-08-06 02:30:00+03:00,37.9633,,
2026-08-03 16:44:58.076912+03:00,2026-08-06 02:45:00+03:00,37.9633,,
2026-08-03 16:44:58.076912+03:00,2026-08-06 03:00:00+03:00,38.0166,,
2026-08-03 16:44:58.076912+03:00,2026-08-06 03:15:00+03:00,38.0632,,
2026-08-03 16:44:58.076912+03:00,2026-08-06 03:30:00+03:00,38.046,,
2026-08-03 16:44:58.076912+03:00,2026-08-06 03:45:00+03:00,38.046,,
2026-08-03 16:44:58.076912+03:00,2026-08-06 04:00:00+03:00,38.6053,,
2026-08-03 16:44:58.076912+03:00,2026-08-06 04:15:00+03:00,39.0607,,
2026-08-03 16:44:58.076912+03:00,2026-08-06 04:30:00+03:00,39.6093,,
2026-08-03 16:44:58.076912+03:00,2026-08-06 04:45:00+03:00,39.6737,,
2026-08-03 16:44:58.076912+03:00,2026-08-06 05:00:00+03:00,41.1185,,
2026-08-03 16:44:58.076912+03:00,2026-08-06 05:15:00+03:00,42.3237,,
2026-08-03 16:44:58.076912+03:00,2026-08-06 05:30:00+03:00,43.6207,,
2026-08-03 16:44:58.076912+03:00,2026-08-06 05:45:00+03:00,46.0824,,
2026-08-03 16:44:58.076912+03:00,2026-08-06 06:00:00+03:00,47.7107,,
2026-08-03 16:44:58.076912+03:00,2026-08-06 06:15:00+03:00,51.0627,,
2026-08-03 16:44:58.076912+03:00,2026-08-06 06:30:00+03:00,53.9101,,
2026-08-03 16:44:58.076912+03:00,2026-08-06 06:45:00+03:00,56.3391,,
2026-08-03 16:44:58.076912+03:00,2026-08-06 07:00:00+03:00,59.1695,,
2026-08-03 16:44:58.076912+03:00,2026-08-06 07:15:00+03:00,62.842,,
2026-08-03 16:44:58.076912+03:00,2026-08-06 07:30:00+03:00,67.7688,,
2026-08-03 16:44:58.076912+03:00,2026-08-06 07:45:00+03:00,73.5052,,
2026-08-03 16:44:58.076912+03:00,2026-08-06 08:00:00+03:00,78.3569,,
2026-08-03 16:44:58.076912+03:00,2026-08-06 08:15:00+03:00,79.9572,,
2026-08-03 16:44:58.076912+03:00,2026-08-06 08:30:00+03:00,82.0668,,
2026-08-03 16:44:58.076912+03:00,2026-08-06 08:45:00+03:00,83.6952,,
2026-08-03 16:44:58.076912+03:00,2026-08-06 09:00:00+03:00,84.6172,,
2026-08-03 16:44:58.076912+03:00,2026-08-06 09:15:00+03:00,84.4958,,
2026-08-03 16:44:58.076912+03:00,2026-08-06 09:30:00+03:00,83.5406,,
2026-08-03 16:44:58.076912+03:00,2026-08-06 09:45:00+03:00,82.5016,,
2026-08-03 16:44:58.076912+03:00,2026-08-06 10:00:00+03:00,81.3048,,
2026-08-03 16:44:58.076912+03:00,2026-08-06 10:15:00+03:00,80.3919,,
2026-08-03 16:44:58.076912+03:00,2026-08-06 10:30:00+03:00,79.9093,,
2026-08-03 16:44:58.076912+03:00,2026-08-06 10:45:00+03:00,79.1931,,
2026-08-03 16:44:58.076912+03:00,2026-08-06 11:00:00+03:00,78.2351,,
2026-08-03 16:44:58.076912+03:00,2026-08-06 11:15:00+03:00,77.351,,
2026-08-03 16:44:58.076912+03:00,2026-08-06 11:30:00+03:00,76.2322,,
2026-08-03 16:44:58.076912+03:00,2026-08-06 11:45:00+03:00,74.9154,,
2026-08-03 16:44:58.076912+03:00,2026-08-06 12:00:00+03:00,74.1442,,
2026-08-03 16:44:58.076912+03:00,2026-08-06 12:15:00+03:00,73.4173,,
2026-08-03 16:44:58.076912+03:00,2026-08-06 12:30:00+03:00,72.369,,
2026-08-03 16:44:58.076912+03:00,2026-08-06 12:45:00+03:00,71.2339,,
2026-08-03 16:44:58.076912+03:00,2026-08-06 13:00:00+03:00,70.4811,,
2026-08-03 16:44:58.076912+03:00,2026-08-06 13:15:00+03:00,69.7924,,
2026-08-03 16:44:58.076912+03:00,2026-08-06 13:30:00+03:00,68.5986,,
2026-08-03 16:44:58.076912+03:00,2026-08-06 13:45:00+03:00,67.9821,,
2026-08-03 16:44:58.076912+03:00,2026-08-06 14:00:00+03:00,67.0107,,
2026-08-03 16:44:58.076912+03:00,2026-08-06 14:15:00+03:00,66.2207,,
2026-08-03 16:44:58.076912+03:00,2026-08-06 14:30:00+03:00,65.3866,,
2026-08-03 16:44:58.076912+03:00,2026-08-06 14:45:00+03:00,65.5388,,
2026-08-03 16:44:58.076912+03:00,2026-08-06 15:00:00+03:00,65.9463,,
2026-08-03 16:44:58.076912+03:00,2026-08-06 15:15:00+03:00,66.181,,
2026-08-03 16:44:58.076912+03:00,2026-08-06 15:30:00+03:00,66.181,,
2026-08-03 16:44:58.076912+03:00,2026-08-06 15:45:00+03:00,66.181,,
2026-08-03 16:44:58.076912+03:00,2026-08-06 16:00:00+03:00,66.2465,,
2026-08-03 16:44:58.076912+03:00,2026-08-06 16:15:00+03:00,67.0963,,
2026-08-03 16:44:58.076912+03:00,2026-08-06 16:30:00+03:00,67.1347,,
2026-08-03 16:44:58.076912+03:00,2026-08-06 16:45:00+03:00,67.1347,,
2026-08-03 16:44:58.076912+03:00,2026-08-06 17:00:00+03:00,67.1759,,
2026-08-03 16:44:58.076912+03:00,2026-08-06 17:15:00+03:00,68.1446,,
2026-08-03 16:44:58.076912+03:00,2026-08-06 17:30:00+03:00,69.2383,,
2026-08-03 16:44:58.076912+03:00,2026-08-06 17:45:00+03:00,69.9223,,
2026-08-03 16:44:58.076912+03:00,2026-08-06 18:00:00+03:00,71.0545,,
2026-08-03 16:44:58.076912+03:00,2026-08-06 18:15:00+03:00,71.6612,,
2026-08-03 16:44:58.076912+03:00,2026-08-06 18:30:00+03:00,71.6021,,
2026-08-03 16:44:58.076912+03:00,2026-08-06 18:45:00+03:00,71.5346,,
2026-08-03 16:44:58.076912+03:00,2026-08-06 19:00:00+03:00,71.5346,,
2026-08-03 16:44:58.076912+03:00,2026-08-06 19:15:00+03:00,70.446,,
2026-08-03 16:44:58.076912+03:00,2026-08-06 19:30:00+03:00,69.3104,,
2026-08-03 16:44:58.076912+03:00,2026-08-06 19:45:00+03:00,68.1166,,
2026-08-03 16:44:58.076912+03:00,2026-08-06 20:00:00+03:00,67.3918,,
2026-08-03 16:44:58.076912+03:00,2026-08-06 20:15:00+03:00,65.8903,,
2026-08-03 16:44:58.076912+03:00,2026-08-06 20:30:00+03:00,64.0249,,
2026-08-03 16:44:58.076912+03:00,2026-08-06 20:45:00+03:00,62.5274,,
2026-08-03 16:44:58.076912+03:00,2026-08-06 21:00:00+03:00,60.7391,,
2026-08-03 16:44:58.076912+03:00,2026-08-06 21:15:00+03:00,59.7439,,
2026-08-03 16:44:58.076912+03:00,2026-08-06 21:30:00+03:00,59.2628,,
2026-08-03 16:44:58.076912+03:00,2026-08-06 21:45:00+03:00,58.3956,,
2026-08-03 16:44:58.076912+03:00,2026-08-06 22:00:00+03:00,57.4135,,
2026-08-03 16:44:58.076912+03:00,2026-08-06 22:15:00+03:00,55.6616,,
2026-08-03 16:44:58.076912+03:00,2026-08-06 22:30:00+03:00,54.0529,,
2026-08-03 16:44:58.076912+03:00,2026-08-06 22:45:00+03:00,52.5059,,
2026-08-03 16:44:58.076912+03:00,2026-08-06 23:00:00+03:00,51.036,,
2026-08-03 16:44:58.076912+03:00,2026-08-06 23:15:00+03:00,50.0141,,
2026-08-03 16:44:58.076912+03:00,2026-08-06 23:30:00+03:00,48.2261,,
2026-08-03 16:44:58.076912+03:00,2026-08-06 23:45:00+03:00,46.4931,,
2026-08-03 16:44:58.076912+03:00,2026-08-07 00:00:00+03:00,44.8784,,
2026-08-03 16:44:58.076912+03:00,2026-08-07 00:15:00+03:00,45.1465,,
2026-08-03 16:44:58.076912+03:00,2026-08-07 00:30:00+03:00,44.9558,,
2026-08-03 16:44:58.076912+03:00,2026-08-07 00:45:00+03:00,44.9618,,
2026-08-03 16:44:58.076912+03:00,2026-08-07 01:00:00+03:00,44.8853,,
2026-08-03 16:44:58.076912+03:00,2026-08-07 01:15:00+03:00,44.916,,
2026-08-03 16:44:58.076912+03:00,2026-08-07 01:30:00+03:00,44.9155,,
2026-08-03 16:44:58.076912+03:00,2026-08-07 01:45:00+03:00,44.9155,,
2026-08-03 16:44:58.076912+03:00,2026-08-07 02:00:00+03:00,44.8629,,
2026-08-03 16:44:58.076912+03:00,2026-08-07 02:15:00+03:00,44.9072,,
2026-08-03 16:44:58.076912+03:00,2026-08-07 02:30:00+03:00,44.9066,,
2026-08-03 16:44:58.076912+03:00,2026-08-07 02:45:00+03:00,44.9066,,
2026-08-03 16:44:58.076912+03:00,2026-08-07 03:00:00+03:00,44.9432,,
2026-08-03 16:44:58.076912+03:00,2026-08-07 03:15:00+03:00,44.9898,,
2026-08-03 16:44:58.076912+03:00,2026-08-07 03:30:00+03:00,44.9893,,
2026-08-03 16:44:58.076912+03:00,2026-08-07 03:45:00+03:00,44.9893,,
2026-08-03 16:44:58.076912+03:00,2026-08-07 04:00:00+03:00,45.5111,,
2026-08-03 16:44:58.076912+03:00,2026-08-07 04:15:00+03:00,46.2176,,
2026-08-03 16:44:58.076912+03:00,2026-08-07 04:30:00+03:00,46.8605,,
2026-08-03 16:44:58.076912+03:00,2026-08-07 04:45:00+03:00,47.4386,,
2026-08-03 16:44:58.076912+03:00,2026-08-07 05:00:00+03:00,48.6384,,
2026-08-03 16:44:58.076912+03:00,2026-08-07 05:15:00+03:00,49.8779,,
2026-08-03 16:44:58.076912+03:00,2026-08-07 05:30:00+03:00,51.8358,,
2026-08-03 16:44:58.076912+03:00,2026-08-07 05:45:00+03:00,53.9763,,
2026-08-03 16:44:58.076912+03:00,2026-08-07 06:00:00+03:00,56.2854,,
2026-08-03 16:44:58.076912+03:00,2026-08-07 06:15:00+03:00,58.8251,,
2026-08-03 16:44:58.076912+03:00,2026-08-07 06:30:00+03:00,61.0951,,
2026-08-03 16:44:58.076912+03:00,2026-08-07 06:45:00+03:00,63.7364,,
2026-08-03 16:44:58.076912+03:00,2026-08-07 07:00:00+03:00,66.52,,
2026-08-03 16:44:58.076912+03:00,2026-08-07 07:15:00+03:00,69.3177,,
2026-08-03 16:44:58.076912+03:00,2026-08-07 07:30:00+03:00,71.8572,,
2026-08-03 16:44:58.076912+03:00,2026-08-07 07:45:00+03:00,73.9904,,
2026-08-03 16:44:58.076912+03:00,2026-08-07 08:00:00+03:00,75.9169,,
2026-08-03 16:44:58.076912+03:00,2026-08-07 08:15:00+03:00,76.4646,,
2026-08-03 16:44:58.076912+03:00,2026-08-07 08:30:00+03:00,77.719,,
2026-08-03 16:44:58.076912+03:00,2026-08-07 08:45:00+03:00,78.821,,
2026-08-03 16:44:58.076912+03:00,2026-08-07 09:00:00+03:00,78.849,,
2026-08-03 16:44:58.076912+03:00,2026-08-07 09:15:00+03:00,78.3737,,
2026-08-03 16:44:58.076912+03:00,2026-08-07 09:30:00+03:00,77.5041,,
2026-08-03 16:44:58.076912+03:00,2026-08-07 09:45:00+03:00,77.3799,,
2026-08-03 16:44:58.076912+03:00,2026-08-07 10:00:00+03:00,76.2244,,
2026-08-03 16:44:58.076912+03:00,2026-08-07 10:15:00+03:00,75.0171,,
2026-08-03 16:44:58.076912+03:00,2026-08-07 10:30:00+03:00,74.1375,,
2026-08-03 16:44:58.076912+03:00,2026-08-07 10:45:00+03:00,73.3949,,
2026-08-03 16:44:58.076912+03:00,2026-08-07 11:00:00+03:00,72.3345,,
2026-08-03 16:44:58.076912+03:00,2026-08-07 11:15:00+03:00,71.4836,,
2026-08-03 16:44:58.076912+03:00,2026-08-07 11:30:00+03:00,70.5521,,
2026-08-03 16:44:58.076912+03:00,2026-08-07 11:45:00+03:00,69.7736,,
2026-08-03 16:44:58.076912+03:00,2026-08-07 12:00:00+03:00,68.5641,,
2026-08-03 16:44:58.076912+03:00,2026-08-07 12:15:00+03:00,67.9633,,
2026-08-03 16:44:58.076912+03:00,2026-08-07 12:30:00+03:00,66.9855,,
2026-08-03 16:44:58.076912+03:00,2026-08-07 12:45:00+03:00,66.1123,,
2026-08-03 16:44:58.076912+03:00,2026-08-07 13:00:00+03:00,65.2528,,
2026-08-03 16:44:58.076912+03:00,2026-08-07 13:15:00+03:00,64.1447,,
2026-08-03 16:44:58.076912+03:00,2026-08-07 13:30:00+03:00,63.689,,
2026-08-03 16:44:58.076912+03:00,2026-08-07 13:45:00+03:00,63.689,,
2026-08-03 16:44:58.076912+03:00,2026-08-07 14:00:00+03:00,63.7441,,
2026-08-03 16:44:58.076912+03:00,2026-08-07 14:15:00+03:00,63.8734,,
2026-08-03 16:44:58.076912+03:00,2026-08-07 14:30:00+03:00,63.8734,,
2026-08-03 16:44:58.076912+03:00,2026-08-07 14:45:00+03:00,63.8734,,
2026-08-03 16:44:58.076912+03:00,2026-08-07 15:00:00+03:00,64.1891,,
2026-08-03 16:44:58.076912+03:00,2026-08-07 15:15:00+03:00,64.5448,,
2026-08-03 16:44:58.076912+03:00,2026-08-07 15:30:00+03:00,65.0005,,
2026-08-03 16:44:58.076912+03:00,2026-08-07 15:45:00+03:00,65.0389,,
2026-08-03 16:44:58.076912+03:00,2026-08-07 16:00:00+03:00,65.1002,,
2026-08-03 16:44:58.076912+03:00,2026-08-07 16:15:00+03:00,65.1159,,
2026-08-03 16:44:58.076912+03:00,2026-08-07 16:30:00+03:00,65.1159,,
2026-08-03 16:44:58.076912+03:00,2026-08-07 16:45:00+03:00,65.1159,,
2026-08-03 16:44:58.076912+03:00,2026-08-07 17:00:00+03:00,65.1648,,
2026-08-03 16:44:58.076912+03:00,2026-08-07 17:15:00+03:00,65.1805,,
2026-08-03 16:44:58.076912+03:00,2026-08-07 17:30:00+03:00,65.1805,,
2026-08-03 16:44:58.076912+03:00,2026-08-07 17:45:00+03:00,65.1805,,
2026-08-03 16:44:58.076912+03:00,2026-08-07 18:00:00+03:00,65.1382,,
2026-08-03 16:44:58.076912+03:00,2026-08-07 18:15:00+03:00,64.9939,,
2026-08-03 16:44:58.076912+03:00,2026-08-07 18:30:00+03:00,64.9732,,
2026-08-03 16:44:58.076912+03:00,2026-08-07 18:45:00+03:00,64.9732,,
2026-08-03 16:44:58.076912+03:00,2026-08-07 19:00:00+03:00,64.9575,,
2026-08-03 16:44:58.076912+03:00,2026-08-07 19:15:00+03:00,63.7815,,
2026-08-03 16:44:58.076912+03:00,2026-08-07 19:30:00+03:00,63.3258,,
2026-08-03 16:44:58.076912+03:00,2026-08-07 19:45:00+03:00,62.449,,
2026-08-03 16:44:58.076912+03:00,2026-08-07 20:00:00+03:00,61.1659,,
2026-08-03 16:44:58.076912+03:00,2026-08-07 20:15:00+03:00,59.8667,,
2026-08-03 16:44:58.076912+03:00,2026-08-07 20:30:00+03:00,58.756,,
2026-08-03 16:44:58.076912+03:00,2026-08-07 20:45:00+03:00,57.1757,,
2026-08-03 16:44:58.076912+03:00,2026-08-07 21:00:00+03:00,56.1544,,
2026-08-03 16:44:58.076912+03:00,2026-08-07 21:15:00+03:00,55.4703,,
2026-08-03 16:44:58.076912+03:00,2026-08-07 21:30:00+03:00,55.062,,
2026-08-03 16:44:58.076912+03:00,2026-08-07 21:45:00+03:00,54.4179,,
2026-08-03 16:44:58.076912+03:00,2026-08-07 22:00:00+03:00,53.2877,,
2026-08-03 16:44:58.076912+03:00,2026-08-07 22:15:00+03:00,52.1194,,
2026-08-03 16:44:58.076912+03:00,2026-08-07 22:30:00+03:00,50.4936,,
2026-08-03 16:44:58.076912+03:00,2026-08-07 22:45:00+03:00,48.8461,,
2026-08-03 16:44:58.076912+03:00,2026-08-07 23:00:00+03:00,46.5492,,
2026-08-03 16:44:58.076912+03:00,2026-08-07 23:15:00+03:00,45.2206,,
2026-08-03 16:44:58.076912+03:00,2026-08-07 23:30:00+03:00,43.8455,,
2026-08-03 16:44:58.076912+03:00,2026-08-07 23:45:00+03:00,42.2392,,
2026-08-03 16:44:58.076912+03:00,2026-08-08 00:00:00+03:00,40.9452,,
2026-08-03 16:44:58.076912+03:00,2026-08-08 00:15:00+03:00,40.858,,
2026-08-03 16:44:58.076912+03:00,2026-08-08 00:30:00+03:00,40.7468,,
2026-08-03 16:44:58.076912+03:00,2026-08-08 00:45:00+03:00,40.7563,,
2026-08-03 16:44:58.076912+03:00,2026-08-08 01:00:00+03:00,40.6485,,
2026-08-03 16:44:58.076912+03:00,2026-08-08 01:15:00+03:00,40.2352,,
2026-08-03 16:44:58.076912+03:00,2026-08-08 01:30:00+03:00,40.218,,
2026-08-03 16:44:58.076912+03:00,2026-08-08 01:45:00+03:00,40.218,,
2026-08-03 16:44:58.076912+03:00,2026-08-08 02:00:00+03:00,40.2045,,
2026-08-03 16:44:58.076912+03:00,2026-08-08 02:15:00+03:00,40.2488,,
2026-08-03 16:44:58.076912+03:00,2026-08-08 02:30:00+03:00,40.2316,,
2026-08-03 16:44:58.076912+03:00,2026-08-08 02:45:00+03:00,40.2316,,
2026-08-03 16:44:58.076912+03:00,2026-08-08 03:00:00+03:00,40.3161,,
2026-08-03 16:44:58.076912+03:00,2026-08-08 03:15:00+03:00,40.3627,,
2026-08-03 16:44:58.076912+03:00,2026-08-08 03:30:00+03:00,40.3455,,
2026-08-03 16:44:58.076912+03:00,2026-08-08 03:45:00+03:00,40.3455,,
2026-08-03 16:44:58.076912+03:00,2026-08-08 04:00:00+03:00,40.7082,,
2026-08-03 16:44:58.076912+03:00,2026-08-08 04:15:00+03:00,40.7548,,
2026-08-03 16:44:58.076912+03:00,2026-08-08 04:30:00+03:00,41.1816,,
2026-08-03 16:44:58.076912+03:00,2026-08-08 04:45:00+03:00,41.1816,,
2026-08-03 16:44:58.076912+03:00,2026-08-08 05:00:00+03:00,41.4538,,
2026-08-03 16:44:58.076912+03:00,2026-08-08 05:15:00+03:00,42.2256,,
2026-08-03 16:44:58.076912+03:00,2026-08-08 05:30:00+03:00,42.8103,,
2026-08-03 16:44:58.076912+03:00,2026-08-08 05:45:00+03:00,43.4419,,
2026-08-03 16:44:58.076912+03:00,2026-08-08 06:00:00+03:00,43.9305,,
2026-08-03 16:44:58.076912+03:00,2026-08-08 06:15:00+03:00,45.0715,,
2026-08-03 16:44:58.076912+03:00,2026-08-08 06:30:00+03:00,45.999,,
2026-08-03 16:44:58.076912+03:00,2026-08-08 06:45:00+03:00,46.5426,,
2026-08-03 16:44:58.076912+03:00,2026-08-08 07:00:00+03:00,47.3354,,
2026-08-03 16:44:58.076912+03:00,2026-08-08 07:15:00+03:00,47.8455,,
2026-08-03 16:44:58.076912+03:00,2026-08-08 07:30:00+03:00,48.3599,,
2026-08-03 16:44:58.076912+03:00,2026-08-08 07:45:00+03:00,49.2628,,
2026-08-03 16:44:58.076912+03:00,2026-08-08 08:00:00+03:00,49.8346,,
2026-08-03 16:44:58.076912+03:00,2026-08-08 08:15:00+03:00,50.6956,,
2026-08-03 16:44:58.076912+03:00,2026-08-08 08:30:00+03:00,50.8618,,
2026-08-03 16:44:58.076912+03:00,2026-08-08 08:45:00+03:00,50.7499,,
2026-08-03 16:44:58.076912+03:00,2026-08-08 09:00:00+03:00,50.4116,,
2026-08-03 16:44:58.076912+03:00,2026-08-08 09:15:00+03:00,50.5086,,
2026-08-03 16:44:58.076912+03:00,2026-08-08 09:30:00+03:00,50.3265,,
2026-08-03 16:44:58.076912+03:00,2026-08-08 09:45:00+03:00,50.3265,,
2026-08-03 16:44:58.076912+03:00,2026-08-08 10:00:00+03:00,50.228,,
2026-08-03 16:44:58.076912+03:00,2026-08-08 10:15:00+03:00,50.5066,,
2026-08-03 16:44:58.076912+03:00,2026-08-08 10:30:00+03:00,50.3244,,
2026-08-03 16:44:58.076912+03:00,2026-08-08 10:45:00+03:00,50.3244,,
2026-08-03 16:44:58.076912+03:00,2026-08-08 11:00:00+03:00,50.1959,,
2026-08-03 16:44:58.076912+03:00,2026-08-08 11:15:00+03:00,50.1685,,
2026-08-03 16:44:58.076912+03:00,2026-08-08 11:30:00+03:00,50.0872,,
2026-08-03 16:44:58.076912+03:00,2026-08-08 11:45:00+03:00,50.0872,,
2026-08-03 16:44:58.076912+03:00,2026-08-08 12:00:00+03:00,50.0343,,
2026-08-03 16:44:58.076912+03:00,2026-08-08 12:15:00+03:00,50.0816,,
2026-08-03 16:44:58.076912+03:00,2026-08-08 12:30:00+03:00,50.0706,,
2026-08-03 16:44:58.076912+03:00,2026-08-08 12:45:00+03:00,50.0706,,
2026-08-03 16:44:58.076912+03:00,2026-08-08 13:00:00+03:00,50.0509,,
2026-08-03 16:44:58.076912+03:00,2026-08-08 13:15:00+03:00,50.0982,,
2026-08-03 16:44:58.076912+03:00,2026-08-08 13:30:00+03:00,50.0872,,
2026-08-03 16:44:58.076912+03:00,2026-08-08 13:45:00+03:00,50.0872,,
2026-08-03 16:44:58.076912+03:00,2026-08-08 14:00:00+03:00,50.1166,,
2026-08-03 16:44:58.076912+03:00,2026-08-08 14:15:00+03:00,50.2322,,
2026-08-03 16:44:58.076912+03:00,2026-08-08 14:30:00+03:00,50.5382,,
2026-08-03 16:44:58.076912+03:00,2026-08-08 14:45:00+03:00,50.4263,,
2026-08-03 16:44:58.076912+03:00,2026-08-08 15:00:00+03:00,50.5803,,
2026-08-03 16:44:58.076912+03:00,2026-08-08 15:15:00+03:00,51.1014,,
2026-08-03 16:44:58.076912+03:00,2026-08-08 15:30:00+03:00,51.6535,,
2026-08-03 16:44:58.076912+03:00,2026-08-08 15:45:00+03:00,51.6919,,
2026-08-03 16:44:58.076912+03:00,2026-08-08 16:00:00+03:00,52.5888,,
2026-08-03 16:44:58.076912+03:00,2026-08-08 16:15:00+03:00,53.3165,,
2026-08-03 16:44:58.076912+03:00,2026-08-08 16:30:00+03:00,54.256,,
2026-08-03 16:44:58.076912+03:00,2026-08-08 16:45:00+03:00,54.8758,,
2026-08-03 16:44:58.076912+03:00,2026-08-08 17:00:00+03:00,55.825,,
2026-08-03 16:44:58.076912+03:00,2026-08-08 17:15:00+03:00,56.3615,,
2026-08-03 16:44:58.076912+03:00,2026-08-08 17:30:00+03:00,56.9393,,
2026-08-03 16:44:58.076912+03:00,2026-08-08 17:45:00+03:00,58.1691,,
2026-08-03 16:44:58.076912+03:00,2026-08-08 18:00:00+03:00,58.7642,,
2026-08-03 16:44:58.076912+03:00,2026-08-08 18:15:00+03:00,59.2009,,
2026-08-03 16:44:58.076912+03:00,2026-08-08 18:30:00+03:00,59.5811,,
2026-08-03 16:44:58.076912+03:00,2026-08-08 18:45:00+03:00,59.5137,,
2026-08-03 16:44:58.076912+03:00,2026-08-08 19:00:00+03:00,59.4979,,
2026-08-03 16:44:58.076912+03:00,2026-08-08 19:15:00+03:00,58.4857,,
2026-08-03 16:44:58.076912+03:00,2026-08-08 19:30:00+03:00,57.7066,,
2026-08-03 16:44:58.076912+03:00,2026-08-08 19:45:00+03:00,57.1928,,
2026-08-03 16:44:58.076912+03:00,2026-08-08 20:00:00+03:00,56.6215,,
2026-08-03 16:44:58.076912+03:00,2026-08-08 20:15:00+03:00,54.9784,,
2026-08-03 16:44:58.076912+03:00,2026-08-08 20:30:00+03:00,53.6437,,
2026-08-03 16:44:58.076912+03:00,2026-08-08 20:45:00+03:00,52.4761,,
2026-08-03 16:44:58.076912+03:00,2026-08-08 21:00:00+03:00,51.6524,,
2026-08-03 16:44:58.076912+03:00,2026-08-08 21:15:00+03:00,50.8871,,
2026-08-03 16:44:58.076912+03:00,2026-08-08 21:30:00+03:00,49.5826,,
2026-08-03 16:44:58.076912+03:00,2026-08-08 21:45:00+03:00,48.0038,,
2026-08-03 16:44:58.076912+03:00,2026-08-08 22:00:00+03:00,46.1973,,
2026-08-03 16:44:58.076912+03:00,2026-08-08 22:15:00+03:00,45.5008,,
2026-08-03 16:44:58.076912+03:00,2026-08-08 22:30:00+03:00,44.625,,
2026-08-03 16:44:58.076912+03:00,2026-08-08 22:45:00+03:00,43.1386,,
2026-08-03 16:44:58.076912+03:00,2026-08-08 23:00:00+03:00,41.9375,,
2026-08-03 16:44:58.076912+03:00,2026-08-08 23:15:00+03:00,40.6624,,
2026-08-03 16:44:58.076912+03:00,2026-08-08 23:30:00+03:00,39.0709,,
2026-08-03 16:44:58.076912+03:00,2026-08-08 23:45:00+03:00,37.5907,,
2026-08-03 16:44:58.076912+03:00,2026-08-09 00:00:00+03:00,36.6066,,
2026-08-03 16:44:58.076912+03:00,2026-08-09 00:15:00+03:00,36.5391,,
2026-08-03 16:44:58.076912+03:00,2026-08-09 00:30:00+03:00,36.6595,,
2026-08-03 16:44:58.076912+03:00,2026-08-09 00:45:00+03:00,36.6413,,
2026-08-03 16:44:58.076912+03:00,2026-08-09 01:00:00+03:00,36.5268,,
2026-08-03 16:44:58.076912+03:00,2026-08-09 01:15:00+03:00,36.5576,,
2026-08-03 16:44:58.076912+03:00,2026-08-09 01:30:00+03:00,36.5404,,
2026-08-03 16:44:58.076912+03:00,2026-08-09 01:45:00+03:00,36.5404,,
2026-08-03 16:44:58.076912+03:00,2026-08-09 02:00:00+03:00,36.5268,,
2026-08-03 16:44:58.076912+03:00,2026-08-09 02:15:00+03:00,36.5711,,
2026-08-03 16:44:58.076912+03:00,2026-08-09 02:30:00+03:00,36.5539,,
2026-08-03 16:44:58.076912+03:00,2026-08-09 02:45:00+03:00,36.5539,,
2026-08-03 16:44:58.076912+03:00,2026-08-09 03:00:00+03:00,36.6072,,
2026-08-03 16:44:58.076912+03:00,2026-08-09 03:15:00+03:00,36.6537,,
2026-08-03 16:44:58.076912+03:00,2026-08-09 03:30:00+03:00,36.6365,,
2026-08-03 16:44:58.076912+03:00,2026-08-09 03:45:00+03:00,36.6365,,
2026-08-03 16:44:58.076912+03:00,2026-08-09 04:00:00+03:00,37.0416,,
2026-08-03 16:44:58.076912+03:00,2026-08-09 04:15:00+03:00,37.4405,,
2026-08-03 16:44:58.076912+03:00,2026-08-09 04:30:00+03:00,38.1458,,
2026-08-03 16:44:58.076912+03:00,2026-08-09 04:45:00+03:00,38.507,,
2026-08-03 16:44:58.076912+03:00,2026-08-09 05:00:00+03:00,39.0149,,
2026-08-03 16:44:58.076912+03:00,2026-08-09 05:15:00+03:00,39.6071,,
2026-08-03 16:44:58.076912+03:00,2026-08-09 05:30:00+03:00,39.8186,,
2026-08-03 16:44:58.076912+03:00,2026-08-09 05:45:00+03:00,40.764,,
2026-08-03 16:44:58.076912+03:00,2026-08-09 06:00:00+03:00,41.5778,,
2026-08-03 16:44:58.076912+03:00,2026-08-09 06:15:00+03:00,42.4106,,
2026-08-03 16:44:58.076912+03:00,2026-08-09 06:30:00+03:00,42.9952,,
2026-08-03 16:44:58.076912+03:00,2026-08-09 06:45:00+03:00,43.4039,,
2026-08-03 16:44:58.076912+03:00,2026-08-09 07:00:00+03:00,43.9305,,
2026-08-03 16:44:58.076912+03:00,2026-08-09 07:15:00+03:00,45.1008,,
2026-08-03 16:44:58.076912+03:00,2026-08-09 07:30:00+03:00,46.0927,,
2026-08-03 16:44:58.076912+03:00,2026-08-09 07:45:00+03:00,46.6363,,
2026-08-03 16:44:58.076912+03:00,2026-08-09 08:00:00+03:00,47.134,,
2026-08-03 16:44:58.076912+03:00,2026-08-09 08:15:00+03:00,47.2962,,
2026-08-03 16:44:58.076912+03:00,2026-08-09 08:30:00+03:00,47.2616,,
2026-08-03 16:44:58.076912+03:00,2026-08-09 08:45:00+03:00,47.2616,,
2026-08-03 16:44:58.076912+03:00,2026-08-09 09:00:00+03:00,46.8414,,
2026-08-03 16:44:58.076912+03:00,2026-08-09 09:15:00+03:00,46.751,,
2026-08-03 16:44:58.076912+03:00,2026-08-09 09:30:00+03:00,46.7505,,
2026-08-03 16:44:58.076912+03:00,2026-08-09 09:45:00+03:00,46.7505,,
2026-08-03 16:44:58.076912+03:00,2026-08-09 10:00:00+03:00,46.6322,,
2026-08-03 16:44:58.076912+03:00,2026-08-09 10:15:00+03:00,46.1105,,
2026-08-03 16:44:58.076912+03:00,2026-08-09 10:30:00+03:00,45.4665,,
2026-08-03 16:44:58.076912+03:00,2026-08-09 10:45:00+03:00,44.8066,,
2026-08-03 16:44:58.076912+03:00,2026-08-09 11:00:00+03:00,44.0094,,
2026-08-03 16:44:58.076912+03:00,2026-08-09 11:15:00+03:00,43.622,,
2026-08-03 16:44:58.076912+03:00,2026-08-09 11:30:00+03:00,43.6048,,
2026-08-03 16:44:58.076912+03:00,2026-08-09 11:45:00+03:00,42.8707,,
2026-08-03 16:44:58.076912+03:00,2026-08-09 12:00:00+03:00,42.4149,,
2026-08-03 16:44:58.076912+03:00,2026-08-09 12:15:00+03:00,41.9795,,
2026-08-03 16:44:58.076912+03:00,2026-08-09 12:30:00+03:00,41.9623,,
2026-08-03 16:44:58.076912+03:00,2026-08-09 12:45:00+03:00,41.9623,,
2026-08-03 16:44:58.076912+03:00,2026-08-09 13:00:00+03:00,41.9683,,
2026-08-03 16:44:58.076912+03:00,2026-08-09 13:15:00+03:00,42.0149,,
2026-08-03 16:44:58.076912+03:00,2026-08-09 13:30:00+03:00,41.9977,,
2026-08-03 16:44:58.076912+03:00,2026-08-09 13:45:00+03:00,41.9977,,
2026-08-03 16:44:58.076912+03:00,2026-08-09 14:00:00+03:00,42.0125,,
2026-08-03 16:44:58.076912+03:00,2026-08-09 14:15:00+03:00,42.1423,,
2026-08-03 16:44:58.076912+03:00,2026-08-09 14:30:00+03:00,42.1251,,
2026-08-03 16:44:58.076912+03:00,2026-08-09 14:45:00+03:00,42.1251,,
2026-08-03 16:44:58.076912+03:00,2026-08-09 15:00:00+03:00,42.3312,,
2026-08-03 16:44:58.076912+03:00,2026-08-09 15:15:00+03:00,42.6811,,
2026-08-03 16:44:58.076912+03:00,2026-08-09 15:30:00+03:00,43.2311,,
2026-08-03 16:44:58.076912+03:00,2026-08-09 15:45:00+03:00,43.8349,,
2026-08-03 16:44:58.076912+03:00,2026-08-09 16:00:00+03:00,44.5809,,
2026-08-03 16:44:58.076912+03:00,2026-08-09 16:15:00+03:00,45.2025,,
2026-08-03 16:44:58.076912+03:00,2026-08-09 16:30:00+03:00,45.7117,,
2026-08-03 16:44:58.076912+03:00,2026-08-09 16:45:00+03:00,46.3716,,
2026-08-03 16:44:58.076912+03:00,2026-08-09 17:00:00+03:00,46.8189,,
2026-08-03 16:44:58.076912+03:00,2026-08-09 17:15:00+03:00,47.3791,,
2026-08-03 16:44:58.076912+03:00,2026-08-09 17:30:00+03:00,47.3786,,
2026-08-03 16:44:58.076912+03:00,2026-08-09 17:45:00+03:00,47.3786,,
2026-08-03 16:44:58.076912+03:00,2026-08-09 18:00:00+03:00,47.1456,,
2026-08-03 16:44:58.076912+03:00,2026-08-09 18:15:00+03:00,46.9709,,
2026-08-03 16:44:58.076912+03:00,2026-08-09 18:30:00+03:00,46.9496,,
2026-08-03 16:44:58.076912+03:00,2026-08-09 18:45:00+03:00,46.9496,,
2026-08-03 16:44:58.076912+03:00,2026-08-09 19:00:00+03:00,46.9748,,
2026-08-03 16:44:58.076912+03:00,2026-08-09 19:15:00+03:00,46.5071,,
2026-08-03 16:44:58.076912+03:00,2026-08-09 19:30:00+03:00,45.9383,,
2026-08-03 16:44:58.076912+03:00,2026-08-09 19:45:00+03:00,45.2948,,
2026-08-03 16:44:58.076912+03:00,2026-08-09 20:00:00+03:00,44.3647,,
2026-08-03 16:44:58.076912+03:00,2026-08-09 20:15:00+03:00,43.7433,,
2026-08-03 16:44:58.076912+03:00,2026-08-09 20:30:00+03:00,43.1889,,
2026-08-03 16:44:58.076912+03:00,2026-08-09 20:45:00+03:00,42.4708,,
2026-08-03 16:44:58.076912+03:00,2026-08-09 21:00:00+03:00,41.4944,,
2026-08-03 16:44:58.076912+03:00,2026-08-09 21:15:00+03:00,41.0303,,
2026-08-03 16:44:58.076912+03:00,2026-08-09 21:30:00+03:00,40.3636,,
2026-08-03 16:44:58.076912+03:00,2026-08-09 21:45:00+03:00,39.9196,,
2026-08-03 16:44:58.076912+03:00,2026-08-09 22:00:00+03:00,39.4891,,
2026-08-03 16:44:58.076912+03:00,2026-08-09 22:15:00+03:00,38.1845,,
2026-08-03 16:44:58.076912+03:00,2026-08-09 22:30:00+03:00,37.2025,,
2026-08-03 16:44:58.076912+03:00,2026-08-09 22:45:00+03:00,35.7829,,
2026-08-03 16:44:58.076912+03:00,2026-08-09 23:00:00+03:00,34.2646,,
2026-08-03 16:44:58.076912+03:00,2026-08-09 23:15:00+03:00,32.4778,,
2026-08-03 16:44:58.076912+03:00,2026-08-09 23:30:00+03:00,30.9539,,
2026-08-03 16:44:58.076912+03:00,2026-08-09 23:45:00+03:00,29.438,,
2026-08-03 16:44:58.076912+03:00,2026-08-10 00:00:00+03:00,27.9689,,
2026-08-03 16:44:58.076912+03:00,2026-08-10 00:15:00+03:00,27.2596,,
2026-08-03 16:44:58.076912+03:00,2026-08-10 00:30:00+03:00,26.7917,,
2026-08-03 16:44:58.076912+03:00,2026-08-10 00:45:00+03:00,26.3825,,
2026-08-03 16:44:58.076912+03:00,2026-08-10 01:00:00+03:00,26.2371,,
2026-08-03 16:44:58.076912+03:00,2026-08-10 01:15:00+03:00,25.7165,,
2026-08-03 16:44:58.076912+03:00,2026-08-10 01:30:00+03:00,25.4895,,
2026-08-03 16:44:58.076912+03:00,2026-08-10 01:45:00+03:00,25.304,,
2026-08-03 16:44:58.076912+03:00,2026-08-10 02:00:00+03:00,25.3054,,
2026-08-03 16:44:58.076912+03:00,2026-08-10 02:15:00+03:00,25.329,,
2026-08-03 16:44:58.076912+03:00,2026-08-10 02:30:00+03:00,25.3118,,
2026-08-03 16:44:58.076912+03:00,2026-08-10 02:45:00+03:00,25.3118,,
2026-08-03 16:44:58.076912+03:00,2026-08-10 03:00:00+03:00,25.3801,,
2026-08-03 16:44:58.076912+03:00,2026-08-10 03:15:00+03:00,25.4117,,
2026-08-03 16:44:58.076912+03:00,2026-08-10 03:30:00+03:00,25.3945,,
2026-08-03 16:44:58.076912+03:00,2026-08-10 03:45:00+03:00,25.3945,,
2026-08-03 16:44:58.076912+03:00,2026-08-10 04:00:00+03:00,25.7674,,
2026-08-03 16:44:58.076912+03:00,2026-08-10 04:15:00+03:00,25.9505,,
2026-08-03 16:44:58.076912+03:00,2026-08-10 04:30:00+03:00,26.1431,,
2026-08-03 16:44:58.076912+03:00,2026-08-10 04:45:00+03:00,26.1431,,
2026-08-03 16:44:58.076912+03:00,2026-08-10 05:00:00+03:00,26.7542,,
2026-08-03 16:44:58.076912+03:00,2026-08-10 05:15:00+03:00,27.9375,,
2026-08-03 16:44:58.076912+03:00,2026-08-10 05:30:00+03:00,29.3026,,
2026-08-03 16:44:58.076912+03:00,2026-08-10 05:45:00+03:00,31.5447,,
2026-08-03 16:44:58.076912+03:00,2026-08-10 06:00:00+03:00,33.1519,,
2026-08-03 16:44:58.076912+03:00,2026-08-10 06:15:00+03:00,35.34,,
2026-08-03 16:44:58.076912+03:00,2026-08-10 06:30:00+03:00,38.2583,,
2026-08-03 16:44:58.076912+03:00,2026-08-10 06:45:00+03:00,41.6022,,
2026-08-03 16:44:58.076912+03:00,2026-08-10 07:00:00+03:00,44.7748,,
2026-08-03 16:44:58.076912+03:00,2026-08-10 07:15:00+03:00,48.9718,,
2026-08-03 16:44:58.076912+03:00,2026-08-10 07:30:00+03:00,53.7625,,
2026-08-03 16:44:58.076912+03:00,2026-08-10 07:45:00+03:00,59.5259,,
2026-08-03 16:44:58.076912+03:00,2026-08-10 08:00:00+03:00,63.601,,
2026-08-03 16:44:58.076912+03:00,2026-08-10 08:15:00+03:00,68.3324,,
2026-08-03 16:44:58.076912+03:00,2026-08-10 08:30:00+03:00,73.587,,
2026-08-03 16:44:58.076912+03:00,2026-08-10 08:45:00+03:00,77.8123,,
2026-08-03 16:44:58.076912+03:00,2026-08-10 09:00:00+03:00,79.0128,,
2026-08-03 16:44:58.076912+03:00,2026-08-10 09:15:00+03:00,78.7277,,
2026-08-03 16:44:58.076912+03:00,2026-08-10 09:30:00+03:00,78.3907,,
2026-08-03 16:44:58.076912+03:00,2026-08-10 09:45:00+03:00,78.0518,,
2026-08-03 16:44:58.076912+03:00,2026-08-10 10:00:00+03:00,76.9909,,
2026-08-03 16:44:58.076912+03:00,2026-08-10 10:15:00+03:00,75.8576,,
2026-08-03 16:44:58.076912+03:00,2026-08-10 10:30:00+03:00,74.5407,,
2026-08-03 16:44:58.076912+03:00,2026-08-10 10:45:00+03:00,73.7853,,
2026-08-03 16:44:58.076912+03:00,2026-08-10 11:00:00+03:00,73.0269,,
2026-08-03 16:44:58.076912+03:00,2026-08-10 11:15:00+03:00,71.9943,,
2026-08-03 16:44:58.076912+03:00,2026-08-10 11:30:00+03:00,70.8593,,
2026-08-03 16:44:58.076912+03:00,2026-08-10 11:45:00+03:00,70.1963,,
2026-08-03 16:44:58.076912+03:00,2026-08-10 12:00:00+03:00,69.402,,
2026-08-03 16:44:58.076912+03:00,2026-08-10 12:15:00+03:00,68.224,,
2026-08-03 16:44:58.076912+03:00,2026-08-10 12:30:00+03:00,67.6075,,
2026-08-03 16:44:58.076912+03:00,2026-08-10 12:45:00+03:00,66.6297,,
2026-08-03 16:44:58.076912+03:00,2026-08-10 13:00:00+03:00,65.7407,,
2026-08-03 16:44:58.076912+03:00,2026-08-10 13:15:00+03:00,65.0103,,
2026-08-03 16:44:58.076912+03:00,2026-08-10 13:30:00+03:00,63.8865,,
2026-08-03 16:44:58.076912+03:00,2026-08-10 13:45:00+03:00,63.5403,,
2026-08-03 16:44:58.076912+03:00,2026-08-10 14:00:00+03:00,62.9543,,
2026-08-03 16:44:58.076912+03:00,2026-08-10 14:15:00+03:00,63.0533,,
2026-08-03 16:44:58.076912+03:00,2026-08-10 14:30:00+03:00,63.0831,,
2026-08-03 16:44:58.076912+03:00,2026-08-10 14:45:00+03:00,63.0831,,
2026-08-03 16:44:58.076912+03:00,2026-08-10 15:00:00+03:00,63.2589,,
2026-08-03 16:44:58.076912+03:00,2026-08-10 15:15:00+03:00,63.5321,,
2026-08-03 16:44:58.076912+03:00,2026-08-10 15:30:00+03:00,63.5321,,
2026-08-03 16:44:58.076912+03:00,2026-08-10 15:45:00+03:00,63.5321,,
2026-08-03 16:44:58.076912+03:00,2026-08-10 16:00:00+03:00,63.5569,,
2026-08-03 16:44:58.076912+03:00,2026-08-10 16:15:00+03:00,63.5727,,
2026-08-03 16:44:58.076912+03:00,2026-08-10 16:30:00+03:00,63.5727,,
2026-08-03 16:44:58.076912+03:00,2026-08-10 16:45:00+03:00,63.5727,,
2026-08-03 16:44:58.076912+03:00,2026-08-10 17:00:00+03:00,63.602,,
2026-08-03 16:44:58.076912+03:00,2026-08-10 17:15:00+03:00,63.6177,,
2026-08-03 16:44:58.076912+03:00,2026-08-10 17:30:00+03:00,63.6177,,
2026-08-03 16:44:58.076912+03:00,2026-08-10 17:45:00+03:00,63.6177,,
2026-08-03 16:44:58.076912+03:00,2026-08-10 18:00:00+03:00,63.5753,,
2026-08-03 16:44:58.076912+03:00,2026-08-10 18:15:00+03:00,63.3897,,
2026-08-03 16:44:58.076912+03:00,2026-08-10 18:30:00+03:00,63.369,,
2026-08-03 16:44:58.076912+03:00,2026-08-10 18:45:00+03:00,63.369,,
2026-08-03 16:44:58.076912+03:00,2026-08-10 19:00:00+03:00,63.3533,,
2026-08-03 16:44:58.076912+03:00,2026-08-10 19:15:00+03:00,61.9841,,
2026-08-03 16:44:58.076912+03:00,2026-08-10 19:30:00+03:00,59.9976,,
2026-08-03 16:44:58.076912+03:00,2026-08-10 19:45:00+03:00,58.8111,,
2026-08-03 16:44:58.076912+03:00,2026-08-10 20:00:00+03:00,57.2279,,
2026-08-03 16:44:58.076912+03:00,2026-08-10 20:15:00+03:00,55.5738,,
2026-08-03 16:44:58.076912+03:00,2026-08-10 20:30:00+03:00,53.9366,,
2026-08-03 16:44:58.076912+03:00,2026-08-10 20:45:00+03:00,51.4739,,
2026-08-03 16:44:58.076912+03:00,2026-08-10 21:00:00+03:00,49.0507,,
2026-08-03 16:44:58.076912+03:00,2026-08-10 21:15:00+03:00,47.7517,,
2026-08-03 16:44:58.076912+03:00,2026-08-10 21:30:00+03:00,46.0869,,
2026-08-03 16:44:58.076912+03:00,2026-08-10 21:45:00+03:00,44.6969,,
2026-08-03 16:44:58.076912+03:00,2026-08-10 22:00:00+03:00,43.3203,,
2026-08-03 16:44:58.076912+03:00,2026-08-10 22:15:00+03:00,41.7704,,
2026-08-03 16:44:58.076912+03:00,2026-08-10 22:30:00+03:00,39.5298,,
2026-08-03 16:44:58.076912+03:00,2026-08-10 22:45:00+03:00,37.4289,,
2026-08-03 16:44:58.076912+03:00,2026-08-10 23:00:00+03:00,35.816,,
2026-08-03 16:44:58.076912+03:00,2026-08-10 23:15:00+03:00,33.9187,,
2026-08-03 16:44:58.076912+03:00,2026-08-10 23:30:00+03:00,32.3912,,
2026-08-03 16:44:58.076912+03:00,2026-08-10 23:45:00+03:00,30.9244,,
